Company Name,SEC Number,Date Registered,Status,Address
"IGWT-JAV CONSTRUCTION & DEVELOPMENT CORPORATION","CS201727651","August 17, 2017","Registered","GLASMATIC INDUSTRIAL INC. BUILDING ; 909 GREGORIO ARANETA AVENUE ; Santo Domingo (Matalahib); QUEZON CITY; SECOND DISTRICT; NATIONAL CAPITAL REGION (NCR); 1114"
"MANGELESE CONSTRUCTION CORPORATION","CS202010522","December 3, 2020","Registered","B24 L6 GOLDEN ACRES ; PAPAYA ; FOURTH DISTRICT; NATIONAL CAPITAL REGION (NCR); 1740"
"BALTAO CONSTRUCTIO COMPANY","P000032674","September 16, 1977","Registered","3267 ; V. MAPA STREET ; CITY OF MANILA; FIRST DISTRICT; NATIONAL CAPITAL REGION (NCR)"
"CONSTRUCTIO HOLDING INC.","CS201516801","August 20, 2015","Delinquent","1494 ; G MASANGKAY ; CITY OF MANILA; FIRST DISTRICT; NATIONAL CAPITAL REGION (NCR)"
"ELECTRICAL CONSULTANT & CONSTRUCTIO GROUP; CO.; LTD.","P000039203","July 22, 1983","Registered","839 ; P. PAREDES ST. ; CITY OF MANILA; FIRST DISTRICT; NATIONAL CAPITAL REGION (NCR)"
"LCTING CONSTRUCTION AND DEVELOPMENT CORPORATION","CS201431213","July 7, 2014","Registered","P-3 ; BUTUAN CITY (Capital); AGUSAN DEL NORTE; REGION XIII (Caraga); 8600"
"JELM CONSTRUCTION CORP.","CS201812132","July 2, 2018","Registered","DIONISIO STREET ; Canramos (Pob.); TANAUAN; LEYTE; REGION VIII (EASTERN VISAYAS); 6502"
"ARCONIC INC.","CS201119083","October 26, 2011","Registered","2nd Floor; Marius Acropoli Building; No. 140 Katipunan Avenue; ; St. Ignatius; ; QUEZON CITY; SECOND DISTRICT; NATIONAL CAPITAL REGION (NCR)"
"JA ACHACOSO CORPORATION DOING BUSINESS UNDER THE TRADENAME OF JA ACHACOSO ENTERPRISES & GENERAL SERVICES; AND JA ACHACOSO FARM","CS201708532","March 9, 2017","Registered","CALAMANSI ST.; ; ORMOC CITY; LEYTE; REGION VIII (EASTERN VISAYAS); 6541"
"DAVAO CONCRETE PRODUCTS CONSTRUCTION AND TRADING CORPORATION","CS201713329","April 20, 2017","Registered","OSMENA ST.; ; MANGILET RES.; ; Magugpo Poblacion; CITY OF TAGUM (Capital); DAVAO DEL NORTE; REGION XI (DAVAO REGION); 8100"
"ADROIT EJD CONSTRUCTION CORP.","CS201826256","December 28, 2018","Registered","0 ; Saturno Ave. ; NUEVA ECIJA; REGION III (CENTRAL LUZON); 3121"
"C.S. GARCIA CONSTRUCTION CORPORATION","CS201614264","July 4, 2016","Registered","23 PELAYO ; BF HOMES ; QUEZON CITY; SECOND DISTRICT; NATIONAL CAPITAL REGION (NCR)"
"CD Garcia Construction Corporation","2024040144131-00","April 2, 2024","Registered","85 ; Borol 2nd; BALAGTAS (BIGAA); BULACAN; REGION III (CENTRAL LUZON); 3016"
"ARMRHO DE JESUS CONSTRUCTION CORPORATION","2024030140119-00","March 6, 2024","Registered","25 ; STO. DOMINGO AVENUE ; Santo Domingo (Matalahib); QUEZON CITY; SECOND DISTRICT; NATIONAL CAPITAL REGION (NCR); 1114"
"RR De Jesus CONSTRUCTION OPC","2022030045556-07","March 11, 2022","Registered","LOT 27-28 ; ST. CATHERINE COMPOUND ; Tabun; ANGELES CITY; PAMPANGA; REGION III (CENTRAL LUZON); 2009"
"TEODORO M. DE JESUS CONSTRUCTION INC.","CS200704287","March 19, 2007","Suspended","644 ; FARM ST.; ; JONES; ISABELA; REGION II (CAGAYAN VALLEY)"
"DZEE BUILDERS CORPORATION","2021090026812-00","September 27, 2021","Registered","ALONG AURORA BLVD. ; Gulang-gulang; LUCENA CITY (Capital); QUEZON; REGION IV-A (CALABARZON); 4301"
"ANNCORP BUILDERS; INC.","CS20200000258","January 23, 2020","Registered","26 B ; Mariposa St. ; Dona Manuela Subd. ; Pamplona Tres; CITY OF LAS PIAS; FOURTH DISTRICT; NATIONAL CAPITAL REGION (NCR); 1740"
"AQUATERRA KONSTRUKT; INC.","AS92005694","August 28, 1992","Registered","CITY OF TABUK (Capital)"
"R.M. TEJADA CONSTRUCTION AND SUPPLIES CORP.","CS201611330","June 3, 2016","Registered","125 ; CUMBA ; BATANGAS CITY (Capital); BATANGAS; REGION IV-A (CALABARZON)"
"NOVA VENTUS CONSTRUCTION INC.","2022050051911-03","May 11, 2022","Registered","069 ; Santa Rosa I; MARILAO; BULACAN; REGION III (CENTRAL LUZON); 3019"
"GOLDSTAR MARKETING & CONSTRUCTION SERVICES; INC.","CS201428172","July 10, 2014","Registered","3/F N&M BLDG. ; LACSON ; BACOLOD CITY (Capital); NEGROS OCCIDENTAL; REGION VI (WESTERN VISAYAS)"
"128 DRAGON CONSTRUCTION AND SUPPLIES; OPC","2022050052041-01","May 12, 2022","Registered","J. LUKBAN STREET; ; Barangay V (Pob.); DISTRICT II; ; DAET (Capital); CAMARINES NORTE; REGION V (BICOL REGION); 4600"
"INFINITUM 888 CONSTRUCTION AND DEVELOPMENT CORPORATION","CS201842826","December 27, 2018","Registered","101 ; Saint Vincent ferrer ; ANGADANAN; ISABELA; REGION II (CAGAYAN VALLEY); 1320"
"AAGroup Construction & Development Corporation","2025020188273-00","February 13, 2025","Registered","71 ; JOSE ABAD SANTOS AVENUE ; Salawag; CITY OF DASMARIAS; CAVITE; REGION IV-A (CALABARZON); 4114"
"ARAGDON AND CHAVEZ CONSTRUCTION SERVICES CORPORATION","2021070021043-51","July 28, 2021","Registered","MCS BULDING ADVINCULA AVENUE ALAPAN II-A ; Ligtasan; IMUS CITY; CAVITE; REGION IV-A (CALABARZON); 2300"
"BIG JC CONSTRUCTION CORP.","2022060056899-03","June 22, 2022","Registered","1013 S.TEODORO ST. ; Tondo I/II - Barangay 196; CITY OF MANILA; FIRST DISTRICT; NATIONAL CAPITAL REGION (NCR); 1013"
"CLJR CONSTRUCTION OPC","2023080111000-01","August 4, 2023","Registered","4C ; RAYMUNDO AVENUE ; Rosario; CITY OF PASIG; SECOND DISTRICT; NATIONAL CAPITAL REGION (NCR); 1609"
"DMZ CONSTRUCTION CORPORATION","2024020134407-02","February 2, 2024","Registered","#199 ; San Jose; SANTO TOMAS; BATANGAS; REGION IV-A (CALABARZON); 4234"
"DUX CONSTRUCTION INC.","2024100171818-03","October 4, 2024","Registered","BLK 12 LOT 28 ; SAINT PETER STREET ; SAN PEDRO VII ; San Bartolome; QUEZON CITY; SECOND DISTRICT; NATIONAL CAPITAL REGION (NCR); 1116"
"E. Y. MERCADO CONSTRUCTION CORPORATION doing business under the name and style of E Y MERCADO CONSTRUCTION","2021070020609-12","July 23, 2021","Registered","BLK 1 LOT 25 ; OLIVAREZ COMPOUND 2 ; San Roque; CITY OF SAN PEDRO; LAGUNA; REGION IV-A (CALABARZON); 4023"
"JMD8 CONSTRUCTION CORPORATION","2025040199061-05","April 25, 2025","Registered","85 ; KAPILIGAN STREET ; Doa Imelda; QUEZON CITY; SECOND DISTRICT; NATIONAL CAPITAL REGION (NCR); 1113"
"MARJETECH CONSTRUCTION & TRADING OPC","2023050101306-02","May 30, 2023","Registered","ZONE 7; ; Santo Domingo; BOMBON; CAMARINES SUR; REGION V (BICOL REGION); 4404"
"MARSUN CONSTRUCTION; INCORPORATED","2022060054431-02","June 1, 2022","Registered","PAYATAS ROAD CORNER MAHOGANY STREET ; Payatas; QUEZON CITY; SECOND DISTRICT; NATIONAL CAPITAL REGION (NCR); 1119"
"Ankor Gaulle Construction and Supply Corporation","CS201970156","October 21, 2019","Registered","25 ; SAN JUAN ST. ; Centro Oriental (Pob.); POLANGUI; ALBAY; REGION V (BICOL REGION); 4501"
"3DIAMONDS CONSTRUCTION CORPORATION","CS201129082","April 8, 2011","Registered","434 ; IMPERIAL COURT SUBD.; ; LEGAZPI CITY (Capital); ALBAY; REGION V (BICOL REGION)"
"CHAMPION BUILDERS & SUPPLIES CORP.","AS93003742","May 17, 1993","Revoked","84 MAGINOO ST. CENTRAL DISTRICT; QUEZON CITY ; CITY OF MANILA; NATIONAL CAPITAL REGION (NCR)"
"ANOLIN CONSTRUCTION AND DEVELOPMENT CORP.","2021120035900-53","January 11, 2022","Registered","STA. MARIA TO TAYUG BYPASS ROAD; ; San Vicente; SANTA MARIA; PANGASINAN; REGION I (ILOCOS REGION); 2440"
"JVC TOUGH CORE CONSTRUCTION & BUILDERS CORP.","CS201638695","November 11, 2016","Registered","Tough Trucks Compound ; Magsaysay Avenue ; BACOLOD CITY (Capital); NEGROS OCCIDENTAL; REGION VI (WESTERN VISAYAS); 6100"
"CPR CONSTRUCTION AND SUPPLY; INC.","CS201639361","August 30, 2016","Registered","_ ; MANZANILLA ST.; ; POLANGUI; ALBAY; REGION V (BICOL REGION)"
"ALMRIN BUILDERS CORPORATION","2021070021134-00","July 29, 2021","Registered","Panacan 2; NARRA; PALAWAN; REGION IV-B (MIMAROPA); 5303"
"LEGACY CONSTRUCTION CORPORATION","CS201615002","July 13, 2016","Registered","ROOM 1001 10TH FLOOR ; TEKTITE TOWER WEST ; EXCHANGE ROAD ; San Antonio; CITY OF PASIG; SECOND DISTRICT; NATIONAL CAPITAL REGION (NCR)"
"CEFERINO'S LEGACY CONSTRUCTION INC.","CS202067121","October 12, 2020","Delinquent","BLOCK 6; LOT 1 ; LAS VILLAS ; SOUTH COTABATO; REGION XII (SOCCSKSARGEN); 9500"
"GOLDEN LEGACY CONSTRUCTION AND LUMBER SUPPLY CORPORATION","CS201531893","April 1, 2015","Delinquent",". ; PUROK 3 ; TUBOD; LANAO DEL NORTE; REGION X (NORTHERN MINDANAO)"
"Lopez Legacy Construction Opc","2025090219013-05","September 16, 2025","Registered","6 ; NEGROS OCCIDENTAL ; PHILAMLIFE ; Pamplona Dos; FOURTH ; CITY OF LAS PIAS; FOURTH DISTRICT; NATIONAL CAPITAL REGION (NCR); 1740"
"RB LEGACY CONSTRUCTION CORPORATION","2021120035901-00","December 15, 2021","Registered","BLK 10 LOT 28 ; LEAFBIRD CORNER SANTOL STREET ; ROSEWOOD SUBDIVISION ; Niog II; BACOOR CITY; CAVITE; REGION IV-A (CALABARZON); 1702"
"Supreme Legacy Construction Inc.","2023080113047-01","August 18, 2023","Registered","NEW MEXICO BUSINESS PARK ; San Jose Malino; MEXICO; PAMPANGA; REGION III (CENTRAL LUZON); 2021"
"PRIME HARDWARE PRODUCTS DEPOT INC.","CS201619379","August 24, 2016","Delinquent","349 ; MCARTHUR HWY. ; CITY OF VALENZUELA; THIRD DISTRICT; NATIONAL CAPITAL REGION (NCR)"
"DANSONS PRIME HARDWARE INC.","2024070159991-03","July 17, 2024","Registered","LOT 10 ; BUILDING 1 ; DANSONS BLDG ; LUISA ST. ; JUNA SUBDIVISION ; Bucana; TALOMO ; DAVAO CITY; DAVAO DEL SUR; REGION XI (DAVAO REGION); 8000"
"Era Prime Hardware; Inc.","2025050203391-01","May 30, 2025","Registered","LOT 25 BLOCK 6 ; VICTORIA PLAINS SUBD. ; Masapang; VICTORIA; LAGUNA; REGION IV-A (CALABARZON); 4011"
"GRAND PRIME HARDWARE SUPPLY INCORPORATED","CS201733334","October 2, 2017","Registered","1453 ; E.ROD.SR.AVE. ; QUEZON CITY; SECOND DISTRICT; NATIONAL CAPITAL REGION (NCR)"
"M PRIME HARDWARE AND TRADING INC.","2024020138408-10","February 27, 2024","Registered","0158 ; San Francisco; BULACAN; BULACAN; REGION III (CENTRAL LUZON); 3017"
"Mactan Prime Hardware Corporation","CS202061869","November 3, 2020","Registered","PUSO CENTER ; MACTAN AIRPORT ROAD ; Mactan; LAPU-LAPU CITY (OPON); CEBU; REGION VII (CENTRAL VISAYAS); 6015"
"MIGHTY E PRIME HARDWARE CO.","PG201919564","December 4, 2019","Registered","118 ; Gloria Diaz St.; BF Resort Village; ; FOURTH DISTRICT; NATIONAL CAPITAL REGION (NCR); 1747"
"NCL Prime Hardware Corporation","2025090217880-03","September 9, 2025","Registered","BLOCK 1 LOT 10 ; COMMONWEALTH AVENUE ; DON ENRIQUE HEIGHTS ; Holy Spirit; QUEZON CITY; SECOND DISTRICT; NATIONAL CAPITAL REGION (NCR); 1127"
"CHARIFER BUILDERS; INC.","CS200726445","February 15, 2007","Registered","Purok 6 Lower Mahayahay Diversion Road ; Langub; Talomo District ; DAVAO CITY; DAVAO DEL SUR; REGION XI (DAVAO REGION); 8000"
"TARLAC 3-G CONSTRUCTION & DEVELOPMENT CORPORATION","CS201110712","June 22, 2011","Registered","089 ; SAN VICENTE ; CONCEPCION; TARLAC; REGION III (CENTRAL LUZON)"
"REPOLMAN CONSTRUCTION CORP.","CS201904956","March 26, 2019","Registered","BLK 5 LOT 82 ; STA. MONICA SUBD. ; Santo Tomas; SUBIC; ZAMBALES; REGION III (CENTRAL LUZON); 2209"
"AM BERNARDO CONSTRUCTION FINISHING SERVICES CORP.","2023050100331-15","May 23, 2023","Registered","6 SULUCAN ST. ; Hulong Duhat; CITY OF MALABON; THIRD DISTRICT; NATIONAL CAPITAL REGION (NCR); 1470"
"B. BERNARDO CONSTRUCTION-EARTHWORK MOVERS JOINT VENTURE CO.","PG201605330","March 14, 2016","Registered","NATIONAL RD ; BULACAN; REGION III (CENTRAL LUZON)"
"MAGSAYSAY DIZON BERNARDO CONSTRUCTION CORP.","A200104430","March 23, 2001","Suspended","18 DON A ROCES AVENUE QUEZON CITY ; CITY OF MANILA; NATIONAL CAPITAL REGION (NCR)"
"METRO BERNARDO CONSTRUCTION CORP.","CS200700898","January 22, 2007","Revoked","58MCV BLDG. ; CONGRESSIONAL AVE. ; QUEZON CITY; SECOND DISTRICT; NATIONAL CAPITAL REGION (NCR)"
"PHILSOUTH BUILDERS INC.","CS201963053","October 9, 2019","Registered","PHILSOUTH CORPORATE OFFICE-PALINPINON ROAD; ; Palinpinon; VALENCIA (LUZURRIAGA); NEGROS ORIENTAL; REGION VII (CENTRAL VISAYAS); 6215"
"1ST J.E. ADLAWAN CONSTRUCTION & SUPPLY CORPORATION","CS201534844","November 17, 2015","Registered","173 ; MINGLANILLA; CEBU; REGION VII (CENTRAL VISAYAS); 6046"
"GCI.CONSTRUCTION AND DEVELOPMENT CORP.","CS201004903","March 26, 2010","Registered","PILI (Capital); CAMARINES SUR; REGION V (BICOL REGION)"
"AREVALO GUZMAN CONCRETE FORM BLOCKS CONSTRUCTION AND SUPPLY CORPORATION","CS202009180","October 29, 2020","Delinquent","# 14 JERICHO ST. MULTINATIONAL ; VILLAGE ; FOURTH DISTRICT; NATIONAL CAPITAL REGION (NCR); 1708"
"'94 BUILDERS CONSTRUCTION AND SUPPLY CORP.","CS201966232","February 8, 2019","Registered","BLOCK 12; LOT 25 ; GREEN ORCHARD VILLAGE ; Cabantian; DAVAO CITY; DAVAO DEL SUR; REGION XI (DAVAO REGION); 8000"
"101 General Construction and Supply CO.","PG201970110","August 27, 2019","Registered","102 ; SAN JOSE STREET ; Pagatpat (San Jose); CALABANGA; CAMARINES SUR; REGION V (BICOL REGION); 4405"
"16EAST CONSTRUCTION AND SUPPLY CORPORATION","CS201812892","July 9, 2018","Delinquent","867 ; Washington Drive ; ALBAY; REGION V (BICOL REGION); 4500"
"1ST BALMON CONSTRUCTION AND SUPPLY Co.","PG201826301","December 28, 2018","Registered","Balete ; Balete ; BATANGAS; REGION IV-A (CALABARZON); 4200"
"249 CONSTRUCTION AND SUPPLY COMPANY","2024100171735-40","October 4, 2024","Registered","61 ; KAMUNING ROAD ; Kamuning; QUEZON CITY; SECOND DISTRICT; NATIONAL CAPITAL REGION (NCR); 1103"
"2X3 CONSTRUCTION AND SUPPLY CORP.","2021090025516-01","September 16, 2021","Registered","Jelicuon Lusaya; CABATUAN ; CABATUAN; ILOILO; REGION VI (WESTERN VISAYAS); 5033"
"3 K&C CONSTRUCTION AND SUPPLY CORPORATION","CS201642220","December 28, 2016","Delinquent","GOMEZ STREET ; SINDANGAN; ZAMBOANGA DEL NORTE; REGION IX (ZAMBOANGA PENINSULA); 7112"
"3K FHRANCIS CYRENE CONSTRUCTION AND SUPPLY CORP.","CS202051449","March 9, 2020","Registered","2/F REX HOTEL BLDG. ; AGUINALDO ST. ; ALBAY; REGION V (BICOL REGION); 4500"
"3KRIS CONSTRUCTION AND SUPPLY CORPORATION","CS201331356","September 27, 2013","Registered","165 ; SOLIVIO ; SULTAN KUDARAT; MAGUINDANAO; BANGSAMORO AUTONOMOUS REGION IN MUSLIM MINDANAO (BARMM); 9508"
"KADALINE ENTERPRISE OPC","2023050097984-08","May 5, 2023","Registered","298 ; UNIT 24/ 22ND FLOOR ; GRAND CENTRAL RESIDENCES CONDOMINIUMS ; EDSA COR. SULTAN STREET ; Highway Hills; CITY OF MANDALUYONG; SECOND DISTRICT; NATIONAL CAPITAL REGION (NCR); 1550"
"SILVER WINGS ENTERPRISE CORPORATION","2021110031183-01","November 3, 2021","Registered","NO. 4 ; ; ZABALA COMPOUND; ; GAV-RIELLE APARTMENT ; Cupang Proper; II ; CITY OF BALANGA (Capital); BATAAN; REGION III (CENTRAL LUZON); 2100"
""SUSTAINABLE ENTERPRISE AND INTEGRATED RESOURCES FOR THE ADVANCEMENT OF COMMUNITIES" (SEIRAC); INC.","CN200727194","May 3, 2007","Suspended","SSU-MERCEDES CAMPUS ; CITY OF CATBALOGAN (Capital); SAMAR; REGION VIII (EASTERN VISAYAS)"
"*YOU-NET ENTERPRISE NETWORK SOLUTION INC.","CS200706079","April 20, 2007","Registered","Unit 504 ; One Corporate Plaza 845 Arnaiz ; CITY OF MAKATI; FOURTH DISTRICT; NATIONAL CAPITAL REGION (NCR)"
"1 DYNAFLEX ENTERPRISE INC.","CS201803529","March 16, 2018","Delinquent","75 ; CIRCUMFERENTIAL ROAD ; RIZAL; REGION IV-A (CALABARZON); 1870"
"1 Fam Social Enterprise Inc. doing business under the name/s and style/s of 1 Fam","2022040051029-00","April 30, 2022","Registered","10 ; ROAD 9 ; Project 6; DISTRICT 1 ; QUEZON CITY; SECOND DISTRICT; NATIONAL CAPITAL REGION (NCR); 1100"
"1 OLIGABXIA ENTERPRISE Co.","PG201800779","February 13, 2018","Registered","001 Criselda Bldg ; Ibanez St. cor. M. Diaz ; ANGONO; RIZAL; REGION IV-A (CALABARZON); 1930"
"1 SOURCE GLOBAL ENTERPRISE INC.","CS201222617","December 10, 2012","Suspended","7 ; V ANGELES ST ; CITY OF MANILA; NATIONAL CAPITAL REGION (NCR)"
"1 STOP DC ENTERPRISE CO.","PG201720081","June 20, 2017","Registered","639 ; STO. NINO ; CITY OF MANDALUYONG; SECOND DISTRICT; NATIONAL CAPITAL REGION (NCR)"
"1-AIR MASTER ENTERPRISE INC.","CS201610099","May 20, 2016","Delinquent","94 ; P. PATERNO ; LAGUNA; REGION IV-A (CALABARZON)"
"Maverick Aces Management Inc.","2024020135012-01","February 6, 2024","Registered","NO. 65 ; ROOM 206 ; 20TH AVENUE ; CUBAO ; San Roque; 3 ; QUEZON CITY; SECOND DISTRICT; NATIONAL CAPITAL REGION (NCR); 1109"
"MAVERICK ADVERTISING INC.","A200200939","January 21, 2002","Suspended","METRO MANILA ; CITY OF MANILA; NATIONAL CAPITAL REGION (NCR)"
"MAVERICK AGRI-AQUA VENTURE INC.","CS201969972","October 29, 2019","Registered","JALANDONI ST. ; Our Lady Of Lourdes; JARO ; ILOILO CITY (Capital); ILOILO; REGION VI (WESTERN VISAYAS); 5000"
"MAVERICK AIRSTRIP CORPORATION doing business under the name/s and style/s of MAVERICK AIRSTRIP","2025050202454-00","May 23, 2025","Registered","MADRID ST ; AVIDA RESIDENCES ; Santa Arcadia; CABANATUAN CITY; NUEVA ECIJA; REGION III (CENTRAL LUZON); 3100"
"MAVERICK ASIA; INC.","CS201321069","October 31, 2013","Registered","10F AYALA TOWER ONE & EXCHANGE PLAZA ; AYALA TRIANGLE ; CITY OF MAKATI; FOURTH DISTRICT; NATIONAL CAPITAL REGION (NCR)"
"MAVERICK BENGUET MUSIC AND SPORTS ASSN. INC.","BEO0001330","January 1, 1987","Revoked",""
"MAVERICK BUILDERS INCORPORATED","CS200628707","July 27, 2006","Registered","22-A ; PARK AVENUE COR. BOUGAINVILLEA STREET ; DAVAO CITY; DAVAO DEL SUR; REGION XI (DAVAO REGION)"
"MAVERICK BUILDERS/WEE ENG CONSTRUCTION JV; INC.","CS200827998","June 3, 2008","Delinquent","* ; 22-A PARK AVENUE; BAJADA ; DAVAO CITY; DAVAO DEL SUR; REGION XI (DAVAO REGION)"
"MAVERICK BUSINESS CENTER CO.","A200205828","April 12, 2002","Registered","B-179 L-3 MABUHAY CITY BRGY. MAMATID CABUYAO LAGUNA ; LAGUNA; REGION IV-A (CALABARZON)"
"MAVERICK BY DESIGN; INC.","CS200802960","February 29, 2008","Delinquent","313 RIZAL AVE. HAWSON BLDG. 8TH & 9TH AVE. BRGY. 61 DISTRICT 2 ; CALOOCAN CITY; THIRD DISTRICT; NATIONAL CAPITAL REGION (NCR)"
"EFREN RAMIREZ CONSTRUCTION AND GENERAL SERVICES CORPORATION","CS201620613","September 7, 2016","Registered","BLOCK 11 LOT 1 ; PONTEFINO PRIME RESIDENCES ; Gulod Labak; BATANGAS CITY (Capital); BATANGAS; REGION IV-A (CALABARZON); 4200"
"FAJR CONSTRUCTION PARTS AND SUPPLY CORPORATION","2025100222618-00","October 9, 2025","Registered","ADELFA STREET ; DON LUIS VILLAGE ; Central (Pob.); CITY OF MATI (Capital); DAVAO ORIENTAL; REGION XI (DAVAO REGION); 8200"
"AL DOMINGO BUILDERS INC.","2023020085505-07","February 9, 2023","Registered","168 ; San Felipe Bata; ALIAGA; NUEVA ECIJA; REGION III (CENTRAL LUZON); 3111"
"South Built 168 Construction Supply; Inc.","2025030195217-02","March 26, 2025","Registered","5232 ; BE NATIONAL RD ; Maahas; LOS BAOS; LAGUNA; REGION IV-A (CALABARZON); 4030"
"EC SOLICON BUILDERS & SUPPLY; INC.","CS201331395","October 3, 2013","Registered","DDOR C NDTC CENTRUM ; LAPULAPU ; CITY OF TACURONG; SULTAN KUDARAT; REGION XII (SOCCSKSARGEN); 9800"
"CATTECORYLL CONSTRUCTION & TRADING CORP.","CS201503561","February 26, 2015","Delinquent","2364 ANGONO ST. ; COR. OSMEA ST.; ; CITY OF MAKATI; FOURTH DISTRICT; NATIONAL CAPITAL REGION (NCR)"
"LEDA CONSTRUCTION INCORPORATED","CS96000316","May 28, 1996","Registered","LOT 17; BLK 3; PHASE 5; V & G SUBDIVISION; TACLOBAN CITY ; LEYTE; REGION VIII (EASTERN VISAYAS)"
"AMG III CONSTRUCTION AND DEVELOPMENT CORPORATION","CS201003594","March 16, 2010","Registered","Gloria 1; Sindalan ; PAMPANGA; REGION III (CENTRAL LUZON)"
"STEVEN CONSTRUCTION; SUPPLY; AND DEVELOPMENT CORPORATION","2022030046461-00","March 17, 2022","Registered","1130 ; CENTRAL CITY SUBDIVISION ; Bgy. 40 - Cruzada (Bgy. 52); LEGAZPI CITY (Capital); ALBAY; REGION V (BICOL REGION); 4500"
"DOUBLE 12 CONSTRUCTION & SUPPLY CO.","PG201209653","May 23, 2012","Registered","1270 ; C Intruccion St ; CITY OF MANILA; FIRST DISTRICT; NATIONAL CAPITAL REGION (NCR)"
"ANG YAP BUILDERS AND AGGREGATE SUPPLIES INC.","CS201725401","July 31, 2017","Registered","ZAMORA ST. ; CEBU; REGION VII (CENTRAL VISAYAS); 6541"
"PLD CONSTRUCTION AND DEVELOPMENT INC.","CS201332079","November 18, 2013","Registered","P.C. SUICO ST.; ; MANDAUE CITY; CEBU; REGION VII (CENTRAL VISAYAS)"
"ARCA BUILDERS CORP.","AS95006006","June 23, 1995","Revoked","RGV BLDG 5470 PRES SERGIO OSMENA HI-WAY MAKATI CTY ; CITY OF MANILA; NATIONAL CAPITAL REGION (NCR)"
"L. B. LEONCIO TRADING AND CONSTRUCTION Corporation","CS202003726","April 22, 2021","Registered","0 ; North National Highway ; PALAWAN; REGION IV-B (MIMAROPA); 5300"
"CBCL Construction & Supply Inc.","2023100120600-02","October 11, 2023","Registered","HDA. STA. MARIA ; Zone 15 (Pob.); CITY OF TALISAY; NEGROS OCCIDENTAL; REGION VI (WESTERN VISAYAS); 6115"
"IRON WORKS AND INDL. REFRIGERATION SVCS. INC.","0000036866","January 1, 1968","Revoked","102 GEN SAN MIGUEL CALOOCAN CITY ; CITY OF MANILA; NATIONAL CAPITAL REGION (NCR)"
"IRON WORKS NORTH BEARD PHIL. INC.","CS201522984","November 24, 2015","Registered","BLOCK 5; LOT 4; PHASE 3 ; LIMA TECHNOLOGY CENTER-SPECIAL ECONOMIC ZONE ; San Fernando; MALVAR; BATANGAS; REGION IV-A (CALABARZON); 4233"
"2-R FABRICATORS IRON WORKS CO.","PG201300946","January 17, 2013","Registered","13 ; PLEASANT SUMMERVILLE ; CITY OF ANTIPOLO; RIZAL; REGION IV-A (CALABARZON)"
"3 1 IRON WORKS INC.","AS93009435","December 2, 1993","Suspended","1557 JOSHUA ST JORDAN PLAINS NOVALICHES Q.C. ; CITY OF MANILA; NATIONAL CAPITAL REGION (NCR)"
"A&C IRON WORKS CO.","CP95000112","October 17, 1995","Registered","KM. 6 MACTAN; LAPU-LAPU CITY; CEBU ; CEBU; REGION VII (CENTRAL VISAYAS)"
"A. GERONIMO IRON WORKS CO.","A199722630","December 1, 1997","Expired","330 M.H. DEL PILAR ST.; PALATIW; PASIG CITY ; CITY OF MANILA; NATIONAL CAPITAL REGION (NCR)"
"ACJ WOOD IRON WORKS BUILDERS INC.","AS95005309","June 2, 1995","Revoked","659 SAN MIGUEL ST BRGY MUZON TAYTAY RIZAL ; RIZAL; REGION IV-A (CALABARZON)"
"ADVANCE IRON WORKS CO.","P000032666","January 1, 1936","Dissolved","229 ENCARNACION ST.; RAFAEL VILLAGE NAVOTAS M.M. ; CITY OF MANILA; NATIONAL CAPITAL REGION (NCR)"
"AIRSIGNS ADVERTISING AND IRON WORKS CO.","PG201108422","May 18, 2011","Registered","AICHY RD ; STA ROSA TAGAYTAY RD ; SANTA ROSA; LAGUNA; REGION IV-A (CALABARZON)"
"AMALGAMATED IRON WORKS INC.","0000146368","November 19, 1987","Registered","NOVALICHES; QUEZON CITY ; CITY OF MANILA; NATIONAL CAPITAL REGION (NCR)"
"PHESCO; INCORPORATED","0000004839","January 9, 1950","Registered","Gamis; SAGUDAY; QUIRINO; REGION II (CAGAYAN VALLEY); 3405"
"BIG JC CONSTRUCTION CORP.","2022060056899-03","June 22, 2022","Registered","1013 S.TEODORO ST. ; Tondo I/II - Barangay 196; CITY OF MANILA; FIRST DISTRICT; NATIONAL CAPITAL REGION (NCR); 1013"
"NVJ Construction Corp.","2023110125452-07","November 20, 2023","Registered","55 BONI SERRANO BRGY. ; Bagong Lipunan Ng Crame; CUBAO ; QUEZON CITY; SECOND DISTRICT; NATIONAL CAPITAL REGION (NCR); 1111"
"PGK INTERNATIONAL CONSTRUCTION CORP.","2021070018480-10","July 1, 2021","Registered","BLOCK 4 LOT 1 ; VILLA TERESA ; Mercedes; ZAMBOANGA ; ZAMBOANGA CITY; ZAMBOANGA DEL SUR; REGION IX (ZAMBOANGA PENINSULA); 7000"
"Seven Corners Construction Corp.","2022040049662-12","April 19, 2022","Registered","BLK 11 LOT 12; ; ZINNIA ST.; ; Sampaguita Village; CITY OF SAN PEDRO; LAGUNA; REGION IV-A (CALABARZON); 4023"
"(JEFF JOY ALWIN ) JJA CELESTINO CONSTRUCTION Corp.","CS201820844","September 17, 2018","Delinquent","PUROK 4 ; Purok 4 ; KALINGA; CORDILLERA ADMINISTRATIVE REGION (CAR); 3800"
"007 BOND CONSTRUCTION CORP.","2021100028292-08","October 8, 2021","Registered","NO. 13 ; GF ; SITIO 1 ; Paligui; 4TH DISTRICT ; CANDABA; PAMPANGA; REGION III (CENTRAL LUZON); 2013"
"1 MERITUS GENERAL CONSTRUCTION CORP.","CS201329563","April 17, 2013","Registered","PUROK LIWAYWAY; ; ESPERANZA; SULTAN KUDARAT; REGION XII (SOCCSKSARGEN)"
"1-UP BCL8 Supply and Construction Corp.","2022120077544-00","December 2, 2022","Registered","113 ; FIRST FLOOR ; LLAMAS BUILDING ; AB FERNANDEZ ; BARANGAY I ; Barangay I (T. Bugallon); DAGUPAN ; DAGUPAN CITY; PANGASINAN; REGION I (ILOCOS REGION); 2400"
"1. GLOBAL NETWORKS OF RESOURCES AND CONSTRUCTION Corp.","CS201956626","December 4, 2019","Delinquent","Katarungan Village ; Blk 45 Lot 8 G. Araneta St. ; FOURTH DISTRICT; NATIONAL CAPITAL REGION (NCR); 1776"
"1020 CONSTRUCTION CORP.","2024060156342-11","June 22, 2024","Registered","BLOCK 42 LOT 10 PHASE 1 ; NORTHFIELDS EXECUTIVE VILLAGE ; Longos; MALOLOS ; CITY OF MALOLOS (Capital); BULACAN; REGION III (CENTRAL LUZON); 3000"
"AG & M CONSTRUCTION CORPORATION doing business under the name/s and style/s of AG&MCC","2022010038255-05","January 12, 2022","Registered","UNIT#6; 2ND FLOOR ; MARC IV BUILDING ; #9056 JOSE ABAD SANTOS STREET ; Salawag; CITY OF DASMARIAS; CAVITE; REGION IV-A (CALABARZON); 4114"
"AG BELTRAN CONSTRUCTION AND DEVELOPMENT Corporation","CS201809766","June 8, 2018","Registered","Beltran Compound ; Rawis ; ALBAY; REGION V (BICOL REGION); 4500"
"AG CONSTRUCTION CORP.","2023030089325-01","March 7, 2023","Registered","UNIT 201 ; RICHBELT TOWER ; 17 ANNAPOLIS ; Greenhills; CITY OF SAN JUAN; SECOND DISTRICT; NATIONAL CAPITAL REGION (NCR); 1500"
"AG CONSTRUCTION WORKS AND SUPPLY CORP.","2023060103090-14","June 9, 2023","Registered","793 ; ABORES ST. ; HILLSIDE VILLAGE ; Bulacao; CITY OF TALISAY; CEBU; REGION VII (CENTRAL VISAYAS); 6045"
"AG FLAMES CONSTRUCTION OPC","2024040148102-07","April 28, 2024","Registered","2F ; UNIT 7 ; UCHIHA BUILDING 1 ; KINALUMSAN ; KINALUMSAN ; Gun-ob; LAPU LAPU ; LAPU-LAPU CITY (OPON); CEBU; REGION VII (CENTRAL VISAYAS); 6015"
"AG TOLENTINO CONSTRUCTION CORP.","CS202007251","September 10, 2020","Registered","Unit 1B MABT APARTMENTS ; 2685 Hen. Capinpin St. ; FOURTH DISTRICT; NATIONAL CAPITAL REGION (NCR); 1233"
"AAGroup Construction & Development Corporation","2025020188273-00","February 13, 2025","Registered","71 ; JOSE ABAD SANTOS AVENUE ; Salawag; CITY OF DASMARIAS; CAVITE; REGION IV-A (CALABARZON); 4114"
"ARAGDON AND CHAVEZ CONSTRUCTION SERVICES CORPORATION","2021070021043-51","July 28, 2021","Registered","MCS BULDING ADVINCULA AVENUE ALAPAN II-A ; Ligtasan; IMUS CITY; CAVITE; REGION IV-A (CALABARZON); 2300"
"BIG JC CONSTRUCTION CORP.","2022060056899-03","June 22, 2022","Registered","1013 S.TEODORO ST. ; Tondo I/II - Barangay 196; CITY OF MANILA; FIRST DISTRICT; NATIONAL CAPITAL REGION (NCR); 1013"
"CLJR CONSTRUCTION OPC","2023080111000-01","August 4, 2023","Registered","4C ; RAYMUNDO AVENUE ; Rosario; CITY OF PASIG; SECOND DISTRICT; NATIONAL CAPITAL REGION (NCR); 1609"
"CS Const. and Supply INC. with trade name/s of CS Construction and Supply and CS Manor Hotel","CS201967172","July 16, 2019","Registered","0 GENERAL SIONGCO ST. ; Kalawag II (Pob.); ISULAN (Capital); SULTAN KUDARAT; REGION XII (SOCCSKSARGEN); 9805"
"1A'GARSAC CONST. AND SUPPLY INC.","CS201822098","October 10, 2018","Delinquent","2ND FLOOR MARAMARA BLDG.; ; ROSARIO HEIGHTS; ; ILIGAN CITY; LANAO DEL NORTE; REGION X (NORTHERN MINDANAO); 92000"
"EDSAL CONST. AND SUPPLY INC.","CS201967492","September 10, 2019","Registered","BLK. 6 LOT 6 ; DAKAK ST.; SKYLINE PHASE 3 ; DAVAO CITY; DAVAO DEL SUR; REGION XI (DAVAO REGION); 8000"
"ETADERA 7 CONST. AND SUPPLY INC.","2023110123634-24","November 7, 2023","Registered","CVC BUILDING ; MONTE MARIA; SKYLINE ; Catalunan Grande; TALOMO DISTRICT ; DAVAO CITY; DAVAO DEL SUR; REGION XI (DAVAO REGION); 8000"
"JUBER CONST AND SUPPLY Inc.","CS201818098","August 22, 2018","Delinquent","134 ; Z Marasigan St ; LEMERY; BATANGAS; REGION IV-A (CALABARZON); 4209"
"LTR DIA MICRO CONST AND SUPPLY INC.","2020070001046-02","August 12, 2020","Registered","8 ; COTABATO STREET ; LUZVIMINDA VILLAGE ; Batasan Hills; QUEZON CITY; SECOND DISTRICT; NATIONAL CAPITAL REGION (NCR); 1126"
"RGE CONST. AND SUPPLY INC.","CS202009144","October 28, 2020","Registered","1C ; ; BAUAN; BATANGAS; REGION IV-A (CALABARZON); 4201"
"AL-JON CONSTRUCTION DEVELOPMENT; INC.","CS201515625","August 5, 2015","Registered","FAMILY FARM; PUROK 3 ; BATO; CATANDUANES; REGION V (BICOL REGION)"
"AAGroup Construction & Development Corporation","2025020188273-00","February 13, 2025","Registered","71 ; JOSE ABAD SANTOS AVENUE ; Salawag; CITY OF DASMARIAS; CAVITE; REGION IV-A (CALABARZON); 4114"
"ARAGDON AND CHAVEZ CONSTRUCTION SERVICES CORPORATION","2021070021043-51","July 28, 2021","Registered","MCS BULDING ADVINCULA AVENUE ALAPAN II-A ; Ligtasan; IMUS CITY; CAVITE; REGION IV-A (CALABARZON); 2300"
"BIG JC CONSTRUCTION CORP.","2022060056899-03","June 22, 2022","Registered","1013 S.TEODORO ST. ; Tondo I/II - Barangay 196; CITY OF MANILA; FIRST DISTRICT; NATIONAL CAPITAL REGION (NCR); 1013"
"CLJR CONSTRUCTION OPC","2023080111000-01","August 4, 2023","Registered","4C ; RAYMUNDO AVENUE ; Rosario; CITY OF PASIG; SECOND DISTRICT; NATIONAL CAPITAL REGION (NCR); 1609"
"DMZ CONSTRUCTION CORPORATION","2024020134407-02","February 2, 2024","Registered","#199 ; San Jose; SANTO TOMAS; BATANGAS; REGION IV-A (CALABARZON); 4234"
"DUX CONSTRUCTION INC.","2024100171818-03","October 4, 2024","Registered","BLK 12 LOT 28 ; SAINT PETER STREET ; SAN PEDRO VII ; San Bartolome; QUEZON CITY; SECOND DISTRICT; NATIONAL CAPITAL REGION (NCR); 1116"
"E. Y. MERCADO CONSTRUCTION CORPORATION doing business under the name and style of E Y MERCADO CONSTRUCTION","2021070020609-12","July 23, 2021","Registered","BLK 1 LOT 25 ; OLIVAREZ COMPOUND 2 ; San Roque; CITY OF SAN PEDRO; LAGUNA; REGION IV-A (CALABARZON); 4023"
"JMD8 CONSTRUCTION CORPORATION","2025040199061-05","April 25, 2025","Registered","85 ; KAPILIGAN STREET ; Doa Imelda; QUEZON CITY; SECOND DISTRICT; NATIONAL CAPITAL REGION (NCR); 1113"
"MARJETECH CONSTRUCTION & TRADING OPC","2023050101306-02","May 30, 2023","Registered","ZONE 7; ; Santo Domingo; BOMBON; CAMARINES SUR; REGION V (BICOL REGION); 4404"
"MARSUN CONSTRUCTION; INCORPORATED","2022060054431-02","June 1, 2022","Registered","PAYATAS ROAD CORNER MAHOGANY STREET ; Payatas; QUEZON CITY; SECOND DISTRICT; NATIONAL CAPITAL REGION (NCR); 1119"
"E.M. CUERPO INC.","A200110661","July 26, 2001","Registered","SAMPAGUITA ST LORES EXECUTIVE HOMES ANTIPOLO CITY ; RIZAL; REGION IV-A (CALABARZON)"
"RPF CONSTRUCTION CORP.","CS202105066","April 29, 2021","Registered","52 ; Libertad St. ; SOLANA; CAGAYAN; REGION II (CAGAYAN VALLEY); 3503"
"GREEN WORLD CONSTRUCTION CORP.","CS201904053","March 14, 2019","Delinquent","No. 16 Sto. Nino Village ; Robin St.; BT Arch-bishop Reyes Avenue ; CEBU; REGION VII (CENTRAL VISAYAS); 6000"
"ISHIZAKI CONSTRUCTION & DEVELOPMENT CORPORATION","CS201616764","July 29, 2016","Registered","UNIT 2604 ; TYCOON CENTRE ; PEARL DRIVE; ORTIGAS CENTER ; CITY OF PASIG; SECOND DISTRICT; NATIONAL CAPITAL REGION (NCR)"
"KEVIN YOSHI BUILDERS INC.","2023010081271-02","January 11, 2023","Registered","LOT 8 BLK 12 ; HABITAT PHASE 1 ; Mabuhay; GEN. SANTOS CITY ; GENERAL SANTOS CITY (DADIANGAS); SOUTH COTABATO; REGION XII (SOCCSKSARGEN); 9500"
"S-ANG CONSTRUCTION & GENERAL TRADING; INC.","CS200911425","July 28, 2009","Registered","UNIT 3A SEIBU TOWER CONDOMINIUM ; 24TH ST CORNER 6TH AVENUE ; TAGUIG CITY; FOURTH DISTRICT; NATIONAL CAPITAL REGION (NCR)"
"CMC Development Inc.","2023090116443-00","September 13, 2023","Registered","2401 ; GA TOWER 2 ; EDSA ; Malamig; CITY OF MANDALUYONG; SECOND DISTRICT; NATIONAL CAPITAL REGION (NCR); 1550"
"JARGON CONSTRUCTION & SUPPLY CORPORATION","CS201735885","October 24, 2017","Registered","Magbanua St. ; ISULAN (Capital); SULTAN KUDARAT; REGION XII (SOCCSKSARGEN); 9808"
"JT GAMOLO CONSTRUCTION; INC. doing business under the name and style of Susie Fuel Refilling Station","CS201328877","March 4, 2013","Registered","PUROK 2; ; VALENCIA; BUKIDNON; REGION X (NORTHERN MINDANAO)"
"F.A. Asprer Construction Corporation","2024110177869-03","November 20, 2024","Registered","PHASE 2 ; SAMPAGUITA ; NINAS VILLE ; Suizo; CITY OF TARLAC (Capital); TARLAC; REGION III (CENTRAL LUZON); 2300"
"KPSL General Contractor Inc. doing business under the name and style of KPSL Gen. Cont.","2021080021666-06","August 3, 2021","Registered","L17 B11 A ; Brookside Lane ; San Francisco; GENERAL TRIAS; CAVITE; REGION IV-A (CALABARZON); 4107"
"LLABAN CONSTRUCTION AND SUPPLY (LCSC) CORPORATION","2021060017493-14","June 23, 2021","Registered","PUROK 7 ; Villarica; MIDSAYAP; COTABATO; REGION XII (SOCCSKSARGEN); 9410"
"JARGON CONSTRUCTION & SUPPLY CORPORATION","CS201735885","October 24, 2017","Registered","Magbanua St. ; ISULAN (Capital); SULTAN KUDARAT; REGION XII (SOCCSKSARGEN); 9808"
"NFH CONSTRUCTION & SUPPLY INC. doing business under the name and style of NFH CHEMICALS","CS201639142","April 12, 2016","Registered","135 ; _ ; MILAOR; CAMARINES SUR; REGION V (BICOL REGION)"
"JA ACHACOSO CORPORATION DOING BUSINESS UNDER THE TRADENAME OF JA ACHACOSO ENTERPRISES & GENERAL SERVICES; AND JA ACHACOSO FARM","CS201708532","March 9, 2017","Registered","CALAMANSI ST.; ; ORMOC CITY; LEYTE; REGION VIII (EASTERN VISAYAS); 6541"
"ESJ AND SONS CONSTRUCTION AND CONSTRUCTION SUPPLY; INC.","E200200066","February 7, 2002","Registered","ROOM 106 ; BACOLOD CITY (Capital); NEGROS OCCIDENTAL; REGION VI (WESTERN VISAYAS)"
"R.A. MATIAS CONSTRUCTION AND DEVELOPERS Inc.","CS201960126","February 4, 2019","Registered","749 ; GARDENIA ST.; DIOR VILLAGE ; DAGUPAN CITY; PANGASINAN; REGION I (ILOCOS REGION); 2440"
"8 MAK-JAY CONSTRUCTION CORP.","CS201950963","March 7, 2019","Registered","12 ; KM. 5 ; Asin Road; BAGUIO CITY; BENGUET; CORDILLERA ADMINISTRATIVE REGION (CAR); 2600"
"E Side Builders Corp.","2022060056495-01","June 17, 2022","Registered","BLOCK 8 LOT 55 PHASE 1 ; VILLA ANTONINA ; San Nicolas II; BACOOR CITY; CAVITE; REGION IV-A (CALABARZON); 4102"
"E SQUARE BUILDERS & DEV. CORP.","AS92000759","January 1, 1992","Revoked",""
"3EJ BUILDERS AND FABRICATIONS COMPANY","2025040199739-14","May 2, 2025","Registered","BLOCK 7 ; OCAMPO STREET ; Ungot; CITY OF TARLAC (Capital); TARLAC; REGION III (CENTRAL LUZON); 2300"
"CHANCEUX BUILDERS DEPOT CORP.","2020090002043-07","September 14, 2020","Registered","47 ; . ; . ; ; ; VISAYAS AVE ; Vasra; . ; QUEZON CITY; SECOND DISTRICT; NATIONAL CAPITAL REGION (NCR); 1630"
"FIRST CHOICE BUILDERS CORP.","2025050200003-04","May 5, 2025","Registered","BLOCK 32 LOT 8 PHASE 2 ; TULIP ; SOLDIERS HILLS IV ; Molino IV; BACOOR CITY; CAVITE; REGION IV-A (CALABARZON); 4102"
"HI-TEMP BUILDERS CORPORATION","2022060055046-09","June 7, 2022","Registered","504 ; SAMPAGUITA ; Buhangin (Pob.); DAVAO CITY; DAVAO DEL SUR; REGION XI (DAVAO REGION); 8000"
"Scout Builders Hardware Supply OPC","2024080166123-00","August 28, 2024","Registered","39 ; SCT. YBARDOLAZA ; Sacred Heart; SECOND DISTRICT - QUEZON CITY ; QUEZON CITY; SECOND DISTRICT; NATIONAL CAPITAL REGION (NCR); 1103"
"Sinirangan Builders Corp.","2023100121813-00","October 19, 2023","Registered","Poblacion Ward 12; BUTAK ; GUIUAN; EASTERN SAMAR; REGION VIII (EASTERN VISAYAS); 6809"
"TaxMan Builders Corporation","2024100174086-14","October 21, 2024","Registered","NMTTI BUILDING ; ABELLANOSA ; RAMIRO COMPOUND ; Consolacion; CAGAYAN DE ORO CITY (Capital); MISAMIS ORIENTAL; REGION X (NORTHERN MINDANAO); 9015"
"THE KINGDOM BUILDERS ASSOCIATION ; INC.","2023010080114-00","January 3, 2023","Registered","BUILDERS COMPOUND; PUROK MAGINHAWA; ; Bagong Sikat; SCIENCE CITY OF MUOZ; NUEVA ECIJA; REGION III (CENTRAL LUZON); 3119"
"EIRISH BUILDERS & SUPPLY INC.","CS201403447","March 18, 2014","Registered","242 ; BULACAN; REGION III (CENTRAL LUZON)"
"YPR GEN. CONTRACTOR AND CONSTRUCTION SUPPLY Inc.","CS201810309","June 14, 2018","Registered","785 ; J. Pueblo ; SECOND DISTRICT; NATIONAL CAPITAL REGION (NCR); 1600"
"ANG YAP BUILDERS AND AGGREGATE SUPPLIES INC.","CS201725401","July 31, 2017","Registered","ZAMORA ST. ; CEBU; REGION VII (CENTRAL VISAYAS); 6541"
"L. D. LLACUNA CONSTRUCTION AND SUPPLY INC.","CS201508429","April 30, 2015","Registered","16 ; san jose ; POLILLO; QUEZON; REGION IV-A (CALABARZON)"
"101 PROPERTY PLANNERS & DEVELOPERS CORPORATION","CS200800602","January 16, 2008","Registered","UNIT 202 TOPAZ BLDG. ; QUEZON CITY; SECOND DISTRICT; NATIONAL CAPITAL REGION (NCR)"
"AIM PROPERTY DEVELOPERS CORPORATION","0000196817","October 14, 1991","Delinquent","UNIT 1011; 10TH FLOOR ; 9TH AVENUE CORNER 11TH DRIVE ; ONE PARK DRIVE ; Fort Bonifacio; TAGUIG CITY; FOURTH DISTRICT; NATIONAL CAPITAL REGION (NCR); 1634"
"ALL STAR REAL ESTATE DEVELOPERS CORPORATION","CS201808182","May 23, 2018","Delinquent","UNIT 34; FACILITIES CENTER CONDOMINIUM ; SHAW BOULEVARD ; SECOND DISTRICT; NATIONAL CAPITAL REGION (NCR); 1555"
"AMJ HOMELAND DEVELOPERS CORPORATION","CS201016164","October 12, 2010","Suspended","201 ; CAPT. ROJA ST ; CITY OF MANILA; NATIONAL CAPITAL REGION (NCR)"
"ANVIL & SON DEVELOPERS CORPORATION","CS201532882","November 6, 2015","Delinquent","277 ; BURGOS ST. ; CAGAYAN DE ORO CITY (Capital); MISAMIS ORIENTAL; REGION X (NORTHERN MINDANAO); 9000"
"BAMEC DEVELOPERS CORPORATION","CS201736301","October 30, 2017","Delinquent","12L MHS HOUSING ; SAN ISIDRO ; CITY OF COTABATO; MAGUINDANAO; BANGSAMORO AUTONOMOUS REGION IN MUSLIM MINDANAO (BARMM)"
"BELLSONS INTEGRATED DEVELOPERS CORPORATION DOING BUSINESS UNDER THE NAME AND STYLE OF KAMARIN EVENTS VENUE","CS201019337","December 13, 2010","Registered","LOT4 BLK3 ARTY SUBD. ; QUEZON CITY; SECOND DISTRICT; NATIONAL CAPITAL REGION (NCR)"
"CONCEPTVILLE DEVELOPERS CORPORATION","CS200602714","February 28, 2006","Suspended","74 ; washington ; CITY OF MANILA; NATIONAL CAPITAL REGION (NCR)"
"CRATER ZAND ALLIED REALTY DEVELOPERS CORPORATION","CS201730001","January 3, 2017","Registered","_ ; PUROK 10; ; LEGAZPI CITY (Capital); ALBAY; REGION V (BICOL REGION)"
"CREATIVE DEVELOPERS CORPORATION","0000025774","September 16, 1964","Revoked","QUEZON CITY; SECOND DISTRICT; NATIONAL CAPITAL REGION (NCR)"
"EARTHWORK BUILDERS; INC.","2021070020230-04","July 21, 2021","Registered","NATIONAL ROAD ; Tumana; SANTA MARIA; BULACAN; REGION III (CENTRAL LUZON); 3022"
"E.S. MENDOZA BUILDERS & CONTRACTORS; INC.","CS200701236","January 29, 2007","Delinquent","549 ; BULACAN; REGION III (CENTRAL LUZON)"
"J. NIETO MENDOZA BUILDERS HARDWARE; INC.","AS93005770","July 29, 1993","Suspended","LA TRINIDAD SUBD. LOLOMBOY; BOCAUE; BULACAN ; BULACAN; REGION III (CENTRAL LUZON)"
"J.A. MENDOZA BUILDERS INC.","0000093856","July 9, 1980","Revoked","1277 LARDIZABAL ST.; SAMPALOC; MANILA ; CITY OF MANILA; NATIONAL CAPITAL REGION (NCR)"
"NOR-MENDOZA BUILDERS & ASSOCIATES CO.","P000038068","July 26, 1982","Registered","94 ; K-1ST STREET ; QUEZON CITY; SECOND DISTRICT; NATIONAL CAPITAL REGION (NCR)"
"PHAITON PHILS. CONSTRUCTION CORP.","CS201322897","November 29, 2013","Registered","161 ; R. Latayan ; MALVAR; BATANGAS; REGION IV-A (CALABARZON)"
"LARSEN-DUTCHER CONSTRACTOR CORPORATION","CS201521012","October 16, 2015","Registered","U-20 ; MASAYA ; QUEZON CITY; SECOND DISTRICT; NATIONAL CAPITAL REGION (NCR)"
"MEGASTRUCTURE BUILDER AND TRADING CORPORATION","CS200915630","October 7, 2009","Registered","2006 ; EDISON ST ; CITY OF MAKATI; FOURTH DISTRICT; NATIONAL CAPITAL REGION (NCR)"
"MARCPHIL CONSTRUCTION OPC","2023120127811-06","December 12, 2023","Registered","0 ; San Aquilino; ROXAS; ORIENTAL MINDORO; REGION IV-B (MIMAROPA); 5212"
"Francisco Construction and Supply Corp. doing business under the name/s and style/s of INFRACONTRACO","2023060105236-04","June 26, 2023","Registered","LOT 8; BLOCK 1; PHASE 11 ; B & C BUILDING ; MALARIA ROAD ; MALARIA NHC VILLAGE ; Barangay 185; CALOOCAN CITY; THIRD DISTRICT; NATIONAL CAPITAL REGION (NCR); 1427"
"CALIMBAS CONSTRUCTION OPC","2022120079084-06","December 16, 2022","Registered","2269 TRAMO STREET ; Barangay 100; PASAY CITY; FOURTH DISTRICT; NATIONAL CAPITAL REGION (NCR); 1300"
"FC MARTINEZ CONSTRUCTION DEVELOPMENT AND SUPPLY CORPORATION","CS201847518","October 18, 2018","Registered","24 ; RIZAL STREET ; Calaocan; SAN JOSE CITY; NUEVA ECIJA; REGION III (CENTRAL LUZON); 3121"
"DMZ CONSTRUCTION CORPORATION","2024020134407-02","February 2, 2024","Registered","#199 ; San Jose; SANTO TOMAS; BATANGAS; REGION IV-A (CALABARZON); 4234"
"E. Y. MERCADO CONSTRUCTION CORPORATION doing business under the name and style of E Y MERCADO CONSTRUCTION","2021070020609-12","July 23, 2021","Registered","BLK 1 LOT 25 ; OLIVAREZ COMPOUND 2 ; San Roque; CITY OF SAN PEDRO; LAGUNA; REGION IV-A (CALABARZON); 4023"
"JMD8 CONSTRUCTION CORPORATION","2025040199061-05","April 25, 2025","Registered","85 ; KAPILIGAN STREET ; Doa Imelda; QUEZON CITY; SECOND DISTRICT; NATIONAL CAPITAL REGION (NCR); 1113"
"(PEC)PHIL. ELECTRIX CONSTRUCTION CORPORATION","CS200519897","December 5, 2005","Registered","_ ; _ ; RIZAL; REGION IV-A (CALABARZON)"
"0212 CONSTRUCTION Corporation","2023060103838-20","June 15, 2023","Registered","HOUSE NO. 388 ; R. DUTERTE STREET ; Guadalupe; CEBU CITY (Capital); CEBU; REGION VII (CENTRAL VISAYAS); 6000"
"10 FIELDS CONSTRUCTION CORPORATION","CS201604035","February 26, 2016","Registered","2507 CITYLAND 10 TOWER 1; ; H.V. DELA COSTA STREET; ; CITY OF MAKATI; FOURTH DISTRICT; NATIONAL CAPITAL REGION (NCR)"
"1013 CONSTRUCTION CORPORATION","CS200413479","September 2, 2004","Revoked","4-K COLUMBIAN INTERNATIONAL TOWERS 500 SANTOL ST.; STA. MESA; ; CITY OF MANILA; FIRST DISTRICT; NATIONAL CAPITAL REGION (NCR)"
"1064 CONSTRUCTION CORPORATION","CS201402037","February 3, 2014","Delinquent","VERBENA ; CITY OF MUNTINLUPA; FOURTH DISTRICT; NATIONAL CAPITAL REGION (NCR)"
"11 DIAMOND EAGLE CONSTRUCTION CORPORATION","CS201951436","March 26, 2019","Registered","35 ; A. MABINI ST. ; LAGUNA; REGION IV-A (CALABARZON); 4023"
"1128 Construction Corporation","2023050099725-04","May 18, 2023","Registered","LIGAO-SABLOYON ROAD ; Batang; CITY OF LIGAO; ALBAY; REGION V (BICOL REGION); 4504"
"CHAMPION COMMERCIAL CORP.","CS200931542","October 16, 2009","Suspended","_ ; DON ANDRES; IPIL; ; ZAMBOANGA CITY; ZAMBOANGA DEL SUR; REGION IX (ZAMBOANGA PENINSULA)"
"MAR - DEB CONSTRUCTION & DEVELOPMENT CORP.","CS201721650","July 3, 2017","Registered","358 ; NATIONAL HIGHWAY ; CABATUAN; ISABELA; REGION II (CAGAYAN VALLEY); 3315"
"FLS ENTERPRISE INC.","A200118364","December 7, 2001","Suspended","MUNTINLUPA METRO MANILA ; CITY OF MANILA; NATIONAL CAPITAL REGION (NCR)"
"MASTER JAM CONSTRUCTION AND TRADING CORP.","CS201914096","August 22, 2019","Registered","6277 ; KAPITAN TINOY ST. ; La Huerta; CITY OF PARAAQUE; FOURTH DISTRICT; NATIONAL CAPITAL REGION (NCR); 1700"
"KARANGYAN BUILDERS AND TRADERS; INC.","2023070106427-02","July 4, 2023","Registered","2ND FLOOR ; JUANITA MART BLDG ; San Vicente Central (Pob.); CITY OF CALAPAN (Capital); ORIENTAL MINDORO; REGION IV-B (MIMAROPA); 5200"
"SHEEN-SHEEN CONSTRUCTION CORPORATION","CS201701166","January 16, 2017","Registered","PLARIDEL STREET ; MAMBAJAO (Capital); CAMIGUIN; REGION X (NORTHERN MINDANAO); 9100"
"SHANG MIN CONSTRUCTION CORPORATION DOING BUSINESS UNDER THE NAME AND STYLE OF SHANG MIN CONSTRUCTION CORPORATION SUBIC BAY BRANCH OFFICE","FS200903714","April 29, 2009","Suspended",""
"ANOLIN CONSTRUCTION AND DEVELOPMENT CORP.","2021120035900-53","January 11, 2022","Registered","STA. MARIA TO TAYUG BYPASS ROAD; ; San Vicente; SANTA MARIA; PANGASINAN; REGION I (ILOCOS REGION); 2440"
"GTJ CONSTRUCTION & DQT BUILDERS CO.","2022070060048-04","July 18, 2022","Registered","BURGOS STREET ; Pag-Asa Pob. (4th Zone); SANTA CRUZ; MARINDUQUE; REGION IV-B (MIMAROPA); 4902"
"KEJAMARENIK CONSTRUCTION INC.","2025030195191-04","March 26, 2025","Registered","MANZANAS ROAD ; DOA CONSUELO SUBD. ; Pag-Asa; SAN JOSE ; SAN JOSE; OCCIDENTAL MINDORO; REGION IV-B (MIMAROPA); 5100"
"JB CONSTRUCTION AND SUPPLY INC.","CS201913432","August 19, 2019","Registered","1964 ; Florante ; BALAGTAS (BIGAA); BULACAN; REGION III (CENTRAL LUZON); 3016"
"JB LAZAN CONSTRUCTION AND SUPPLY; INC.","CS201331384","October 2, 2013","Delinquent","XXX ; LAPULAPU EXT. ; CITY OF DIGOS (Capital); DAVAO DEL SUR; REGION XI (DAVAO REGION); 8002"
"'94 BUILDERS CONSTRUCTION AND SUPPLY CORP.","CS201966232","February 8, 2019","Registered","BLOCK 12; LOT 25 ; GREEN ORCHARD VILLAGE ; Cabantian; DAVAO CITY; DAVAO DEL SUR; REGION XI (DAVAO REGION); 8000"
"101 General Construction and Supply CO.","PG201970110","August 27, 2019","Registered","102 ; SAN JOSE STREET ; Pagatpat (San Jose); CALABANGA; CAMARINES SUR; REGION V (BICOL REGION); 4405"
"16EAST CONSTRUCTION AND SUPPLY CORPORATION","CS201812892","July 9, 2018","Delinquent","867 ; Washington Drive ; ALBAY; REGION V (BICOL REGION); 4500"
"1ST BALMON CONSTRUCTION AND SUPPLY Co.","PG201826301","December 28, 2018","Registered","Balete ; Balete ; BATANGAS; REGION IV-A (CALABARZON); 4200"
"249 CONSTRUCTION AND SUPPLY COMPANY","2024100171735-40","October 4, 2024","Registered","61 ; KAMUNING ROAD ; Kamuning; QUEZON CITY; SECOND DISTRICT; NATIONAL CAPITAL REGION (NCR); 1103"
"2X3 CONSTRUCTION AND SUPPLY CORP.","2021090025516-01","September 16, 2021","Registered","Jelicuon Lusaya; CABATUAN ; CABATUAN; ILOILO; REGION VI (WESTERN VISAYAS); 5033"
"3 K&C CONSTRUCTION AND SUPPLY CORPORATION","CS201642220","December 28, 2016","Delinquent","GOMEZ STREET ; SINDANGAN; ZAMBOANGA DEL NORTE; REGION IX (ZAMBOANGA PENINSULA); 7112"
"3K FHRANCIS CYRENE CONSTRUCTION AND SUPPLY CORP.","CS202051449","March 9, 2020","Registered","2/F REX HOTEL BLDG. ; AGUINALDO ST. ; ALBAY; REGION V (BICOL REGION); 4500"
"ALEXANDRIA CONSTRUCTION CORPORATION","2024040148403-15","April 30, 2024","Registered","LOT3 BLK4 ; WILSHIRE STREET ; PARKPLACE EXECUTIVE VILLAGE ; San Isidro; CAINTA; RIZAL; REGION IV-A (CALABARZON); 1900"
"CARTESIAN BUILDERS CORP.","2021110032924-02","November 23, 2021","Registered","PUROK 3 ; Togbongon; SURIGAO CITY (Capital); SURIGAO DEL NORTE; REGION XIII (Caraga); 8400"
"NORTHERN BUILDERS CONSTRUCTION CORPORATION","2023070107233-03","July 10, 2023","Registered","KM. 131 CARLOS P. ROMULO HIGHWAY ; Baras-baras; CITY OF TARLAC (Capital); TARLAC; REGION III (CENTRAL LUZON); 2300"
"NORTHERN BUILDERS INC.","0000074505","January 1, 1977","Revoked","TARLAC TARLAC ; TARLAC; REGION III (CENTRAL LUZON)"
"3AMR CONSTRUCTION SERVICES INC.","2024060156437-08","June 24, 2024","Registered","VI ; BATONGBAKAL ST ; Tabing Bakod; SANTA MARIA; BULACAN; REGION III (CENTRAL LUZON); 1900"
"JAS Mixer Construction and Development Corporation","2021030008265-14","March 5, 2021","Registered","PUROK NANGKA ROAD ; Conel; DISTRICT 1 ; GENERAL SANTOS CITY (DADIANGAS); SOUTH COTABATO; REGION XII (SOCCSKSARGEN); 9500"
"JERRY R. SANTIAGO CONSTRUCTION CORP.","CS202105593","May 18, 2021","Registered","No. 888 ; Barangay ; BONGABON; NUEVA ECIJA; REGION III (CENTRAL LUZON); 3128"
"INSTA BUILDERS & SUPPLIES CORP.","CS201425724","May 27, 2014","Registered","apl bldg.; tipolo ville singson subd.; ; andres abellana extension ; CEBU CITY (Capital); CEBU; REGION VII (CENTRAL VISAYAS); 6000"
"APB CONSTRUCTION INC.","CS200616988","October 30, 2006","Delinquent","B6 L9 ; ALAS DRIVE VERAVILLE FREMONTE ; CITY OF LAS PIAS; FOURTH DISTRICT; NATIONAL CAPITAL REGION (NCR)"
"GP & H CONSTRUCTION INCORPORATED","CS201531722","February 16, 2015","Registered",". ; GP&H COMPOUND; P-6A ; CITY OF TAGUM (Capital); DAVAO DEL NORTE; REGION XI (DAVAO REGION)"
"MARSUN CONSTRUCTION; INCORPORATED","2022060054431-02","June 1, 2022","Registered","PAYATAS ROAD CORNER MAHOGANY STREET ; Payatas; QUEZON CITY; SECOND DISTRICT; NATIONAL CAPITAL REGION (NCR); 1119"
"107 CONSTRUCTION INCORPORATED DOING BUSINESS UNDER THE NAME AND STYLE OF DDS TRUCK MASTER","CS201405637","March 20, 2014","Suspended","107 ; RUE DE PAREE EXT.; ; BACOLOR; PAMPANGA; REGION III (CENTRAL LUZON)"
"318 TRADING AND CONSTRUCTION INCORPORATED","CS200250495","June 28, 2002","Revoked","BLK 6 LOT 15 ; GOLDRINGE ESTATE ; GUIGUINTO; BULACAN; REGION III (CENTRAL LUZON)"
"330 EARTH CONSTRUCTION INCORPORATED","2025070210143-10","July 17, 2025","Registered","LOT 23 BLOCK 4 PH.2 ; VILLA MONTSERRAT ; San Juan; TAYTAY; RIZAL; REGION IV-A (CALABARZON); 1920"
"45 CONSTRUCTION INCORPORATED","2024010133823-04","January 31, 2024","Registered","Rio Tuba; BATARAZA; PALAWAN; REGION IV-B (MIMAROPA); 5306"
"5005 CONSTRUCTION INCORPORATED","CS200518410","November 10, 2005","Suspended","BLOCK 4 LOT 64 ; U.B.B. ; CITY OF MARIKINA; SECOND DISTRICT; NATIONAL CAPITAL REGION (NCR)"
"7CB CONSTRUCTION INCORPORATED","2024020135993-00","February 13, 2024","Registered","#18 2ND FLOOR ROOM B ; ARES ST ; Santa Ana; PUROK 7 LUPANG ARENDA ; TAYTAY; RIZAL; REGION IV-A (CALABARZON); 1920"
"888 TRANZCEND CONSTRUCTION INCORPORATED","2022050053861-01","May 27, 2022","Registered","C01 ; VALENCIA BLDG.; MAGALLANES RESIDENCES; DMC URBAN; ; BOLTON EXTENSION ; Barangay 39-D (Pob.); DAVAO CITY; DAVAO DEL SUR; REGION XI (DAVAO REGION); 8000"
"88DR CONSTRUCTION INCORPORATED","CS201842564","December 10, 2018","Delinquent","UNIT 201 ; VICTORIA LOUISE 872 KAPASIGAN ST. ; SECOND DISTRICT; NATIONAL CAPITAL REGION (NCR); 1550"
"TITAN BUILDERS AND CONSTRUCTION OPC","2021070019745-09","July 14, 2021","Registered","1ST FLOOR SAGA CENTRE; 62 SCOUT CHUATOCO; ; Roxas; QUEZON CITY; SECOND DISTRICT; NATIONAL CAPITAL REGION (NCR); 1103"
"TITAN BUILDERS INC.","0000071915","January 1, 1977","Revoked","805 ERMITA CENTER BLDG.; ROXAS BLVD.; MANILA ; CITY OF MANILA; NATIONAL CAPITAL REGION (NCR)"
"APEX TITAN BUILDERS INC.","2024100171300-27","October 2, 2024","Registered","611 ; UNIT 236 ; WELLINGTON BLDG. ; NORBERTO TY ST. ; Binondo - Barangay 288; CITY OF MANILA; FIRST DISTRICT; NATIONAL CAPITAL REGION (NCR); 1006"
"SUPER TITAN BUILDERS CORPORATION","2023090117853-01","September 22, 2023","Registered","2559 ; . ; . ; TOLENTINO STREET CORNER J. LUNA STREET ; ZONE 12 ; Barangay 125; DISTRICT 2 SAN ROQUE ; PASAY CITY; FOURTH DISTRICT; NATIONAL CAPITAL REGION (NCR); 1300"
"3'G - MDC CONSTRUCTION & ENTERPRISES OPC","2022040048673-03","April 6, 2022","Registered","Tiza; ROXAS CITY (Capital); CAPIZ; REGION VI (WESTERN VISAYAS); 5800"
"5E MULTI-WORKS CONSTRUCTION ENTERPRISES INC.","CS201952937","June 4, 2019","Registered","840 ; NIA Road ; BALIUAG; BULACAN; REGION III (CENTRAL LUZON); 3006"
"628 CONSTRUCTION ENTERPRISES CORPORATION","CS201325483","April 8, 2013","Delinquent","-- ; -- ; PANGASINAN; REGION I (ILOCOS REGION)"
"AEJ CONSTRUCTION & ENTERPRISES; INC. doing business under the name and style of AEJ HARDWARE CONSTRUCTION & ENTERPRISES","2024100174112-00","October 21, 2024","Registered","MAG V BLDG. ; SAN JOSE ROAD ; San Jose Cawa-cawa; ZAMBOANGA CITY; ZAMBOANGA DEL SUR; REGION IX (ZAMBOANGA PENINSULA); 7000"
"AJ CONSTRUCTION & ENTERPRISES CORPORATION","CS201737621","November 15, 2017","Delinquent","UNIT B. MADALE RESIDENCE; ; MSU MAIN ; MARAWI CITY (Capital); LANAO DEL SUR; BANGSAMORO AUTONOMOUS REGION IN MUSLIM MINDANAO (BARMM); 9700"
"AL-SADIK CONSTRUCTION & ENTERPRISES; INC.","CS201225996","December 5, 2012","Registered","PANGLIMA SUGALA (BALIMBING); TAWI-TAWI; BANGSAMORO AUTONOMOUS REGION IN MUSLIM MINDANAO (BARMM)"
"APHA CONSTRUCTION ENTERPRISES COMPANY","P000034291","February 20, 1979","Registered","210 DONA MEMORIAL BLDG. ; DON ANGEL FERNANDEZ AVENUE ; DAGUPAN CITY; PANGASINAN; REGION I (ILOCOS REGION)"
"ARPC HARDWARE AND CONSTRUCTION ENTERPRISES CORP. doing business under the name/s and style/s of Desert Source Hardware and Construction Supplies Trading; Desert Source Construction; ARP Painting Works and Desert Source Water Station","2022050051205-92","May 2, 2022","Registered","LOT 2; BLK. 6 ; GALAXY ST. ; HENRIETTA VILLAGE ; Singcang-Airport; BACOLOD CITY (Capital); NEGROS OCCIDENTAL; REGION VI (WESTERN VISAYAS); 6100"
"BETHEL'S CONSTRUCTION ENTERPRISES","P000019766","July 24, 1970","Registered","2337 ; GRANADOS ; PASAY CITY; FOURTH DISTRICT; NATIONAL CAPITAL REGION (NCR)"
"BUILDMATE CONSTRUCTION & ENTERPRISES CORP.","2022070061759-03","July 28, 2022","Registered","UNIT H ; F. MAXIMO BUILDING ; PAN PHILAM HIWAY ; DINARAYAT ; Dinarayat; TALAVERA; NUEVA ECIJA; REGION III (CENTRAL LUZON); 3100"
"DESAPLAN (DESIGN AND PLANNING) BUILDERS COMPANY","PG201610262","May 24, 2016","Registered","168 ILANG-ILANG ; MALOLOS HTS. SUBD. ; CITY OF MALOLOS (Capital); BULACAN; REGION III (CENTRAL LUZON)"
"DESICON DESIGN CONS. CORP.","0000199184","January 1, 1991","Revoked",""
"DESIGN & ARCHITECTURE BUREAU (DAR)-REPRESENTATIVE OFFICE","FS200512345","July 19, 2005","Registered",""
"DESIGN & BUILD CONSTRUCTION INC.","2024120181029-49","December 15, 2024","Registered","26 ; A MABINI EXTENSION ; Barangay V-A (Pob.); DISTRICT 3 ; SAN PABLO CITY; LAGUNA; REGION IV-A (CALABARZON); 4000"
"Design & Code Solutions Corp.","2022040048735-19","April 6, 2022","Registered","2822 ; 3RD FLOOR ; CORE TOWN BUILDING ; EDSA ; PASAY CITY ; Barangay 75; PASAY CITY ; PASAY CITY; FOURTH DISTRICT; NATIONAL CAPITAL REGION (NCR); 1709"
"DESIGN & CREATIVE LOGIC INC.","0000131308","February 27, 1986","Registered","214 A. BONIFACIO ST SAN JUAN M.M. ; CITY OF MANILA; NATIONAL CAPITAL REGION (NCR)"
"DESIGN & DELIVER.NET; INC.","CS200410785","July 15, 2004","Revoked","3430 CITI & LAND MEGA PLAZA ADB AVE.; COR. GARNET ORTIGAS CENTER; ; CITY OF PASIG; SECOND DISTRICT; NATIONAL CAPITAL REGION (NCR)"
"DESIGN & FUNCTION INCORPORATED","CS200618520","November 29, 2006","Registered","Unit 1202 12/F ; Prestige Tower Condominium ; F. ORTIGAS JR. ROAD; ORTIGAS CENTER ; San Antonio; CITY OF PASIG; SECOND DISTRICT; NATIONAL CAPITAL REGION (NCR); 1600"
"DESIGN & MARKETING CONSULTANCY PHILIPPINES; INC.","CS200343023","December 30, 2003","Registered","84-3 ; SAN FRANCISCO ST. ; Kapitolyo; CITY OF PASIG; SECOND DISTRICT; NATIONAL CAPITAL REGION (NCR); 1603"
"DESIGN & PLANNING CONSULTANTS (ENGINEERS & ARCHITECTS)","P000032102","April 11, 1977","Registered","25 ; SAN JUAN STREET ; CITY OF PASIG; SECOND DISTRICT; NATIONAL CAPITAL REGION (NCR)"
"AAGroup Construction & Development Corporation","2025020188273-00","February 13, 2025","Registered","71 ; JOSE ABAD SANTOS AVENUE ; Salawag; CITY OF DASMARIAS; CAVITE; REGION IV-A (CALABARZON); 4114"
"1024 CONSTRUCTION & DEVELOPMENT CORPORATION","CS201223653","December 28, 2012","Registered","U8A ; GENSTAR PLAZA ; GENERAL TRIAS; CAVITE; REGION IV-A (CALABARZON)"
"1993 CITY CONSTRUCTION DEVELOPMENT CORPORATION","CS201103632","March 2, 2011","Delinquent","suite 508 5th floor west plaza bldg.; ; no 66 west avenue ; QUEZON CITY; SECOND DISTRICT; NATIONAL CAPITAL REGION (NCR)"
"21TH CONSTRUCTION DEVELOPMENT CORPORATION","CS200808436","May 29, 2008","Registered","NO. 28 LOT 12 BLOCK 94 PHASE VI AFPOVAIL VILLAGE ; R PAPA AVE COR P GARCIA ST ; TAGUIG CITY; FOURTH DISTRICT; NATIONAL CAPITAL REGION (NCR)"
"3-MJ CONSTRUCTION & DEVELOPMENT CORPORATION","CS201309559","May 21, 2013","Delinquent","24 ; MT VIEW ST ; BINANGONAN; RIZAL; REGION IV-A (CALABARZON)"
"379 International Construction Development Corporation","2023060105862-08","June 30, 2023","Registered","2C 2ND FLR ; NATIVIDAD P BLDG 2 ; ABLAN AVENUE COR PRIMO LAZARO ST ; Bgy. No. 4; San Guillermo (Pob.); LAOAG CITY (Capital); ILOCOS NORTE; REGION I (ILOCOS REGION); 2900"
"4JC1 CONSTRUCTION DEVELOPMENT CORPORATION","2023010083063-01","January 24, 2023","Registered","45 ; PROVINCIAL ROAD; ; Pallua Sur; TUGUEGARAO CITY (Capital); CAGAYAN; REGION II (CAGAYAN VALLEY); 3500"
"4TH MALDEN CONSTRUCTION & DEVELOPMENT CORPORATION","CS201501852","February 4, 2015","Delinquent","BLK3-D JASMINE ST. COR. RASPBERRY ; RUBY PARK; VICTORIA ; CITY OF MUNTINLUPA; FOURTH DISTRICT; NATIONAL CAPITAL REGION (NCR)"
"79 CORNERSTONE CONSTRUCTION DEVELOPMENT CORPORATION","CS201333933","December 13, 2013","Registered","BELTRAN-CORDERO BLDG.; ; DIAPO SUBD.; 51 TOTING REYES EXT. ; Buswang New; KALIBO (Capital); AKLAN; REGION VI (WESTERN VISAYAS)"
"7A CONSTRUCTION & DEVELOPMENT CORPORATION","CS200613252","August 23, 2006","Suspended","64 ; LUIS PALAD ST.; ; CITY OF TAYABAS; QUEZON; REGION IV-A (CALABARZON)"
"JERCON TRADE CONSTRUCTION DEVELOPMENT CORP.","CS201614988","July 12, 2016","Registered","59 ; MAHARLIKA HIGHWAY DISTRICT II ; CALAYAN; CAGAYAN; REGION II (CAGAYAN VALLEY)"
"CPR CONSTRUCTION AND SUPPLY; INC.","CS201639361","August 30, 2016","Registered","_ ; MANZANILLA ST.; ; POLANGUI; ALBAY; REGION V (BICOL REGION)"
"J-SAM HARDWARE & CONSTRUCTION SUPPLIES CORP.","2022090066845-40","September 5, 2022","Registered","1138-C ; SAN FRANCISCO ST. ; Santa Teresita; ANGELES CITY; PAMPANGA; REGION III (CENTRAL LUZON); 2009"
"SPECO BUILDERS INC.","CS201215531","August 23, 2012","Registered","757 ; MAMPULOG ; CABANATUAN CITY; NUEVA ECIJA; REGION III (CENTRAL LUZON)"
"EBUILDERS CONSTRUCTION & DEVELOPMENT CORP.","CS201220437","November 7, 2012","Registered","2713 ; DIA LEYCO SUBDIVISION ; CITY OF SANTA ROSA; LAGUNA; REGION IV-A (CALABARZON)"
"CHUCON BUILDERS CORPORATION","CS201803628","March 21, 2018","Registered","NIA ROAD ; LEYTE; REGION VIII (EASTERN VISAYAS); 6500"
"NEW BIAN YEK COMMERCIAL; INC.","0000072452","March 9, 1977","Registered","DUMAGUETE CITY NEGROS ORIENTAL ; NEGROS ORIENTAL; REGION VII (CENTRAL VISAYAS)"
"JANN-NORRIS CONSTRUCTION AND SUPPLIES; INC.","CS201605667","March 16, 2016","Registered","LT223 BLK18 ; 24TH ST. ; CITY OF VALENZUELA; THIRD DISTRICT; NATIONAL CAPITAL REGION (NCR)"
"DAHL CONSTRUCTION CORP.","CS201524619","December 16, 2015","Registered","6 ; URANUS ; QUEZON CITY; SECOND DISTRICT; NATIONAL CAPITAL REGION (NCR)"
"GDBS BUILDERS AND ENTERPRISE OPC","2021080021558-01","August 4, 2021","Registered","P2 ; LOS BAOS SUBDVISION ; Bgy. 37 - Bitano (Pob.); DISTRICT 2 ; LEGAZPI CITY (Capital); ALBAY; REGION V (BICOL REGION); 4500"
"J AND B MALDOR BUILDERS Co.","PG201841941","November 22, 2018","Registered","Unit E- 3016 OJN Bldg. ; Kaginhawaan St. Karangalan Village ; SECOND DISTRICT; NATIONAL CAPITAL REGION (NCR); 1611"
"J AND B MAXIMUS BUILDERS CORP.","2022120079022-17","December 16, 2022","Registered","PUROK 5 KM 8 ; Tigatto; BUHANGIN ; DAVAO CITY; DAVAO DEL SUR; REGION XI (DAVAO REGION); 8000"
"J and E Aussie Builders Inc.","2022030044819-01","March 7, 2022","Registered","PUROK CHICOS; CUIZON COMPOUND ; Bankal; LAPU-LAPU CITY (OPON); CEBU; REGION VII (CENTRAL VISAYAS); 6015"
"J AND FDD BUILDERS SERVICES INC.","CS201423695","December 5, 2014","Delinquent","B9L9 U6 PRINCESS APT ; SAMPAGUITA ST. ; CABUYAO CITY; LAGUNA; REGION IV-A (CALABARZON)"
"J and Js BUILDERS CORPORATION","2021110034118-13","November 28, 2021","Registered","494 ; 1 ; JK ; SEPA STREET ; SEPA ; Barangay 162; STA QUITERIA ; CALOOCAN CITY; THIRD DISTRICT; NATIONAL CAPITAL REGION (NCR); 1402"
"3EJ BUILDERS AND FABRICATIONS COMPANY","2025040199739-14","May 2, 2025","Registered","BLOCK 7 ; OCAMPO STREET ; Ungot; CITY OF TARLAC (Capital); TARLAC; REGION III (CENTRAL LUZON); 2300"
"CHANCEUX BUILDERS DEPOT CORP.","2020090002043-07","September 14, 2020","Registered","47 ; . ; . ; ; ; VISAYAS AVE ; Vasra; . ; QUEZON CITY; SECOND DISTRICT; NATIONAL CAPITAL REGION (NCR); 1630"
"FIRST CHOICE BUILDERS CORP.","2025050200003-04","May 5, 2025","Registered","BLOCK 32 LOT 8 PHASE 2 ; TULIP ; SOLDIERS HILLS IV ; Molino IV; BACOOR CITY; CAVITE; REGION IV-A (CALABARZON); 4102"
"HI-TEMP BUILDERS CORPORATION","2022060055046-09","June 7, 2022","Registered","504 ; SAMPAGUITA ; Buhangin (Pob.); DAVAO CITY; DAVAO DEL SUR; REGION XI (DAVAO REGION); 8000"
"Scout Builders Hardware Supply OPC","2024080166123-00","August 28, 2024","Registered","39 ; SCT. YBARDOLAZA ; Sacred Heart; SECOND DISTRICT - QUEZON CITY ; QUEZON CITY; SECOND DISTRICT; NATIONAL CAPITAL REGION (NCR); 1103"
"MAG CORPORATION","CS201328261","February 19, 2013","Registered","STALL#10; BOR 1 BUILDING; ; CARMEN; DAVAO DEL NORTE; REGION XI (DAVAO REGION)"
"PTM DEVELOPMENT Corp.","CS201840188","September 19, 2018","Registered","515 ; Balasing National Road ; BULACAN; REGION III (CENTRAL LUZON); 3022"
"DAHL CONSTRUCTION CORP.","CS201524619","December 16, 2015","Registered","6 ; URANUS ; QUEZON CITY; SECOND DISTRICT; NATIONAL CAPITAL REGION (NCR)"
"RAPID FOREMOST CONST. CO.","PG200606402","April 25, 2006","Registered",""
"DD ROSAL CONSTRUCTION AND TRADING CORPORATION","2023030088260-01","March 1, 2023","Registered","37 ; H. REYES ST. ; BF EXECUTIVE TRIANGLE; BF HOMES ; Almanza Uno; CITY OF LAS PIAS; FOURTH DISTRICT; NATIONAL CAPITAL REGION (NCR); 1750"
"ARK ROSAL CONSTRUCTION CORPORATION","2025020190294-06","February 25, 2025","Registered","SITIO SILANGAN ; Matala; IBAAN; BATANGAS; REGION IV-A (CALABARZON); 4230"
"G. BANZ Builders Corp.","2022030047271-15","March 24, 2022","Registered","TIANSUY ROAD; NEW PUBLIC MARKET ; San Jose; PUERTO PRINCESA CITY (Capital); PALAWAN; REGION IV-B (MIMAROPA); 5300"
"FILCAN UNITED CONSTRUCTION & GENERAL MERCHANDISE CORP.","CS201602711","February 10, 2016","Registered","BATANGAS; REGION IV-A (CALABARZON)"
"EQUI-PARCO CONSTRUCTION COMPANY","PG200307029","March 27, 2003","Registered","purok 3; ambangan ambago; ; BUTUAN CITY (Capital); AGUSAN DEL NORTE; REGION XIII (Caraga)"
"SALTAN RIVER CORPORATION","CS201805988","April 20, 2018","Registered","BHM BLDG ; PUROK 3; MOLINTAS ST.; ; Bulanao; CITY OF TABUK (Capital); KALINGA; CORDILLERA ADMINISTRATIVE REGION (CAR); 2600"
"RMA Builders & Supplies Corporation","2021110033622-34","November 24, 2021","Registered","CANEJA EXTENSION; ; Padre Inocentes Garcia (Pob.); NAVAL (Capital); BILIRAN; REGION VIII (EASTERN VISAYAS); 6549"
"F. GURREA CONSTRUCTION; INCORPORATED doing business under the name and style of Finestra Estates; and FG Marine and Services","ES92000105","June 22, 1992","Registered","Q. ABETO STREET ; Abeto Mirasol Taft South (Quirino Abeto); MANDURRIAO ; ILOILO CITY (Capital); ILOILO; REGION VI (WESTERN VISAYAS)"
"FOUR J AND E TECHNICAL SCHOOL INC.","CN201821431","September 12, 2018","Registered","2nd Floor Sumilao Bldg. ; Max Suniel St. ; MISAMIS ORIENTAL; REGION X (NORTHERN MINDANAO); 9000"
"FOUR J BROTHERS MANPOWER SERVICES COMPANY","PG201014104","September 2, 2010","Registered","PAGKAKAISA ST. COR. BAYSIDE ST ; NAIC; CAVITE; REGION IV-A (CALABARZON)"
"FOUR J ENTS. CO.","AP94001445","August 22, 1994","Registered","BO. PARADA VALENZUELA; METRO MANILA ; CITY OF MANILA; NATIONAL CAPITAL REGION (NCR)"
"FOUR J FISH BROKER AND GEN MERCHANDISE CORPORATION","CS201017801","October 29, 2010","Suspended","A1-B2 AGF.MALABON FISH MARKET ; ESTRELLA ST. ; CITY OF MALABON; THIRD DISTRICT; NATIONAL CAPITAL REGION (NCR)"
"FOUR J MACHINE SHOP CORPORATION","2024010131549-10","January 16, 2024","Registered","J. NAKPIL STREET ; 75 ; Paco - Barangay 686; CITY OF MANILA; FIRST DISTRICT; NATIONAL CAPITAL REGION (NCR); 1007"
"FOUR J MANAGEMENT CONSULTANTS INC.","CS201616949","August 1, 2016","Registered","UNIT 7H BASELINE ; JUANA OSMEA ST. ; CEBU CITY (Capital); CEBU; REGION VII (CENTRAL VISAYAS); 6000"
"FOUR J PAWNSHOP INC.","AS95005683","June 15, 1995","Delinquent","SAN GABRIEL MASANTOL PAMPANGA ; PAMPANGA; REGION III (CENTRAL LUZON)"
"FOUR J PERFECT CONSTRUCTION AND BUILDERS CORPORATION","CS201613646","June 27, 2016","Delinquent","1254 VICENTE G.CRUZ ; ST. 048 ; CITY OF MANILA; FIRST DISTRICT; NATIONAL CAPITAL REGION (NCR)"
"FOUR J REAL ESTATE MARKETING AND DEVELOPMENT OPC","2024090170060-31","September 23, 2024","Registered","UNIT C ; G COMPLEX BLDG ; Plaza Aldea (Pob.); TANAY; RIZAL; REGION IV-A (CALABARZON); 1980"
"FOUR J TILES BARGAIN CENTER INC.","CS201002813","February 26, 2010","Delinquent","L-66 A9B ; JP RIZAL ST ; CITY OF MARIKINA; SECOND DISTRICT; NATIONAL CAPITAL REGION (NCR)"
"AKJ27 CONSTRUCTION SUPPLY AND SERVICES; OPC","2023120129000-01","December 22, 2023","Registered","9164 ; ILAYA PROPER ; Pasong Buaya II; IMUS CITY; CAVITE; REGION IV-A (CALABARZON); 4102"
"ALP CONSTRUCTION SUPPLY AND SERVICES CORPORATION","2023020087314-02","February 22, 2023","Registered","LOT 5; BLOCK 12 ; POPLAR CIRCLE ; VILLA ANGELA ; Villamonte; BACOLOD ; BACOLOD CITY (Capital); NEGROS OCCIDENTAL; REGION VI (WESTERN VISAYAS); 6100"
"ALPHA PRIME MAX CONSTRUCTION SUPPLY AND SERVICES OPC OPC","2023090117148-07","September 19, 2023","Registered","4-B ; UNIT B-23 ; OPTIMA 310 ; J P RIZAL ; Santo Nio; CITY OF PARAAQUE; FOURTH DISTRICT; NATIONAL CAPITAL REGION (NCR); 1704"
"AM SO HAI HARDWARE CONSTRUCTION SUPPLY AND SERVICES CORP.","2021110031876-00","November 9, 2021","Registered","DIVERSION ROAD ; Basak Malutlut; MARAWI CITY (Capital); LANAO DEL SUR; BANGSAMORO AUTONOMOUS REGION IN MUSLIM MINDANAO (BARMM); 9700"
"C & F BUILDERS CONSTRUCTION SUPPLY AND SERVICES CORP.","CS201005301","April 6, 2010","Suspended","330 A ; MILAGROSA P. TUAZON ; QUEZON CITY; SECOND DISTRICT; NATIONAL CAPITAL REGION (NCR)"
"CMS INDUSTRIAL CONSTRUCTION SUPPLY AND SERVICES CORP.","CS201964060","January 17, 2019","Delinquent","Blk. 11; Lot 14; Reyes Village Subdivision ; Jasmin St.;Zone 6 ; MISAMIS ORIENTAL; REGION X (NORTHERN MINDANAO); 9000"
"DD 88 CONSTRUCTION SUPPLY AND SERVICES CO.","PG201725252","July 28, 2017","Registered","105 3271 KALAYAAN ; IDC PLAZA BLDG. ; CITY OF MAKATI; FOURTH DISTRICT; NATIONAL CAPITAL REGION (NCR)"
"GC8 CONSTRUCTION SUPPLY AND SERVICES COMPANY Doing business under the name/s and style/s of GC8 CONSTRUCTION SUPPLY AND SERVICES COMPANY","PG201804831","April 6, 2018","Registered","2A ; CASIANA ; QUEZON CITY; SECOND DISTRICT; NATIONAL CAPITAL REGION (NCR); 1113"
"GOLDEN CROW CONSTRUCTION SUPPLY AND SERVICES Co.","PG201916499","September 27, 2019","Registered","BABATNGON; LEYTE; REGION VIII (EASTERN VISAYAS); 6520"
"GRASS & ARTS CONSTRUCTION AND DEVELOPMENT CORP. DOING BUSINESS UNDER THE NAME AND STYLE OF GRASS & ARTS GARDEN & SWIMMING POOL CONSTRUCTION SUPPLY AND SERVICES","CS201516047","August 11, 2015","Delinquent","20 ; PUROK 5 ; PAOMBONG; BULACAN; REGION III (CENTRAL LUZON)"
"BHENLLABIEN BUILDERS CORPORATION","2020080001413-00","August 14, 2020","Registered","993 ; Purok 6 ; San Cristobal; SAN PABLO CITY; LAGUNA; REGION IV-A (CALABARZON); 4000"
"A.P.M. TRADING ALUMINUM & GLASS SUPPLY INC.","0000156551","October 21, 1988","Revoked","2328 CRISOLITA ST.; SAN ANDRES BUKID MANILA ; CITY OF MANILA; NATIONAL CAPITAL REGION (NCR)"
"AGUILA FABRICATORS AND GLASS SUPPLY Inc.","2023100120489-04","October 10, 2023","Registered","296 ; FPJ AVENUE ; SAN FRANCISCO DEL MONTE ; San Antonio; QUEZON CITY; SECOND DISTRICT; NATIONAL CAPITAL REGION (NCR); 1105"
"BLY ALUMINUM & GLASS SUPPLY INC.","D199700192","February 24, 1997","Registered","116 ; T. Monteverde Ave. ; DAVAO CITY; DAVAO DEL SUR; REGION XI (DAVAO REGION); 8000"
"BUILDWIDE GLASS SUPPLY INC.","CS201111175","June 28, 2011","Registered","11 VMCC ; SANTOLAN COR GRANADA ; QUEZON CITY; SECOND DISTRICT; NATIONAL CAPITAL REGION (NCR)"
"BUTUAN GLASS SUPPLY INC.","H200000257","June 6, 2000","Registered","513 LOPEZ JAENA ST. BUTUAN CITY ; AGUSAN DEL NORTE; REGION XIII (Caraga); 8600"
"C DIAMOND ALUMINUM GLASS SUPPLY INC.","CS201601370","January 22, 2016","Registered","WAREHOUSE#1 BAY2 ; A.SANDOVAL AVE ; CITY OF PASIG; SECOND DISTRICT; NATIONAL CAPITAL REGION (NCR)"
"CDR ALUMINUM & GLASS SUPPLY INC.","2022060056322-05","June 16, 2022","Registered","#31 RMT INDUSTRIAL COMPLEX ; PUROK 4 ; Cuyab; CITY OF SAN PEDRO; LAGUNA; REGION IV-A (CALABARZON); 4023"
"CJH ALUMINUM AND GLASS SUPPLY Inc.","CS201906736","April 17, 2019","Registered","#47 ; Mc Arthur Highway ; San Nicolas; VILLASIS; PANGASINAN; REGION I (ILOCOS REGION); 2447"
"CNK ALUMINUM GLASS SUPPLY INC.","2023120127650-10","December 11, 2023","Registered","DOORS 5 & 6 ; ME LICMO COMMERCIAL APARTMENT ; DIVERSION ROAD ; Tagapo; CITY OF SANTA ROSA; LAGUNA; REGION IV-A (CALABARZON); 4026"
"CROWN ALUMINUM & GLASS SUPPLY; INC.","CS200502735","February 22, 2005","Delinquent","2555 ; ZAMORA ST. ; PASAY CITY; FOURTH DISTRICT; NATIONAL CAPITAL REGION (NCR)"
"HUMMING BIRD CONSTRUCTION & SUPPLY CORPORATION","CS201703681","-","Registered","CARLSBERG ROAD ; LOPEZ JAENA STREET ; BACOLOD CITY (Capital); NEGROS OCCIDENTAL; REGION VI (WESTERN VISAYAS); 6100"
"FREDEN CONSTRUCTION CORP.","2024060154938-21","June 12, 2024","Registered","NATIONAL HIGHWAY ; PUROK 3 ; Katangawan; GENERAL SANTOS CITY (DADIANGAS); SOUTH COTABATO; REGION XII (SOCCSKSARGEN); 9500"
"PRIME MOVER'S PHILS. CONSTRUCTION AND SUPPLIES INC.","CS201419836","October 10, 2014","Delinquent","LIPA CITY; BATANGAS; REGION IV-A (CALABARZON)"
"E.F. CHUA CONSTRUCTION; INC.","CS201014082","October 4, 2010","Registered","LOT 8-B-3 ; MAGSAYSAY ROAD ; CITY OF SAN PEDRO; LAGUNA; REGION IV-A (CALABARZON)"
"JT CHUA CONSTRUCTION; INC.","CS200613848","August 31, 2006","Registered","L20 B1 EMPLOYEES HOUSING ; JENNYS AVE.; ; CITY OF PASIG; SECOND DISTRICT; NATIONAL CAPITAL REGION (NCR)"
"FIRST NORTHWAY DEVELOPMENT AND CONSTRUCTION CORPORATION","0000150635","April 27, 1988","Registered","NATIONAL HIGHWAY ; CITY OF CANDON; ILOCOS SUR; REGION I (ILOCOS REGION)"
"SANPER VENTURES; INC.","CS201316830","August 30, 2013","Registered","Unit 211 Don Raul Bldg ; 77 Kamuning Road ; QUEZON CITY; SECOND DISTRICT; NATIONAL CAPITAL REGION (NCR)"
"MACROPRIME BUILDERS CORPORATION","CS200730422","September 19, 2007","Registered","* ; * ; LEGAZPI CITY (Capital); ALBAY; REGION V (BICOL REGION)"
"1HB CONSTRUCTION Corp.","CS201952011","April 24, 2019","Registered","0 ; BACOOD ; GUIGUINTO; BULACAN; REGION III (CENTRAL LUZON); 3015"
"'94 BUILDERS CONSTRUCTION AND SUPPLY CORP.","CS201966232","February 8, 2019","Registered","BLOCK 12; LOT 25 ; GREEN ORCHARD VILLAGE ; Cabantian; DAVAO CITY; DAVAO DEL SUR; REGION XI (DAVAO REGION); 8000"
"101 General Construction and Supply CO.","PG201970110","August 27, 2019","Registered","102 ; SAN JOSE STREET ; Pagatpat (San Jose); CALABANGA; CAMARINES SUR; REGION V (BICOL REGION); 4405"
"16EAST CONSTRUCTION AND SUPPLY CORPORATION","CS201812892","July 9, 2018","Delinquent","867 ; Washington Drive ; ALBAY; REGION V (BICOL REGION); 4500"
"1ST BALMON CONSTRUCTION AND SUPPLY Co.","PG201826301","December 28, 2018","Registered","Balete ; Balete ; BATANGAS; REGION IV-A (CALABARZON); 4200"
"249 CONSTRUCTION AND SUPPLY COMPANY","2024100171735-40","October 4, 2024","Registered","61 ; KAMUNING ROAD ; Kamuning; QUEZON CITY; SECOND DISTRICT; NATIONAL CAPITAL REGION (NCR); 1103"
"2X3 CONSTRUCTION AND SUPPLY CORP.","2021090025516-01","September 16, 2021","Registered","Jelicuon Lusaya; CABATUAN ; CABATUAN; ILOILO; REGION VI (WESTERN VISAYAS); 5033"
"3 K&C CONSTRUCTION AND SUPPLY CORPORATION","CS201642220","December 28, 2016","Delinquent","GOMEZ STREET ; SINDANGAN; ZAMBOANGA DEL NORTE; REGION IX (ZAMBOANGA PENINSULA); 7112"
"3K FHRANCIS CYRENE CONSTRUCTION AND SUPPLY CORP.","CS202051449","March 9, 2020","Registered","2/F REX HOTEL BLDG. ; AGUINALDO ST. ; ALBAY; REGION V (BICOL REGION); 4500"
"3KRIS CONSTRUCTION AND SUPPLY CORPORATION","CS201331356","September 27, 2013","Registered","165 ; SOLIVIO ; SULTAN KUDARAT; MAGUINDANAO; BANGSAMORO AUTONOMOUS REGION IN MUSLIM MINDANAO (BARMM); 9508"
"3R & G CONSTRUCTION AND SUPPLY CO.","2023040096834-01","April 28, 2023","Registered","Banga; TALISAY; BATANGAS; REGION IV-A (CALABARZON); 4220"
"'94 BUILDERS CONSTRUCTION AND SUPPLY CORP.","CS201966232","February 8, 2019","Registered","BLOCK 12; LOT 25 ; GREEN ORCHARD VILLAGE ; Cabantian; DAVAO CITY; DAVAO DEL SUR; REGION XI (DAVAO REGION); 8000"
"101 General Construction and Supply CO.","PG201970110","August 27, 2019","Registered","102 ; SAN JOSE STREET ; Pagatpat (San Jose); CALABANGA; CAMARINES SUR; REGION V (BICOL REGION); 4405"
"16EAST CONSTRUCTION AND SUPPLY CORPORATION","CS201812892","July 9, 2018","Delinquent","867 ; Washington Drive ; ALBAY; REGION V (BICOL REGION); 4500"
"1ST BALMON CONSTRUCTION AND SUPPLY Co.","PG201826301","December 28, 2018","Registered","Balete ; Balete ; BATANGAS; REGION IV-A (CALABARZON); 4200"
"249 CONSTRUCTION AND SUPPLY COMPANY","2024100171735-40","October 4, 2024","Registered","61 ; KAMUNING ROAD ; Kamuning; QUEZON CITY; SECOND DISTRICT; NATIONAL CAPITAL REGION (NCR); 1103"
"2X3 CONSTRUCTION AND SUPPLY CORP.","2021090025516-01","September 16, 2021","Registered","Jelicuon Lusaya; CABATUAN ; CABATUAN; ILOILO; REGION VI (WESTERN VISAYAS); 5033"
"3 K&C CONSTRUCTION AND SUPPLY CORPORATION","CS201642220","December 28, 2016","Delinquent","GOMEZ STREET ; SINDANGAN; ZAMBOANGA DEL NORTE; REGION IX (ZAMBOANGA PENINSULA); 7112"
"3K FHRANCIS CYRENE CONSTRUCTION AND SUPPLY CORP.","CS202051449","March 9, 2020","Registered","2/F REX HOTEL BLDG. ; AGUINALDO ST. ; ALBAY; REGION V (BICOL REGION); 4500"
"3KRIS CONSTRUCTION AND SUPPLY CORPORATION","CS201331356","September 27, 2013","Registered","165 ; SOLIVIO ; SULTAN KUDARAT; MAGUINDANAO; BANGSAMORO AUTONOMOUS REGION IN MUSLIM MINDANAO (BARMM); 9508"
"3R & G CONSTRUCTION AND SUPPLY CO.","2023040096834-01","April 28, 2023","Registered","Banga; TALISAY; BATANGAS; REGION IV-A (CALABARZON); 4220"
"L.C. TING CONSTRUCTION/DAVAO L.A. PARTS & HARDWARE JV CORPORATION","CS200829731","July 2, 2008","Suspended","92-1 ; MC ARTHUR HIGHWAY ; DAVAO CITY; DAVAO DEL SUR; REGION XI (DAVAO REGION)"
"Ting Construction and Development Corporation","2022010039848-05","January 31, 2022","Registered","A4 ; L4 ; CITIPLAZA ; TANDANG SORA ; Pasong Tamo; SECOND ; QUEZON CITY; SECOND DISTRICT; NATIONAL CAPITAL REGION (NCR); 1116"
"ARSVICO CONSTRUCTION AND DEVELOPMENT CORP.","CS201318969","October 1, 2013","Registered","84 ; TANAUAN; BATANGAS; REGION IV-A (CALABARZON)"
"MARJETECH CONSTRUCTION & TRADING OPC","2023050101306-02","May 30, 2023","Registered","ZONE 7; ; Santo Domingo; BOMBON; CAMARINES SUR; REGION V (BICOL REGION); 4404"
"1067 CONSTRUCTION & TRADING CORPORATION","CS201310149","May 31, 2013","Registered","MAC ARTHUR HIWAY ; CAPAS; TARLAC; REGION III (CENTRAL LUZON)"
"117 CONSTRUCTION & TRADING CORPORATION","CS201219846","October 29, 2012","Delinquent","1415 ; IBARRA ST. ; CITY OF MANILA; FIRST DISTRICT; NATIONAL CAPITAL REGION (NCR)"
"1420 Construction Trading Inc.","2024010130779-02","January 10, 2024","Registered","BLDG 2 DOST COMPOUND ; Alfonso; CONCEPCION; TARLAC; REGION III (CENTRAL LUZON); 2316"
"1860 PARAGON CONSTRUCTION & TRADING; INC.","CS200405487","April 2, 2004","Revoked","UNIT 1207-B WEST TEKTITE TOWER PSEC EXCHANGE RD. ; WEST TOWER; PHIL. STOCK EXCHAGE CENTRE ; San Antonio; ORTIGAS ; CITY OF PASIG; SECOND DISTRICT; NATIONAL CAPITAL REGION (NCR); 1600"
"3947 CONSTRUCTION & TRADING INC.","CS200603520","March 9, 2006","Revoked","8264 2nd flr ; dr. a. santos ave. ; CITY OF MANILA; NATIONAL CAPITAL REGION (NCR)"
"4-Way Construction & Trading Opc","2024060155927-00","June 19, 2024","Registered","BLOCK 407 LOT 19; ; ROAD 405 ; Lourdes Sur; ANGELES CITY; PAMPANGA; REGION III (CENTRAL LUZON); 2009"
"5PGA CONSTRUCTION & TRADING CORPORATION","CS201734633","October 12, 2017","Delinquent","2019-B ; C. MINA ST.; ; CEBU CITY (Capital); CEBU; REGION VII (CENTRAL VISAYAS); 6000"
"5TH ELEMENT CONSTRUCTION & TRADING CORP.","A200018117","January 23, 2001","Suspended","MARCOS HIGHWAY; PHASE IV B BN II; BARANGAY DELA PAZ; ANTIPOLO CITY ; RIZAL; REGION IV-A (CALABARZON)"
"6 & 7 STAR HOUSE OF CONSTRUCTION & TRADING CORP.","CS201107860","May 9, 2011","Delinquent",""
"TONIJON CONSTRUCTION AND DEVELOPMENT INC.","CS201629407","December 16, 2016","Registered","TAYSAN; BATANGAS; REGION IV-A (CALABARZON)"
"'94 BUILDERS CONSTRUCTION AND SUPPLY CORP.","CS201966232","February 8, 2019","Registered","BLOCK 12; LOT 25 ; GREEN ORCHARD VILLAGE ; Cabantian; DAVAO CITY; DAVAO DEL SUR; REGION XI (DAVAO REGION); 8000"
"101 General Construction and Supply CO.","PG201970110","August 27, 2019","Registered","102 ; SAN JOSE STREET ; Pagatpat (San Jose); CALABANGA; CAMARINES SUR; REGION V (BICOL REGION); 4405"
"16EAST CONSTRUCTION AND SUPPLY CORPORATION","CS201812892","July 9, 2018","Delinquent","867 ; Washington Drive ; ALBAY; REGION V (BICOL REGION); 4500"
"1ST BALMON CONSTRUCTION AND SUPPLY Co.","PG201826301","December 28, 2018","Registered","Balete ; Balete ; BATANGAS; REGION IV-A (CALABARZON); 4200"
"249 CONSTRUCTION AND SUPPLY COMPANY","2024100171735-40","October 4, 2024","Registered","61 ; KAMUNING ROAD ; Kamuning; QUEZON CITY; SECOND DISTRICT; NATIONAL CAPITAL REGION (NCR); 1103"
"2X3 CONSTRUCTION AND SUPPLY CORP.","2021090025516-01","September 16, 2021","Registered","Jelicuon Lusaya; CABATUAN ; CABATUAN; ILOILO; REGION VI (WESTERN VISAYAS); 5033"
"3 K&C CONSTRUCTION AND SUPPLY CORPORATION","CS201642220","December 28, 2016","Delinquent","GOMEZ STREET ; SINDANGAN; ZAMBOANGA DEL NORTE; REGION IX (ZAMBOANGA PENINSULA); 7112"
"3K FHRANCIS CYRENE CONSTRUCTION AND SUPPLY CORP.","CS202051449","March 9, 2020","Registered","2/F REX HOTEL BLDG. ; AGUINALDO ST. ; ALBAY; REGION V (BICOL REGION); 4500"
"3KRIS CONSTRUCTION AND SUPPLY CORPORATION","CS201331356","September 27, 2013","Registered","165 ; SOLIVIO ; SULTAN KUDARAT; MAGUINDANAO; BANGSAMORO AUTONOMOUS REGION IN MUSLIM MINDANAO (BARMM); 9508"
"3R & G CONSTRUCTION AND SUPPLY CO.","2023040096834-01","April 28, 2023","Registered","Banga; TALISAY; BATANGAS; REGION IV-A (CALABARZON); 4220"
"ROCKSTEEL CONSTRUCTION AND DEV'T CORPORATION","CS201424058","December 11, 2014","Registered","LOT 8 C1 CATANING II BRIDGE ; ROMAN EXPRESSWAY ; CITY OF BALANGA (Capital); BATAAN; REGION III (CENTRAL LUZON)"
"CHARLZ CONSTRUCTION INC.","CS202061074","January 10, 2020","Registered","1417 ; VASQUEZ STREET ; Washington (Pob.); SURIGAO CITY (Capital); SURIGAO DEL NORTE; REGION XIII (Caraga); 8400"
"AAGroup Construction & Development Corporation","2025020188273-00","February 13, 2025","Registered","71 ; JOSE ABAD SANTOS AVENUE ; Salawag; CITY OF DASMARIAS; CAVITE; REGION IV-A (CALABARZON); 4114"
"ARAGDON AND CHAVEZ CONSTRUCTION SERVICES CORPORATION","2021070021043-51","July 28, 2021","Registered","MCS BULDING ADVINCULA AVENUE ALAPAN II-A ; Ligtasan; IMUS CITY; CAVITE; REGION IV-A (CALABARZON); 2300"
"BIG JC CONSTRUCTION CORP.","2022060056899-03","June 22, 2022","Registered","1013 S.TEODORO ST. ; Tondo I/II - Barangay 196; CITY OF MANILA; FIRST DISTRICT; NATIONAL CAPITAL REGION (NCR); 1013"
"CLJR CONSTRUCTION OPC","2023080111000-01","August 4, 2023","Registered","4C ; RAYMUNDO AVENUE ; Rosario; CITY OF PASIG; SECOND DISTRICT; NATIONAL CAPITAL REGION (NCR); 1609"
"DMZ CONSTRUCTION CORPORATION","2024020134407-02","February 2, 2024","Registered","#199 ; San Jose; SANTO TOMAS; BATANGAS; REGION IV-A (CALABARZON); 4234"
"DUX CONSTRUCTION INC.","2024100171818-03","October 4, 2024","Registered","BLK 12 LOT 28 ; SAINT PETER STREET ; SAN PEDRO VII ; San Bartolome; QUEZON CITY; SECOND DISTRICT; NATIONAL CAPITAL REGION (NCR); 1116"
"E. Y. MERCADO CONSTRUCTION CORPORATION doing business under the name and style of E Y MERCADO CONSTRUCTION","2021070020609-12","July 23, 2021","Registered","BLK 1 LOT 25 ; OLIVAREZ COMPOUND 2 ; San Roque; CITY OF SAN PEDRO; LAGUNA; REGION IV-A (CALABARZON); 4023"
"JMD8 CONSTRUCTION CORPORATION","2025040199061-05","April 25, 2025","Registered","85 ; KAPILIGAN STREET ; Doa Imelda; QUEZON CITY; SECOND DISTRICT; NATIONAL CAPITAL REGION (NCR); 1113"
"MARJETECH CONSTRUCTION & TRADING OPC","2023050101306-02","May 30, 2023","Registered","ZONE 7; ; Santo Domingo; BOMBON; CAMARINES SUR; REGION V (BICOL REGION); 4404"
"MARSUN CONSTRUCTION; INCORPORATED","2022060054431-02","June 1, 2022","Registered","PAYATAS ROAD CORNER MAHOGANY STREET ; Payatas; QUEZON CITY; SECOND DISTRICT; NATIONAL CAPITAL REGION (NCR); 1119"
"TERAVERA CORPORATION","CS201115914","September 9, 2011","Registered","LIPA ALAMINOS ROAD ; ALAMINOS; LAGUNA; REGION IV-A (CALABARZON)"
"K ROYAL CONSTRUCTION AND DEVELOPMENT CORP.","CS201956118","October 29, 2019","Delinquent","UNIT 102 KM. 20 ; AGUINALDO HI-WAY ; CAVITE; REGION IV-A (CALABARZON); 4103"
"Quad Royal Construction Corporation","2025050200164-12","May 5, 2025","Registered","UNIT 202 ; MC 11 ; 31ST ST. ; PAMAYANANG DIEGO SILANG ; Ususan; TAGUIG CITY; FOURTH DISTRICT; NATIONAL CAPITAL REGION (NCR); 1639"
"ROYAL CONSTRUCTION & DEVELOPMENT CORPORATION","C200200032","January 15, 2002","Registered","107 J. KING BLDG. ; 3RD AVE NRA ; CEBU CITY (Capital); CEBU; REGION VII (CENTRAL VISAYAS); 6000"
"VVER CONSTRUCTION DEVELOPMENT CORPORATION","CS201231982","October 24, 2012","Registered","DAUIN; NEGROS ORIENTAL; REGION VII (CENTRAL VISAYAS)"
"AB APONESTO CONSTRUCTION PARTS AND SUPPLY; INC.","CS201434306","September 30, 2014","Registered","L9 B2; ; DAVAO CITY; DAVAO DEL SUR; REGION XI (DAVAO REGION); 8000"
"ALMRIN BUILDERS CORPORATION","2021070021134-00","July 29, 2021","Registered","Panacan 2; NARRA; PALAWAN; REGION IV-B (MIMAROPA); 5303"
"CG GENERAL CONSTRUCTION & DEVELOPMENT CORPORATION","CS201615968","July 21, 2016","Registered","22 CALIRAYA ; NAPOCOR VILLAGE ; QUEZON CITY; SECOND DISTRICT; NATIONAL CAPITAL REGION (NCR)"
"175 BUILDERS & CONSTRUCTION SUPPLY; INC.","CS200918874","December 4, 2009","Suspended","654 ; CAPT SAMANO ST AREA 4 ; CALOOCAN CITY; THIRD DISTRICT; NATIONAL CAPITAL REGION (NCR)"
"A.C.R. BUILDERS & CONSTRUCTION SUPPLY CO.","PG201539071","February 18, 2015","Registered","_ ; 10TH RD. 3RD aVE.; OLV; _ ; CITY OF SORSOGON (Capital); SORSOGON; REGION V (BICOL REGION)"
"AMWIL BUILDERS CONSTRUCTION & SUPPLY CORPORATION","CS200630895","December 8, 2006","Registered","BACOLOD CITY (Capital); NEGROS OCCIDENTAL; REGION VI (WESTERN VISAYAS)"
"APTIMA BUILDERS & CONSTRUCTION SUPPLY; INC.","CS201533827","June 11, 2015","Delinquent","PHASE 3 BLOCK 2 LOT 38 ; COLLINWOOD SUB ; LAPU-LAPU CITY (OPON); CEBU; REGION VII (CENTRAL VISAYAS)"
"ARCHTE BUILDERS & CONSTRUCTION SUPPLY CO.","PG201200989","January 18, 2012","Registered","3173b ; ubas cor katahimihan sts ; MABALACAT CITY; PAMPANGA; REGION III (CENTRAL LUZON)"
"BAREHAND BUILDERS' & CONSTRUCTION SUPPLY; INC.","2022110074529-01","November 7, 2022","Registered","PUROK AYAT ; Carmen; CITY OF TACURONG; SULTAN KUDARAT; REGION XII (SOCCSKSARGEN); 9800"
"BLRPG BUILDERS & CONSTRUCTION SUPPLY; INC.","CS201635691","February 4, 2016","Registered","DR 2 2ND FL. ; JALTAN BLDG.; MAGALLANES ST. ; DAVAO CITY; DAVAO DEL SUR; REGION XI (DAVAO REGION); 8000"
"C & F BUILDERS CONSTRUCTION SUPPLY AND SERVICES CORP.","CS201005301","April 6, 2010","Suspended","330 A ; MILAGROSA P. TUAZON ; QUEZON CITY; SECOND DISTRICT; NATIONAL CAPITAL REGION (NCR)"
"CDP Builders; Construction Supply and General Services Corp.","2024100172723-01","October 11, 2024","Registered","STEAK TO JUAN BUILDING ; Manghinao Uno; BAUAN; BATANGAS; REGION IV-A (CALABARZON); 4201"
"CITY BUILDERS CONSTRUCTION & SUPPLY CORPORATION doing business under the name/s and style/s of CITY BUILDERS CONSTRUCTION & SUPPLY CORPORATION","2022020042543-00","February 18, 2022","Registered","4084 Alnos Street ; Kias ; Virac; ITOGON; BENGUET; CORDILLERA ADMINISTRATIVE REGION (CAR); 2604"
"FIAT CONSTRUCTION SERVICES/TOM BUILDERS & SUPPLY (JV) CO.","PG201406732","April 2, 2014","Registered","AMBOL COMPOUND; ; MARAWI CITY (Capital); LANAO DEL SUR; BANGSAMORO AUTONOMOUS REGION IN MUSLIM MINDANAO (BARMM)"
"MUNTOPAR BUILDERS CORP.","2021050012884-05","May 5, 2021","Registered","BURGOS ST. ; Maningcay De Oro; SORSOGON CITY ; PRIETO DIAZ; SORSOGON; REGION V (BICOL REGION); 4711"
"REPOLMAN CONSTRUCTION CORP.","CS201904956","March 26, 2019","Registered","BLK 5 LOT 82 ; STA. MONICA SUBD. ; Santo Tomas; SUBIC; ZAMBALES; REGION III (CENTRAL LUZON); 2209"
"ARCONIC INC.","CS201119083","October 26, 2011","Registered","2nd Floor; Marius Acropoli Building; No. 140 Katipunan Avenue; ; St. Ignatius; ; QUEZON CITY; SECOND DISTRICT; NATIONAL CAPITAL REGION (NCR)"
"816 ALLEN CONSTRUCTION AND DEVELOPMENT CORPORATION","CS201322881","December 13, 2013","Registered","168 ; San Felipe ; ALIAGA; NUEVA ECIJA; REGION III (CENTRAL LUZON)"
"EC TIMBANCAYA ENTERPRISES CORPORATION","2022050051912-06","May 11, 2022","Registered","146 ; FERNANDEZ EXT. ; Tanglaw (Pob.); PUERTO PRINCESA CITY (Capital); PALAWAN; REGION IV-B (MIMAROPA); 5300"
"JUNACE ENTERPRISE; INC.","CS200804153","March 19, 2008","Registered","SITIO MAIBOY ; Pulong Sampalok; DOA REMEDIOS TRINIDAD; BULACAN; REGION III (CENTRAL LUZON)"
"A. DE GUIA CONSTRUCTION AND DEV'T. CO.","PG201524637","December 17, 2015","Dissolved","ALICIA; ISABELA; REGION II (CAGAYAN VALLEY)"
"A. DE GUIA CONSTRUCTION AND DEVELOPMENT CORPORATION","CS201821802","September 27, 2018","Registered","79 ; Burgos ; ALICIA; ISABELA; REGION II (CAGAYAN VALLEY); 3311"
"MOG Construction Inc.","2023060103462-03","June 13, 2023","Registered","Purok 3 ; Tawid; Third ; CANDIJAY; BOHOL; REGION VII (CENTRAL VISAYAS); 6312"
"A2C ENTERPRISES Inc.","CS201910710","July 24, 2019","Registered","39-D ; Kalipayan Road ; LEYTE; REGION VIII (EASTERN VISAYAS); 6500"
"MA Flaviano Construction Co.","2024060153638-01","June 4, 2024","Registered","BLK 5H LOT 21 ; JADE HEIGHTS ; VICTORIA HOMES ; Tunasan; CITY OF MUNTINLUPA; FOURTH DISTRICT; NATIONAL CAPITAL REGION (NCR); 1773"
"MA OCAA CONSTRUCTION SERVICES; INC.","CS201409632","May 20, 2014","Delinquent","FATIMA ST ; CITY OF MANILA; NATIONAL CAPITAL REGION (NCR)"
"AAGroup Construction & Development Corporation","2025020188273-00","February 13, 2025","Registered","71 ; JOSE ABAD SANTOS AVENUE ; Salawag; CITY OF DASMARIAS; CAVITE; REGION IV-A (CALABARZON); 4114"
"ARAGDON AND CHAVEZ CONSTRUCTION SERVICES CORPORATION","2021070021043-51","July 28, 2021","Registered","MCS BULDING ADVINCULA AVENUE ALAPAN II-A ; Ligtasan; IMUS CITY; CAVITE; REGION IV-A (CALABARZON); 2300"
"BIG JC CONSTRUCTION CORP.","2022060056899-03","June 22, 2022","Registered","1013 S.TEODORO ST. ; Tondo I/II - Barangay 196; CITY OF MANILA; FIRST DISTRICT; NATIONAL CAPITAL REGION (NCR); 1013"
"CLJR CONSTRUCTION OPC","2023080111000-01","August 4, 2023","Registered","4C ; RAYMUNDO AVENUE ; Rosario; CITY OF PASIG; SECOND DISTRICT; NATIONAL CAPITAL REGION (NCR); 1609"
"DMZ CONSTRUCTION CORPORATION","2024020134407-02","February 2, 2024","Registered","#199 ; San Jose; SANTO TOMAS; BATANGAS; REGION IV-A (CALABARZON); 4234"
"DUX CONSTRUCTION INC.","2024100171818-03","October 4, 2024","Registered","BLK 12 LOT 28 ; SAINT PETER STREET ; SAN PEDRO VII ; San Bartolome; QUEZON CITY; SECOND DISTRICT; NATIONAL CAPITAL REGION (NCR); 1116"
"E. Y. MERCADO CONSTRUCTION CORPORATION doing business under the name and style of E Y MERCADO CONSTRUCTION","2021070020609-12","July 23, 2021","Registered","BLK 1 LOT 25 ; OLIVAREZ COMPOUND 2 ; San Roque; CITY OF SAN PEDRO; LAGUNA; REGION IV-A (CALABARZON); 4023"
"JMD8 CONSTRUCTION CORPORATION","2025040199061-05","April 25, 2025","Registered","85 ; KAPILIGAN STREET ; Doa Imelda; QUEZON CITY; SECOND DISTRICT; NATIONAL CAPITAL REGION (NCR); 1113"
"EDELSONS BUILDERS INC.","A199600973","June 19, 1996","Registered","10 EXAMINER ST WEST TRIANGLE QUEZON CITY ; CITY OF MANILA; NATIONAL CAPITAL REGION (NCR)"
"CALIMBAS CONSTRUCTION OPC","2022120079084-06","December 16, 2022","Registered","2269 TRAMO STREET ; Barangay 100; PASAY CITY; FOURTH DISTRICT; NATIONAL CAPITAL REGION (NCR); 1300"
"FA-BROS BUILDERS AND TRADING Inc.","CS202004229","June 9, 2020","Registered","Blk. 6 Lot 32 ; Mountain View Subd. ; BULACAN; REGION III (CENTRAL LUZON); 3023"
"BERTO LUCCI BUILDERS AND SUPPLY CORP.","CS201815174","July 25, 2018","Registered","67 ; EVANGELISTA ; BATANGAS; REGION IV-A (CALABARZON); 4200"
"HI-DENSITY INTERNATIONAL CONSTRUCTION AND DEVELOPMENT INC.","CS201739709","December 14, 2017","Registered","LEGASPI TOWERS 300 ; ROXAS BLVD. P. OCAMP ; CITY OF MANILA; FIRST DISTRICT; NATIONAL CAPITAL REGION (NCR)"
"HEKLER BUILDERS CORP.","CS201803255","March 14, 2018","Registered","47146 ; C ; RODOLFO FARIAS BY-PASS ROAD ; Pasiocan; BACARRA; ILOCOS NORTE; REGION I (ILOCOS REGION); 2916"
"ST. MATTHEW GEN. CONTRACTOR & DEVELOPMENT CORP.","CS201522379","November 9, 2015","Registered","35 TATCO COMPD. ; JACINTO ; CITY OF PASIG; SECOND DISTRICT; NATIONAL CAPITAL REGION (NCR)"
"R-GOLDEN DEPOT CONSTRUCTION SUPPLY CO.","2023060101926-28","June 2, 2023","Registered","MAHARLIKA HIGHWAY; ; La Torre; TALAVERA; NUEVA ECIJA; REGION III (CENTRAL LUZON); 3114"
"141 CONSTRUCTION SUPPLY & SERVICES; INC.","CS200613659","August 29, 2006","Suspended","9 ; PARINAS ST. ; QUEZON CITY; SECOND DISTRICT; NATIONAL CAPITAL REGION (NCR)"
"167 ELECTRICAL AND CONSTRUCTION SUPPLY CORP.","2023110124173-02","November 10, 2023","Registered","2ND FLOOR UNIT B ; NHA AVENUE ; Dela Paz (Pob.); CITY OF ANTIPOLO; RIZAL; REGION IV-A (CALABARZON); 1870"
"175 BUILDERS & CONSTRUCTION SUPPLY; INC.","CS200918874","December 4, 2009","Suspended","654 ; CAPT SAMANO ST AREA 4 ; CALOOCAN CITY; THIRD DISTRICT; NATIONAL CAPITAL REGION (NCR)"
"1ST J.E. ADLAWAN CONSTRUCTION & SUPPLY CORPORATION","CS201534844","November 17, 2015","Registered","173 ; MINGLANILLA; CEBU; REGION VII (CENTRAL VISAYAS); 6046"
"3 AND 1 CONSTRUCTION SUPPLY AND GENERAL MDSE INC. DOING BUSINESS UNDER THE NAMES AND STYLES OF 12-34 BUILDERS; A AND B CONTRACTING","CS201718847","June 8, 2017","Registered","367 ; JOSE RIZAL ; PADRE GARCIA; BATANGAS; REGION IV-A (CALABARZON)"
"3-ELEVEN CONSTRUCTION SUPPLY DEPOT OPC","2024020137477-07","February 21, 2024","Registered","RCD HOMES ; Sabang; TUY; BATANGAS; REGION IV-A (CALABARZON); 4214"
"3L Construction & Supply; Inc.","2022060056459-05","June 17, 2022","Registered","HDA. STA. MARIA ; Zone 15 (Pob.); CITY OF TALISAY; NEGROS OCCIDENTAL; REGION VI (WESTERN VISAYAS); 6115"
"3RV MURICO INC. DOING BUSINESS UNDER THE NAME AND STYLE OF MURICO TRADING AND CONSTRUCTION SUPPLY AND KYOTO2 AUTO SUPPLY","CS201722972","July 12, 2017","Registered","BLK.3 L53G EASTWOOD ; RESIDENCES PHASE 4B ; RODRIGUEZ (MONTALBAN); RIZAL; REGION IV-A (CALABARZON)"
"4CE'S CONSTRUCTION & SUPPLY CO.","PG201733779","October 5, 2017","Registered","_ ; _ ; POLANGUI; ALBAY; REGION V (BICOL REGION); 4506"
"MS2 BUILDER AND SUPPLIES Inc.","CS202001268","January 28, 2020","Registered","G/F EMSYM APT. 397 ; Tanguile ; FOURTH DISTRICT; NATIONAL CAPITAL REGION (NCR); 1214"
"RICH ADS CONSTRUCTION CORP.","CS201015267","September 21, 2010","Delinquent","AGONCILLO; BATANGAS; REGION IV-A (CALABARZON)"
"CENTERWAYS CONSTRUCTION AND DEVELOPMENT INC.","CS200926069","February 6, 2009","Registered","_ ; SITIO SIP-AC ; CITY OF SORSOGON (Capital); SORSOGON; REGION V (BICOL REGION)"
"SAN GIOVANNI CONSTRUCTION & SUPPLIES INC.","2024090170186-15","September 24, 2024","Registered","BLOCK 5 ; MACABULOS DRIVE ; San Vicente; TARLAC - CITY OF TARLAC (CAPITAL) ; CITY OF TARLAC (Capital); TARLAC; REGION III (CENTRAL LUZON); 2300"
"KAIRO KONSTRAK; INC.","CS201200280","January 10, 2012","Registered","GUIMBA; NUEVA ECIJA; REGION III (CENTRAL LUZON)"
"'94 BUILDERS CONSTRUCTION AND SUPPLY CORP.","CS201966232","February 8, 2019","Registered","BLOCK 12; LOT 25 ; GREEN ORCHARD VILLAGE ; Cabantian; DAVAO CITY; DAVAO DEL SUR; REGION XI (DAVAO REGION); 8000"
"101 General Construction and Supply CO.","PG201970110","August 27, 2019","Registered","102 ; SAN JOSE STREET ; Pagatpat (San Jose); CALABANGA; CAMARINES SUR; REGION V (BICOL REGION); 4405"
"16EAST CONSTRUCTION AND SUPPLY CORPORATION","CS201812892","July 9, 2018","Delinquent","867 ; Washington Drive ; ALBAY; REGION V (BICOL REGION); 4500"
"1ST BALMON CONSTRUCTION AND SUPPLY Co.","PG201826301","December 28, 2018","Registered","Balete ; Balete ; BATANGAS; REGION IV-A (CALABARZON); 4200"
"249 CONSTRUCTION AND SUPPLY COMPANY","2024100171735-40","October 4, 2024","Registered","61 ; KAMUNING ROAD ; Kamuning; QUEZON CITY; SECOND DISTRICT; NATIONAL CAPITAL REGION (NCR); 1103"
"2X3 CONSTRUCTION AND SUPPLY CORP.","2021090025516-01","September 16, 2021","Registered","Jelicuon Lusaya; CABATUAN ; CABATUAN; ILOILO; REGION VI (WESTERN VISAYAS); 5033"
"3 K&C CONSTRUCTION AND SUPPLY CORPORATION","CS201642220","December 28, 2016","Delinquent","GOMEZ STREET ; SINDANGAN; ZAMBOANGA DEL NORTE; REGION IX (ZAMBOANGA PENINSULA); 7112"
"3K FHRANCIS CYRENE CONSTRUCTION AND SUPPLY CORP.","CS202051449","March 9, 2020","Registered","2/F REX HOTEL BLDG. ; AGUINALDO ST. ; ALBAY; REGION V (BICOL REGION); 4500"
"3KRIS CONSTRUCTION AND SUPPLY CORPORATION","CS201331356","September 27, 2013","Registered","165 ; SOLIVIO ; SULTAN KUDARAT; MAGUINDANAO; BANGSAMORO AUTONOMOUS REGION IN MUSLIM MINDANAO (BARMM); 9508"
"3R & G CONSTRUCTION AND SUPPLY CO.","2023040096834-01","April 28, 2023","Registered","Banga; TALISAY; BATANGAS; REGION IV-A (CALABARZON); 4220"
"C.F. TRINIDAD CONSTRUCTION AND SUPPLIES CORP.","CS200812330","August 8, 2008","Registered","296 ; Natividad ; MORONG; RIZAL; REGION IV-A (CALABARZON)"
"FUENTABUILT CONSTRUCTION CORP.","CS201204970","March 12, 2012","Registered","416 ; CHAMPACA ST PHASE 4C ; CAINTA; RIZAL; REGION IV-A (CALABARZON)"
"DICA CONST. & DEVELOPMENT CORP.","CS201622941","September 30, 2016","Registered","PUROK 5 ; SOLSOGON ; CALBAYOG CITY; SAMAR; REGION VIII (EASTERN VISAYAS)"
"AL-ABRAR CONSTRUCTION AND DEVELOPMENT CORPORATION","CS201431084","June 13, 2014","Suspended","DAR AL-ABRAR COMPLEX; ; NATIONAL HIGHWAY ; MARAWI CITY (Capital); LANAO DEL SUR; BANGSAMORO AUTONOMOUS REGION IN MUSLIM MINDANAO (BARMM)"
"AL-B DEVELOPMENT CORPORATION","CS201011783","July 29, 2010","Registered","BLK 10 LOT 5 & 7 ; DURIAN ST ; BACOLOR; PAMPANGA; REGION III (CENTRAL LUZON)"
"AL-FAJR MINING DEVELOPMENT CORPORATION","CS200527051","April 11, 2005","Registered","DOOR 2 ; GUSA SPORTS COMPLEX ; CAGAYAN DE ORO CITY (Capital); MISAMIS ORIENTAL; REGION X (NORTHERN MINDANAO)"
"AL-WASILA DEVELOPMENT CORPORATION","CS200730664","November 9, 2007","Suspended","_ ; ILIGAN CITY; LANAO DEL NORTE; REGION X (NORTHERN MINDANAO)"
"AAGroup Construction & Development Corporation","2025020188273-00","February 13, 2025","Registered","71 ; JOSE ABAD SANTOS AVENUE ; Salawag; CITY OF DASMARIAS; CAVITE; REGION IV-A (CALABARZON); 4114"
"Alpha Dragon Leisure and Development Corporation","2024010133312-12","January 26, 2024","Registered","5 ; ILANG ILANG ; Bahay Toro; QUEZON CITY; SECOND DISTRICT; NATIONAL CAPITAL REGION (NCR); 1106"
"E & D REALTY AND DEVELOPMENT CORPORATION","2022110075974-04","November 17, 2022","Registered","CARTAGENA STREET ; Ilaud Poblacion; 4TH ; BAROTAC NUEVO; ILOILO; REGION VI (WESTERN VISAYAS); 5007"
"FAMILY HOME REALTY AND DEVELOPMENT CORPORATION","2023070109265-47","July 24, 2023","Registered","PUROK 1 MAHARLIKA H WAY ; Osmea (Sinippil); ILAGAN CITY (Capital); ISABELA; REGION II (CAGAYAN VALLEY); 3300"
"NYKE DEVELOPMENT CORPORATION doing business under the name/s and style/s of Nyke Construction","2023030092748-00","March 28, 2023","Registered","BLOCK 31 LOTS 1 AND 2 ; PORTLAND STREET ; ROYALE CEBU ESTATES ; Poblacion Occidental; CONSOLACION; CEBU; REGION VII (CENTRAL VISAYAS); 6001"
"" PANGASINAN DEVELOPMENT CORPORATION"","0000026195","November 25, 1964","Revoked","DAGUPAN CITY; PANGASINAN; REGION I (ILOCOS REGION)"
"JTM CONSTRUCTION SERVICES OPC","2025010184874-04","January 21, 2025","Registered","Bagani Camposanto; DISTRICT II ; CITY OF CANDON; ILOCOS SUR; REGION I (ILOCOS REGION); 2710"
"SOPHIA GEU CONSTRUCTION AND SUPPLY CORPORATION","CS201535800","February 23, 2015","Registered","NATIONAL HIGHWAY ; ISULAN (Capital); SULTAN KUDARAT; REGION XII (SOCCSKSARGEN); 9805"
"R-GOLDEN DEPOT CONSTRUCTION SUPPLY CO.","2023060101926-28","June 2, 2023","Registered","MAHARLIKA HIGHWAY; ; La Torre; TALAVERA; NUEVA ECIJA; REGION III (CENTRAL LUZON); 3114"
"141 CONSTRUCTION SUPPLY & SERVICES; INC.","CS200613659","August 29, 2006","Suspended","9 ; PARINAS ST. ; QUEZON CITY; SECOND DISTRICT; NATIONAL CAPITAL REGION (NCR)"
"167 ELECTRICAL AND CONSTRUCTION SUPPLY CORP.","2023110124173-02","November 10, 2023","Registered","2ND FLOOR UNIT B ; NHA AVENUE ; Dela Paz (Pob.); CITY OF ANTIPOLO; RIZAL; REGION IV-A (CALABARZON); 1870"
"175 BUILDERS & CONSTRUCTION SUPPLY; INC.","CS200918874","December 4, 2009","Suspended","654 ; CAPT SAMANO ST AREA 4 ; CALOOCAN CITY; THIRD DISTRICT; NATIONAL CAPITAL REGION (NCR)"
"1ST J.E. ADLAWAN CONSTRUCTION & SUPPLY CORPORATION","CS201534844","November 17, 2015","Registered","173 ; MINGLANILLA; CEBU; REGION VII (CENTRAL VISAYAS); 6046"
"3 AND 1 CONSTRUCTION SUPPLY AND GENERAL MDSE INC. DOING BUSINESS UNDER THE NAMES AND STYLES OF 12-34 BUILDERS; A AND B CONTRACTING","CS201718847","June 8, 2017","Registered","367 ; JOSE RIZAL ; PADRE GARCIA; BATANGAS; REGION IV-A (CALABARZON)"
"3-ELEVEN CONSTRUCTION SUPPLY DEPOT OPC","2024020137477-07","February 21, 2024","Registered","RCD HOMES ; Sabang; TUY; BATANGAS; REGION IV-A (CALABARZON); 4214"
"3L Construction & Supply; Inc.","2022060056459-05","June 17, 2022","Registered","HDA. STA. MARIA ; Zone 15 (Pob.); CITY OF TALISAY; NEGROS OCCIDENTAL; REGION VI (WESTERN VISAYAS); 6115"
"3RV MURICO INC. DOING BUSINESS UNDER THE NAME AND STYLE OF MURICO TRADING AND CONSTRUCTION SUPPLY AND KYOTO2 AUTO SUPPLY","CS201722972","July 12, 2017","Registered","BLK.3 L53G EASTWOOD ; RESIDENCES PHASE 4B ; RODRIGUEZ (MONTALBAN); RIZAL; REGION IV-A (CALABARZON)"
"4CE'S CONSTRUCTION & SUPPLY CO.","PG201733779","October 5, 2017","Registered","_ ; _ ; POLANGUI; ALBAY; REGION V (BICOL REGION); 4506"
"K84 CONSTRUCTION AND DEVELOPMENT CORPORATION","CS201505328","March 18, 2015","Registered","UNIT 2F PANTAIPAN BLDG.; 79 SCT. REYES ; COR. SCT LOZANO STS ; QUEZON CITY; SECOND DISTRICT; NATIONAL CAPITAL REGION (NCR)"
"PTK GROUP INC.","CS201310361","May 30, 2013","Registered","unit 71 ; galleria townhomes ; QUEZON CITY; SECOND DISTRICT; NATIONAL CAPITAL REGION (NCR)"
"J SQUARE BUILDERS AND CONSTRUCTION SERVICES CO.","2024100174979-05","November 4, 2024","Registered","PHASE 2 BLOCK4 LOT II ; LUMINA HOMES ; Maliwalo; CITY OF TARLAC (Capital); TARLAC; REGION III (CENTRAL LUZON); 2300"
"APH SQUARE BUILDERS CORP.","CS201603333","February 17, 2016","Registered","B1 LT1 ; SPRINGLANE HOMES2 ; TAGUIG CITY; FOURTH DISTRICT; NATIONAL CAPITAL REGION (NCR)"
"BP SQUARE BUILDERS Corp.","CS201825556","December 12, 2018","Delinquent","226 ; Private Road ; SECOND DISTRICT; NATIONAL CAPITAL REGION (NCR); 1501"
"CBC Square Builders Co.","PG202060514","June 5, 2020","Registered","Lagao (1st & 3rd); GENERAL SANTOS CITY (DADIANGAS); SOUTH COTABATO; REGION XII (SOCCSKSARGEN); 9500"
"CIRCLE SQUARE BUILDERS INC.","2024030139076-06","March 1, 2024","Registered","1138 EDSA; ; Apolonio Samson; BALINTAWAK ; QUEZON CITY; SECOND DISTRICT; NATIONAL CAPITAL REGION (NCR); 1610"
"CUADRO SQUARE BUILDERS; INC.","CS201128377","June 2, 2011","Registered","HIGHWAY MANABAY; ; OZAMIS CITY; MISAMIS OCCIDENTAL; REGION X (NORTHERN MINDANAO)"
"E SQUARE BUILDERS & DEV. CORP.","AS92000759","January 1, 1992","Revoked",""
"EGIC SQUARE BUILDERS CORP.","A199720527","October 23, 1997","Revoked","1869 SAN PASCUAL ST.; MALATE; MANILA ; CITY OF MANILA; NATIONAL CAPITAL REGION (NCR)"
"EMERALD SQUARE BUILDERS CORP.","0000186755","January 1, 1991","Registered",""
"PAGADIAN CITI SQUARE BUILDERS INC. under the name of CITI HOTEL UNO","CS201429226","May 27, 2014","Registered","DM BLDG. ; GIL TUDTUD ; Mabolo; CEBU CITY (Capital); CEBU; REGION VII (CENTRAL VISAYAS); 6000"
"MAKAPA CORPORATION","I200100005","January 30, 2001","Registered","South Road 1; Purok 4; East Washington Drive; ; LEGAZPI CITY (Capital); ALBAY; REGION V (BICOL REGION)"
"JAM KONSTRUCT CONSTRUCTION AND DEVELOPMENT INC.","2022060056979-25","June 22, 2022","Registered","SITIO GULOD ; Bulac; SANTA MARIA; BULACAN; REGION III (CENTRAL LUZON); 3022"
"5 JEWEL'S CONSTRUCTION AND SUPPLY CORP.","CS201912756","August 6, 2019","Registered","8C ; COTABATO ; QUEZON CITY; SECOND DISTRICT; NATIONAL CAPITAL REGION (NCR); 1126"
"DQT BUILDERS CORPORATION","CS200323629","October 22, 2003","Registered","2F ; LUCENA CITY (Capital); QUEZON; REGION IV-A (CALABARZON)"
"ON POINT CONSTRUCTION AND DEVELOPMENT Corporation doing business under the name and style of On Point Construction and ON POINT CONSTRUCTION","CS201845178","November 13, 2018","Registered","3RD FLOOR SPC BUILDING; ONE PASEO COMPOUND; ; PASEO SATURNINO STREET; ; Banilad; CEBU CITY (Capital); CEBU; REGION VII (CENTRAL VISAYAS); 6000"
"45 HOLLOW POINT CONSTRUCTION INC.","CS200620119","January 4, 2007","Delinquent","Unit 146 The Columbia Tower ; Ortigas Avenue ; CITY OF MANDALUYONG; SECOND DISTRICT; NATIONAL CAPITAL REGION (NCR)"
"CENTER POINT CONSTRUCTION SUPPLY TRADING CORP.","2022090066870-03","September 5, 2022","Registered","NO. 11 ; PALTOK ST. ; Saint Peter; DISTRICT 1 ; QUEZON CITY; SECOND DISTRICT; NATIONAL CAPITAL REGION (NCR); 1114"
"CHC ON POINT CONSTRUCTION AND TRADING CORPORATION","2022070058403-01","July 4, 2022","Registered","CRYSTAL ST.; ; PATPAT; ; Lumbia; CAGAYAN DE ORO CITY (Capital); MISAMIS ORIENTAL; REGION X (NORTHERN MINDANAO); 9000"
"DRILL POINT CONSTRUCTION; INC.","2021060015944-06","June 7, 2021","Registered","5A 06; ; VICTORIA STATION BUILDING; ; 793 EDSA; ; South Triangle; DILIMAN ; QUEZON CITY; SECOND DISTRICT; NATIONAL CAPITAL REGION (NCR); 1103"
"GOLD POINT CONSTRUCTION AND TECHNICAL SERVICES CO.","PG201400232","January 8, 2014","Registered","123 ; JP RIZAL ST ; BULACAN; REGION III (CENTRAL LUZON)"
"GOLD POINT CONSTRUCTION CORP.","A200107962","June 6, 2001","Suspended","2/F JPA BLDG.; 35 FELIPE PIKE ST.; BAGONG ILLOG; PASIG CITY ; CITY OF MANILA; NATIONAL CAPITAL REGION (NCR)"
"HI-POINT CONSTRUCTION CORPORATION","A200200950","January 21, 2002","Suspended","BRGY CAWAYAN CATARMAN NORTHERN SAMAR ; NORTHERN SAMAR; REGION VIII (EASTERN VISAYAS)"
"MERGE ELECTRO POINT CONSTRUCTION CORP.","2024040148014-03","April 26, 2024","Registered","Balon-Anito; MARIVELES; BATAAN; REGION III (CENTRAL LUZON); 2105"
"PILLAR POINT CONSTRUCTION INC.","2025030191407-01","March 4, 2025","Registered","281 ; JENKINS STREET ; Poblacion IV; POZORRUBIO ; POZORRUBIO; PANGASINAN; REGION I (ILOCOS REGION); 2435"
"COFEJOK CONSTRUCTION & SUPPLY CORPORATION","CS201128890","March 28, 2011","Registered","DON BUENCAMINO STS.; ; COR. MAGBANUA & ; ISULAN (Capital); SULTAN KUDARAT; REGION XII (SOCCSKSARGEN)"
"FE S. REYES GENERAL CONTRACTOR CORP.","2022090067938-50","September 13, 2022","Registered","185 ; AGUSTIN ST. ; SAN FRANCISCO SUBD. ; Tejero; GENERAL TRIAS; CAVITE; REGION IV-A (CALABARZON); 4107"
"AL-NOORWAY CORPORATION","CS201848655","December 5, 2018","Registered","0315 SULTAN OMAR DIANALAN BLVD.; ; Tampilong; MARAWI CITY (Capital); LANAO DEL SUR; BANGSAMORO AUTONOMOUS REGION IN MUSLIM MINDANAO (BARMM); 9700"
"GO_SOLID BUILDERS INC.","CS200713921","September 4, 2007","Registered","118 ; MH DEL PILAR ST. ; TACLOBAN CITY (Capital); LEYTE; REGION VIII (EASTERN VISAYAS)"
"3EJ BUILDERS AND FABRICATIONS COMPANY","2025040199739-14","May 2, 2025","Registered","BLOCK 7 ; OCAMPO STREET ; Ungot; CITY OF TARLAC (Capital); TARLAC; REGION III (CENTRAL LUZON); 2300"
"CHANCEUX BUILDERS DEPOT CORP.","2020090002043-07","September 14, 2020","Registered","47 ; . ; . ; ; ; VISAYAS AVE ; Vasra; . ; QUEZON CITY; SECOND DISTRICT; NATIONAL CAPITAL REGION (NCR); 1630"
"FIRST CHOICE BUILDERS CORP.","2025050200003-04","May 5, 2025","Registered","BLOCK 32 LOT 8 PHASE 2 ; TULIP ; SOLDIERS HILLS IV ; Molino IV; BACOOR CITY; CAVITE; REGION IV-A (CALABARZON); 4102"
"HI-TEMP BUILDERS CORPORATION","2022060055046-09","June 7, 2022","Registered","504 ; SAMPAGUITA ; Buhangin (Pob.); DAVAO CITY; DAVAO DEL SUR; REGION XI (DAVAO REGION); 8000"
"Scout Builders Hardware Supply OPC","2024080166123-00","August 28, 2024","Registered","39 ; SCT. YBARDOLAZA ; Sacred Heart; SECOND DISTRICT - QUEZON CITY ; QUEZON CITY; SECOND DISTRICT; NATIONAL CAPITAL REGION (NCR); 1103"
"Sinirangan Builders Corp.","2023100121813-00","October 19, 2023","Registered","Poblacion Ward 12; BUTAK ; GUIUAN; EASTERN SAMAR; REGION VIII (EASTERN VISAYAS); 6809"
"TaxMan Builders Corporation","2024100174086-14","October 21, 2024","Registered","NMTTI BUILDING ; ABELLANOSA ; RAMIRO COMPOUND ; Consolacion; CAGAYAN DE ORO CITY (Capital); MISAMIS ORIENTAL; REGION X (NORTHERN MINDANAO); 9015"
"THE KINGDOM BUILDERS ASSOCIATION ; INC.","2023010080114-00","January 3, 2023","Registered","BUILDERS COMPOUND; PUROK MAGINHAWA; ; Bagong Sikat; SCIENCE CITY OF MUOZ; NUEVA ECIJA; REGION III (CENTRAL LUZON); 3119"
""JECCA BUILDERS; INCORPORATED"","0000067245","April 26, 1976","Registered","CITY OF TARLAC (Capital); TARLAC; REGION III (CENTRAL LUZON)"
""PR" BUILDERS & TRADING CO.","P000027678","September 10, 1974","Registered","ZARATE BUILDING ; TORRES BUGALLON AVENUE ; DAGUPAN CITY; PANGASINAN; REGION I (ILOCOS REGION)"
"PRIME PACIFIC MARINE & INDUSTRIAL SERVICES CORP.","A200002023","February 23, 2000","Registered","819 A.M. NAVAL ST.; NAVOTAS; M.M. ; CITY OF MANILA; NATIONAL CAPITAL REGION (NCR)"
"CONCRETE PRODUCTS CORP. INC.","0000002338","January 1, 1946","Revoked",""
"CONCRETE PRODUCTS MANUFACTURERS ASSN. OF SAOQUIGUE INC.","D199600473","October 4, 1996","Revoked","BARANGAY SAOQUIGUE; BAGANGA;DAVAO ORIENTAL ; DAVAO ORIENTAL; REGION XI (DAVAO REGION)"
"CONCRETE PRODUCTS MANUFACTURERS ASSOCIATION OF PLARIDEL; INC.","CN200412204","August 9, 2004","Suspended","PARULAN ; BULACAN; REGION III (CENTRAL LUZON)"
"CONSOLIDATED CONCRETE PRODUCTS INC.","0000043317","January 1, 1971","Revoked","MANGAHAN PASIG RIZAL ; CITY OF MANILA; NATIONAL CAPITAL REGION (NCR)"
"CONTECH CONCRETE PRODUCTS INC.","CS200717470","November 9, 2007","Registered","9 CARMENVILLE ; HENSON ; ANGELES CITY; PAMPANGA; REGION III (CENTRAL LUZON)"
"CONTTREL CONCRETE PRODUCTS AND SERVICES INC.","CS201534902","December 4, 2015","Delinquent","PUROK 6 UNION ; DAUIS; BOHOL; REGION VII (CENTRAL VISAYAS)"
"3U HOLLOW BLOCKS & CONCRETE PRODUCTS MANUFACTURING CO.","PG200513720","August 12, 2005","Registered","_ ; ANGELES CITY; PAMPANGA; REGION III (CENTRAL LUZON)"
"49ERS CONCRETE PRODUCTS CO.","A199612024","January 7, 1997","Registered","HOLIDAY LODGE; PINEDA SUBD.; DAU; MABALACAT; PAMPANGA ; PAMPANGA; REGION III (CENTRAL LUZON)"
"668 NORTHSTAR CONCRETE PRODUCTS CORPORATION","CS202001067","January 22, 2020","Registered","KM 210 ; MC ARTHUR HIGHWAY ; PANGASINAN; REGION I (ILOCOS REGION); 2434"
"668 ORION CONCRETE PRODUCTS CORPORATION","CS202003709","April 15, 2020","Registered","L1989-1990 ; REal ; ORION; BATAAN; REGION III (CENTRAL LUZON); 2102"
"ATLANTA CONSTRUCTION COMPANY INC.","CS200258488","October 21, 2002","Registered","25th Floor; Atlanta Center; No.31 ; Annapolis Street; ; CITY OF MANILA; NATIONAL CAPITAL REGION (NCR)"
"CGRJ Builders and General Merchandise Inc.","2025010182458-03","January 4, 2025","Registered","24 F CARLOS ST.; ; Apolonio Samson; QUEZON CITY; SECOND DISTRICT; NATIONAL CAPITAL REGION (NCR); 1106"
"FRT Builders and General Merchandise; Inc.","2021080023639-02","August 26, 2021","Registered","SITIO BAYUGON ; Tinitian; ROXAS; PALAWAN; REGION IV-B (MIMAROPA); 5308"
"ICONFORCE BUILDERS AND GENERAL MERCHANDISE INC.","CS201729191","August 30, 2017","Delinquent","L12 B10 RUBY-EMERALD ; MILLIONARES SUBD. ; QUEZON CITY; SECOND DISTRICT; NATIONAL CAPITAL REGION (NCR)"
"JAW'S BUILDERS AND GENERAL MERCHANDISE INC.","CS201415973","August 15, 2014","Suspended","120-4 ; VALDEZ ST EXT ; CITY OF MALABON; THIRD DISTRICT; NATIONAL CAPITAL REGION (NCR)"
"JG & E Builders and General Merchandise; Inc.","2024040147730-47","April 25, 2024","Registered","#36 ; NATIONAL ROAD ; Putatan; CITY OF MUNTINLUPA; FOURTH DISTRICT; NATIONAL CAPITAL REGION (NCR); 1772"
"LOURDES HEIGHTS BUILDERS AND GENERAL MERCHANDISE INC.","CS201733104","September 29, 2017","Delinquent","L9 B11 8 DONARUPERTA ; LOURDES HTS. ; PAMPANGA; REGION III (CENTRAL LUZON)"
"P2S BUILDERS AND GENERAL MERCHANDISE CO.","PP201537151","October 14, 2015","Registered","PUROK 28 ; Ma-a; TALOMO DISTRICT ; DAVAO CITY; DAVAO DEL SUR; REGION XI (DAVAO REGION); 8000"
"POBUMA BUILDERS AND GENERAL MERCHANDISE CORP.","2022030045811-02","March 14, 2022","Registered","108 ; CENTER POINT ; DOMINGO-VELEZ ST ; Barangay 29 (Pob.); CAGAYAN DE ORO ; CAGAYAN DE ORO CITY (Capital); MISAMIS ORIENTAL; REGION X (NORTHERN MINDANAO); 9000"
"RD 4-27 BUILDERS AND GENERAL MERCHANDISE OPC","2024010129620-02","January 2, 2024","Registered","AREA E ; 011 STO DOMINGO ST. ; Fatima IV; CITY OF SAN JOSE DEL MONTE; BULACAN; REGION III (CENTRAL LUZON); 3023"
"RFB REALTY BUILDERS AND GENERAL MERCHANDISE CORP.","CS201964359","March 21, 2019","Registered","P-1A; ; Bacolod St.; ; AGUSAN DEL NORTE; REGION XIII (Caraga); 8600"
"B-12 CONSTRUCTION AND TRADING CORPORATION","CS200311203","May 20, 2003","Registered","SITIO MARANGLE; ; BACOLOR; PAMPANGA; REGION III (CENTRAL LUZON)"
"MBAJRJC4 CONSTRUCTION AND TRADING CORPORATION","2022070061472-16","July 27, 2022","Registered","58 ; Batis; CITY OF SAN JUAN; SECOND DISTRICT; NATIONAL CAPITAL REGION (NCR); 1500"
"1 TIMOTHY CONSTRUCTION AND TRADING CORPORATION","A200107302","May 28, 2001","Suspended","B-7 L-31; IMPERIA ST.; CAMELLA MILAN; SAN PEDRO; LAGUNA ; LAGUNA; REGION IV-A (CALABARZON)"
"24/7 DYNAMIC CONSTRUCTION AND TRADING CORPORATION","CS201206744","April 27, 2012","Suspended","lot 6 ; palico ; IMUS CITY; CAVITE; REGION IV-A (CALABARZON)"
"88 NORTH CONSTRUCTION AND TRADING CORPORATION","CS201519748","September 30, 2015","Registered","BLOCK 11 LOT 8 ATHENA RESIDENCES ; 20 MERCEDEZ AVENUE ; CITY OF PASIG; SECOND DISTRICT; NATIONAL CAPITAL REGION (NCR)"
"A. CONDOR CONSTRUCTION AND TRADING CORPORATION","CS201956719","December 9, 2019","Registered","Zone ; 4 ; NUEVA ECIJA; REGION III (CENTRAL LUZON); 3133"
"A. MONTALBO CONSTRUCTION AND TRADING CORPORATION","CS201918821","November 14, 2019","Delinquent","99 ; Provincial Road ; IBAAN; BATANGAS; REGION IV-A (CALABARZON); 4230"
"A1 PRIME CONSTRUCTION AND TRADING Corporation","CS201849018","November 28, 2018","Registered","10 ; SORIANO ; Concepcion Grande; NAGA CITY; CAMARINES SUR; REGION V (BICOL REGION); 4400"
"ABRIC'S CONSTRUCTION AND TRADING CORPORATION","CS200430110","October 29, 2004","Suspended","ORMOC CITY; LEYTE; REGION VIII (EASTERN VISAYAS)"
"ACP KONSTRACT INTEGRATED CONSTRUCTION AND TRADING CORPORATION","CS202051807","September 15, 2020","Registered","#0462 ; Tozawamura Street ; GENERAL TRIAS; CAVITE; REGION IV-A (CALABARZON); 4107"
"F & J GENERAL CONSTRUCTION AND SUPPLY CORPORATION","CS200418235","-","Registered","UNIT 629 ; ALICANTE TOWER ; MARQUINTO CONDO; ; SUMULONG HIGHWAY ; Santo Nio; CITY OF MARIKINA; SECOND DISTRICT; NATIONAL CAPITAL REGION (NCR)"
"DAV 7 GENERAL CONSTRUCTION AND SUPPLY CORPORATION","CS201713550","April 21, 2017","Registered","2F DEL ROSARIO BLDG. ; MAGALLANES ST. ; DAVAO CITY; DAVAO DEL SUR; REGION XI (DAVAO REGION)"
"GNT General Construction and Supply Corporation","2025100221890-22","October 6, 2025","Registered","DON ANTONIO MENCHACA ST. ; Lo-ok (Pob.); CALATRAVA; NEGROS OCCIDENTAL; REGION VI (WESTERN VISAYAS); 6126"
"SEN YOUNG GENERAL CONSTRUCTION AND SUPPLY Corporation","CS201817775","August 20, 2018","Registered","PUROK KITONG ; Dawis; CITY OF DIGOS (Capital); DAVAO DEL SUR; REGION XI (DAVAO REGION); 8002"
"B. BERNARDO CONST.; INC.","CS201618965","August 19, 2016","Registered","233 ; BULACAN; REGION III (CENTRAL LUZON)"
"J.M. MORALES CONSTRUCTION AND SUPPLY CORP.","CS201813219","July 10, 2018","Delinquent","No. 06 ; A. MABINI STREET ; LUBAO; PAMPANGA; REGION III (CENTRAL LUZON)"
"JG MORALES CONSTRUCTION Inc.","CS201814975","July 24, 2018","Registered","Ground Floor; Padilla Building ; Ponciano Reyes Street ; DAVAO CITY; DAVAO DEL SUR; REGION XI (DAVAO REGION); 8000"
"SAMUEL E. MORALES CONSTRUCTION CORPORATION","CS201310203","May 31, 2013","Suspended",""
"B. DELA CRUZ CONSTRUCTION CO.; INC.","0000051110","May 4, 1973","Registered","1930 ; M. Reyes Street ; CITY OF MAKATI; FOURTH DISTRICT; NATIONAL CAPITAL REGION (NCR)"
"CC DELA CRUZ CONSTRUCTION AND REALTY DEVELOPMENT CORPORATION","2025070208140-00","July 4, 2025","Registered","PUROK 9 ; CALDERON STREET ; Santolan; PALAYAN CITY (Capital); NUEVA ECIJA; REGION III (CENTRAL LUZON); 3132"
"FC DELA CRUZ CONSTRUCTION & CONCEPTS INC.","CS201523370","November 27, 2015","Delinquent","G/F L2 B9 POLO DRIVE ; MENZYLAND ; CITY OF MALOLOS (Capital); BULACAN; REGION III (CENTRAL LUZON)"
"Genesis Dela Cruz Construction Inc.","2025070208118-15","July 4, 2025","Registered","UNIT 214-215 ; 2ND FLOOR ; COMMERCENTER ; EAST ASIA DRIVE; FILINVEST CORPORATE CITY ; Alabang; CITY OF MUNTINLUPA; FOURTH DISTRICT; NATIONAL CAPITAL REGION (NCR); 1780"
"HILARIO & DELA CRUZ CONSTRUCTION CO.","PG200810411","July 4, 2008","Registered","UNIT 425 FEMII ; A. SORIANO JR. ST. ; CITY OF MANILA; FIRST DISTRICT; NATIONAL CAPITAL REGION (NCR)"
"R.G. DELA CRUZ CONSTRUCTION CORP.","2023070109897-13","July 27, 2023","Registered","PUROK 2; ; San Pablo; JAEN; NUEVA ECIJA; REGION III (CENTRAL LUZON); 3109"
"A.C. RIVERO DEVELOPMENT CORPORATION","AS92001908","March 16, 1992","Registered","2929 BURGOS EXT BACOLOD CITY ; NEGROS OCCIDENTAL; REGION VI (WESTERN VISAYAS)"
"1ST CUT & FILL CONSTRUCTION CORP.","CS201524711","December 17, 2015","Registered","BASCO PETRON STATION ; TABING ILOG ; BALER (Capital); AURORA; REGION III (CENTRAL LUZON)"
"1C4M BUILDERS INC.","CS201733129","September 29, 2017","Registered","45 ; L.SUMULONG CIRCLE ; CITY OF ANTIPOLO; RIZAL; REGION IV-A (CALABARZON)"
"AGONG BUILDERS AND CONSTRUCTION SUPPLY INC.","CS201536530","June 28, 2015","Registered","285 ; CARNATION ; DAVAO CITY; DAVAO DEL SUR; REGION XI (DAVAO REGION); 8000"
"PATRILA BUILDERS; INC.","ES96000050","February 6, 1996","Registered","Mali-ao; PAVIA; ILOILO; REGION VI (WESTERN VISAYAS); 5001"
"AAGroup Construction & Development Corporation","2025020188273-00","February 13, 2025","Registered","71 ; JOSE ABAD SANTOS AVENUE ; Salawag; CITY OF DASMARIAS; CAVITE; REGION IV-A (CALABARZON); 4114"
"ARAGDON AND CHAVEZ CONSTRUCTION SERVICES CORPORATION","2021070021043-51","July 28, 2021","Registered","MCS BULDING ADVINCULA AVENUE ALAPAN II-A ; Ligtasan; IMUS CITY; CAVITE; REGION IV-A (CALABARZON); 2300"
"BIG JC CONSTRUCTION CORP.","2022060056899-03","June 22, 2022","Registered","1013 S.TEODORO ST. ; Tondo I/II - Barangay 196; CITY OF MANILA; FIRST DISTRICT; NATIONAL CAPITAL REGION (NCR); 1013"
"CLJR CONSTRUCTION OPC","2023080111000-01","August 4, 2023","Registered","4C ; RAYMUNDO AVENUE ; Rosario; CITY OF PASIG; SECOND DISTRICT; NATIONAL CAPITAL REGION (NCR); 1609"
"DMZ CONSTRUCTION CORPORATION","2024020134407-02","February 2, 2024","Registered","#199 ; San Jose; SANTO TOMAS; BATANGAS; REGION IV-A (CALABARZON); 4234"
"DUX CONSTRUCTION INC.","2024100171818-03","October 4, 2024","Registered","BLK 12 LOT 28 ; SAINT PETER STREET ; SAN PEDRO VII ; San Bartolome; QUEZON CITY; SECOND DISTRICT; NATIONAL CAPITAL REGION (NCR); 1116"
"E. Y. MERCADO CONSTRUCTION CORPORATION doing business under the name and style of E Y MERCADO CONSTRUCTION","2021070020609-12","July 23, 2021","Registered","BLK 1 LOT 25 ; OLIVAREZ COMPOUND 2 ; San Roque; CITY OF SAN PEDRO; LAGUNA; REGION IV-A (CALABARZON); 4023"
"JMD8 CONSTRUCTION CORPORATION","2025040199061-05","April 25, 2025","Registered","85 ; KAPILIGAN STREET ; Doa Imelda; QUEZON CITY; SECOND DISTRICT; NATIONAL CAPITAL REGION (NCR); 1113"
"MARJETECH CONSTRUCTION & TRADING OPC","2023050101306-02","May 30, 2023","Registered","ZONE 7; ; Santo Domingo; BOMBON; CAMARINES SUR; REGION V (BICOL REGION); 4404"
"MARSUN CONSTRUCTION; INCORPORATED","2022060054431-02","June 1, 2022","Registered","PAYATAS ROAD CORNER MAHOGANY STREET ; Payatas; QUEZON CITY; SECOND DISTRICT; NATIONAL CAPITAL REGION (NCR); 1119"
"128 DRAGON CONSTRUCTION AND SUPPLIES; OPC","2022050052041-01","May 12, 2022","Registered","J. LUKBAN STREET; ; Barangay V (Pob.); DISTRICT II; ; DAET (Capital); CAMARINES NORTE; REGION V (BICOL REGION); 4600"
"168 DRAGON CONSTRUCTION AND DEVELOPMENT CORPORATION","CS201951840","April 8, 2019","Delinquent","BLOCK 6 LOT 20B ; FORTUNE ST. MAIN ROAD; DIAMOND CREST VILLAGE ; BULACAN; REGION III (CENTRAL LUZON); 3023"
"1988 TWIN DRAGON CONSTRUCTION AND DEVELOPMENT CORPORATION","2020060000347-00","June 2, 2020","Registered","18 ; ame: FERNADEZ BUILDING; ; M.A. ROXAS ST.; ; Tabing Dagat (Pob.); ODIONGAN; ROMBLON; REGION IV-B (MIMAROPA); 5505"
"3A GOLDEN DRAGON CONSTRUCTION AND TRADING CORP.","CS201116846","September 23, 2011","Registered","UNIT 6 8878 URBANEST CONDOMINIUMS V&G SUBDIVISION ; DON JULIO ST ; TACLOBAN CITY (Capital); LEYTE; REGION VIII (EASTERN VISAYAS)"
"8 Z DRAGON CONSTRUCTION INC.","2022060058004-01","June 29, 2022","Registered","951 ; LIAS ROAD; ; Ibayo; MARILAO; BULACAN; REGION III (CENTRAL LUZON); 3019"
"88 Dragon Construction Corporation","2021020007528-08","February 23, 2021","Registered","72 ; EAST SERVICE ROAD ; BUNYI COMPOUND ; Cupang; N/A ; CITY OF MUNTINLUPA; FOURTH DISTRICT; NATIONAL CAPITAL REGION (NCR); 1771"
"888 EARTH DRAGON CONSTRUCTION AND REALTY DEVELOPMENT CORP.","2023100119369-57","October 3, 2023","Registered","NO. 17; ; SITIO LAUREL; ; Malabrigo; LOBO; BATANGAS; REGION IV-A (CALABARZON); 4229"
"888GREEN DRAGON CONSTRUCTION & SUPPLIES; INC.","2023050099052-13","May 15, 2023","Registered","C.L. MONTELIBANO COR. NARRA ST.; ; Villamonte; BACOLOD CITY (Capital); NEGROS OCCIDENTAL; REGION VI (WESTERN VISAYAS); 6100"
"ALESCA DRAGON CONSTRUCTION CORPORATION","2022090069918-06","September 27, 2022","Registered","8072 ; CAPITOL CENTER BUILDING ; 8TH STREET ; FAIRLANE SUBDIVISION ; San Vicente; CITY OF TARLAC (Capital); TARLAC; REGION III (CENTRAL LUZON); 2300"
"AQUA DRAGON CONSTRUCTION AND SUPPLY; INC.","2021070020726-12","July 26, 2021","Registered","PUROK 7 ; Aguisan; CITY OF HIMAMAYLAN; NEGROS OCCIDENTAL; REGION VI (WESTERN VISAYAS); 6108"
"11 DIAMOND EAGLE CONSTRUCTION CORPORATION","CS201951436","March 26, 2019","Registered","35 ; A. MABINI ST. ; LAGUNA; REGION IV-A (CALABARZON); 4023"
"AAGroup Construction & Development Corporation","2025020188273-00","February 13, 2025","Registered","71 ; JOSE ABAD SANTOS AVENUE ; Salawag; CITY OF DASMARIAS; CAVITE; REGION IV-A (CALABARZON); 4114"
"ARAGDON AND CHAVEZ CONSTRUCTION SERVICES CORPORATION","2021070021043-51","July 28, 2021","Registered","MCS BULDING ADVINCULA AVENUE ALAPAN II-A ; Ligtasan; IMUS CITY; CAVITE; REGION IV-A (CALABARZON); 2300"
"BIG JC CONSTRUCTION CORP.","2022060056899-03","June 22, 2022","Registered","1013 S.TEODORO ST. ; Tondo I/II - Barangay 196; CITY OF MANILA; FIRST DISTRICT; NATIONAL CAPITAL REGION (NCR); 1013"
"CLJR CONSTRUCTION OPC","2023080111000-01","August 4, 2023","Registered","4C ; RAYMUNDO AVENUE ; Rosario; CITY OF PASIG; SECOND DISTRICT; NATIONAL CAPITAL REGION (NCR); 1609"
"DMZ CONSTRUCTION CORPORATION","2024020134407-02","February 2, 2024","Registered","#199 ; San Jose; SANTO TOMAS; BATANGAS; REGION IV-A (CALABARZON); 4234"
"DUX CONSTRUCTION INC.","2024100171818-03","October 4, 2024","Registered","BLK 12 LOT 28 ; SAINT PETER STREET ; SAN PEDRO VII ; San Bartolome; QUEZON CITY; SECOND DISTRICT; NATIONAL CAPITAL REGION (NCR); 1116"
"E. Y. MERCADO CONSTRUCTION CORPORATION doing business under the name and style of E Y MERCADO CONSTRUCTION","2021070020609-12","July 23, 2021","Registered","BLK 1 LOT 25 ; OLIVAREZ COMPOUND 2 ; San Roque; CITY OF SAN PEDRO; LAGUNA; REGION IV-A (CALABARZON); 4023"
"JMD8 CONSTRUCTION CORPORATION","2025040199061-05","April 25, 2025","Registered","85 ; KAPILIGAN STREET ; Doa Imelda; QUEZON CITY; SECOND DISTRICT; NATIONAL CAPITAL REGION (NCR); 1113"
"MARJETECH CONSTRUCTION & TRADING OPC","2023050101306-02","May 30, 2023","Registered","ZONE 7; ; Santo Domingo; BOMBON; CAMARINES SUR; REGION V (BICOL REGION); 4404"
"MOJR Construction and Development Corporation","2022080063075-01","August 8, 2022","Registered","Hanib; MAHATAO; BATANES; REGION II (CAGAYAN VALLEY); 3901"
"MONOLITHIC CONSTRUCTION AND CONCRETE PRODUCTS; INC.","0000095366","October 6, 1980","Registered","MCARTHUR HIGHWAY KM 3 MATINA; DAVAO CITY ; DAVAO DEL SUR; REGION XI (DAVAO REGION)"
"DENNREY CONSTRUCTION AND TRADING COMPANY","PG201700733","January 11, 2017","Registered","208 PH4 ; ANDROS ; CAINTA; RIZAL; REGION IV-A (CALABARZON)"
"GLOBALCRETE BUILDERS INC.","CS201514041","July 15, 2015","Registered","620 ; CANDABA; PAMPANGA; REGION III (CENTRAL LUZON)"
"1HB CONSTRUCTION Corp.","CS201952011","April 24, 2019","Registered","0 ; BACOOD ; GUIGUINTO; BULACAN; REGION III (CENTRAL LUZON); 3015"
"PrimeScapes Construction; OPC doing business under the name/s and style/s of PrimeScapes Land; PrimeScapes Homes; PrimeScapes Real Estates; PrimeScapes Prime Properties and PrimeScapes Development","2021030009196-03","March 19, 2021","Registered","LOT 8-C1 CATANING BRIDGE II ; ROMAN EXPRESSWAY ; Cupang North; CITY OF BALANGA (Capital); BATAAN; REGION III (CENTRAL LUZON); 2100"
"ADFIL CORPORATION","AS93003156","April 27, 1993","Registered","DOONGAN; BUTUAN CITY ; AGUSAN DEL NORTE; REGION XIII (Caraga)"
"Bien Raice Construction and Supply Corporation","CS201970153","October 21, 2019","Registered","PUROK 6 ; Gabon; POLANGUI; ALBAY; REGION V (BICOL REGION); 4506"
"INNOVATI CONSTRUCTION & DEVELOPMENT CORPORATION","CS201433539","October 21, 2014","Registered","412 ; VILLANUEVA ST. ; BUTUAN CITY (Capital); AGUSAN DEL NORTE; REGION XIII (Caraga)"
"FAJR CONSTRUCTION PARTS AND SUPPLY CORPORATION","2025100222618-00","October 9, 2025","Registered","ADELFA STREET ; DON LUIS VILLAGE ; Central (Pob.); CITY OF MATI (Capital); DAVAO ORIENTAL; REGION XI (DAVAO REGION); 8200"
"EC SOLICON BUILDERS & SUPPLY; INC.","CS201331395","October 3, 2013","Registered","DDOR C NDTC CENTRUM ; LAPULAPU ; CITY OF TACURONG; SULTAN KUDARAT; REGION XII (SOCCSKSARGEN); 9800"
"F316 CONSTRUCTION CORP.","CS201807186","May 9, 2018","Registered","Unit C18-C21 3rd Floor ; Jomafer Building ; Dolores; CITY OF SAN FERNANDO (Capital); PAMPANGA; REGION III (CENTRAL LUZON); 2000"
"GVDPM CONSTRUCTION CORP.","CS200608040","May 23, 2006","Registered","_ ; _ ; BOTOLAN; ZAMBALES; REGION III (CENTRAL LUZON)"
"SHEPPERD CONSTRUCTION AND SUPPLY CORPORATION","2021090024917-21","September 9, 2021","Registered","8TH ST ; VILLEGAS SUBDIVISION ; San Isidro (Lagao 2nd); GENERAL SANTOS CITY (DADIANGAS); SOUTH COTABATO; REGION XII (SOCCSKSARGEN); 9500"
"CELJEM CONSTRUCTION & DEVELOPMENT CORP.","CS201326497","April 16, 2013","Registered","UNIT 201 GARNET PLACE; ; M.L. QUEZON ST.; ; MANDAUE CITY; CEBU; REGION VII (CENTRAL VISAYAS)"
"SYNDTITE CONSTRUCTION CORPORATION","CS201508036","April 24, 2015","Registered","179 ; AUSTRALIA ST ; QUEZON CITY; SECOND DISTRICT; NATIONAL CAPITAL REGION (NCR)"
"F.P. DE GUZMAN CONSTRUCTION; INC.","0000143192","August 5, 1987","Registered","4 ; GOVERNOR F. HALILI AVENUE ; Bagbaguin; SANTA MARIA; BULACAN; REGION III (CENTRAL LUZON); 3022"
"LL ABASOLO CONSTRUCTION AND TRADING Incorporated Doing business under LL Abasolo Construction and Trading","CS202104705","April 19, 2021","Registered","Lot 18 Blk 06 ; Pandi Residences Phase 3 ; PANDI; BULACAN; REGION III (CENTRAL LUZON); 3014"
"AAGroup Construction & Development Corporation","2025020188273-00","February 13, 2025","Registered","71 ; JOSE ABAD SANTOS AVENUE ; Salawag; CITY OF DASMARIAS; CAVITE; REGION IV-A (CALABARZON); 4114"
"ARAGDON AND CHAVEZ CONSTRUCTION SERVICES CORPORATION","2021070021043-51","July 28, 2021","Registered","MCS BULDING ADVINCULA AVENUE ALAPAN II-A ; Ligtasan; IMUS CITY; CAVITE; REGION IV-A (CALABARZON); 2300"
"BIG JC CONSTRUCTION CORP.","2022060056899-03","June 22, 2022","Registered","1013 S.TEODORO ST. ; Tondo I/II - Barangay 196; CITY OF MANILA; FIRST DISTRICT; NATIONAL CAPITAL REGION (NCR); 1013"
"CLJR CONSTRUCTION OPC","2023080111000-01","August 4, 2023","Registered","4C ; RAYMUNDO AVENUE ; Rosario; CITY OF PASIG; SECOND DISTRICT; NATIONAL CAPITAL REGION (NCR); 1609"
"DMZ CONSTRUCTION CORPORATION","2024020134407-02","February 2, 2024","Registered","#199 ; San Jose; SANTO TOMAS; BATANGAS; REGION IV-A (CALABARZON); 4234"
"DUX CONSTRUCTION INC.","2024100171818-03","October 4, 2024","Registered","BLK 12 LOT 28 ; SAINT PETER STREET ; SAN PEDRO VII ; San Bartolome; QUEZON CITY; SECOND DISTRICT; NATIONAL CAPITAL REGION (NCR); 1116"
"E. Y. MERCADO CONSTRUCTION CORPORATION doing business under the name and style of E Y MERCADO CONSTRUCTION","2021070020609-12","July 23, 2021","Registered","BLK 1 LOT 25 ; OLIVAREZ COMPOUND 2 ; San Roque; CITY OF SAN PEDRO; LAGUNA; REGION IV-A (CALABARZON); 4023"
"JMD8 CONSTRUCTION CORPORATION","2025040199061-05","April 25, 2025","Registered","85 ; KAPILIGAN STREET ; Doa Imelda; QUEZON CITY; SECOND DISTRICT; NATIONAL CAPITAL REGION (NCR); 1113"
"MARJETECH CONSTRUCTION & TRADING OPC","2023050101306-02","May 30, 2023","Registered","ZONE 7; ; Santo Domingo; BOMBON; CAMARINES SUR; REGION V (BICOL REGION); 4404"
"FLORDES CONSTRUCTION AND TRADING CORP.","CS201310010","May 29, 2013","Registered","3423 ; MAGISTRADO ARELLANO ST.; ; CITY OF MANILA; FIRST DISTRICT; NATIONAL CAPITAL REGION (NCR); 1016"
"MUAA CONSTRUCTION AND DEVELOPMENT CORP.","CS200731667","November 29, 2007","Registered","NO. 0001 ; GENTLE PEACE SUBD. ; CEBU; REGION VII (CENTRAL VISAYAS); 6045"
"LANOY CONSTRUCTION CORPORATION","2024010130182-01","January 5, 2024","Registered","MAHARLIKA HIGHWAY ; Calzada; JAVIER (BUGHO); LEYTE; REGION VIII (EASTERN VISAYAS); 6511"
"CIRCLE Z VENTURES AND DEVELOPMENT CORP.","CS201227675","May 22, 2012","Registered","# 566 ; CAPT. VILBAR STREET; ; HILONGOS; LEYTE; REGION VIII (EASTERN VISAYAS)"
"ALTA NEGROS INDUSTRIAL SUPPLY CORPORATION","IEO0000969","February 27, 1990","Registered","Lot 1-B Blk. 19; ; BACOLOD CITY (Capital); NEGROS OCCIDENTAL; REGION VI (WESTERN VISAYAS); 6100"
"GREENWALL CONSTRUCTION CORPORATION","2023060103301-37","June 13, 2023","Registered","161 ; SANDICO STREET ; Malasin; SANTO DOMINGO; NUEVA ECIJA; REGION III (CENTRAL LUZON); 3133"
"ON POINT CONSTRUCTION AND DEVELOPMENT Corporation doing business under the name and style of On Point Construction and ON POINT CONSTRUCTION","CS201845178","November 13, 2018","Registered","3RD FLOOR SPC BUILDING; ONE PASEO COMPOUND; ; PASEO SATURNINO STREET; ; Banilad; CEBU CITY (Capital); CEBU; REGION VII (CENTRAL VISAYAS); 6000"
"J E G CONSTRUCTION FIRM CORPORATION","CS201226799","September 7, 2012","Registered","B-1 L-5 ; LEDESCO AVE NULEDESCO VILLAGE; ; ILOILO CITY (Capital); ILOILO; REGION VI (WESTERN VISAYAS)"
"JPPG RIGHT CONSTRUCTION FIRM CORPORATION Doing business under the names and styles of JPPG RIGHT CONSTRUCTION FIRM","CS201825038","November 23, 2018","Delinquent","7A ; Continental stree greenview Subd ; FOURTH DISTRICT; NATIONAL CAPITAL REGION (NCR); 1740"
"L.N SALVADOR CONSTRUCTION CORP.","CS201704776","February 9, 2017","Registered","SAMPAGUITA ST. ; CITY OF CALAPAN (Capital); ORIENTAL MINDORO; REGION IV-B (MIMAROPA)"
"KAUIE BUILDERS & SUPPLIES INC.","2024060154724-03","June 11, 2024","Registered","1 ; 1 ; TAN ; NATIONAL HIGHWAY COR. IMELDA LANE ; IMELDA ; Imelda; TOLOSA ; TOLOSA; LEYTE; REGION VIII (EASTERN VISAYAS); 6503"
"ST. LOUISE PRIME BUILDERS & DEVELOPMENT CORP.","CS201316609","August 28, 2013","Registered","PAMPANGA; REGION III (CENTRAL LUZON)"
"Mady Construction Service OPC","2022060055766-09","June 13, 2022","Registered","#9 ; C. JOSE EXTENSION ; Barangay 144; MALIBAY ; PASAY CITY; FOURTH DISTRICT; NATIONAL CAPITAL REGION (NCR); 1300"
"JT GAMOLO CONSTRUCTION; INC. doing business under the name and style of Susie Fuel Refilling Station","CS201328877","March 4, 2013","Registered","PUROK 2; ; VALENCIA; BUKIDNON; REGION X (NORTHERN MINDANAO)"
"BHENLLABIEN BUILDERS CORPORATION","2020080001413-00","August 14, 2020","Registered","993 ; Purok 6 ; San Cristobal; SAN PABLO CITY; LAGUNA; REGION IV-A (CALABARZON); 4000"
"HIMULICO CONSTRUCTION AND SUPPLY CORPORATION","CS201430065","February 20, 2014","Registered","BONIFACIO ST. ; CONCEPCION; TARLAC; REGION III (CENTRAL LUZON)"
"BADOC BUILDERS & SUPPLY; INC.","CS201513436","July 7, 2015","Registered","ADAMS; ILOCOS NORTE; REGION I (ILOCOS REGION)"
""LA ESTRELLA LUMBER ENTERPRISES; INCORPORATED"","0000034026","December 22, 1967","Revoked","ROOM 510 ROSARIO BUILDING ; ROSARIO ST. ; CITY OF MANILA; FIRST DISTRICT; NATIONAL CAPITAL REGION (NCR)"
""R.B. ENTERPRISES; INCORPORATED"","0000039518","September 24, 1969","Delinquent","710 ; A.E DELOS SANTOS AVENUE ; QUEZON CITY; SECOND DISTRICT; NATIONAL CAPITAL REGION (NCR)"
"1022-F GRAPHICS ENTERPRISES; INCORPORATED","CS200805160","April 8, 2008","Suspended","BLK 69 LOT 7 ; KAAYUSAN ST ; CAINTA; RIZAL; REGION IV-A (CALABARZON)"
"108 ENTERPRISES INCORPORATED","CS201606191","March 28, 2016","Delinquent","UNIT2204A EAST TOWER PSEC ; EXCHANGE ROAD ; CITY OF PASIG; SECOND DISTRICT; NATIONAL CAPITAL REGION (NCR)"
"168grocers Enterprises Incorporated","2024030141653-20","March 14, 2024","Registered","35 JP LAUREL SR ST ; MOUNTAINVIEW VILLAGE ; San Roque; CITY OF MARIKINA; SECOND DISTRICT; NATIONAL CAPITAL REGION (NCR); 1801"
"2850 ENTERPRISES Incorporated","CS202102549","March 8, 2021","Registered","PHIMCO Compound ; Felix Y. Manalo ; CITY OF MANILA; NATIONAL CAPITAL REGION (NCR); 1009"
"3 JJLA ENTERPRISES INCORPORATED","A200110921","July 25, 2001","Suspended","BO. STO. ROSARIO ZARAGOZA NUEVA ECIJA ; NUEVA ECIJA; REGION III (CENTRAL LUZON)"
"3MBS ENTERPRISES INCORPORATED","CS201953228","June 18, 2019","Registered","3B ISOSCELES BUSINESS CENTER ; 401 J.P. RIZAL ST. ; SECOND DISTRICT; NATIONAL CAPITAL REGION (NCR); 1550"
"5Rs Bedonia Enterprises Incorporated","2024110177124-21","November 14, 2024","Registered","B. SIAOTONG ST. ; Ilaud Poblacion; BAROTAC NUEVO; ILOILO; REGION VI (WESTERN VISAYAS); 5007"
"8 MOUNTAIN MOVERS ENTERPRISES INCORPORATED","CS201130931","August 16, 2011","Delinquent","ARINGAY; LA UNION; REGION I (ILOCOS REGION)"
"DENNREY CONSTRUCTION AND TRADING COMPANY","PG201700733","January 11, 2017","Registered","208 PH4 ; ANDROS ; CAINTA; RIZAL; REGION IV-A (CALABARZON)"
"R.A. PAHATI CONST. & SUPPLY; INC.","CS201121087","December 1, 2011","Registered","283 ; payawal subd ; CITY OF GAPAN; NUEVA ECIJA; REGION III (CENTRAL LUZON)"
"DTC CONSTRUCTION CORPORATION","2025070210319-07","July 18, 2025","Registered","117 ; Malbog; BUENAVISTA; MARINDUQUE; REGION IV-B (MIMAROPA); 4904"
"JAGONBUILD CONSTRUCTION CORP.","CS201206065","March 29, 2012","Registered","141 ; GOV F HALILI AVE ; BULACAN; REGION III (CENTRAL LUZON)"
"J-ONE BUILDERS GROUP; INC.","CS201537004","September 16, 2015","Delinquent","MIDSAYAP"
"ADVENTUS-ONE BUILDERS INC.","CS201420073","October 14, 2014","Delinquent","LOT 26 & 27; BLK 1 ; TIERRA HERMOSA; ; CALAMBA; LAGUNA; REGION IV-A (CALABARZON)"
"AMBER ONE BUILDERS INC.","2024060153479-00","June 3, 2024","Registered","UNIT 339 ; MINDANAO AVENUE ; LANDCOM VILLAGE II ; Tandang Sora; QUEZON CITY; SECOND DISTRICT; NATIONAL CAPITAL REGION (NCR); 1116"
"CREAT1V ONE BUILDERS CORPORATION","2021070020692-03","July 26, 2021","Registered","157 ; 8F ; RS TOWER ; COL. BONNY SERRANO AVENUE COR. 10TH AVENUE ; Socorro; QUEZON CITY; SECOND DISTRICT; NATIONAL CAPITAL REGION (NCR); 1109"
"ERVIL INNOVATION ONE BUILDERS INC.","CS200900357","January 14, 2009","Registered","#5 ; ROBIN ST. ; DON MARIANO SUBDIVISION ; San Isidro; CAINTA; RIZAL; REGION IV-A (CALABARZON); 1900"
"ISAIAH ONE BUILDERS DEV. INC.","A199711421","June 16, 1997","Revoked","# 70 4TH ST.; RIVERSIDE VILLAGE; PASIG CITY ; 4TH ST. ; RIVERSIDE VILLAGE ; Santa Lucia; CITY OF PASIG; CITY OF MANILA; NATIONAL CAPITAL REGION (NCR); 1608"
"NEHEMIAH ONE BUILDERS AND DEVELOPERS CORPORATION","CS200709117","June 14, 2007","Revoked","2nd Flr.#350 ; Garland Green Bldg.A.Villegas ; CITY OF MANILA; FIRST DISTRICT; NATIONAL CAPITAL REGION (NCR)"
"OCTO ONE BUILDERS CORP.","AS96003406","March 26, 1996","Revoked","570 PLAZA NANING; BALIWAG; BULACAN ; BULACAN; REGION III (CENTRAL LUZON)"
"ONCU-ONE BUILDERS CORPORATION","2023020084693-00","February 4, 2023","Registered","ADVINCULA AVENUE ; San Sebastian; KAWIT; CAVITE; REGION IV-A (CALABARZON); 4104"
"ONE BUILDERS INC. doing business under the name and style of ONE BUILDERS","2023120126996-34","December 4, 2023","Registered","L01 B17 P3 ; PIOVENE ; CITTA ITALIA ; Mambog III; BACOOR CITY; CAVITE; REGION IV-A (CALABARZON); 4102"
"CANLAON BUILDERS AND DEVELOPMENT CORPORATION","CS201125335","February 21, 2011","Registered","ROJAS COMPOUND; ; ARANETA ST.; ; BACOLOD CITY (Capital); NEGROS OCCIDENTAL; REGION VI (WESTERN VISAYAS)"
"CANLAON BUILDERS CORP.","A199608419","November 4, 1996","Revoked","SINGCANG BACOLOD CITY NEGROS OCCIDENTAL ; NEGROS OCCIDENTAL; REGION VI (WESTERN VISAYAS)"
"FORDEX CONSTRUCTION CORPORATION","2022030044767-41","March 7, 2022","Registered","3RD FLR. ROOM 1 ; CORNER ROXAS BOULEVARD ST.; ; Barangay 32-D (Pob.); POBLACION ; DAVAO CITY; DAVAO DEL SUR; REGION XI (DAVAO REGION); 8000"
"AGONG BUILDERS AND CONSTRUCTION SUPPLY INC.","CS201536530","June 28, 2015","Registered","285 ; CARNATION ; DAVAO CITY; DAVAO DEL SUR; REGION XI (DAVAO REGION); 8000"
"DIADEMA CONSTRUCTION AND ENTERPRISES INC.","CS202009314","November 3, 2020","Registered","40; ; MATULUNGIN ST.; ; QUEZON CITY; SECOND DISTRICT; NATIONAL CAPITAL REGION (NCR); 1101"
"VICTORIANO C. LIM CONSTRUCTION CORP.","CS201532972","December 1, 2015","Registered",". ; National Highway; ; LAGUINDINGAN; MISAMIS ORIENTAL; REGION X (NORTHERN MINDANAO)"
"HUMMING BIRD CONSTRUCTION & SUPPLY CORPORATION","CS201703681","-","Registered","CARLSBERG ROAD ; LOPEZ JAENA STREET ; BACOLOD CITY (Capital); NEGROS OCCIDENTAL; REGION VI (WESTERN VISAYAS); 6100"
"BUILDZONE CONSTRUCTION CORPORATION","CS201727552","August 16, 2017","Registered","Magsaysay Street; ; LUBAO; PAMPANGA; REGION III (CENTRAL LUZON); 2005"
"WTG CONSTRUCTION AND DEVELOPMENT CORPORATION","CS93000099","February 26, 1993","Registered","55-1 N. BACALSO AVENUE; CEBU CITY ; Cogon Pardo; CEBU CITY (Capital); CEBU; REGION VII (CENTRAL VISAYAS)"
"PABLO S. LABASBAS CONSTRUCTION CORPORATION","CS201215787","August 28, 2012","Registered","Dagum; CALBAYOG CITY; SAMAR; REGION VIII (EASTERN VISAYAS)"
"JAMPAT BUILDERS CORP.","2024020137766-62","February 22, 2024","Registered","JAMPAT BLDG ; Gaggabutan West; RIZAL; CAGAYAN; REGION II (CAGAYAN VALLEY); 3526"
"AVILA CONSTRUCTION & DEVELOPMENT (ACDC) CORP.","CS200415580","October 1, 2004","Revoked","L22 B1 LOUSHEFF ST PAMAHAY HOMES BRGY. PASONG PUTIK; NOVALICHES; ; QUEZON CITY; SECOND DISTRICT; NATIONAL CAPITAL REGION (NCR)"
"C.M. AVILA CONSTRUCTION CORPORATION","CS201535654","January 30, 2015","Delinquent","3/F POLAR CENTER BLDG.; ; EDSA COR CORNELL ST ; CITY OF MANDALUYONG; SECOND DISTRICT; NATIONAL CAPITAL REGION (NCR)"
"N.B. AVILA CONSTRUCTION AND TRADING CORP.","2022040048958-01","April 8, 2022","Registered","2725 BUCAL-3B ; Bucal III B; MARAGONDON; CAVITE; REGION IV-A (CALABARZON); 4112"
"5S DEVELOPMENT Corporation","CS201812159","July 3, 2018","Registered","Building 1; ; Zone 4; ; MISAMIS ORIENTAL; REGION X (NORTHERN MINDANAO); 9001"
"AAGroup Construction & Development Corporation","2025020188273-00","February 13, 2025","Registered","71 ; JOSE ABAD SANTOS AVENUE ; Salawag; CITY OF DASMARIAS; CAVITE; REGION IV-A (CALABARZON); 4114"
"Alpha Dragon Leisure and Development Corporation","2024010133312-12","January 26, 2024","Registered","5 ; ILANG ILANG ; Bahay Toro; QUEZON CITY; SECOND DISTRICT; NATIONAL CAPITAL REGION (NCR); 1106"
"E & D REALTY AND DEVELOPMENT CORPORATION","2022110075974-04","November 17, 2022","Registered","CARTAGENA STREET ; Ilaud Poblacion; 4TH ; BAROTAC NUEVO; ILOILO; REGION VI (WESTERN VISAYAS); 5007"
"FAMILY HOME REALTY AND DEVELOPMENT CORPORATION","2023070109265-47","July 24, 2023","Registered","PUROK 1 MAHARLIKA H WAY ; Osmea (Sinippil); ILAGAN CITY (Capital); ISABELA; REGION II (CAGAYAN VALLEY); 3300"
"NYKE DEVELOPMENT CORPORATION doing business under the name/s and style/s of Nyke Construction","2023030092748-00","March 28, 2023","Registered","BLOCK 31 LOTS 1 AND 2 ; PORTLAND STREET ; ROYALE CEBU ESTATES ; Poblacion Occidental; CONSOLACION; CEBU; REGION VII (CENTRAL VISAYAS); 6001"
"" PANGASINAN DEVELOPMENT CORPORATION"","0000026195","November 25, 1964","Revoked","DAGUPAN CITY; PANGASINAN; REGION I (ILOCOS REGION)"
""A & A AGRO DEVELOPMENT CORPORATION"","0000035869","July 24, 1968","Suspended","REAL STREET ; CITY OF LAS PIAS; FOURTH DISTRICT; NATIONAL CAPITAL REGION (NCR)"
""A.A. ALEDIA AGRO-FISHERIES DEVELOPMENT CORPORATION"","0000076032","October 7, 1977","Registered","GUERRERO ST. ; DAVAO CITY; DAVAO DEL SUR; REGION XI (DAVAO REGION)"
""BENILUZ DEVELOPMENT CORPORATION"","0000075623","September 13, 1977","Registered","J. RIZAL ST. ; CITY OF MAKATI; FOURTH DISTRICT; NATIONAL CAPITAL REGION (NCR)"
"A.M. ORETA & CO. INC.","0000002346","December 13, 1946","Registered","U-801; 8/F ; 88 CORPORATE CENTER; 141 VALERO STREET; ; SALCEDO VILLAGE ; CITY OF MAKATI; FOURTH DISTRICT; NATIONAL CAPITAL REGION (NCR)"
"M.A. ORETA & CO. INC.","0000099863","July 9, 1981","Revoked","MAKATI; M.M. ; CITY OF MANILA; NATIONAL CAPITAL REGION (NCR)"
"SAGITTARIUS CONSTRUCTION & DEVELOPMENT CORPORATION","0000060685","March 20, 1975","Revoked","CITY OF MANILA; FIRST DISTRICT; NATIONAL CAPITAL REGION (NCR)"
"R.S. MESA CONSTRUCTION CORPORATION","AS95004230","April 28, 1995","Registered","100 ANTAZO SUBD BINANGONAN RIZAL ; RIZAL; REGION IV-A (CALABARZON)"
"TM ABAD CONSTRUCTION CORP.","CS201817788","August 20, 2018","Registered","URBANO STREET; SITIO BIGA ; Alagao; SAN ILDEFONSO; BULACAN; REGION III (CENTRAL LUZON); 3010"
"DANSBURG MACRO-BUILDERS INC.","CS201629021","December 14, 2016","Registered","14-J 4/F 168SHOPPING ; MALL; SOLER ; CITY OF MANILA; FIRST DISTRICT; NATIONAL CAPITAL REGION (NCR)"
"JAMJLE PROPERTIES (SUBIC) AND DEVELOPMENT CORPORATION","CS200706661","May 4, 2007","Registered","Lot 2-K ; Aim High cor Commitment Ave.; ; SUBIC; ZAMBALES; REGION III (CENTRAL LUZON)"
"IJK MAE CONSTRUCTION INC.","CS201639557","January 25, 2016","Registered","19TH ; ST. MELANCIO EXT. ; CABANATUAN CITY; NUEVA ECIJA; REGION III (CENTRAL LUZON)"
"C FLORES CONSTRUCTION AND DEMOLITION OPC","2023030090150-07","March 10, 2023","Registered","23 ; BAHAWAN STREET CORNER PAYTE STREET; BRGY MASAMBONG ; Masambong; QUEZON CITY; SECOND DISTRICT; NATIONAL CAPITAL REGION (NCR); 1105"
"CF FLORES CONSTRUCTION AND CONSULTANCY Co.","PG201807354","May 16, 2018","Registered","16 ; Olive st.; Dona Petrona Subd. ; QUEZON CITY; SECOND DISTRICT; NATIONAL CAPITAL REGION (NCR); 1107"
"KS FLORES CONSTRUCTION CORPORATION","2023030090748-12","March 15, 2023","Registered","211 ZAMORA A; ; Poblacion; PILAR; BATAAN; REGION III (CENTRAL LUZON); 2105"
"R. G. FLORES CONSTRUCTION DEVELOPMENT CORPORATION","CS201311892","June 24, 2013","Delinquent","193-D ; SOUTH ZUZUARREGUI ; QUEZON CITY; SECOND DISTRICT; NATIONAL CAPITAL REGION (NCR)"
"TIERRA FLORES CONSTRUCTION AND TRADING INC.","CS201611703","June 7, 2016","Delinquent","B8 SAMPAGUITA ; LUPANG ARENDA ; RIZAL; REGION IV-A (CALABARZON)"
"A.P. CHU CONSTRUCTION AND DEVELOPMENT CORP.","CS201714677","May 8, 2017","Registered","CALANIPAWAN RD. ; TACLOBAN CITY (Capital); LEYTE; REGION VIII (EASTERN VISAYAS)"
"EC KONSTRUCT DESIGN AND BUILD BUILDERS OPC","2024070161449-03","July 27, 2024","Registered","B9 L2 ; 2 ; KS22 ; SHELLEY ; LANCASTER NEW CITY ; Navarro; CAVITE ; GENERAL TRIAS; CAVITE; REGION IV-A (CALABARZON); 4107"
"EC Rise Builders; Inc.","2025050200387-00","May 7, 2025","Registered","Bagacay West; MAASIN; ILOILO; REGION VI (WESTERN VISAYAS); 5030"
"EC SOLICON BUILDERS & SUPPLY; INC.","CS201331395","October 3, 2013","Registered","DDOR C NDTC CENTRUM ; LAPULAPU ; CITY OF TACURONG; SULTAN KUDARAT; REGION XII (SOCCSKSARGEN); 9800"
"3EJ BUILDERS AND FABRICATIONS COMPANY","2025040199739-14","May 2, 2025","Registered","BLOCK 7 ; OCAMPO STREET ; Ungot; CITY OF TARLAC (Capital); TARLAC; REGION III (CENTRAL LUZON); 2300"
"CHANCEUX BUILDERS DEPOT CORP.","2020090002043-07","September 14, 2020","Registered","47 ; . ; . ; ; ; VISAYAS AVE ; Vasra; . ; QUEZON CITY; SECOND DISTRICT; NATIONAL CAPITAL REGION (NCR); 1630"
"FIRST CHOICE BUILDERS CORP.","2025050200003-04","May 5, 2025","Registered","BLOCK 32 LOT 8 PHASE 2 ; TULIP ; SOLDIERS HILLS IV ; Molino IV; BACOOR CITY; CAVITE; REGION IV-A (CALABARZON); 4102"
"HI-TEMP BUILDERS CORPORATION","2022060055046-09","June 7, 2022","Registered","504 ; SAMPAGUITA ; Buhangin (Pob.); DAVAO CITY; DAVAO DEL SUR; REGION XI (DAVAO REGION); 8000"
"Scout Builders Hardware Supply OPC","2024080166123-00","August 28, 2024","Registered","39 ; SCT. YBARDOLAZA ; Sacred Heart; SECOND DISTRICT - QUEZON CITY ; QUEZON CITY; SECOND DISTRICT; NATIONAL CAPITAL REGION (NCR); 1103"
"Sinirangan Builders Corp.","2023100121813-00","October 19, 2023","Registered","Poblacion Ward 12; BUTAK ; GUIUAN; EASTERN SAMAR; REGION VIII (EASTERN VISAYAS); 6809"
"TaxMan Builders Corporation","2024100174086-14","October 21, 2024","Registered","NMTTI BUILDING ; ABELLANOSA ; RAMIRO COMPOUND ; Consolacion; CAGAYAN DE ORO CITY (Capital); MISAMIS ORIENTAL; REGION X (NORTHERN MINDANAO); 9015"
"GOLDEN CONSTRUCTION SUPPLY COMPANY","P000032551","September 1, 1977","Registered","CITY OF MANILA; FIRST DISTRICT; NATIONAL CAPITAL REGION (NCR)"
"AABC GOLDEN CONSTRUCTION INC.","2023050099507-02","May 17, 2023","Registered","16 ; MAHIYAIN ST. ; DILIMAN ; Sikatuna Village; QUEZON CITY; SECOND DISTRICT; NATIONAL CAPITAL REGION (NCR); 1101"
"ADC GOLDEN CONSTRUCTION CORP.","CS202052450","October 13, 2020","Delinquent","BLDG 2 UNIT 1211 URBAN DECA HOMES ; VITAS ; CITY OF MANILA; NATIONAL CAPITAL REGION (NCR); 1013"
"E C GOLDEN CONSTRUCTION SERVICES CO.","2022020042509-16","February 17, 2022","Registered","Malacaang; CULASI; ANTIQUE; REGION VI (WESTERN VISAYAS); 5708"
"FERROHEMA GOLDEN CONSTRUCTION CORPORATION","CS202006009","August 13, 2020","Delinquent","90 ; PUROK 3 ; CALUMPIT; BULACAN; REGION III (CENTRAL LUZON); 3003"
"GLOBAL PILIPINO GOLDEN CONSTRUCTION AND DEVELOPMENT CORP.","CS201414501","July 25, 2014","Delinquent","JECO PRIME BLDG 20TH ; DRIVE; MCKINLEY BUS. ; TAGUIG CITY; FOURTH DISTRICT; NATIONAL CAPITAL REGION (NCR)"
"JCP GOLDEN CONSTRUCTION INC.","2023020084843-10","February 6, 2023","Registered","UNIT M ; THEOBROMA ESTATE ; 47 P TUAZON ; San Martin De Porres; QUEZON CITY; SECOND DISTRICT; NATIONAL CAPITAL REGION (NCR); 1111"
"MEGAGOLD CONSTRUCTION AND DEVELOPMENT; OPC","OPC20190000757","September 3, 2019","Registered","2764 ; Arnaldo Boulevard ; Baybay; ROXAS CITY (Capital); CAPIZ; REGION VI (WESTERN VISAYAS); 5800"
"C.B. GARAY PHILWIDE BUILDERS J.V. 417LP CONSTRUCTION CO.","2024040143928-01","April 1, 2024","Registered","PUROK 7 ; Gabon; 3RD ; POLANGUI; ALBAY; REGION V (BICOL REGION); 4506"
"C.B. GARAY PHILWIDE BUILDERS/ARCON SYNERGY INC.","CS200715864","October 5, 2007","Revoked","16 COR. MARCOS HIGHWAY ; YAKAL ST. ; CITY OF PASIG; SECOND DISTRICT; NATIONAL CAPITAL REGION (NCR)"
"BHENLLABIEN BUILDERS CORPORATION","2020080001413-00","August 14, 2020","Registered","993 ; Purok 6 ; San Cristobal; SAN PABLO CITY; LAGUNA; REGION IV-A (CALABARZON); 4000"
"NEW JASMIN CONSTRUCTION INCORPORATED","2021110033595-16","November 23, 2021","Registered","086 ; SAN ROQUE ; San Roque (Pob.); VIRAC ; VIRAC (Capital); CATANDUANES; REGION V (BICOL REGION); 4800"
"LUG KONSTRACT; INC.","CS201701865","January 18, 2017","Registered","ZONE 5-B UTAP ; TACLOBAN CITY (Capital); LEYTE; REGION VIII (EASTERN VISAYAS)"
"PYUKEI CONSTRUCTION INC.","CS201227125","February 1, 2012","Registered","PALO; LEYTE; REGION VIII (EASTERN VISAYAS)"
"Garcia & Gomez Construction Company","2023100119641-28","October 5, 2023","Registered","BLOCK 3 LOT 114 ; SOUTHVILLE 6 ; Kay-Anlog; CALAMBA CITY LAGUNA ; CITY OF CALAMBA; LAGUNA; REGION IV-A (CALABARZON); 4028"
"N.B. GOMEZ CONSTRUCTION INC.","CS201232166","November 29, 2012","Registered","6 Fairview Homes ; Sabellano Street ; CEBU CITY (Capital); CEBU; REGION VII (CENTRAL VISAYAS); 6000"
"ISHIZAKI CONSTRUCTION & DEVELOPMENT CORPORATION","CS201616764","July 29, 2016","Registered","UNIT 2604 ; TYCOON CENTRE ; PEARL DRIVE; ORTIGAS CENTER ; CITY OF PASIG; SECOND DISTRICT; NATIONAL CAPITAL REGION (NCR)"
"C.T. LEONCIO CONSTRUCTION AND TRADING AND TIGER VALLEY BUILDERS CORPORATION","CS201323487","February 4, 2014","Suspended","20 ; MAKABULOS ST ; CITY OF ANTIPOLO; RIZAL; REGION IV-A (CALABARZON)"
"C.T. Leoncio Construction and Trading Corp.","2024100173865-00","October 18, 2024","Registered","9002 ; MATANG TUBIG ; Guyong; 6TH DISTRICT ; SANTA MARIA; BULACAN; REGION III (CENTRAL LUZON); 3022"
"C.T. LEONCIO CONSTRUCTION AND TRADING M.V. CALDO CONSTRUCTION AND SUPPLY CORPORATION J.V. CO.","PG201818663","August 24, 2018","Registered","322 ; Maharlika Highway ; BATANGAS; REGION IV-A (CALABARZON); 4234"
"KAIZER LEONCIO CONSTRUCTION AND SUPPLY CO.","2021110030906-05","November 2, 2021","Registered","NORTH NATIONAL HIGHWAY ; San Manuel; PUERTO PRINCESA CITY (Capital); PALAWAN; REGION IV-B (MIMAROPA); 5300"
"A.G. SERRANO CONSTRUCTION COMPANY","P000039599","February 9, 1984","Registered","2ND FLOOR OF LIM BLDG.; ATOP MIYAKO TEMPURAL RESTAURANT; NO. 1675-G ; QUEZON AVE. ; QUEZON CITY; SECOND DISTRICT; NATIONAL CAPITAL REGION (NCR)"
"M.M. SERRANO CONSTRUCTION COMPANY","PG201220798","November 12, 2012","Registered","110 ; BATISAN ST ; CABANATUAN CITY; NUEVA ECIJA; REGION III (CENTRAL LUZON)"
"LD MD ONLINE DEVELOPERS INC. doing business under the name and style of ONLINEDOC","2020060000362-14","June 2, 2020","Delinquent","73A4 ; Bugallon St.; ; Aurora Hill; South Central; BAGUIO CITY; BENGUET; CORDILLERA ADMINISTRATIVE REGION (CAR); 2600"
"SUNTECH BUSINESS DEVELOPERS OPC","2025020186701-05","February 3, 2025","Registered","75 ; DONA FRANCESCA ; FILINVEST HOMES 2 ; Bagong Silangan; QUEZON CITY; SECOND DISTRICT; NATIONAL CAPITAL REGION (NCR); 1119"
"101 PROPERTY PLANNERS & DEVELOPERS CORPORATION","CS200800602","January 16, 2008","Registered","UNIT 202 TOPAZ BLDG. ; QUEZON CITY; SECOND DISTRICT; NATIONAL CAPITAL REGION (NCR)"
"101 REALTY DEVELOPERS INC.","CS201216040","August 30, 2012","Registered","120 ; J DE MESA ; CITY OF MANILA; NATIONAL CAPITAL REGION (NCR)"
"157 DEVELOPERS INC.","CS200729771","September 5, 2007","Revoked","157 RAMON DUTERTE ST. ; BANAWA ; CEBU CITY (Capital); CEBU; REGION VII (CENTRAL VISAYAS)"
"25TH CENTURY PROPERTY DEVELOPERS CORP.","A199611084","January 15, 1997","Revoked","NO. 79 PANAY AVENUE QUEZON CITY METRO MANILA ; CITY OF MANILA; NATIONAL CAPITAL REGION (NCR)"
"4RS DEVELOPERS UNLIMITED; INC.","CS200409324","June 30, 2004","Revoked","317 ROOSEVELT AVENUE; SAN FRANCISCO DEL MONTE ; QUEZON CITY; SECOND DISTRICT; NATIONAL CAPITAL REGION (NCR)"
"577 PROPERTY DEVELOPERS INC.","CS200811428","July 18, 2008","Registered","unit 211 ridgeway cond 70 ; dansalan st ; CITY OF MANDALUYONG; SECOND DISTRICT; NATIONAL CAPITAL REGION (NCR)"
"7 SEAS BUILDERS AND DEVELOPERS INC.","CS201601283","January 21, 2016","Delinquent","33-C EMERALD AVE. ; EMERALD COURT SUBD. ; PATEROS; FOURTH DISTRICT; NATIONAL CAPITAL REGION (NCR)"
"830 BUILDERS & DEVELOPERS CORP.","A200100811","January 2, 2001","Registered","ILUSRE AVE.; LEMERY; BATANGAS ; BATANGAS; REGION IV-A (CALABARZON)"
"LIBRA SEVEN CONSTRUCTION CORPORATION","CS201503257","February 20, 2015","Delinquent","AGUILAR; PANGASINAN; REGION I (ILOCOS REGION)"
"A-BROS. CONSTRUCTION AND DEVELOPMENT CORPORATION","CS201300977","January 17, 2013","Registered","309 ; AMAR VILLAGE ; SANTA ROSA; LAGUNA; REGION IV-A (CALABARZON)"
"ABAD BROS. CONSTRUCTION COMPANY","P000019242","March 12, 1970","Registered","2001-2003 ; C SINGALONG ; CITY OF MANILA; FIRST DISTRICT; NATIONAL CAPITAL REGION (NCR)"
"ANIMAS BROS CONSTRUCTION CORPORATION","CS201808598","May 28, 2018","Registered","Purok Sampaguita ; SAPANG DALAGA; MISAMIS OCCIDENTAL; REGION X (NORTHERN MINDANAO); 7212"
"ARCEO BROS. CONSTRUCTION & DEV'T. CORP.","CS200815377","September 26, 2008","Suspended",""
"B. BROS CONSTRUCTION & TRADING CORPORATION","A200012610","August 29, 2000","Revoked","834 QUINTOS ST. SAMPALOC MANILA ; CITY OF MANILA; NATIONAL CAPITAL REGION (NCR)"
"Brilliant Bros Construction Inc.","2024030141297-01","March 13, 2024","Registered","717 ; Capipisa; West ; TANZA; CAVITE; REGION IV-A (CALABARZON); 4108"
"BROS CONSTRUCTION COMPANY","P000022925","July 28, 1972","Registered","2159 ; PLARIDEL ST. ; ANGELES CITY; PAMPANGA; REGION III (CENTRAL LUZON)"
"C-BROS CONSTRUCTION CORPORATION","2024120180587-00","December 11, 2024","Registered","TOWER 8284 ; TOWER 2 GA; AVIDA TOWERS ; SUCAT ROAD; ; San Dionisio; CITY OF PARAAQUE; FOURTH DISTRICT; NATIONAL CAPITAL REGION (NCR); 1700"
"C-BROS CONSTRUCTION OIL TRADING UNIT INC.","2025020188515-07","February 14, 2025","Registered","7F ; FINMAN CENTER BUILDING; 131 ; SALCEDO VILLAGE; ; Bel-Air; CITY OF MAKATI; FOURTH DISTRICT; NATIONAL CAPITAL REGION (NCR); 1209"
"CENTERWAYS CONSTRUCTION AND DEVELOPMENT AND L. BROS CONSTRUCTION AND SUPPLY JV CO.","PG202070144","July 23, 2020","Registered","Cabid-An; SITIO SIP-AC ; CITY OF SORSOGON (Capital); SORSOGON; REGION V (BICOL REGION); 4700"
"TBB CONSTRUCTION CORP.","CS201218428","October 3, 2012","Registered","841 ; PUROK II ; BULACAN; BULACAN; REGION III (CENTRAL LUZON)"
"CARCEL CONSTRUCTION AND DEVELOPMENT Corporation","CS201961652","April 4, 2019","Registered","ROOM 207; TPE BLDG.; GOVERNOR CUENCO AVENUE; ; Banilad; CEBU CITY (Capital); CEBU; REGION VII (CENTRAL VISAYAS); 6000"
"JAICA CONST. CORP.","CS201735733","October 20, 2017","Registered","PUROK ATIS ; DALAHICAN ROAD ; LUCENA CITY (Capital); QUEZON; REGION IV-A (CALABARZON)"
"ZEDIK BUILDERS INC.","CS201404591","March 6, 2014","Suspended","34 ; ANDRES CASTRO ; LAOAG CITY (Capital); ILOCOS NORTE; REGION I (ILOCOS REGION)"
"647 CONSTRUCTION AND DEVELOPMENT Corporation","CS201818903","August 28, 2018","Registered","Unit I East Plaza Arcade; East Poblacion ; National Highway ; CEBU; REGION VII (CENTRAL VISAYAS); 6037"
"22 PRIME CONSTRUCTION AND REALTY DEVELOPMENT INC.","CS201804424","March 28, 2018","Registered","ABUAB ; SITIO ; RIZAL; REGION IV-A (CALABARZON); 1850"
"REDSON CONSTRUCTION AND SUPPLIES; INC.","CS201737517","November 13, 2017","Registered","CFC BLDG.; ; RIZAL LACSON STS.; ; BACOLOD CITY (Capital); NEGROS OCCIDENTAL; REGION VI (WESTERN VISAYAS); 6100"
"NAZ GABRIEL CONSTRUCTION CORP.","2025040196245-15","April 2, 2025","Registered","MONTEVISTA ST ; Poblacion; DISTRICT I ; TAYTAY; PALAWAN; REGION IV-B (MIMAROPA); 5300"
"GASAT BUILDERS AND SUPPLIES INC.","CS202009228","December 3, 2020","Registered","DIPACULAO; AURORA; REGION III (CENTRAL LUZON); 3203"
"AENCARNACION REYES CONSTRUCTION CORP.","CS201219146","October 12, 2012","Delinquent","109 ; pilipinismo st ; LEMERY; BATANGAS; REGION IV-A (CALABARZON)"
"C.E.REYES CONSTRUCTION INC.","CS201005252","March 31, 2010","Suspended","547 SKS BLDG. ; BANAWE ST. ; QUEZON CITY; SECOND DISTRICT; NATIONAL CAPITAL REGION (NCR)"
"DELOS REYES CONSTRUCTION & PROJECT MANAGEMENT OPC","2023110126601-07","November 30, 2023","Registered","LOT 6 BLOCK 5 ; SOUTHWYND RESIDENCES ; Palo-Alto; CALAMBA ; CITY OF CALAMBA; LAGUNA; REGION IV-A (CALABARZON); 4027"
"DF REYES CONSTRUCTION & DEV. CORP.","A200116979","November 12, 2001","Revoked","UNIT 1206 12/F SOUTH CENTER TOWER CONDO. CORP. 2206 MARKET ST. MADRIGAL BUSINESS PARK ALABANG MUN ; CITY OF MANILA; NATIONAL CAPITAL REGION (NCR)"
"J.M. REYES CONSTRUCTION AND DEVELOPMENT CORPORATION","CS201420769","October 22, 2014","Delinquent","MALVAR; BATANGAS; REGION IV-A (CALABARZON)"
"LED REYES CONSTRUCTION (LRC); OPC","2022070061638-05","July 28, 2022","Registered","LOT 34 ; MARITIME SUBDIVISION ; Santa Rita; PINAMALAYAN; ORIENTAL MINDORO; REGION IV-B (MIMAROPA); 5208"
"M.F. REYES CONSTRUCTION CORPORATION","CS200500842","January 21, 2005","Suspended","B23 L31 ; JAMAICA ST.; ; QUEZON CITY; SECOND DISTRICT; NATIONAL CAPITAL REGION (NCR)"
"O. P. Reyes Construction Corporation","2022040049182-01","April 11, 2022","Registered","098 ; SANGALANG STREET; ; Sangalang; LEMERY; BATANGAS; REGION IV-A (CALABARZON); 4209"
"RV DELOS REYES CONSTRUCTION AND TRADING CORPORATION","CS201822561","October 12, 2018","Registered","No. 5 ; Jesus St. ; CALACA; BATANGAS; REGION IV-A (CALABARZON); 4212"
"SHIRLEY C. REYES CONSTRUCTION SUPPLIES CORPORATION","CS201825369","December 4, 2018","Registered","BATANGAS; REGION IV-A (CALABARZON); 4227"
"CAGALAWAN ENTERPRISES INC. FORMERLY: A.P. CAGALAWAN ENTERPRISES INC.","CS201802379","March 6, 2018","Registered","ZONE 1 ; Igpit; OPOL; MISAMIS ORIENTAL; REGION X (NORTHERN MINDANAO); 9016"
"RUBIKS CONSTRUCTION CORPORATION","2022060054518-27","June 2, 2022","Registered","DOOR 8 3/FLR. ; KS BUSINESS CENTER ; J. ABAD SANTOS ST.; ; Magugpo Poblacion; CITY OF TAGUM (Capital); DAVAO DEL NORTE; REGION XI (DAVAO REGION); 8100"
"MAMSAR CONSTRUCTION AND INDUSTRIAL CORPORATION","0000131256","February 21, 1986","Registered","MAMSAR Compound; ; Macapagal Avenue; ; ILIGAN CITY; LANAO DEL NORTE; REGION X (NORTHERN MINDANAO); 9200"
"C.T. LEONCIO CONSTRUCTION AND TRADING AND TIGER VALLEY BUILDERS CORPORATION","CS201323487","February 4, 2014","Suspended","20 ; MAKABULOS ST ; CITY OF ANTIPOLO; RIZAL; REGION IV-A (CALABARZON)"
"C.T. Leoncio Construction and Trading Corp.","2024100173865-00","October 18, 2024","Registered","9002 ; MATANG TUBIG ; Guyong; 6TH DISTRICT ; SANTA MARIA; BULACAN; REGION III (CENTRAL LUZON); 3022"
"C.T. LEONCIO CONSTRUCTION AND TRADING M.V. CALDO CONSTRUCTION AND SUPPLY CORPORATION J.V. CO.","PG201818663","August 24, 2018","Registered","322 ; Maharlika Highway ; BATANGAS; REGION IV-A (CALABARZON); 4234"
"KAIZER LEONCIO CONSTRUCTION AND SUPPLY CO.","2021110030906-05","November 2, 2021","Registered","NORTH NATIONAL HIGHWAY ; San Manuel; PUERTO PRINCESA CITY (Capital); PALAWAN; REGION IV-B (MIMAROPA); 5300"
"JDR CONSTRUCTION CORP.","A200106395","May 7, 2001","Suspended","METRO MANILA ; CITY OF MANILA; NATIONAL CAPITAL REGION (NCR)"
"EMSYM Construction Corp.","2022060055805-01","June 13, 2022","Registered","397 ; G/F ; EMSYM APT. ; TANGUILE ST. ; Cembo; CITY OF MAKATI; FOURTH DISTRICT; NATIONAL CAPITAL REGION (NCR); 1214"
"I V Y MICHELLE TRADING AND CONSTRUCTION /A.R. LUSTRE; JR. CONSTRUCTION - (JOINT VENTURE) CO.","PG201118486","October 19, 2011","Registered","national hi-way ; NARRA; PALAWAN; REGION IV-B (MIMAROPA)"
"AAGroup Construction & Development Corporation","2025020188273-00","February 13, 2025","Registered","71 ; JOSE ABAD SANTOS AVENUE ; Salawag; CITY OF DASMARIAS; CAVITE; REGION IV-A (CALABARZON); 4114"
"ARAGDON AND CHAVEZ CONSTRUCTION SERVICES CORPORATION","2021070021043-51","July 28, 2021","Registered","MCS BULDING ADVINCULA AVENUE ALAPAN II-A ; Ligtasan; IMUS CITY; CAVITE; REGION IV-A (CALABARZON); 2300"
"BIG JC CONSTRUCTION CORP.","2022060056899-03","June 22, 2022","Registered","1013 S.TEODORO ST. ; Tondo I/II - Barangay 196; CITY OF MANILA; FIRST DISTRICT; NATIONAL CAPITAL REGION (NCR); 1013"
"CLJR CONSTRUCTION OPC","2023080111000-01","August 4, 2023","Registered","4C ; RAYMUNDO AVENUE ; Rosario; CITY OF PASIG; SECOND DISTRICT; NATIONAL CAPITAL REGION (NCR); 1609"
"DMZ CONSTRUCTION CORPORATION","2024020134407-02","February 2, 2024","Registered","#199 ; San Jose; SANTO TOMAS; BATANGAS; REGION IV-A (CALABARZON); 4234"
"DUX CONSTRUCTION INC.","2024100171818-03","October 4, 2024","Registered","BLK 12 LOT 28 ; SAINT PETER STREET ; SAN PEDRO VII ; San Bartolome; QUEZON CITY; SECOND DISTRICT; NATIONAL CAPITAL REGION (NCR); 1116"
"E. Y. MERCADO CONSTRUCTION CORPORATION doing business under the name and style of E Y MERCADO CONSTRUCTION","2021070020609-12","July 23, 2021","Registered","BLK 1 LOT 25 ; OLIVAREZ COMPOUND 2 ; San Roque; CITY OF SAN PEDRO; LAGUNA; REGION IV-A (CALABARZON); 4023"
"JMD8 CONSTRUCTION CORPORATION","2025040199061-05","April 25, 2025","Registered","85 ; KAPILIGAN STREET ; Doa Imelda; QUEZON CITY; SECOND DISTRICT; NATIONAL CAPITAL REGION (NCR); 1113"
"MARJETECH CONSTRUCTION & TRADING OPC","2023050101306-02","May 30, 2023","Registered","ZONE 7; ; Santo Domingo; BOMBON; CAMARINES SUR; REGION V (BICOL REGION); 4404"
"MARSUN CONSTRUCTION; INCORPORATED","2022060054431-02","June 1, 2022","Registered","PAYATAS ROAD CORNER MAHOGANY STREET ; Payatas; QUEZON CITY; SECOND DISTRICT; NATIONAL CAPITAL REGION (NCR); 1119"
"ROCKWELL BUILDERS & SVCS. CORP.","A199806198","May 7, 1998","Suspended","2828 MOLAVE ST.; TONDO; MANILA ; CITY OF MANILA; NATIONAL CAPITAL REGION (NCR)"
"ACD ASTROBUILT CONSTRUCTION & DEVELOPMENT INC.","CS201232811","September 24, 2012","Registered","5 ; SAN PEDRO VILLAGE EXTENSION ; DAVAO CITY; DAVAO DEL SUR; REGION XI (DAVAO REGION)"
"LOUREL DEVELOPMENT CORPORATION","CS201112435","July 20, 2011","Registered","J.P. LAUREL HI-WAY cor. V. TEMPLO ST. ; Banaybanay; LIPA CITY; BATANGAS; REGION IV-A (CALABARZON); 4217"
"1HB CONSTRUCTION Corp.","CS201952011","April 24, 2019","Registered","0 ; BACOOD ; GUIGUINTO; BULACAN; REGION III (CENTRAL LUZON); 3015"
"Verdax Builders Corporation","2022070059488-03","July 11, 2022","Registered","NAMPICUAN-CUYAPO ROAD ; Bentigan; CUYAPO; NUEVA ECIJA; REGION III (CENTRAL LUZON); 3117"
"M A 7 ARROW CONSTRUCTION AND DEVELOPMENT Corp.","CS201806088","April 24, 2018","Delinquent","P2 B29 L19 ; GARDENIA ST.; EVERGREEN EXEC. VILL. ; CALOOCAN CITY; THIRD DISTRICT; NATIONAL CAPITAL REGION (NCR); 1421"
"M A E S T R O CONSTRUCTION INCORPORATED","CS201908285","May 23, 2019","Registered","Block 10 lot 49 ; Marbella ; LAGUNA; REGION IV-A (CALABARZON); 4023"
"M A X I - B I L T CONSTRUCTION INC.","CS200614388","September 8, 2006","Registered","01 BARCELONA COMP. ; PARINAS ST.; ; QUEZON CITY; SECOND DISTRICT; NATIONAL CAPITAL REGION (NCR)"
"M AND J ASSOCIATES DEVELOPMENT AND CONSTRUCTION CORPORATION","CS201621977","September 21, 2016","Delinquent","B5 LOT62 ; BARCELONA SUBD. ; IMUS CITY; CAVITE; REGION IV-A (CALABARZON)"
"AAGroup Construction & Development Corporation","2025020188273-00","February 13, 2025","Registered","71 ; JOSE ABAD SANTOS AVENUE ; Salawag; CITY OF DASMARIAS; CAVITE; REGION IV-A (CALABARZON); 4114"
"ARAGDON AND CHAVEZ CONSTRUCTION SERVICES CORPORATION","2021070021043-51","July 28, 2021","Registered","MCS BULDING ADVINCULA AVENUE ALAPAN II-A ; Ligtasan; IMUS CITY; CAVITE; REGION IV-A (CALABARZON); 2300"
"BIG JC CONSTRUCTION CORP.","2022060056899-03","June 22, 2022","Registered","1013 S.TEODORO ST. ; Tondo I/II - Barangay 196; CITY OF MANILA; FIRST DISTRICT; NATIONAL CAPITAL REGION (NCR); 1013"
"CLJR CONSTRUCTION OPC","2023080111000-01","August 4, 2023","Registered","4C ; RAYMUNDO AVENUE ; Rosario; CITY OF PASIG; SECOND DISTRICT; NATIONAL CAPITAL REGION (NCR); 1609"
"DMZ CONSTRUCTION CORPORATION","2024020134407-02","February 2, 2024","Registered","#199 ; San Jose; SANTO TOMAS; BATANGAS; REGION IV-A (CALABARZON); 4234"
"DUX CONSTRUCTION INC.","2024100171818-03","October 4, 2024","Registered","BLK 12 LOT 28 ; SAINT PETER STREET ; SAN PEDRO VII ; San Bartolome; QUEZON CITY; SECOND DISTRICT; NATIONAL CAPITAL REGION (NCR); 1116"
"DQT BUILDERS CORPORATION","CS200323629","October 22, 2003","Registered","2F ; LUCENA CITY (Capital); QUEZON; REGION IV-A (CALABARZON)"
"GTJ CONSTRUCTION & DQT BUILDERS CO.","2022070060048-04","July 18, 2022","Registered","BURGOS STREET ; Pag-Asa Pob. (4th Zone); SANTA CRUZ; MARINDUQUE; REGION IV-B (MIMAROPA); 4902"
"AAGroup Construction & Development Corporation","2025020188273-00","February 13, 2025","Registered","71 ; JOSE ABAD SANTOS AVENUE ; Salawag; CITY OF DASMARIAS; CAVITE; REGION IV-A (CALABARZON); 4114"
"ARAGDON AND CHAVEZ CONSTRUCTION SERVICES CORPORATION","2021070021043-51","July 28, 2021","Registered","MCS BULDING ADVINCULA AVENUE ALAPAN II-A ; Ligtasan; IMUS CITY; CAVITE; REGION IV-A (CALABARZON); 2300"
"BIG JC CONSTRUCTION CORP.","2022060056899-03","June 22, 2022","Registered","1013 S.TEODORO ST. ; Tondo I/II - Barangay 196; CITY OF MANILA; FIRST DISTRICT; NATIONAL CAPITAL REGION (NCR); 1013"
"CLJR CONSTRUCTION OPC","2023080111000-01","August 4, 2023","Registered","4C ; RAYMUNDO AVENUE ; Rosario; CITY OF PASIG; SECOND DISTRICT; NATIONAL CAPITAL REGION (NCR); 1609"
"DMZ CONSTRUCTION CORPORATION","2024020134407-02","February 2, 2024","Registered","#199 ; San Jose; SANTO TOMAS; BATANGAS; REGION IV-A (CALABARZON); 4234"
"DUX CONSTRUCTION INC.","2024100171818-03","October 4, 2024","Registered","BLK 12 LOT 28 ; SAINT PETER STREET ; SAN PEDRO VII ; San Bartolome; QUEZON CITY; SECOND DISTRICT; NATIONAL CAPITAL REGION (NCR); 1116"
"E. Y. MERCADO CONSTRUCTION CORPORATION doing business under the name and style of E Y MERCADO CONSTRUCTION","2021070020609-12","July 23, 2021","Registered","BLK 1 LOT 25 ; OLIVAREZ COMPOUND 2 ; San Roque; CITY OF SAN PEDRO; LAGUNA; REGION IV-A (CALABARZON); 4023"
"JMD8 CONSTRUCTION CORPORATION","2025040199061-05","April 25, 2025","Registered","85 ; KAPILIGAN STREET ; Doa Imelda; QUEZON CITY; SECOND DISTRICT; NATIONAL CAPITAL REGION (NCR); 1113"
"MARJETECH CONSTRUCTION & TRADING OPC","2023050101306-02","May 30, 2023","Registered","ZONE 7; ; Santo Domingo; BOMBON; CAMARINES SUR; REGION V (BICOL REGION); 4404"
"MARSUN CONSTRUCTION; INCORPORATED","2022060054431-02","June 1, 2022","Registered","PAYATAS ROAD CORNER MAHOGANY STREET ; Payatas; QUEZON CITY; SECOND DISTRICT; NATIONAL CAPITAL REGION (NCR); 1119"
"Dinah RBS Construction and Supply Incorporated","CS202061866","November 3, 2020","Registered","150 ; KABULIHAN ; Ilihan; TOLEDO CITY; CEBU; REGION VII (CENTRAL VISAYAS); 6038"
"GRAND GOODWILL GENERAL CONSTRUCTION & SUPPLY CORP.","2024110176479-07","November 11, 2024","Registered","SENANGOTE 1; PRK. MAHARLIKA ; Magugpo East; CITY OF TAGUM (Capital); DAVAO DEL NORTE; REGION XI (DAVAO REGION); 8100"
"JERA GENERAL CONSTRUCTION & SUPPLY CORP.","CS201330895","August 12, 2013","Delinquent","1395 5TH ST; ; OUR LADY'S VILLAGE ; LEGAZPI CITY (Capital); ALBAY; REGION V (BICOL REGION)"
"GONZALODO ENTERPRISES AND CONSTRUCTION INC.","CS202061912","November 12, 2020","Registered","LEVEL 1 ; GONZALODO BLDG. ; UPPER ; Casili; CONSOLACION; CEBU; REGION VII (CENTRAL VISAYAS); 6001"
"Anex Cosmetics Enterprises OPC","2021110031858-00","November 9, 2021","Registered","F3-11 8TH ST COR ; 23RD ST ; Barangay 183; PASAY CITY; FOURTH DISTRICT; NATIONAL CAPITAL REGION (NCR); 1309"
"GO 2 BIG HOMEDECOR ENTERPRISES and SUPPLIES INC.","2024010129835-72","January 3, 2024","Registered","UNIT ; 6- ; A. BRGY. ; Calzada; BALAYAN; BATANGAS; REGION IV-A (CALABARZON); 4213"
"IVORYSIGN BUSINESS ENTERPRISES CORP.","2024010129819-01","January 3, 2024","Registered","UNIT 8 ; C; ; BRGY. ; Calzada; BALAYAN; BATANGAS; REGION IV-A (CALABARZON); 4213"
"JVM Enterprises OPC","2023100121792-42","October 19, 2023","Registered","ZONE 5 ; Buntatala; JARO ; ILOILO CITY (Capital); ILOILO; REGION VI (WESTERN VISAYAS); 5000"
"OiLife DIRECT SELLING ENTERPRISES OPC","2025080214117-05","August 13, 2025","Registered","304 ; MEDALLA ; CUBAO ; EDSA GEN. MCARTHUR AVENUE ; Socorro; QUEZON CITY ; QUEZON CITY; SECOND DISTRICT; NATIONAL CAPITAL REGION (NCR); 1109"
"VLO Commerce Enterprises Corp.","2024020138765-00","February 28, 2024","Registered","BLK 16 LOT 06 ; ESTANZIA WEST HAKAYHAY ; Sahud Ulan; TANZA; CAVITE; REGION IV-A (CALABARZON); 4108"
"" VERTEC COMMERCIAL ENTERPRISES"","P000020934","January 26, 1971","Registered","CEBU CITY (Capital); CEBU; REGION VII (CENTRAL VISAYAS)"
""A. R. RIVA ENTERPRISES; INC.","0000019803","November 29, 1961","Revoked","4 ; TWIN ; QUEZON CITY; SECOND DISTRICT; NATIONAL CAPITAL REGION (NCR)"
""D" ENTERPRISES CO.; LTD.","P000039735","March 26, 1984","Registered","34 ; F. BLUMENTTRIT ST. ; CITY OF MANDALUYONG; SECOND DISTRICT; NATIONAL CAPITAL REGION (NCR)"
""FALEK ENTERPRISES; INC."","0000056026","May 16, 1974","Registered","CEBU CITY (Capital); CEBU; REGION VII (CENTRAL VISAYAS)"
"AAGroup Construction & Development Corporation","2025020188273-00","February 13, 2025","Registered","71 ; JOSE ABAD SANTOS AVENUE ; Salawag; CITY OF DASMARIAS; CAVITE; REGION IV-A (CALABARZON); 4114"
"ARAGDON AND CHAVEZ CONSTRUCTION SERVICES CORPORATION","2021070021043-51","July 28, 2021","Registered","MCS BULDING ADVINCULA AVENUE ALAPAN II-A ; Ligtasan; IMUS CITY; CAVITE; REGION IV-A (CALABARZON); 2300"
"BIG JC CONSTRUCTION CORP.","2022060056899-03","June 22, 2022","Registered","1013 S.TEODORO ST. ; Tondo I/II - Barangay 196; CITY OF MANILA; FIRST DISTRICT; NATIONAL CAPITAL REGION (NCR); 1013"
"CLJR CONSTRUCTION OPC","2023080111000-01","August 4, 2023","Registered","4C ; RAYMUNDO AVENUE ; Rosario; CITY OF PASIG; SECOND DISTRICT; NATIONAL CAPITAL REGION (NCR); 1609"
"DMZ CONSTRUCTION CORPORATION","2024020134407-02","February 2, 2024","Registered","#199 ; San Jose; SANTO TOMAS; BATANGAS; REGION IV-A (CALABARZON); 4234"
"DUX CONSTRUCTION INC.","2024100171818-03","October 4, 2024","Registered","BLK 12 LOT 28 ; SAINT PETER STREET ; SAN PEDRO VII ; San Bartolome; QUEZON CITY; SECOND DISTRICT; NATIONAL CAPITAL REGION (NCR); 1116"
"E. Y. MERCADO CONSTRUCTION CORPORATION doing business under the name and style of E Y MERCADO CONSTRUCTION","2021070020609-12","July 23, 2021","Registered","BLK 1 LOT 25 ; OLIVAREZ COMPOUND 2 ; San Roque; CITY OF SAN PEDRO; LAGUNA; REGION IV-A (CALABARZON); 4023"
"JMD8 CONSTRUCTION CORPORATION","2025040199061-05","April 25, 2025","Registered","85 ; KAPILIGAN STREET ; Doa Imelda; QUEZON CITY; SECOND DISTRICT; NATIONAL CAPITAL REGION (NCR); 1113"
"MARJETECH CONSTRUCTION & TRADING OPC","2023050101306-02","May 30, 2023","Registered","ZONE 7; ; Santo Domingo; BOMBON; CAMARINES SUR; REGION V (BICOL REGION); 4404"
"MARSUN CONSTRUCTION; INCORPORATED","2022060054431-02","June 1, 2022","Registered","PAYATAS ROAD CORNER MAHOGANY STREET ; Payatas; QUEZON CITY; SECOND DISTRICT; NATIONAL CAPITAL REGION (NCR); 1119"
"Solfio P. Jacinto Construction Inc.","2023020086664-27","February 17, 2023","Registered","PUROK MASAGANA ; Daang Sarile; CABANATUAN CITY; NUEVA ECIJA; REGION III (CENTRAL LUZON); 3100"
"JAICA CONST. CORP.","CS201735733","October 20, 2017","Registered","PUROK ATIS ; DALAHICAN ROAD ; LUCENA CITY (Capital); QUEZON; REGION IV-A (CALABARZON)"
"AGONG BUILDERS AND CONSTRUCTION SUPPLY INC.","CS201536530","June 28, 2015","Registered","285 ; CARNATION ; DAVAO CITY; DAVAO DEL SUR; REGION XI (DAVAO REGION); 8000"
"JIMWELL BUILDERS AND SUPPLIES CORPORATION","2024100172758-85","October 11, 2024","Registered","2 ; NURSERY ; Nursery; CITY OF MASBATE (Capital); MASBATE; REGION V (BICOL REGION); 5400"
"CASAN CONSTRUCTION AND TRADING LIMITED CO.","2022090067234-00","September 7, 2022","Registered","LOT 2 PH 4 ; BANABA ST. ; SOLDIERS HILLS IV ; Molino VI; BACOOR CITY; CAVITE; REGION IV-A (CALABARZON); 4102"
"N. T. SOTELO CONSTRUCTION AND SUPPLY Corporation","CS201815586","July 30, 2018","Registered","NATIONAL ROAD ; NATIONAL ROAD ; INFANTA; QUEZON; REGION IV-A (CALABARZON); 4336"
"JEJOR'S CONSTRUCTION CORPORATION","HS093-000053","January 1, 1993","Registered","MAMBAJAO (Capital); CAMIGUIN; REGION X (NORTHERN MINDANAO)"
"TOUGHBUILT CONSTRUCTION & TRADING; INC.","CS201115445","September 5, 2011","Registered","RM 316 ANITA BLDG.; ; 1300 QUEZON AVENUE ; QUEZON CITY; SECOND DISTRICT; NATIONAL CAPITAL REGION (NCR)"
"1ST J.E. ADLAWAN CONSTRUCTION & SUPPLY CORPORATION","CS201534844","November 17, 2015","Registered","173 ; MINGLANILLA; CEBU; REGION VII (CENTRAL VISAYAS); 6046"
"318 BUILDERS & DEVELOPMENT CORPORATION","CS200502584","February 17, 2005","Revoked","_ ; ST. RUIZ ST.; ; CALAMBA; LAGUNA; REGION IV-A (CALABARZON)"
"3D BUILDERS DEVELOPMENT Corporation","CS201840124","September 18, 2018","Delinquent","Block 15 Lot 34 ; Shasta Drive ; RIZAL; REGION IV-A (CALABARZON); 1870"
"ARJUM BUILDERS & DEVELOPMENT CORPORATION","CS200703648","March 5, 2007","Delinquent","RM. 406 INTEGRATED PROFESSIONAL OFFICES BLDG.; ; Q. AVENUE; ; QUEZON CITY; SECOND DISTRICT; NATIONAL CAPITAL REGION (NCR)"
"Balay Builders Development Corporation","2023020087274-03","February 22, 2023","Registered","728 PHASE 4 ; ALEXANDER ; VISTA VERDE EXECUTIVE VILLAGE ; San Isidro; CAINTA; RIZAL; REGION IV-A (CALABARZON); 1900"
"BILLFINGER BUILDERS DEVELOPMENT CORPORATION","CS201112590","July 22, 2011","Delinquent","b2 l2 ; IMUS CITY; CAVITE; REGION IV-A (CALABARZON)"
"C. DY BUILDERS & DEVELOPMENT CORPORATION","2021030008877-25","March 12, 2021","Registered","LOT 17 BLOCK 3 ; 1 ; DY BLDG. ; DIAMOND ST. CORNER CARNELIAN ST. ; GOLDEN VILLAGE ; Carmen; CAGAYAN DE ORO CITY ; CAGAYAN DE ORO CITY (Capital); MISAMIS ORIENTAL; REGION X (NORTHERN MINDANAO); 9000"
"CENON'S BUILDERS & DEVELOPMENT CORPORATION","CS201517162","August 26, 2015","Delinquent","156 ; MARTINEZ ; CITY OF MANDALUYONG; SECOND DISTRICT; NATIONAL CAPITAL REGION (NCR)"
"CONSOLIDATED MILLENIUM BUILDERS DEVELOPMENT CORPORATION","CS201511537","June 15, 2015","Delinquent","U2502-2503 ATLANTA CENTRE ; 31 ANNAPOLIS ST. ; CITY OF MANILA; NATIONAL CAPITAL REGION (NCR)"
"Cornerstone Movers and Builders Development Corporation","2021090026739-07","September 27, 2021","Registered","191 25-D ; ZETA II BLDG. ; SALCEDO ; LEGASPI VILLAGE ; San Lorenzo; CITY OF MAKATI; FOURTH DISTRICT; NATIONAL CAPITAL REGION (NCR)"
"D'98 Builders Development Corporation","2021030008693-07","March 11, 2021","Registered","Poblacion; NEW CORELLA; DAVAO DEL NORTE; REGION XI (DAVAO REGION); 8104"
"CONCEPCION BASIC BUILDERS INC.","0000077694","January 24, 1978","Registered","1629 Atega St.; ; CITY OF CABADBARAN; AGUSAN DEL NORTE; REGION XIII (Caraga)"
"DANRICH BUILDERS CORPORATION","2022060055435-00","June 9, 2022","Registered","BLK. 19 LOT 12 ; COCOLAND VILLAGE ; Del Remedio; SAN PABLO CITY; LAGUNA; REGION IV-A (CALABARZON); 4000"
"BELCONSTRUCT CORPORATION","CS201820383","September 21, 2018","Registered","Room 203; Gagfa Bldg.; ; Wilson Cor. Pasteur st. ; CEBU; REGION VII (CENTRAL VISAYAS); 6000"
"AARJG BUILDERS CORPORATION","2022040049500-01","April 18, 2022","Registered","PHASE II BLOCK 9 LOT 8 ; VILLAAZALEA ; Ma-a; TALOMO DISTRICT ; DAVAO CITY; DAVAO DEL SUR; REGION XI (DAVAO REGION); 8000"
"MIGO CONSTRUCTION OPC","2025070210063-15","July 17, 2025","Registered","PUROK MAINUSWAGON ; Benitez (Pob.); BANGA; SOUTH COTABATO; REGION XII (SOCCSKSARGEN); 9511"
"JRR MIGO CONSTRUCTION AND SUPPLY CORPORATION","CS202067468","December 14, 2020","Registered","LOT 6; BLK. 5 ; VILLA SENORITA; DIVERSION ROAD ; DAVAO CITY; DAVAO DEL SUR; REGION XI (DAVAO REGION); 8000"
"DREAMBOLT BUILDERS CORPORATION","CS201635928","March 15, 2016","Registered","Rm. F 2nd Floor ; Valgosons Building; ; CITY HALL DRIVE ; DAVAO CITY; DAVAO DEL SUR; REGION XI (DAVAO REGION); 8000"
"FE S. REYES GENERAL CONTRACTOR CORP.","2022090067938-50","September 13, 2022","Registered","185 ; AGUSTIN ST. ; SAN FRANCISCO SUBD. ; Tejero; GENERAL TRIAS; CAVITE; REGION IV-A (CALABARZON); 4107"
"T2B3 BUILDERS AND SUPPLIES CORP.","CS201737540","January 1, 2017","Registered","4140 GREYMAR ST. ; PHASE 3 ; CITY OF TARLAC (Capital); TARLAC; REGION III (CENTRAL LUZON)"
"LABB CONSTRUCTION DEVELOPMENT Inc.","CS202061119","January 17, 2020","Registered","Mariveles; DAUIS; BOHOL; REGION VII (CENTRAL VISAYAS); 6339"
"ALGON ENGINEERING CONSTRUCTION CORPORATION","0000030287","January 1, 1966","Registered","J P CABAGUIO AVENUEDAVAO CITY ; DAVAO DEL SUR; REGION XI (DAVAO REGION)"
"ANVIL ENGINEERING & CONSTRUCTION SERVICES","PP201407436","April 15, 2014","Registered","B24 LOT 14 ; ALVIN ST ; MABALACAT CITY; PAMPANGA; REGION III (CENTRAL LUZON)"
"AR - JI ENGINEERING CONSTRUCTION CORPORATION","2022090069059-09","September 20, 2022","Registered","BLK 9 LOT 45 ; BELAROSA RESIDENCES ; Santa Teresita; SANTO TOMAS; BATANGAS; REGION IV-A (CALABARZON); 4234"
"ARM STRONG ENGINEERING CONSTRUCTION COMPANY","PG201702124","January 20, 2017","Registered","BLK.8LOT8 ; VILLA ISABELITA ; CITY OF LAS PIAS; FOURTH DISTRICT; NATIONAL CAPITAL REGION (NCR)"
"AST GENERAL ENGINEERING CONSTRUCTION SERVICES AND SUPPLY CORP.","CS201328186","February 8, 2013","Suspended","KM 05 MA-A ROAD BUGAC; ; DAVAO CITY; DAVAO DEL SUR; REGION XI (DAVAO REGION)"
"ATLANTIC ENGINEERING & CONSTRUCTION COMPANY","PP200402075","February 10, 2004","Registered","BLK 2 LOT 11 PHASE 2 SOLDIER HILLS ; BACOOR CITY; CAVITE; REGION IV-A (CALABARZON)"
"BETA STRING ENGINEERING CONSTRUCTION CORP.","2021100029996-28","October 28, 2021","Registered","GROUND ; FLOOR ; DBSI BLDG ; MALAGAMOT ROAD ; KM.14 ; Panacan; BUNAWAN DISTRICT ; DAVAO CITY; DAVAO DEL SUR; REGION XI (DAVAO REGION); 8000"
"BUILDSAFEPINAS ENGINEERING CONSTRUCTION CORP.","2022030044194-15","March 2, 2022","Registered","2 ; UNIT 905 ; JAYAPURA BLDG ; BALI ; OASIS ; Santolan; PASIG ; CITY OF PASIG; SECOND DISTRICT; NATIONAL CAPITAL REGION (NCR); 1600"
"CASTAN ENGINEERING & CONSTRUCTION CORP.","2022030045207-02","March 9, 2022","Registered","212-B ; MADOKAY ST. ; Barangay 126; CALOOCAN CITY; THIRD DISTRICT; NATIONAL CAPITAL REGION (NCR); 1400"
"CHINA CIVIL ENGINEERING CONSTRUCTION CORPORATION UNDER THE NAME CHINA CIVIL ENGINEERING CONSTRUCTION CORPORATION PHILIPPINE BRANCH","FS201727169","August 11, 2017","Registered","3/F BUILDERS CENTER ; 170 SALCEDO ; CITY OF MAKATI; FOURTH DISTRICT; NATIONAL CAPITAL REGION (NCR)"
"AQUALINE CONSTRUCTION CORPORATION","2023110125360-00","November 20, 2023","Registered","BLOCK 3 LOT 3; ; GRANDE VALLE SUBDIVISION; ; San Isidro; CAINTA; RIZAL; REGION IV-A (CALABARZON); 1900"
"C. SANTOS CONSTRUCTION AND TRADING OPC","2022020041695-02","February 11, 2022","Registered","PUROK 3 ; Santa Rita; CONCEPCION; TARLAC; REGION III (CENTRAL LUZON); 2316"
"Cortez Santos Construction and Supply Corp.","2021030008490-00","March 10, 2021","Registered","92 ; M.H. DEL PILAR ST. ; Guitnang Bayan II (Pob.); SAN MATEO; RIZAL; REGION IV-A (CALABARZON); 1850"
"DE-LEON-SANTOS CONSTRUCTION COMPANY","P000029627","January 1, 1936","Registered","475 ; C. ALMEDA ; CITY OF MANILA; FIRST DISTRICT; NATIONAL CAPITAL REGION (NCR)"
"GENEVA MANUZON SANTOS CONSTRUCTION COMPANY","PG201402509","February 7, 2014","Registered","BULACAN; REGION III (CENTRAL LUZON)"
"GERAWA; MANUEL AND SANTOS CONSTRUCTION Corp.","CS201956071","October 28, 2019","Delinquent","B1 L4 P1 Fatima Heights Subd. ; B1 L4 P1 Fatima Heights Subd.; ; CAVITE; REGION IV-A (CALABARZON); 4114"
"IMF SANTOS CONSTRUCTION COMPANY","P000039658","March 7, 1984","Registered","1418 ; SISA ST. ; CITY OF MANILA; NATIONAL CAPITAL REGION (NCR)"
"J & G SANTOS CONSTRUCTION COMPANY","P000016669","December 19, 1967","Registered","38 ; 15TH AVENUE ; QUEZON CITY; SECOND DISTRICT; NATIONAL CAPITAL REGION (NCR)"
"J SANTOS CONSTRUCTION; INC.","AS92000377","January 21, 1992","Registered","BLK 9 LOT 5 ; ST. THOMAS ; SANTA ROSA; LAGUNA; REGION IV-A (CALABARZON)"
"J. E. SANTOS CONSTRUCTION CORP.","CS201906753","April 17, 2019","Registered","No. 20 ; Saint Mary St.; San Jose Village ; FOURTH DISTRICT; NATIONAL CAPITAL REGION (NCR); 1770"
"J.A. SANTOS CONSTRUCTION OPC","2021110031441-01","November 4, 2021","Registered","B7 L2 ; SANTAN ST. ; Malamig; BINAN ; CITY OF BIAN; LAGUNA; REGION IV-A (CALABARZON); 4024"
"WAWAO BUILDERS CORPORATION","2025040198133-04","April 16, 2025","Registered","RIZAL ST. ; Barangay 1 (Pob.); SAN JOSE; OCCIDENTAL MINDORO; REGION IV-B (MIMAROPA); 5100"
"DDS Builders Corporation","2023060105004-01","June 22, 2023","Registered","DOOR 4 ; CROSSROAD ARCADE BUILDING ; QUEZON AVENUE ; Poblacion; CITY OF COTABATO; COTABATO CITY; REGION XII (SOCCSKSARGEN); 9600"
"GALFONS BUILDERS & SUPPLY; INC.","CS201736295","October 30, 2017","Delinquent","SAN PEDRO ST.; ; CALATRAVA; NEGROS OCCIDENTAL; REGION VI (WESTERN VISAYAS); 6126"
"RMA Builders & Supplies Corporation","2021110033622-34","November 24, 2021","Registered","CANEJA EXTENSION; ; Padre Inocentes Garcia (Pob.); NAVAL (Capital); BILIRAN; REGION VIII (EASTERN VISAYAS); 6549"
"JASMIG CONSTRUCTION CORPORATION","CS201108960","May 27, 2011","Registered","9007 BK ; NATIONAL HIWAY ; BATANGAS CITY (Capital); BATANGAS; REGION IV-A (CALABARZON)"
"QUIRANTE CONSTRUCTION CORPORATION","CS201613871","June 29, 2016","Registered","SITIO CAYAM ; Colon; CITY OF NAGA; CEBU; REGION VII (CENTRAL VISAYAS); 6037"
"PLUS CONSTRUCTION INDUSTRIES CORP.","CS201318222","September 27, 2013","Registered","2ND AND 3RD FLOOR ; 155 IDM BLDG.; NEIL ARMSTRONG ; Moonwalk; CITY OF PARAAQUE; FOURTH DISTRICT; NATIONAL CAPITAL REGION (NCR)"
"TOUGHBILT CONSTRUCTION & TRADING; INC.","2022040050814-12","April 28, 2022","Registered","NO. 57 ; ALONG NATIONAL ROAD 3RD DISTRICT ; Niugan; ANGAT; BULACAN; REGION III (CENTRAL LUZON); 3012"
"JMT CONSTRUCTION CORP.","CS201326571","April 30, 2013","Registered","SURIGAO CITY (Capital); SURIGAO DEL NORTE; REGION XIII (Caraga)"
"FERDSTAR BUILDERS INC.","CS200811981","July 31, 2008","Registered","VILLA ROSEMARIE ; San Miguel (Betis); GUAGUA; PAMPANGA; REGION III (CENTRAL LUZON)"
"NUEDA BUILDERS CONSTRUCTION & SUPPLY INC.","CS201512105","June 22, 2015","Registered","P. CRUZ ; CITY OF GAPAN; NUEVA ECIJA; REGION III (CENTRAL LUZON)"
"V.B. MANUBAY CONSTRUCTION INC.","CS201422927","November 24, 2014","Delinquent","34 ; A. ROQUE EXTENSION ; CITY OF SANTIAGO; ISABELA; REGION II (CAGAYAN VALLEY)"
"GEMORA MANUBAY CONSTRUCTION INC. doing business under the name and style of GMCI BUILDERS","2024040148448-22","April 30, 2024","Registered","TIAONG LIPA ROAD ; Banaba; PADRE GARCIA; BATANGAS; REGION IV-A (CALABARZON); 4224"
"JANN-NORRIS CONSTRUCTION AND SUPPLIES; INC.","CS201605667","March 16, 2016","Registered","LT223 BLK18 ; 24TH ST. ; CITY OF VALENZUELA; THIRD DISTRICT; NATIONAL CAPITAL REGION (NCR)"
"DMZ CONSTRUCTION CORPORATION","2024020134407-02","February 2, 2024","Registered","#199 ; San Jose; SANTO TOMAS; BATANGAS; REGION IV-A (CALABARZON); 4234"
"E. Y. MERCADO CONSTRUCTION CORPORATION doing business under the name and style of E Y MERCADO CONSTRUCTION","2021070020609-12","July 23, 2021","Registered","BLK 1 LOT 25 ; OLIVAREZ COMPOUND 2 ; San Roque; CITY OF SAN PEDRO; LAGUNA; REGION IV-A (CALABARZON); 4023"
"JMD8 CONSTRUCTION CORPORATION","2025040199061-05","April 25, 2025","Registered","85 ; KAPILIGAN STREET ; Doa Imelda; QUEZON CITY; SECOND DISTRICT; NATIONAL CAPITAL REGION (NCR); 1113"
"(PEC)PHIL. ELECTRIX CONSTRUCTION CORPORATION","CS200519897","December 5, 2005","Registered","_ ; _ ; RIZAL; REGION IV-A (CALABARZON)"
"0212 CONSTRUCTION Corporation","2023060103838-20","June 15, 2023","Registered","HOUSE NO. 388 ; R. DUTERTE STREET ; Guadalupe; CEBU CITY (Capital); CEBU; REGION VII (CENTRAL VISAYAS); 6000"
"10 FIELDS CONSTRUCTION CORPORATION","CS201604035","February 26, 2016","Registered","2507 CITYLAND 10 TOWER 1; ; H.V. DELA COSTA STREET; ; CITY OF MAKATI; FOURTH DISTRICT; NATIONAL CAPITAL REGION (NCR)"
"1013 CONSTRUCTION CORPORATION","CS200413479","September 2, 2004","Revoked","4-K COLUMBIAN INTERNATIONAL TOWERS 500 SANTOL ST.; STA. MESA; ; CITY OF MANILA; FIRST DISTRICT; NATIONAL CAPITAL REGION (NCR)"
"1064 CONSTRUCTION CORPORATION","CS201402037","February 3, 2014","Delinquent","VERBENA ; CITY OF MUNTINLUPA; FOURTH DISTRICT; NATIONAL CAPITAL REGION (NCR)"
"11 DIAMOND EAGLE CONSTRUCTION CORPORATION","CS201951436","March 26, 2019","Registered","35 ; A. MABINI ST. ; LAGUNA; REGION IV-A (CALABARZON); 4023"
"1128 Construction Corporation","2023050099725-04","May 18, 2023","Registered","LIGAO-SABLOYON ROAD ; Batang; CITY OF LIGAO; ALBAY; REGION V (BICOL REGION); 4504"
"E.R. RODRIGUEZ CONSTRUCTION CORPORATION","CS202004690","June 23, 2020","Registered","BATO; CATANDUANES; REGION V (BICOL REGION); 4801"
"J.C. RODRIGUEZ CONSTRUCTION CORPORATION","0000143030","July 31, 1987","Registered","167 RIZAL AVE; RODRIGUEZ; RIZAL ; RIZAL; REGION IV-A (CALABARZON)"
"A. DELA CRUZ BUILDERS INC.","CS201417819","September 12, 2014","Registered","# 12 ; E. Ramos ; QUEZON CITY; SECOND DISTRICT; NATIONAL CAPITAL REGION (NCR); 1101"
"A.L. CRUZ BUILDERS CONSTRUCTION CORP.","2023090118761-09","September 28, 2023","Registered","LOT6 BLOCK2 PH2 ; KISKADEE ST ; MONTEVERDE ROYALE ; San Juan; TAYTAY; RIZAL; REGION IV-A (CALABARZON); 1920"
"BALINBALITOC INC. DOING BUSINESS UNDER THE NAME AND STYLE OF ENGALBI LEASING AND STA. CRUZ BUILDERS INC.","CS201019209","December 13, 2010","Registered","L2 B7 VILLA LOURDES SUBD; ; CONGRESSIONAL AVE. ; QUEZON CITY; SECOND DISTRICT; NATIONAL CAPITAL REGION (NCR)"
"JAR CRUZ BUILDERS CORPORATION","CS20200000752","February 21, 2020","Registered","San Jose (Pob.); CITY OF NAVOTAS; THIRD DISTRICT; NATIONAL CAPITAL REGION (NCR); 1485"
"LBC CRUZ BUILDERS CORPORATION","CS201216434","September 7, 2012","Registered","42 ; VIOLETA VILLAGE ; GUIGUINTO; BULACAN; REGION III (CENTRAL LUZON)"
"MACABEO-CRUZ BUILDERS CO.","A200117664","November 23, 2001","Registered","ABI-102 HARDEN NG ROSAS U.P. CAMPUS QUEZON CITY ; CITY OF MANILA; NATIONAL CAPITAL REGION (NCR)"
"MARC S. CRUZ BUILDERS & TRADING INC.","CS201624555","October 20, 2016","Delinquent","26 NARRA RD.; ; L&S SUBDIVISION ; ANGELES CITY; PAMPANGA; REGION III (CENTRAL LUZON)"
"PLC P.L. CRUZ BUILDERS INC.","AS94005274","June 10, 1994","Revoked","43 VELASQUEZ ST. TAYTAY; RIZAL ; RIZAL; REGION IV-A (CALABARZON)"
"TOLENTINO-CRUZ BUILDERS CO.","P000040183","September 17, 1984","Registered","1040 ; G.G. CRUZ STREET ; CITY OF PARAAQUE; FOURTH DISTRICT; NATIONAL CAPITAL REGION (NCR)"
"TRI-CRUZ BUILDERS & DEV.; INC.","AS93007925","October 11, 1993","Revoked","#22 5TH ST. NEW MANILA Q.C. ; CITY OF MANILA; NATIONAL CAPITAL REGION (NCR)"
"MJR CONSTRUCTION FIRM AND GENERAL MAINTENANCE; OPC","OPC20190000706","September 5, 2019","Registered","414 ; CARLOS TAN ST. ; Alegria; ORMOC CITY; LEYTE; REGION VIII (EASTERN VISAYAS); 6541"
"ZULAR-AZ CONSTRUCTION AND SUPPLY; INC.","CS201536756","August 7, 2015","Registered","blk. 25-lot 12; ; deca homes subd. ; DAVAO CITY; DAVAO DEL SUR; REGION XI (DAVAO REGION)"
"M. MONTESCLAROS ENTERPRISES INC.","HS95000138","July 24, 1995","Registered","BAGONTAS; VALENCIA; BUKIDNON ; BUKIDNON; REGION X (NORTHERN MINDANAO)"
"3R3M CONSTRUCTION AND SUPPLY CORPORATION","2024050150625-15","May 14, 2024","Registered","IBINGAY ; PUROK 7 ; Ibingay; CITY OF MASBATE (Capital); MASBATE; REGION V (BICOL REGION); 5400"
"VENRAY CONSTRUCTION CORPORATION","CS201232221","December 12, 2012","Registered","LOT 2 ; Building No.2 ; VRC Building ; R. DUTERTE STREET ; IN FRONT OF AUTOGAS BANAWA ; Guadalupe; CEBU CITY (Capital); CEBU; REGION VII (CENTRAL VISAYAS); 6000"
"HUMMING BIRD CONSTRUCTION & SUPPLY CORPORATION","CS201703681","-","Registered","CARLSBERG ROAD ; LOPEZ JAENA STREET ; BACOLOD CITY (Capital); NEGROS OCCIDENTAL; REGION VI (WESTERN VISAYAS); 6100"
"Interior Construction Services Corp.","2023100123036-00","October 30, 2023","Registered","17 ; F. PASCO AVENUE ; Santolan; CITY OF PASIG; SECOND DISTRICT; NATIONAL CAPITAL REGION (NCR); 1610"
"JMT MODULAR INTERIOR CONSTRUCTION INC.","CS201500686","January 20, 2015","Registered","11 ; FAITH ST.; M. DELOS REYES ; Hen. T. De Leon; CITY OF VALENZUELA; THIRD DISTRICT; NATIONAL CAPITAL REGION (NCR); 1442"
"MDCC INTERIOR & CONSTRUCTION MANAGEMENT INC.","CS200713635","August 30, 2007","Suspended","1125 ; ANTIPOLO ; CITY OF MAKATI; FOURTH DISTRICT; NATIONAL CAPITAL REGION (NCR)"
"SEWON INTERIOR CONSTRUCTION INC.","CS201822285","October 8, 2018","Registered","Penthouse 1 One Corporate Center ; Julia Vargas ; SECOND DISTRICT; NATIONAL CAPITAL REGION (NCR); 1603"
"SPECIFIED INTERIOR CONSTRUCTION COMPANY","P000037613","February 22, 1982","Registered","III ; L. EDSA ; CITY OF MANDALUYONG; SECOND DISTRICT; NATIONAL CAPITAL REGION (NCR)"
"TOUCH POINT INTERIOR CONSTRUCTION INC.","CS200511231","June 29, 2005","Registered","#1 Claudio cor. Kalaw St. ; Phase IV-B Bahayang ; IMUS CITY; CAVITE; REGION IV-A (CALABARZON)"
"VW INTERIOR CONSTRUCTION SKILLED SERVICES; CO.","PG201735827","October 26, 2017","Registered","19 sto. nino ; villa espana subd. ; QUEZON CITY; SECOND DISTRICT; NATIONAL CAPITAL REGION (NCR)"
"HAWK KEY CONSTRUCTION AND GENERAL MERCHANDISE CORP.","CS200619240","December 11, 2006","Registered","89 GEN SEGUNDO ; HEROES HILL SUBD ; QUEZON CITY; SECOND DISTRICT; NATIONAL CAPITAL REGION (NCR)"
"ST. LOUISE PRIME BUILDERS & DEVELOPMENT CORP.","CS201316609","August 28, 2013","Registered","PAMPANGA; REGION III (CENTRAL LUZON)"
"TOP KMC CONSTRUCTION AND SUPPLY Corp.","CS201915016","September 5, 2019","Registered","No. 45 ; Sen. L. Sumulong Circle ; RIZAL; REGION IV-A (CALABARZON); 1870"
"121-TUANSON CONSTRUCTION OPC operating under the name of TUANSON CONSTRUCTION","2022040050301-04","April 25, 2022","Registered","162 P. LABUCA ST. ; Cansojong; TALISAY ; CITY OF TALISAY; CEBU; REGION VII (CENTRAL VISAYAS); 6045"
"ARMANDO U. KHONG HUN AND ST. GERRARD CONSTRUCTION; LTD. CO.","PL201419885","October 10, 2014","Registered","CY SY BLDG 156 ; LIBERTAD ST ; CALOOCAN CITY; THIRD DISTRICT; NATIONAL CAPITAL REGION (NCR)"
"ST. GERRARD CONSTRUCTION AND R.G. FLORENTINO CONSTRUCTION & TRADING COMPANY","PG201420430","October 17, 2014","Registered","VILLAMOR ST.; ; ROMBLON (Capital); ROMBLON; REGION IV-B (MIMAROPA)"
"ST. GERRARD CONSTRUCTION GEN. CONTRACTOR & DEVELOPMENT CORP.","CS201522644","November 12, 2015","Registered","0792 ; F. MANALO COR J PUEBLO ; CITY OF PASIG; SECOND DISTRICT; NATIONAL CAPITAL REGION (NCR)"
"SILVERRIA CONSTRUCTION AND CONSTRUCTION SUPPLY COMPANY; OPC","OPC20200000001","January 7, 2020","Registered","Burgos St.; ; Barangay II (Pob.); PONTEVEDRA; NEGROS OCCIDENTAL; REGION VI (WESTERN VISAYAS); 6105"
"THREE K CONSTRUCTION AND ENTERPRISES INC.","CS201972174","August 19, 2019","Registered","2ND FLOOR ; ADH APARTMENT & APARTELLE CORP ; PUROK GOLDEN SHOWER; YANGCO STREET ; Makuguihon (Pob.); MOLAVE; ZAMBOANGA DEL SUR; REGION IX (ZAMBOANGA PENINSULA); 7023"
"G.T.H. AGRICULTURAL ENTERPRISES; INC.","0000051840","January 1, 1973","Revoked","CEBU CITY; CEBU ; CEBU; REGION VII (CENTRAL VISAYAS)"
"Anex Cosmetics Enterprises OPC","2021110031858-00","November 9, 2021","Registered","F3-11 8TH ST COR ; 23RD ST ; Barangay 183; PASAY CITY; FOURTH DISTRICT; NATIONAL CAPITAL REGION (NCR); 1309"
"GO 2 BIG HOMEDECOR ENTERPRISES and SUPPLIES INC.","2024010129835-72","January 3, 2024","Registered","UNIT ; 6- ; A. BRGY. ; Calzada; BALAYAN; BATANGAS; REGION IV-A (CALABARZON); 4213"
"IVORYSIGN BUSINESS ENTERPRISES CORP.","2024010129819-01","January 3, 2024","Registered","UNIT 8 ; C; ; BRGY. ; Calzada; BALAYAN; BATANGAS; REGION IV-A (CALABARZON); 4213"
"JVM Enterprises OPC","2023100121792-42","October 19, 2023","Registered","ZONE 5 ; Buntatala; JARO ; ILOILO CITY (Capital); ILOILO; REGION VI (WESTERN VISAYAS); 5000"
"OiLife DIRECT SELLING ENTERPRISES OPC","2025080214117-05","August 13, 2025","Registered","304 ; MEDALLA ; CUBAO ; EDSA GEN. MCARTHUR AVENUE ; Socorro; QUEZON CITY ; QUEZON CITY; SECOND DISTRICT; NATIONAL CAPITAL REGION (NCR); 1109"
"VLO Commerce Enterprises Corp.","2024020138765-00","February 28, 2024","Registered","BLK 16 LOT 06 ; ESTANZIA WEST HAKAYHAY ; Sahud Ulan; TANZA; CAVITE; REGION IV-A (CALABARZON); 4108"
"" VERTEC COMMERCIAL ENTERPRISES"","P000020934","January 26, 1971","Registered","CEBU CITY (Capital); CEBU; REGION VII (CENTRAL VISAYAS)"
""A. R. RIVA ENTERPRISES; INC.","0000019803","November 29, 1961","Revoked","4 ; TWIN ; QUEZON CITY; SECOND DISTRICT; NATIONAL CAPITAL REGION (NCR)"
""D" ENTERPRISES CO.; LTD.","P000039735","March 26, 1984","Registered","34 ; F. BLUMENTTRIT ST. ; CITY OF MANDALUYONG; SECOND DISTRICT; NATIONAL CAPITAL REGION (NCR)"
"QUEEN MARIECRIS CONSTRUCTION CORP.","2022010037829-03","January 8, 2022","Registered","8B ; COTABATO STREET ; LUZVIMINDA VILLAGE ; Batasan Hills; DISTRICT 2 ; QUEZON CITY; SECOND DISTRICT; NATIONAL CAPITAL REGION (NCR); 1126"
"3EJ BUILDERS AND FABRICATIONS COMPANY","2025040199739-14","May 2, 2025","Registered","BLOCK 7 ; OCAMPO STREET ; Ungot; CITY OF TARLAC (Capital); TARLAC; REGION III (CENTRAL LUZON); 2300"
"CHANCEUX BUILDERS DEPOT CORP.","2020090002043-07","September 14, 2020","Registered","47 ; . ; . ; ; ; VISAYAS AVE ; Vasra; . ; QUEZON CITY; SECOND DISTRICT; NATIONAL CAPITAL REGION (NCR); 1630"
"FIRST CHOICE BUILDERS CORP.","2025050200003-04","May 5, 2025","Registered","BLOCK 32 LOT 8 PHASE 2 ; TULIP ; SOLDIERS HILLS IV ; Molino IV; BACOOR CITY; CAVITE; REGION IV-A (CALABARZON); 4102"
"HI-TEMP BUILDERS CORPORATION","2022060055046-09","June 7, 2022","Registered","504 ; SAMPAGUITA ; Buhangin (Pob.); DAVAO CITY; DAVAO DEL SUR; REGION XI (DAVAO REGION); 8000"
"Scout Builders Hardware Supply OPC","2024080166123-00","August 28, 2024","Registered","39 ; SCT. YBARDOLAZA ; Sacred Heart; SECOND DISTRICT - QUEZON CITY ; QUEZON CITY; SECOND DISTRICT; NATIONAL CAPITAL REGION (NCR); 1103"
"Sinirangan Builders Corp.","2023100121813-00","October 19, 2023","Registered","Poblacion Ward 12; BUTAK ; GUIUAN; EASTERN SAMAR; REGION VIII (EASTERN VISAYAS); 6809"
"TaxMan Builders Corporation","2024100174086-14","October 21, 2024","Registered","NMTTI BUILDING ; ABELLANOSA ; RAMIRO COMPOUND ; Consolacion; CAGAYAN DE ORO CITY (Capital); MISAMIS ORIENTAL; REGION X (NORTHERN MINDANAO); 9015"
"THE KINGDOM BUILDERS ASSOCIATION ; INC.","2023010080114-00","January 3, 2023","Registered","BUILDERS COMPOUND; PUROK MAGINHAWA; ; Bagong Sikat; SCIENCE CITY OF MUOZ; NUEVA ECIJA; REGION III (CENTRAL LUZON); 3119"
""JECCA BUILDERS; INCORPORATED"","0000067245","April 26, 1976","Registered","CITY OF TARLAC (Capital); TARLAC; REGION III (CENTRAL LUZON)"
""PR" BUILDERS & TRADING CO.","P000027678","September 10, 1974","Registered","ZARATE BUILDING ; TORRES BUGALLON AVENUE ; DAGUPAN CITY; PANGASINAN; REGION I (ILOCOS REGION)"
"CASAN CONSTRUCTION AND TRADING LIMITED CO.","2022090067234-00","September 7, 2022","Registered","LOT 2 PH 4 ; BANABA ST. ; SOLDIERS HILLS IV ; Molino VI; BACOOR CITY; CAVITE; REGION IV-A (CALABARZON); 4102"
"CONRADO B. BAUTISTA CONST. & SUPPLY CORP.","CS200818535","November 26, 2008","Registered",""
"RITCHE-NATHALIE DEVELOPMENT CORPORATION DOING BUSINESS UNDER THE NAME EUPHORIA SOUND AND VISION","2021040011321-03","April 12, 2021","Registered","2nd South Street ; Barangay III- Market Kalubian (Pob.); TANGUB CITY; MISAMIS OCCIDENTAL; REGION X (NORTHERN MINDANAO); 7214"
"MIGHTY HOK SUMMIT CONSTRUCTION & DEVELOPMENT CORP.","CS201732675","September 27, 2017","Registered","MARTINEZ STREET ; Poblacion; CITY OF BAYAWAN (TULONG); NEGROS ORIENTAL; REGION VII (CENTRAL VISAYAS); 6221"
"'94 BUILDERS CONSTRUCTION AND SUPPLY CORP.","CS201966232","February 8, 2019","Registered","BLOCK 12; LOT 25 ; GREEN ORCHARD VILLAGE ; Cabantian; DAVAO CITY; DAVAO DEL SUR; REGION XI (DAVAO REGION); 8000"
"101 General Construction and Supply CO.","PG201970110","August 27, 2019","Registered","102 ; SAN JOSE STREET ; Pagatpat (San Jose); CALABANGA; CAMARINES SUR; REGION V (BICOL REGION); 4405"
"16EAST CONSTRUCTION AND SUPPLY CORPORATION","CS201812892","July 9, 2018","Delinquent","867 ; Washington Drive ; ALBAY; REGION V (BICOL REGION); 4500"
"1ST BALMON CONSTRUCTION AND SUPPLY Co.","PG201826301","December 28, 2018","Registered","Balete ; Balete ; BATANGAS; REGION IV-A (CALABARZON); 4200"
"249 CONSTRUCTION AND SUPPLY COMPANY","2024100171735-40","October 4, 2024","Registered","61 ; KAMUNING ROAD ; Kamuning; QUEZON CITY; SECOND DISTRICT; NATIONAL CAPITAL REGION (NCR); 1103"
"2X3 CONSTRUCTION AND SUPPLY CORP.","2021090025516-01","September 16, 2021","Registered","Jelicuon Lusaya; CABATUAN ; CABATUAN; ILOILO; REGION VI (WESTERN VISAYAS); 5033"
"3 K&C CONSTRUCTION AND SUPPLY CORPORATION","CS201642220","December 28, 2016","Delinquent","GOMEZ STREET ; SINDANGAN; ZAMBOANGA DEL NORTE; REGION IX (ZAMBOANGA PENINSULA); 7112"
"3K FHRANCIS CYRENE CONSTRUCTION AND SUPPLY CORP.","CS202051449","March 9, 2020","Registered","2/F REX HOTEL BLDG. ; AGUINALDO ST. ; ALBAY; REGION V (BICOL REGION); 4500"
"3KRIS CONSTRUCTION AND SUPPLY CORPORATION","CS201331356","September 27, 2013","Registered","165 ; SOLIVIO ; SULTAN KUDARAT; MAGUINDANAO; BANGSAMORO AUTONOMOUS REGION IN MUSLIM MINDANAO (BARMM); 9508"
"3R & G CONSTRUCTION AND SUPPLY CO.","2023040096834-01","April 28, 2023","Registered","Banga; TALISAY; BATANGAS; REGION IV-A (CALABARZON); 4220"
""TOWA CONSTRUCTION AND DEVELOPMENT CORPORATION"","0000074132","June 17, 1977","Revoked","1317 ; SUNSET DRIVE BROOKSIDE HILLS ; CAINTA; RIZAL; REGION IV-A (CALABARZON)"
"12-30.CONSTRUCTION AND DEVELOPMENT Corporation","CS201821762","September 28, 2018","Delinquent","#48 ; National Highway ; PALAWAN; REGION IV-B (MIMAROPA); 5300"
"168 CONSTRUCTION AND DEVELOPMENT CORPORATION","CS200825533","January 9, 2008","Delinquent","UNIT I-B 42 ; ANDRES ABELLANA ; CEBU CITY (Capital); CEBU; REGION VII (CENTRAL VISAYAS)"
"168 DRAGON CONSTRUCTION AND DEVELOPMENT CORPORATION","CS201951840","April 8, 2019","Delinquent","BLOCK 6 LOT 20B ; FORTUNE ST. MAIN ROAD; DIAMOND CREST VILLAGE ; BULACAN; REGION III (CENTRAL LUZON); 3023"
"168 MASTER CONSTRUCTION AND DEVELOPMENT CORPORATION","CS201724219","July 20, 2017","Delinquent","524 ; OLD PNR ROAD ; ARINGAY; LA UNION; REGION I (ILOCOS REGION)"
"1988 TWIN DRAGON CONSTRUCTION AND DEVELOPMENT CORPORATION","2020060000347-00","June 2, 2020","Registered","18 ; ame: FERNADEZ BUILDING; ; M.A. ROXAS ST.; ; Tabing Dagat (Pob.); ODIONGAN; ROMBLON; REGION IV-B (MIMAROPA); 5505"
"314 Construction and Development Corporation","CS201845326","December 18, 2018","Registered","JNT BLDG. ; NATIONAL BACALSO HIWAY; CEBU SOUTH ROAD ; Lawaan I; CITY OF TALISAY; CEBU; REGION VII (CENTRAL VISAYAS); 6045"
"3AVB CONSTRUCTION AND DEVELOPMENT CORPORATION","2024080163460-00","August 8, 2024","Registered","#399 ; MOLINO ROAD; SAN NICOLAS III; ; Zapote III; BACOOR CITY; CAVITE; REGION IV-A (CALABARZON); 1109"
"3H&G CONSTRUCTION AND DEVELOPMENT CORPORATION","CS201012384","August 6, 2010","Registered","BLK4 L21 MARYHOMES SUBD. ; BACOOR CITY; CAVITE; REGION IV-A (CALABARZON)"
"3R AC CONSTRUCTION AND DEVELOPMENT CORPORATION","CS201956591","November 26, 2019","Delinquent","Unit 4C; JRB Bldg.; ; 1969 Anacleto St.; Tayuman; Zone 36 ; CITY OF MANILA; NATIONAL CAPITAL REGION (NCR); 1014"
"3KIB BUILDERS AND SUPPLY OPC","2023080110778-03","August 3, 2023","Registered","131 ; NATIONAL HIGHWAY ; Nancayasan; CITY OF URDANETA; PANGASINAN; REGION I (ILOCOS REGION); 2428"
"3R BUILDERS AND SUPPLY OPC","2021020006996-28","February 16, 2021","Registered","1-L ; TUDTUD STREET ; Mabolo; CEBU CITY (Capital); CEBU; REGION VII (CENTRAL VISAYAS); 6000"
"4MP Builders and Supply Corp.","2021100029029-10","October 14, 2021","Registered","2ND FLR. ; BELLEVUE SQUARE ; DIVERSION RD. ; Matina Pangi; DAVAO CITY; DAVAO DEL SUR; REGION XI (DAVAO REGION); 8000"
"5G BUILDERS AND SUPPLY TRADING CORP. Doing business under WYS BUILDERS AND CONSTRUCTION SUPPLY","CS202064882","December 1, 2020","Registered","SAN LORENZO DRIVE ; DEL PUERTO COMPOUND ; Macasandig; CAGAYAN DE ORO CITY (Capital); MISAMIS ORIENTAL; REGION X (NORTHERN MINDANAO); 9000"
"84 Builders and Supply Inc.","2022090067211-03","September 7, 2022","Registered","42 ; CHESTNUT ST. ; Fairview; QUEZON CITY; SECOND DISTRICT; NATIONAL CAPITAL REGION (NCR); 1118"
"ABM1 BUILDERS AND SUPPLY; INC.","2025040197558-01","April 11, 2025","Registered","PUROK UDAGRI ; Conel; GENERAL SANTOS CITY (DADIANGAS); SOUTH COTABATO; REGION XII (SOCCSKSARGEN); 9500"
"ACA ABSOLUTE BUILDERS AND SUPPLY; INC.","CS201607613","April 18, 2016","Registered","291 ; BANGA IST ; BULACAN; REGION III (CENTRAL LUZON)"
"AGRF Ecogreen Builders and Supply; Inc.","2023100121719-02","October 18, 2023","Registered","UNIT 2C; 2ND FLOOR; VG BUILDING ; KM. 5 ; CORNER STO. ROSARIO ; Buhangin (Pob.); DAVAO CITY; DAVAO DEL SUR; REGION XI (DAVAO REGION); 8000"
"AGUA NUEVO BUILDERS AND SUPPLY; INC.","CS202103059","March 15, 2021","Registered","LOT 18-A BLK 6 ; RUBY ST. ; QUEZON CITY; SECOND DISTRICT; NATIONAL CAPITAL REGION (NCR); 1118"
"AJB BIDAR BUILDERS AND SUPPLY CORP.","2021050015220-06","May 28, 2021","Registered","115 ; Purok 2 ; Barangay 13 (Pob.); BACACAY; ALBAY; REGION V (BICOL REGION); 4509"
"DRJY Construction Corporation","2025050200001-23","May 5, 2025","Registered","9040 ; Alupaye; PAGBILAO; QUEZON; REGION IV-A (CALABARZON); 4302"
"ISULAN ECT CONSTRUCTION & GENERAL MERCHANDISE INC.","CS201508151","April 27, 2015","Registered","ESPERANZA; SULTAN KUDARAT; REGION XII (SOCCSKSARGEN)"
"MBAJRJC4 CONSTRUCTION AND TRADING CORPORATION","2022070061472-16","July 27, 2022","Registered","58 ; Batis; CITY OF SAN JUAN; SECOND DISTRICT; NATIONAL CAPITAL REGION (NCR); 1500"
"1 TIMOTHY CONSTRUCTION AND TRADING CORPORATION","A200107302","May 28, 2001","Suspended","B-7 L-31; IMPERIA ST.; CAMELLA MILAN; SAN PEDRO; LAGUNA ; LAGUNA; REGION IV-A (CALABARZON)"
"1787 CONSTRUCTION AND TRADING CO.","PG200602040","February 14, 2006","Registered","_ ; _ ; CITY OF MANILA; NATIONAL CAPITAL REGION (NCR)"
"19 JCR CONSTRUCTION AND TRADING CO.","PG200802369","February 19, 2008","Registered","BLK 55 LOT 20 ; 19TH ST. ; CITY OF MEYCAUAYAN; BULACAN; REGION III (CENTRAL LUZON)"
"24/7 DYNAMIC CONSTRUCTION AND TRADING CORPORATION","CS201206744","April 27, 2012","Suspended","lot 6 ; palico ; IMUS CITY; CAVITE; REGION IV-A (CALABARZON)"
"2CRC CONSTRUCTION AND TRADING INC.","CS201714887","May 10, 2017","Delinquent","14D ATHERTON PLACE ; TOMAS MORATO ; QUEZON CITY; SECOND DISTRICT; NATIONAL CAPITAL REGION (NCR)"
"2L 5D CONSTRUCTION AND TRADING; INC.","CS201717097","May 25, 2017","Registered","BULACAN; REGION III (CENTRAL LUZON)"
"3A GOLDEN DRAGON CONSTRUCTION AND TRADING CORP.","CS201116846","September 23, 2011","Registered","UNIT 6 8878 URBANEST CONDOMINIUMS V&G SUBDIVISION ; DON JULIO ST ; TACLOBAN CITY (Capital); LEYTE; REGION VIII (EASTERN VISAYAS)"
"3J R AND A CONSTRUCTION AND TRADING CORP.","CS202003251","March 10, 2020","Registered","CAVITE; REGION IV-A (CALABARZON); 4109"
"3X3 ALLIANCE CONSTRUCTION AND TRADING CORP.","CS201627942","December 1, 2016","Registered","6TH STREET ; HAPPY VALLEY SUBD. ; CEBU CITY (Capital); CEBU; REGION VII (CENTRAL VISAYAS); 6000"
"MJMS CONSTRUCTION & DEVELOPMENT CORP.","2023030092279-03","March 24, 2023","Registered","MJMS BUILDING ; Centro Oriental (Pob.); POLANGUI; ALBAY; REGION V (BICOL REGION); 4506"
"General Marketing Inc.","2021100029116-27","October 14, 2021","Registered","LOT 2C ; BLOCK 2C ; AMELIE TOWNHOMES ; SIRACH ; PILAR EXECUTIVE VILLAGE ; Almanza Uno; LAS PINAS ; CITY OF LAS PIAS; FOURTH DISTRICT; NATIONAL CAPITAL REGION (NCR); 1750"
"GENPART TRADING & GENERAL MARKETING CO.","P000032364","July 18, 1977","Registered","90 ; 9TH STREET; VICTORIA AVENUE ; QUEZON CITY; SECOND DISTRICT; NATIONAL CAPITAL REGION (NCR)"
"ALPHA SPECTRUM REAL ESTATES; HOME BUILDER & GENERAL MARKETING; INC.","CS200929228","August 12, 2009","Suspended","RM B-203; 2ND FLOOR LOPEZ BLDG.; ; SESSION ROAD; ; BAGUIO CITY; BENGUET; CORDILLERA ADMINISTRATIVE REGION (CAR)"
"AMO GENERAL MARKETING COMPANY","P000025454","September 19, 1973","Registered","TAGBILARAN CITY (Capital); BOHOL; REGION VII (CENTRAL VISAYAS)"
"ASIAN GENERAL MARKETING ENTERPRISES CORP.","2024110176458-30","November 10, 2024","Registered","BLK 4 LOT 19 PHASE A ; Francisco Homes-Mulawin; CITY OF SAN JOSE DEL MONTE; BULACAN; REGION III (CENTRAL LUZON); 3023"
"B.L.N. GENERAL MARKETING COMPANY","PG201808444","May 24, 2018","Registered","003 ST. PRINCE; SAM VILLA ; 003 ST. PRINCE ; THIRD DISTRICT; NATIONAL CAPITAL REGION (NCR); 1440"
"BIOS GENERAL MARKETING CO.","A200201231","January 25, 2002","Registered","138 DOWNTOWN CENTER BLDG QUNTIN PAREDES ST BINONDO MANILA ; CITY OF MANILA; NATIONAL CAPITAL REGION (NCR)"
"C.D.E. POLARIS GENERAL MARKETING CO.","PG201411002","June 5, 2014","Registered","PH1 BLK 14 LT 24 ; BELLAZONA NAVARRO ; BACOOR CITY; CAVITE; REGION IV-A (CALABARZON)"
"CEFARA GENERAL MARKETING CO. LTD.","PL201031055","November 9, 2010","Registered","929 ; Ochoa Avenue ; BUTUAN CITY (Capital); AGUSAN DEL NORTE; REGION XIII (Caraga); 8600"
"CORTLAN GENERAL MARKETING CORP.","CS201432374","September 4, 2014","Suspended","7 ; MC. BRIONES ; MANDAUE CITY; CEBU; REGION VII (CENTRAL VISAYAS)"
"VICTORIA DEVELOPMENT AND VENTURES CORP.","CS201111870","July 7, 2011","Registered","103 ; LOPEZ JAENA ST ; TACLOBAN CITY (Capital); LEYTE; REGION VIII (EASTERN VISAYAS)"
"M.M.A. ACHIEVER CONSTRUCTION & DEVELOPMENT CORP.","CS200414994","September 23, 2004","Revoked","PUGAAN DITSAAN-RAMAIN ; QUEZON CITY; SECOND DISTRICT; NATIONAL CAPITAL REGION (NCR)"
"HANNA VIA CONSTRUCTION; INC.","CS201536549","July 16, 2015","Registered","MABUHAY ROAD ; GENERAL SANTOS CITY (DADIANGAS); SOUTH COTABATO; REGION XII (SOCCSKSARGEN); 9500"
""CALAYAG ENGINEERING COMPANY; INC."","0000029215","April 15, 1966","Revoked","CITY OF MANILA; FIRST DISTRICT; NATIONAL CAPITAL REGION (NCR)"
"3D ECO BUILDER AND ENGINEERING","PP201216475","September 13, 2012","Registered","b21 l13 ; vilaggio di xavier ; LAGUNA; REGION IV-A (CALABARZON)"
"3KG ENGINEERING SERVICES CORPORATION","2024080166078-06","August 28, 2024","Registered","GROUND FLOOR ; GOLD MOUNTAIN CENTER ; SANGI ROAD ; Pajo; LAPU-LAPU CITY (OPON); CEBU; REGION VII (CENTRAL VISAYAS); 6015"
"3S BUILDERS AND ENGINEERING SERVICES INC.","CS201718836","June 8, 2017","Delinquent","5TH FLOOR ROOM 501 ; JUANITA COMMERCIAL ; LA UNION; REGION I (ILOCOS REGION); 2500"
"9TH ENGINEERING CO.","P000013767","November 5, 1964","Registered","SUITE 403 SAN LUIS TERRACES BULDG. ; CITY OF MANILA; FIRST DISTRICT; NATIONAL CAPITAL REGION (NCR)"
"A & A ENGINEERING SERVICES OPC","2022020043110-28","February 22, 2022","Registered","UNIT 234 ; MANDAUE FOAM BUILDING ; #489 SHAW BLVD ; Addition Hills; SECOND DISTRICT ; CITY OF MANDALUYONG; SECOND DISTRICT; NATIONAL CAPITAL REGION (NCR); 1552"
"A & C ENGINEERING SUPPLIES & CO.","P000028641","February 21, 1975","Registered","1331 ; FELIX HUERTAS ST. ; CITY OF MANILA; FIRST DISTRICT; NATIONAL CAPITAL REGION (NCR)"
"A & L ENGINEERING WORKS CO.; LTD.","P000016059","March 20, 1967","Registered","145 ; M. H. DEL PILAR ; CITY OF MALABON; THIRD DISTRICT; NATIONAL CAPITAL REGION (NCR)"
"A - F ENGINEERING AND SALES CORPORATION","0000008075","August 24, 1953","Revoked","CITY OF MANILA; FIRST DISTRICT; NATIONAL CAPITAL REGION (NCR)"
"A. A. Pestijo Surveying and Engineering Services Co.","2025070208085-00","July 4, 2025","Registered","PESTIJO RESIDENCE ; MP CASANOVA ; P1 ; Tambo; LIPA CITY; BATANGAS; REGION IV-A (CALABARZON); 4217"
"C.R. DOMINGO CONSTRUCTION AND POWER DEVELOPMENT INC.","AS96000256","January 10, 1996","Registered","142 ; NATIONAL HIGHWAY ; ISABELA; REGION II (CAGAYAN VALLEY)"
"ST. TIMOTHY CONSTRUCTION CORPORATION","CS201413029","July 4, 2014","Registered","0793 ; F. Manalo St. ; CITY OF PASIG; SECOND DISTRICT; NATIONAL CAPITAL REGION (NCR)"
"R. A. FANGLAYAN (RAF) GENERAL CONSTRUCTION INC.","CS201325099","January 18, 2013","Delinquent","16 ; Lamug ; BAGUIO CITY; BENGUET; CORDILLERA ADMINISTRATIVE REGION (CAR)"
"ALMRIN BUILDERS CORPORATION","2021070021134-00","July 29, 2021","Registered","Panacan 2; NARRA; PALAWAN; REGION IV-B (MIMAROPA); 5303"
"GERRA CONSTRUCTION INCORPORATED","CS201315507","August 8, 2013","Registered","08 ; la salette lane ; ISABELA; REGION II (CAGAYAN VALLEY)"
"M. MONTESCLAROS ENTERPRISES INC.","HS95000138","July 24, 1995","Registered","BAGONTAS; VALENCIA; BUKIDNON ; BUKIDNON; REGION X (NORTHERN MINDANAO)"
"QUIRANTE CONSTRUCTION CORPORATION","CS201613871","June 29, 2016","Registered","SITIO CAYAM ; Colon; CITY OF NAGA; CEBU; REGION VII (CENTRAL VISAYAS); 6037"
"KRYPTONITE 6S BUILDERS INC.","CS201531233","August 27, 2015","Registered","ARINGAY; LA UNION; REGION I (ILOCOS REGION)"
"R.A. PAHATI CONST. & SUPPLY; INC.","CS201121087","December 1, 2011","Registered","283 ; payawal subd ; CITY OF GAPAN; NUEVA ECIJA; REGION III (CENTRAL LUZON)"
"A. DE GUIA CONSTRUCTION AND DEV'T. CO.","PG201524637","December 17, 2015","Dissolved","ALICIA; ISABELA; REGION II (CAGAYAN VALLEY)"
"A. DE GUIA CONSTRUCTION AND DEVELOPMENT CORPORATION","CS201821802","September 27, 2018","Registered","79 ; Burgos ; ALICIA; ISABELA; REGION II (CAGAYAN VALLEY); 3311"
"GATS INDUSTRIAL SERVICES CORP.","2025020186798-02","February 4, 2025","Registered","VILLA CARPIO SUBD.; ; Parian; CITY OF CALAMBA; LAGUNA; REGION IV-A (CALABARZON); 4027"
"SAR INDUSTRIAL SERVICES CORP.","2025030195505-15","March 27, 2025","Registered","B3 L23 ; B3 L23 DHSA; LASTIMOSA ALLEY LOPEZ JAENA ST ; DHSA ; Barangay 7-A (Pob.); DAVAO ; DAVAO CITY; DAVAO DEL SUR; REGION XI (DAVAO REGION); 8000"
"A.R.G. GENERAL TRADING AND INDUSTRIAL SERVICES Corp.","CS201964287","March 12, 2019","Delinquent","2780-A ; Pasil Road ; MISAMIS ORIENTAL; REGION X (NORTHERN MINDANAO); 9000"
"ADULLAM INDUSTRIAL SERVICES CORP.","2025090217498-06","September 5, 2025","Registered","BLK. 5B LOT 34 ; CARTAGENA ST. ; GRAN SEVILLE SUBD. ; Banlic; CABUYAO CITY; LAGUNA; REGION IV-A (CALABARZON); 4025"
"AMERIGEN INDUSTRIAL SERVICES CORP.","CS201606083","March 23, 2016","Registered","2/F 1808 ; FLORENTINO ; CITY OF MANILA; FIRST DISTRICT; NATIONAL CAPITAL REGION (NCR)"
"Asian Scandic Marine and Industrial Services Corp.","CS201951295","March 22, 2019","Registered","23 ; CLAPPER RAIL ST. ; BELISARIO HEIGHTS SUBD. ; Buhangin (Pob.); DAVAO CITY; DAVAO DEL SUR; REGION XI (DAVAO REGION); 8000"
"BANGKAL MANPOWER AND INDUSTRIAL SERVICES CORP.","CS200727740","May 2, 2007","Registered","km.7 ; mc arthur hi-way ; DAVAO CITY; DAVAO DEL SUR; REGION XI (DAVAO REGION)"
"BFF COMMERCIAL AND INDUSTRIAL SERVICES CORP.","2023030090395-06","March 13, 2023","Registered","Cagamutan Norte; LEGANES; ILOILO; REGION VI (WESTERN VISAYAS); 5003"
"BLEST EVERLASTING TRADING AND INDUSTRIAL SERVICES CORP.","CS202008443","October 14, 2020","Registered","BLK. 4 LOT 22 ; QUEZON ST. NEW SAN MATEO SUBD. ; RIZAL; REGION IV-A (CALABARZON); 1850"
"CEG HYDRAULICS & INDUSTRIAL SERVICES CORP.","CS201328845","February 18, 2013","Suspended","OPOL; MISAMIS ORIENTAL; REGION X (NORTHERN MINDANAO)"
"CONCEPCION BASIC BUILDERS INC.","0000077694","January 24, 1978","Registered","1629 Atega St.; ; CITY OF CABADBARAN; AGUSAN DEL NORTE; REGION XIII (Caraga)"
"BNR CONSTRUCTION AND DEVELOPMENT CORPORATION","CEO0002820","January 1, 1973","Registered","B. SUICO STREET; ; MANDAUE CITY; CEBU; REGION VII (CENTRAL VISAYAS)"
"HUMMING BIRD CONSTRUCTION & SUPPLY CORPORATION","CS201703681","-","Registered","CARLSBERG ROAD ; LOPEZ JAENA STREET ; BACOLOD CITY (Capital); NEGROS OCCIDENTAL; REGION VI (WESTERN VISAYAS); 6100"
"RMG BUILDERS AND ENTERPRISES Co.","PG202100213","January 7, 2021","Registered","P/DAHLIA ; CM RECTO ST. COR. SUCGANG AVE. ; ZAMBOANGA SIBUGAY; REGION IX (ZAMBOANGA PENINSULA); 7001"
"Japuz Jansol Enterprises Inc.","2022090068411-01","September 15, 2022","Registered","MABINI STREET; ; Poblacion; MAMBAJAO ; MAMBAJAO (Capital); CAMIGUIN; REGION X (NORTHERN MINDANAO); 9100"
"AB APONESTO CONSTRUCTION PARTS AND SUPPLY; INC.","CS201434306","September 30, 2014","Registered","L9 B2; ; DAVAO CITY; DAVAO DEL SUR; REGION XI (DAVAO REGION); 8000"
"L.C. TING CONSTRUCTION/DAVAO L.A. PARTS & HARDWARE JV CORPORATION","CS200829731","July 2, 2008","Suspended","92-1 ; MC ARTHUR HIGHWAY ; DAVAO CITY; DAVAO DEL SUR; REGION XI (DAVAO REGION)"
"Ting Construction and Development Corporation","2022010039848-05","January 31, 2022","Registered","A4 ; L4 ; CITIPLAZA ; TANDANG SORA ; Pasong Tamo; SECOND ; QUEZON CITY; SECOND DISTRICT; NATIONAL CAPITAL REGION (NCR); 1116"
"JOHN-JANN CONST. AND SUPPLIES Corp.","CS201903104","March 14, 2019","Registered","3001 ; F. Bautista St. ; THIRD DISTRICT; NATIONAL CAPITAL REGION (NCR); 1440"
"FLORIANE CONSTRUCTION CORPORATION","2024010132144-10","January 18, 2024","Registered","279 ANNEX ; 1ST STREET ; GUINGONA SUBDIVISION ; Jose Rizal Pob. (Bgy. 25); BUTUAN CITY (Capital); AGUSAN DEL NORTE; REGION XIII (Caraga); 8600"
"CH BEATISULA; INC.","CS201231051","July 6, 2012","Registered","Thames St. ; DAVAO CITY; DAVAO DEL SUR; REGION XI (DAVAO REGION); 8000"
"EC SOLICON BUILDERS & SUPPLY; INC.","CS201331395","October 3, 2013","Registered","DDOR C NDTC CENTRUM ; LAPULAPU ; CITY OF TACURONG; SULTAN KUDARAT; REGION XII (SOCCSKSARGEN); 9800"
"ENGINEERS & TRAINORS ASSOCIATION OF THE PHILIPPINES INC.","CN200257546","October 11, 2002","Revoked","1230 ; F. P. VICTORINO ST. ; CITY OF PASIG; SECOND DISTRICT; NATIONAL CAPITAL REGION (NCR)"
"ENGINEERS AND ARCHITECT GROUP; INC.","0000030781","October 28, 1966","Revoked","LAGUNA; REGION IV-A (CALABARZON)"
"ENGINEERS DISTRIBUTORS AND MARKETING CORPORATION","0000025673","September 1, 1964","Revoked","BACOLOD CITY (Capital); NEGROS OCCIDENTAL; REGION VI (WESTERN VISAYAS)"
"ENGINEERS FAMILIES & FRIENDS ASSN.; INC.","AN92001116","March 16, 1992","Revoked","ENGINEER CMPD FT BONI. MAKATI M-M ; CITY OF MANILA; NATIONAL CAPITAL REGION (NCR)"
"ENGINEERS FORESTERS AND RESEARCHERS CONCERN FOR ENVIRONMENTAL REVIVAL (ENFORCER) INC.","BN92000064","January 1, 1992","Revoked",""
"ENGINEERS HILL LOTLESS HOMESEEKERS ASSN. INC.","0000044112","January 1, 1971","Revoked","ENGINEERS HILL BAGUIO CITY ; BENGUET; CORDILLERA ADMINISTRATIVE REGION (CAR)"
"ENGINEERS HILL RESIDENTS ASSOCIATION INC.","B200100477","July 3, 2001","Revoked","BARANGAY HALL ENGINEERS HILL BAGUIO CITY ; BENGUET; CORDILLERA ADMINISTRATIVE REGION (CAR)"
"ENGINEERS INC.","0000001996","September 23, 1946","Revoked",""
"ENGINEERS LIMITED OF THE PHILIPPINES","0000001743","June 28, 1946","Expired","CITY OF MANILA; FIRST DISTRICT; NATIONAL CAPITAL REGION (NCR)"
"ENGINEERS WITHOUT BORDERS - PHILIPPINES; Inc.","CN201967817","November 4, 2019","Registered","School of Engineering and Architecture Office ; Jacinto Street ; DAVAO CITY; DAVAO DEL SUR; REGION XI (DAVAO REGION); 8000"
"WAYCON BUILDERS AND CONSTRUCTION SUPPLY CORP.","CS201617036","August 1, 2016","Registered","BY PASS ROAD ; Talipan; PAGBILAO; QUEZON; REGION IV-A (CALABARZON); 4301"
"AL-REM KONSTRUCT INC.","CS201719004","June 9, 2017","Registered","221 APO ST. ; MAHARLIKA ; QUEZON CITY; SECOND DISTRICT; NATIONAL CAPITAL REGION (NCR)"
"'94 BUILDERS CONSTRUCTION AND SUPPLY CORP.","CS201966232","February 8, 2019","Registered","BLOCK 12; LOT 25 ; GREEN ORCHARD VILLAGE ; Cabantian; DAVAO CITY; DAVAO DEL SUR; REGION XI (DAVAO REGION); 8000"
"101 General Construction and Supply CO.","PG201970110","August 27, 2019","Registered","102 ; SAN JOSE STREET ; Pagatpat (San Jose); CALABANGA; CAMARINES SUR; REGION V (BICOL REGION); 4405"
"16EAST CONSTRUCTION AND SUPPLY CORPORATION","CS201812892","July 9, 2018","Delinquent","867 ; Washington Drive ; ALBAY; REGION V (BICOL REGION); 4500"
"1ST BALMON CONSTRUCTION AND SUPPLY Co.","PG201826301","December 28, 2018","Registered","Balete ; Balete ; BATANGAS; REGION IV-A (CALABARZON); 4200"
"249 CONSTRUCTION AND SUPPLY COMPANY","2024100171735-40","October 4, 2024","Registered","61 ; KAMUNING ROAD ; Kamuning; QUEZON CITY; SECOND DISTRICT; NATIONAL CAPITAL REGION (NCR); 1103"
"2X3 CONSTRUCTION AND SUPPLY CORP.","2021090025516-01","September 16, 2021","Registered","Jelicuon Lusaya; CABATUAN ; CABATUAN; ILOILO; REGION VI (WESTERN VISAYAS); 5033"
"3 K&C CONSTRUCTION AND SUPPLY CORPORATION","CS201642220","December 28, 2016","Delinquent","GOMEZ STREET ; SINDANGAN; ZAMBOANGA DEL NORTE; REGION IX (ZAMBOANGA PENINSULA); 7112"
"3K FHRANCIS CYRENE CONSTRUCTION AND SUPPLY CORP.","CS202051449","March 9, 2020","Registered","2/F REX HOTEL BLDG. ; AGUINALDO ST. ; ALBAY; REGION V (BICOL REGION); 4500"
"3KRIS CONSTRUCTION AND SUPPLY CORPORATION","CS201331356","September 27, 2013","Registered","165 ; SOLIVIO ; SULTAN KUDARAT; MAGUINDANAO; BANGSAMORO AUTONOMOUS REGION IN MUSLIM MINDANAO (BARMM); 9508"
"3R & G CONSTRUCTION AND SUPPLY CO.","2023040096834-01","April 28, 2023","Registered","Banga; TALISAY; BATANGAS; REGION IV-A (CALABARZON); 4220"
"MSB VITUG CONSTRUCTION INC.","2024100174490-07","October 23, 2024","Registered","13 ; San Antonio; LUBAO; PAMPANGA; REGION III (CENTRAL LUZON); 2005"
"J. E. TICO CONSTRUCTION CO.; INC.","CS200930296","November 18, 2009","Registered","Salvacion; BUENAVISTA; GUIMARAS; REGION VI (WESTERN VISAYAS)"
"FLT ENTERPRISES INC.","2025060206460-06","June 24, 2025","Registered","LOT 1&2 BLK 4 ; 35TH ST. ; WESTWOODS SUBD. ; Dungon; MANDURRIAO ; ILOILO CITY (Capital); ILOILO; REGION VI (WESTERN VISAYAS); 5000"
"C.F. TRINIDAD CONSTRUCTION AND SUPPLIES CORP.","CS200812330","August 8, 2008","Registered","296 ; Natividad ; MORONG; RIZAL; REGION IV-A (CALABARZON)"
"INDUSTRIAL CONTROLS CORPORATION (ICC)","0000162101","April 10, 1989","Registered","3F ; ICC - MTC Building ; Old Balara ; Tandang Sora; QUEZON CITY; SECOND DISTRICT; NATIONAL CAPITAL REGION (NCR); 1116"
"ALFREGO BUILDERS AND SUPPLY; INC.","2020110003850-53","November 25, 2020","Registered","# ; 54 ; GO RESIDENCES ; TELSTAR STREET ; DOA VICENTA VILLAGE ; Barangay 10-A (Pob.); BAJADA ; DAVAO CITY; DAVAO DEL SUR; REGION XI (DAVAO REGION); 8000"
"RIANNE CONSTRUCTION CORPORATION","CS202052243","October 1, 2020","Registered","PROV. ; ROAD ; OCCIDENTAL MINDORO; REGION IV-B (MIMAROPA); 5100"
"MT. GUITING-GUITING CONSTRUCTION AND SUPPLY CORPORATION","2022090068901-00","September 19, 2022","Registered","JP RIZAL ST. ; Poblacion; MAGDIWANG; ROMBLON; REGION IV-B (MIMAROPA); 5511"
"BIG JC CONSTRUCTION CORP.","2022060056899-03","June 22, 2022","Registered","1013 S.TEODORO ST. ; Tondo I/II - Barangay 196; CITY OF MANILA; FIRST DISTRICT; NATIONAL CAPITAL REGION (NCR); 1013"
"NVJ Construction Corp.","2023110125452-07","November 20, 2023","Registered","55 BONI SERRANO BRGY. ; Bagong Lipunan Ng Crame; CUBAO ; QUEZON CITY; SECOND DISTRICT; NATIONAL CAPITAL REGION (NCR); 1111"
"PGK INTERNATIONAL CONSTRUCTION CORP.","2021070018480-10","July 1, 2021","Registered","BLOCK 4 LOT 1 ; VILLA TERESA ; Mercedes; ZAMBOANGA ; ZAMBOANGA CITY; ZAMBOANGA DEL SUR; REGION IX (ZAMBOANGA PENINSULA); 7000"
"Seven Corners Construction Corp.","2022040049662-12","April 19, 2022","Registered","BLK 11 LOT 12; ; ZINNIA ST.; ; Sampaguita Village; CITY OF SAN PEDRO; LAGUNA; REGION IV-A (CALABARZON); 4023"
"(JEFF JOY ALWIN ) JJA CELESTINO CONSTRUCTION Corp.","CS201820844","September 17, 2018","Delinquent","PUROK 4 ; Purok 4 ; KALINGA; CORDILLERA ADMINISTRATIVE REGION (CAR); 3800"
"007 BOND CONSTRUCTION CORP.","2021100028292-08","October 8, 2021","Registered","NO. 13 ; GF ; SITIO 1 ; Paligui; 4TH DISTRICT ; CANDABA; PAMPANGA; REGION III (CENTRAL LUZON); 2013"
"1 MERITUS GENERAL CONSTRUCTION CORP.","CS201329563","April 17, 2013","Registered","PUROK LIWAYWAY; ; ESPERANZA; SULTAN KUDARAT; REGION XII (SOCCSKSARGEN)"
"1-UP BCL8 Supply and Construction Corp.","2022120077544-00","December 2, 2022","Registered","113 ; FIRST FLOOR ; LLAMAS BUILDING ; AB FERNANDEZ ; BARANGAY I ; Barangay I (T. Bugallon); DAGUPAN ; DAGUPAN CITY; PANGASINAN; REGION I (ILOCOS REGION); 2400"
"1. GLOBAL NETWORKS OF RESOURCES AND CONSTRUCTION Corp.","CS201956626","December 4, 2019","Delinquent","Katarungan Village ; Blk 45 Lot 8 G. Araneta St. ; FOURTH DISTRICT; NATIONAL CAPITAL REGION (NCR); 1776"
"1020 CONSTRUCTION CORP.","2024060156342-11","June 22, 2024","Registered","BLOCK 42 LOT 10 PHASE 1 ; NORTHFIELDS EXECUTIVE VILLAGE ; Longos; MALOLOS ; CITY OF MALOLOS (Capital); BULACAN; REGION III (CENTRAL LUZON); 3000"
"ST. TIMOTHY CONSTRUCTION CORPORATION","CS201413029","July 4, 2014","Registered","0793 ; F. Manalo St. ; CITY OF PASIG; SECOND DISTRICT; NATIONAL CAPITAL REGION (NCR)"
"ALEBON GENUINE MERCHANDISING INCORPORATED","CS201333678","December 23, 2013","Registered","DON SERGIO OSMEA STREET ; CAGAYAN DE ORO CITY (Capital); MISAMIS ORIENTAL; REGION X (NORTHERN MINDANAO); 9000"
"TOUGHBUILT CONSTRUCTION & TRADING; INC.","CS201115445","September 5, 2011","Registered","RM 316 ANITA BLDG.; ; 1300 QUEZON AVENUE ; QUEZON CITY; SECOND DISTRICT; NATIONAL CAPITAL REGION (NCR)"
"619 BUILDERS CONSTRUCTION CORPORATION","CS201401169","January 22, 2014","Registered","NATIONAL HIGHWAY; PUROK 2; BRGY. NUEVA ERA; ; ISABELA; REGION II (CAGAYAN VALLEY)"
"Spys Builders Corp. doing business under the name/s and style/s of 148 Hardware and Construction Supply","2023060102824-07","June 8, 2023","Registered","San Gavino (Pob.); VICTORIA; TARLAC; REGION III (CENTRAL LUZON); 2313"
"CHARLZ CONSTRUCTION INC.","CS202061074","January 10, 2020","Registered","1417 ; VASQUEZ STREET ; Washington (Pob.); SURIGAO CITY (Capital); SURIGAO DEL NORTE; REGION XIII (Caraga); 8400"
"2K8 BUILDERS & CONSTRUCTION SUPPLIES CORPORATION","CS200905161","April 13, 2009","Registered","San Sebastian (Balagbag); LIPA CITY; BATANGAS; REGION IV-A (CALABARZON); 4217"
"2RJM SAND; GRAVEL & CONSTRUCTION SUPPLIES CO.","PG200700304","January 12, 2007","Registered","111 ; CALAMBA; LAGUNA; REGION IV-A (CALABARZON)"
"3J ACTS Construction Supplies and Services Opc","2022060054561-04","June 2, 2022","Registered","K16 026 ; NUMBERS ST ; BF MARTINVILLE ; Manuyo Dos; FOURTH DISTRICT - CITY OF LAS PIAS ; CITY OF LAS PIAS; FOURTH DISTRICT; NATIONAL CAPITAL REGION (NCR); 1745"
"3S1D CONSTRUCTION SUPPLIES AND SERVICES CORPORATION","CS201327011","January 4, 2013","Suspended","NEGROS OCCIDENTAL; REGION VI (WESTERN VISAYAS)"
"4MS BUILDERS AND CONSTRUCTION SUPPLIES INC.","CS201914321","September 23, 2019","Delinquent","248 ; Dela Paz ; SECOND DISTRICT; NATIONAL CAPITAL REGION (NCR); 1606"
"5JB CONSTRUCTION & SUPPLIES CO.","2025060205764-06","June 19, 2025","Registered","206 ; Calzada; BALAYAN; BATANGAS; REGION IV-A (CALABARZON); 4213"
"5N BUILDER & CONSTRUCTION SUPPLIES OPC","2023030089730-04","March 9, 2023","Registered","#132 ; MAHARLIKA HIGHWAY ; PUROK 5 ; Salugan; CAMALIG; ALBAY; REGION V (BICOL REGION); 4502"
"77 STRONG-HOLD CONSTRUCTION SUPPLIES & SERVICES INC.","2022040050283-01","April 25, 2022","Registered","LOT 17 ; UNIT E ; MAIN ROAD ; Igulot; BOCAUE; BULACAN; REGION III (CENTRAL LUZON); 3018"
"888GREEN DRAGON CONSTRUCTION & SUPPLIES; INC.","2023050099052-13","May 15, 2023","Registered","C.L. MONTELIBANO COR. NARRA ST.; ; Villamonte; BACOLOD CITY (Capital); NEGROS OCCIDENTAL; REGION VI (WESTERN VISAYAS); 6100"
"988 CONSTRUCTION & SUPPLIES; INC.","CS200501063","January 26, 2005","Revoked","05 I ; REYES STREET ; PASAY CITY; FOURTH DISTRICT; NATIONAL CAPITAL REGION (NCR)"
"PERRC INC.","A199708907","May 14, 1997","Registered","19 ; N.F. CASTILLO ST ; QUEZON CITY; SECOND DISTRICT; NATIONAL CAPITAL REGION (NCR)"
"DSB CONSTRUCTION & SUPPLY; INC.","CS200527804","July 4, 2005","Registered","_ ; _ ; BACACAY; ALBAY; REGION V (BICOL REGION); 4509"
"DREAMWORX BUILDER & TRADING; INC.","CS200909126","June 17, 2009","Registered","RM. 316 ANITA BLDG.; ; 1300 QUEZON AVENUE; ; QUEZON CITY; SECOND DISTRICT; NATIONAL CAPITAL REGION (NCR)"
"ITP CONSTRUCTION INC.","A200204489","March 15, 2002","Registered","#10 DAO ST. QUEZON CITY METRO MANILA ; CITY OF MANILA; NATIONAL CAPITAL REGION (NCR)"
"MEGA TAM SUMMIT INCORPORATED DOING BUSINESS UNDER THE NAME AND STYLE OF MEGA TAM SUMMIT and MEGATAM'S FIREARMS AND AMMUNITION TRADING","CS202008573","October 16, 2020","Registered","Rio Tuba; BATARAZA; PALAWAN; REGION IV-B (MIMAROPA); 5306"
"830 BUILDERS & DEVELOPERS CORP.","A200100811","January 2, 2001","Registered","ILUSRE AVE.; LEMERY; BATANGAS ; BATANGAS; REGION IV-A (CALABARZON)"
"3'G - MDC CONSTRUCTION & ENTERPRISES OPC","2022040048673-03","April 6, 2022","Registered","Tiza; ROXAS CITY (Capital); CAPIZ; REGION VI (WESTERN VISAYAS); 5800"
"5E MULTI-WORKS CONSTRUCTION ENTERPRISES INC.","CS201952937","June 4, 2019","Registered","840 ; NIA Road ; BALIUAG; BULACAN; REGION III (CENTRAL LUZON); 3006"
"628 CONSTRUCTION ENTERPRISES CORPORATION","CS201325483","April 8, 2013","Delinquent","-- ; -- ; PANGASINAN; REGION I (ILOCOS REGION)"
"AEJ CONSTRUCTION & ENTERPRISES; INC. doing business under the name and style of AEJ HARDWARE CONSTRUCTION & ENTERPRISES","2024100174112-00","October 21, 2024","Registered","MAG V BLDG. ; SAN JOSE ROAD ; San Jose Cawa-cawa; ZAMBOANGA CITY; ZAMBOANGA DEL SUR; REGION IX (ZAMBOANGA PENINSULA); 7000"
"AJ CONSTRUCTION & ENTERPRISES CORPORATION","CS201737621","November 15, 2017","Delinquent","UNIT B. MADALE RESIDENCE; ; MSU MAIN ; MARAWI CITY (Capital); LANAO DEL SUR; BANGSAMORO AUTONOMOUS REGION IN MUSLIM MINDANAO (BARMM); 9700"
"AL-SADIK CONSTRUCTION & ENTERPRISES; INC.","CS201225996","December 5, 2012","Registered","PANGLIMA SUGALA (BALIMBING); TAWI-TAWI; BANGSAMORO AUTONOMOUS REGION IN MUSLIM MINDANAO (BARMM)"
"APHA CONSTRUCTION ENTERPRISES COMPANY","P000034291","February 20, 1979","Registered","210 DONA MEMORIAL BLDG. ; DON ANGEL FERNANDEZ AVENUE ; DAGUPAN CITY; PANGASINAN; REGION I (ILOCOS REGION)"
"ARPC HARDWARE AND CONSTRUCTION ENTERPRISES CORP. doing business under the name/s and style/s of Desert Source Hardware and Construction Supplies Trading; Desert Source Construction; ARP Painting Works and Desert Source Water Station","2022050051205-92","May 2, 2022","Registered","LOT 2; BLK. 6 ; GALAXY ST. ; HENRIETTA VILLAGE ; Singcang-Airport; BACOLOD CITY (Capital); NEGROS OCCIDENTAL; REGION VI (WESTERN VISAYAS); 6100"
"BETHEL'S CONSTRUCTION ENTERPRISES","P000019766","July 24, 1970","Registered","2337 ; GRANADOS ; PASAY CITY; FOURTH DISTRICT; NATIONAL CAPITAL REGION (NCR)"
"BUILDMATE CONSTRUCTION & ENTERPRISES CORP.","2022070061759-03","July 28, 2022","Registered","UNIT H ; F. MAXIMO BUILDING ; PAN PHILAM HIWAY ; DINARAYAT ; Dinarayat; TALAVERA; NUEVA ECIJA; REGION III (CENTRAL LUZON); 3100"
"RJR Calcon Corp.","CS202000068","January 3, 2020","Registered","Unit 302-B ; Silver City 1 ; Frontera Drive ; Ugong; Pasig ; CITY OF PASIG; SECOND DISTRICT; NATIONAL CAPITAL REGION (NCR); 1604"
"COORS CONSTRUCTION CO.; INC.","CS200713139","August 22, 2007","Registered","1 ; BLUEGRASS ST. ; CITY OF PASIG; SECOND DISTRICT; NATIONAL CAPITAL REGION (NCR)"
"BARILLO CONSTRUCTION AND ENTERPRISES; INC.","CS201738803","November 22, 2017","Registered","NEAR DEPED BLDG.; ; IPIL (Capital); ZAMBOANGA DEL SUR; REGION IX (ZAMBOANGA PENINSULA); 7001"
"RAPID FOREMOST CONST. CO.","PG200606402","April 25, 2006","Registered",""
"318 BUILDERS & DEVELOPMENT CORPORATION","CS200502584","February 17, 2005","Revoked","_ ; ST. RUIZ ST.; ; CALAMBA; LAGUNA; REGION IV-A (CALABARZON)"
"3D BUILDERS DEVELOPMENT Corporation","CS201840124","September 18, 2018","Delinquent","Block 15 Lot 34 ; Shasta Drive ; RIZAL; REGION IV-A (CALABARZON); 1870"
"ARJUM BUILDERS & DEVELOPMENT CORPORATION","CS200703648","March 5, 2007","Delinquent","RM. 406 INTEGRATED PROFESSIONAL OFFICES BLDG.; ; Q. AVENUE; ; QUEZON CITY; SECOND DISTRICT; NATIONAL CAPITAL REGION (NCR)"
"Balay Builders Development Corporation","2023020087274-03","February 22, 2023","Registered","728 PHASE 4 ; ALEXANDER ; VISTA VERDE EXECUTIVE VILLAGE ; San Isidro; CAINTA; RIZAL; REGION IV-A (CALABARZON); 1900"
"BILLFINGER BUILDERS DEVELOPMENT CORPORATION","CS201112590","July 22, 2011","Delinquent","b2 l2 ; IMUS CITY; CAVITE; REGION IV-A (CALABARZON)"
"C. DY BUILDERS & DEVELOPMENT CORPORATION","2021030008877-25","March 12, 2021","Registered","LOT 17 BLOCK 3 ; 1 ; DY BLDG. ; DIAMOND ST. CORNER CARNELIAN ST. ; GOLDEN VILLAGE ; Carmen; CAGAYAN DE ORO CITY ; CAGAYAN DE ORO CITY (Capital); MISAMIS ORIENTAL; REGION X (NORTHERN MINDANAO); 9000"
"CENON'S BUILDERS & DEVELOPMENT CORPORATION","CS201517162","August 26, 2015","Delinquent","156 ; MARTINEZ ; CITY OF MANDALUYONG; SECOND DISTRICT; NATIONAL CAPITAL REGION (NCR)"
"CONSOLIDATED MILLENIUM BUILDERS DEVELOPMENT CORPORATION","CS201511537","June 15, 2015","Delinquent","U2502-2503 ATLANTA CENTRE ; 31 ANNAPOLIS ST. ; CITY OF MANILA; NATIONAL CAPITAL REGION (NCR)"
"Cornerstone Movers and Builders Development Corporation","2021090026739-07","September 27, 2021","Registered","191 25-D ; ZETA II BLDG. ; SALCEDO ; LEGASPI VILLAGE ; San Lorenzo; CITY OF MAKATI; FOURTH DISTRICT; NATIONAL CAPITAL REGION (NCR)"
"D'98 Builders Development Corporation","2021030008693-07","March 11, 2021","Registered","Poblacion; NEW CORELLA; DAVAO DEL NORTE; REGION XI (DAVAO REGION); 8104"
"2A CONSTRUCTION AND DEV'T CORP.","CS201718767","June 9, 2017","Registered","583 ; SAMPAGUITA ; BOCAUE; BULACAN; REGION III (CENTRAL LUZON)"
"ALMEDA BUILDER'S CONSTRUCTION AND DEV'T. CORP.","CS200515637","September 15, 2005","Revoked","81 ; RINCON ST. ; CITY OF VALENZUELA; THIRD DISTRICT; NATIONAL CAPITAL REGION (NCR)"
"ANTIPAS DT CONSTRUCTION AND DEV'T. CORP.","CS201702627","January 25, 2017","Registered","61 DAMA DE NOCHE ; LA COLINA SUBD. ; CITY OF MARIKINA; SECOND DISTRICT; NATIONAL CAPITAL REGION (NCR)"
"ASPEC JR. CONSTRUCTION AND DEV'T. CORP.","CS201805050","April 10, 2018","Registered","JUN PUNSALAN COMMERCIAL BLDG. L11-12 COR. DONA SOLEDAD AVE. EXTENSION ; RAFELI ; FOURTH DISTRICT; NATIONAL CAPITAL REGION (NCR); 1711"
"AVIA CONSTRUCTION AND DEV'T.; CORP.","AS94011101","December 7, 1994","Registered","SAN NARCISO; CAVITE; REGION IV-A (CALABARZON)"
"BELC CONSTRUCTION AND DEV'T. CORP.","CS200412714","August 16, 2004","Revoked","1923 BATANGAS COR. BORNEO STS. BRGY; SAN ISIDRO ; CITY OF MAKATI; FOURTH DISTRICT; NATIONAL CAPITAL REGION (NCR)"
"BUILD N STYLE CONSTRUCTION AND DEV'T Corp.","CS202000686","January 15, 2020","Registered","#4 ; MARCUS AURELLIUS STREET ; KINGSVILLE EXECUTIVE VILLAGE ; Mayamot; CITY OF ANTIPOLO; RIZAL; REGION IV-A (CALABARZON); 1870"
"DFB CONSTRUCTION AND DEV'T. CORP.","CS201806537","May 2, 2018","Delinquent","81 ; Mariveles ; SECOND DISTRICT; NATIONAL CAPITAL REGION (NCR); 1550"
"DRSM CONSTRUCTION AND DEV'T. CORP.","2022090068677-01","September 16, 2022","Registered","BLK 10 LOT 2 ; 2ND FLOOR UNIT F ; TAGAYTAY STA. ROSA ROAD ; Tartaria; SILANG; CAVITE; REGION IV-A (CALABARZON); 4118"
"DYG CONSTRUCTION AND DEV'T. CORP.","2025030192995-09","March 12, 2025","Registered","LOT 1 BLOCK 7 PHASE 1 ; OKLAHOMA ST. ; HIGHVIEW HILLS ; Sampaloc; DISTRICT 4 ; APALIT; PAMPANGA; REGION III (CENTRAL LUZON); 2016"
"JCL86 BUILDERS Inc.","CS202008299","October 9, 2020","Registered","008 ; Tawagun Compound ; Campong Talao; TUGAYA; LANAO DEL SUR; BANGSAMORO AUTONOMOUS REGION IN MUSLIM MINDANAO (BARMM); 9317"
"J.M. MORALES CONSTRUCTION AND SUPPLY CORP.","CS201813219","July 10, 2018","Delinquent","No. 06 ; A. MABINI STREET ; LUBAO; PAMPANGA; REGION III (CENTRAL LUZON)"
"J.M.Q. CONSTRUCTION AND SUPPLY INC.","2024090169592-06","September 19, 2024","Registered","SITIO LOMBOY ; Camboang; DUMANJUG; CEBU; REGION VII (CENTRAL VISAYAS); 6035"
"'94 BUILDERS CONSTRUCTION AND SUPPLY CORP.","CS201966232","February 8, 2019","Registered","BLOCK 12; LOT 25 ; GREEN ORCHARD VILLAGE ; Cabantian; DAVAO CITY; DAVAO DEL SUR; REGION XI (DAVAO REGION); 8000"
"101 General Construction and Supply CO.","PG201970110","August 27, 2019","Registered","102 ; SAN JOSE STREET ; Pagatpat (San Jose); CALABANGA; CAMARINES SUR; REGION V (BICOL REGION); 4405"
"16EAST CONSTRUCTION AND SUPPLY CORPORATION","CS201812892","July 9, 2018","Delinquent","867 ; Washington Drive ; ALBAY; REGION V (BICOL REGION); 4500"
"1ST BALMON CONSTRUCTION AND SUPPLY Co.","PG201826301","December 28, 2018","Registered","Balete ; Balete ; BATANGAS; REGION IV-A (CALABARZON); 4200"
"249 CONSTRUCTION AND SUPPLY COMPANY","2024100171735-40","October 4, 2024","Registered","61 ; KAMUNING ROAD ; Kamuning; QUEZON CITY; SECOND DISTRICT; NATIONAL CAPITAL REGION (NCR); 1103"
"2X3 CONSTRUCTION AND SUPPLY CORP.","2021090025516-01","September 16, 2021","Registered","Jelicuon Lusaya; CABATUAN ; CABATUAN; ILOILO; REGION VI (WESTERN VISAYAS); 5033"
"3 K&C CONSTRUCTION AND SUPPLY CORPORATION","CS201642220","December 28, 2016","Delinquent","GOMEZ STREET ; SINDANGAN; ZAMBOANGA DEL NORTE; REGION IX (ZAMBOANGA PENINSULA); 7112"
"3K FHRANCIS CYRENE CONSTRUCTION AND SUPPLY CORP.","CS202051449","March 9, 2020","Registered","2/F REX HOTEL BLDG. ; AGUINALDO ST. ; ALBAY; REGION V (BICOL REGION); 4500"
"GOLDFIN CONSTRUCTION & DEVELOPMENT CORP.","CS201620782","September 8, 2016","Registered","2614 ; OBEDIENCE ST. ; CEBU CITY (Capital); CEBU; REGION VII (CENTRAL VISAYAS); 6000"
"GKMM CONSTRUCTION & SUPPLIES; INC.","CS201729050","August 29, 2017","Registered","UNIT 1801 ; 3TORRE LORENZO ; 966 P. OCAMPO ST. ; Malate - Barangay 719; CITY OF MANILA; FIRST DISTRICT; NATIONAL CAPITAL REGION (NCR); 1004"
"GDL CONSTRUCTION CORP.","2022070061338-01","July 26, 2022","Registered","281 ; ROOM 1 ; NOT APPLICABLE ; CONNECTICUT STREET ; EAST GREENHILLS ; Wack-wack Greenhills; CITY OF MANDALUYONG; SECOND DISTRICT; NATIONAL CAPITAL REGION (NCR); 1550"
"AAGroup Construction & Development Corporation","2025020188273-00","February 13, 2025","Registered","71 ; JOSE ABAD SANTOS AVENUE ; Salawag; CITY OF DASMARIAS; CAVITE; REGION IV-A (CALABARZON); 4114"
"MBP SUNRISE CONSTRUCTION & DEVELOPMENT CORP.","2024060156943-01","June 27, 2024","Registered","#1 ; 2ND FLOOR ; JENMARK BLDG. ; PELICAN ; ST. FRANCIS SUBD ; Pandayan; SAN JUAN CITY ; CITY OF MEYCAUAYAN; BULACAN; REGION III (CENTRAL LUZON); 3020"
""AVRO" CONSTRUCTION & DEVELOPMENT CO.","P000031956","March 17, 1977","Registered","7868 ; MAKATI AVENUE ; CITY OF MAKATI; FOURTH DISTRICT; NATIONAL CAPITAL REGION (NCR)"
"1024 CONSTRUCTION & DEVELOPMENT CORPORATION","CS201223653","December 28, 2012","Registered","U8A ; GENSTAR PLAZA ; GENERAL TRIAS; CAVITE; REGION IV-A (CALABARZON)"
"1993 CITY CONSTRUCTION DEVELOPMENT CORPORATION","CS201103632","March 2, 2011","Delinquent","suite 508 5th floor west plaza bldg.; ; no 66 west avenue ; QUEZON CITY; SECOND DISTRICT; NATIONAL CAPITAL REGION (NCR)"
"1ST NORTH PACIFIC CONSTRUCTION & DEVELOPMENT CORP.","CS201410979","June 5, 2014","Registered","Rm. 1215 Robbinsdale Residences ; #14 G. Araneta Ave.; ; QUEZON CITY; SECOND DISTRICT; NATIONAL CAPITAL REGION (NCR)"
"21TH CONSTRUCTION DEVELOPMENT CORPORATION","CS200808436","May 29, 2008","Registered","NO. 28 LOT 12 BLOCK 94 PHASE VI AFPOVAIL VILLAGE ; R PAPA AVE COR P GARCIA ST ; TAGUIG CITY; FOURTH DISTRICT; NATIONAL CAPITAL REGION (NCR)"
"22 BUILDERS & CONSTRUCTION DEVELOPMENT INC. operating under the name of 22 BC DEVELOPMENT and CUIGO TRADING","2021110033411-10","November 22, 2021","Registered","UNIT 7 ; A. GESON BLDG ; D. JAKOSALEM ST. ; Zapatera; CEBU CITY (Capital); CEBU; REGION VII (CENTRAL VISAYAS); 6000"
"3-MJ CONSTRUCTION & DEVELOPMENT CORPORATION","CS201309559","May 21, 2013","Delinquent","24 ; MT VIEW ST ; BINANGONAN; RIZAL; REGION IV-A (CALABARZON)"
"379 International Construction Development Corporation","2023060105862-08","June 30, 2023","Registered","2C 2ND FLR ; NATIVIDAD P BLDG 2 ; ABLAN AVENUE COR PRIMO LAZARO ST ; Bgy. No. 4; San Guillermo (Pob.); LAOAG CITY (Capital); ILOCOS NORTE; REGION I (ILOCOS REGION); 2900"
""LA ESTRELLA LUMBER ENTERPRISES; INCORPORATED"","0000034026","December 22, 1967","Revoked","ROOM 510 ROSARIO BUILDING ; ROSARIO ST. ; CITY OF MANILA; FIRST DISTRICT; NATIONAL CAPITAL REGION (NCR)"
""R.B. ENTERPRISES; INCORPORATED"","0000039518","September 24, 1969","Delinquent","710 ; A.E DELOS SANTOS AVENUE ; QUEZON CITY; SECOND DISTRICT; NATIONAL CAPITAL REGION (NCR)"
"1022-F GRAPHICS ENTERPRISES; INCORPORATED","CS200805160","April 8, 2008","Suspended","BLK 69 LOT 7 ; KAAYUSAN ST ; CAINTA; RIZAL; REGION IV-A (CALABARZON)"
"108 ENTERPRISES INCORPORATED","CS201606191","March 28, 2016","Delinquent","UNIT2204A EAST TOWER PSEC ; EXCHANGE ROAD ; CITY OF PASIG; SECOND DISTRICT; NATIONAL CAPITAL REGION (NCR)"
"168grocers Enterprises Incorporated","2024030141653-20","March 14, 2024","Registered","35 JP LAUREL SR ST ; MOUNTAINVIEW VILLAGE ; San Roque; CITY OF MARIKINA; SECOND DISTRICT; NATIONAL CAPITAL REGION (NCR); 1801"
"2850 ENTERPRISES Incorporated","CS202102549","March 8, 2021","Registered","PHIMCO Compound ; Felix Y. Manalo ; CITY OF MANILA; NATIONAL CAPITAL REGION (NCR); 1009"
"3 JJLA ENTERPRISES INCORPORATED","A200110921","July 25, 2001","Suspended","BO. STO. ROSARIO ZARAGOZA NUEVA ECIJA ; NUEVA ECIJA; REGION III (CENTRAL LUZON)"
"3MBS ENTERPRISES INCORPORATED","CS201953228","June 18, 2019","Registered","3B ISOSCELES BUSINESS CENTER ; 401 J.P. RIZAL ST. ; SECOND DISTRICT; NATIONAL CAPITAL REGION (NCR); 1550"
"5Rs Bedonia Enterprises Incorporated","2024110177124-21","November 14, 2024","Registered","B. SIAOTONG ST. ; Ilaud Poblacion; BAROTAC NUEVO; ILOILO; REGION VI (WESTERN VISAYAS); 5007"
"8 MOUNTAIN MOVERS ENTERPRISES INCORPORATED","CS201130931","August 16, 2011","Delinquent","ARINGAY; LA UNION; REGION I (ILOCOS REGION)"
"ULTIMOS CONSTRUCTION CORP.","CS201919012","November 18, 2019","Registered","2ND FLOOR; FCL CENTER ; XAVIERVILLE AVENUE ; QUEZON CITY; SECOND DISTRICT; NATIONAL CAPITAL REGION (NCR); 1108"
"ST. GERRARD CONSTRUCTION AND R.G. FLORENTINO CONSTRUCTION & TRADING COMPANY","PG201420430","October 17, 2014","Registered","VILLAMOR ST.; ; ROMBLON (Capital); ROMBLON; REGION IV-B (MIMAROPA)"
"ST. GERRARD CONSTRUCTION GEN. CONTRACTOR & DEVELOPMENT CORP.","CS201522644","November 12, 2015","Registered","0792 ; F. MANALO COR J PUEBLO ; CITY OF PASIG; SECOND DISTRICT; NATIONAL CAPITAL REGION (NCR)"
"ARMANDO U. KHONG HUN AND ST. GERRARD CONSTRUCTION; LTD. CO.","PL201419885","October 10, 2014","Registered","CY SY BLDG 156 ; LIBERTAD ST ; CALOOCAN CITY; THIRD DISTRICT; NATIONAL CAPITAL REGION (NCR)"
"EC SOLICON BUILDERS & SUPPLY; INC.","CS201331395","October 3, 2013","Registered","DDOR C NDTC CENTRUM ; LAPULAPU ; CITY OF TACURONG; SULTAN KUDARAT; REGION XII (SOCCSKSARGEN); 9800"
"MAR - DEB CONSTRUCTION & DEVELOPMENT CORP.","CS201721650","July 3, 2017","Registered","358 ; NATIONAL HIGHWAY ; CABATUAN; ISABELA; REGION II (CAGAYAN VALLEY); 3315"
"C.T. LEONCIO CONSTRUCTION AND TRADING AND TIGER VALLEY BUILDERS CORPORATION","CS201323487","February 4, 2014","Suspended","20 ; MAKABULOS ST ; CITY OF ANTIPOLO; RIZAL; REGION IV-A (CALABARZON)"
"C.T. Leoncio Construction and Trading Corp.","2024100173865-00","October 18, 2024","Registered","9002 ; MATANG TUBIG ; Guyong; 6TH DISTRICT ; SANTA MARIA; BULACAN; REGION III (CENTRAL LUZON); 3022"
"C.T. LEONCIO CONSTRUCTION AND TRADING M.V. CALDO CONSTRUCTION AND SUPPLY CORPORATION J.V. CO.","PG201818663","August 24, 2018","Registered","322 ; Maharlika Highway ; BATANGAS; REGION IV-A (CALABARZON); 4234"
"KAIZER LEONCIO CONSTRUCTION AND SUPPLY CO.","2021110030906-05","November 2, 2021","Registered","NORTH NATIONAL HIGHWAY ; San Manuel; PUERTO PRINCESA CITY (Capital); PALAWAN; REGION IV-B (MIMAROPA); 5300"
"REBTRADE INTERNATIONAL CORPORATION","0000095128","September 18, 1980","Registered","TUSCANY BLDG LEGASPI VILL MAKATI; MM ; CITY OF MANILA; NATIONAL CAPITAL REGION (NCR)"
"3KIB BUILDERS AND SUPPLY OPC","2023080110778-03","August 3, 2023","Registered","131 ; NATIONAL HIGHWAY ; Nancayasan; CITY OF URDANETA; PANGASINAN; REGION I (ILOCOS REGION); 2428"
"3R BUILDERS AND SUPPLY OPC","2021020006996-28","February 16, 2021","Registered","1-L ; TUDTUD STREET ; Mabolo; CEBU CITY (Capital); CEBU; REGION VII (CENTRAL VISAYAS); 6000"
"4MP Builders and Supply Corp.","2021100029029-10","October 14, 2021","Registered","2ND FLR. ; BELLEVUE SQUARE ; DIVERSION RD. ; Matina Pangi; DAVAO CITY; DAVAO DEL SUR; REGION XI (DAVAO REGION); 8000"
"5G BUILDERS AND SUPPLY TRADING CORP. Doing business under WYS BUILDERS AND CONSTRUCTION SUPPLY","CS202064882","December 1, 2020","Registered","SAN LORENZO DRIVE ; DEL PUERTO COMPOUND ; Macasandig; CAGAYAN DE ORO CITY (Capital); MISAMIS ORIENTAL; REGION X (NORTHERN MINDANAO); 9000"
"84 Builders and Supply Inc.","2022090067211-03","September 7, 2022","Registered","42 ; CHESTNUT ST. ; Fairview; QUEZON CITY; SECOND DISTRICT; NATIONAL CAPITAL REGION (NCR); 1118"
"ABM1 BUILDERS AND SUPPLY; INC.","2025040197558-01","April 11, 2025","Registered","PUROK UDAGRI ; Conel; GENERAL SANTOS CITY (DADIANGAS); SOUTH COTABATO; REGION XII (SOCCSKSARGEN); 9500"
"ACA ABSOLUTE BUILDERS AND SUPPLY; INC.","CS201607613","April 18, 2016","Registered","291 ; BANGA IST ; BULACAN; REGION III (CENTRAL LUZON)"
"AGRF Ecogreen Builders and Supply; Inc.","2023100121719-02","October 18, 2023","Registered","UNIT 2C; 2ND FLOOR; VG BUILDING ; KM. 5 ; CORNER STO. ROSARIO ; Buhangin (Pob.); DAVAO CITY; DAVAO DEL SUR; REGION XI (DAVAO REGION); 8000"
"AGUA NUEVO BUILDERS AND SUPPLY; INC.","CS202103059","March 15, 2021","Registered","LOT 18-A BLK 6 ; RUBY ST. ; QUEZON CITY; SECOND DISTRICT; NATIONAL CAPITAL REGION (NCR); 1118"
"AJB BIDAR BUILDERS AND SUPPLY CORP.","2021050015220-06","May 28, 2021","Registered","115 ; Purok 2 ; Barangay 13 (Pob.); BACACAY; ALBAY; REGION V (BICOL REGION); 4509"
"QM BUILDERS INC.","CS201534508","September 22, 2015","Delinquent","F. Gica Street ; DUMANJUG; CEBU; REGION VII (CENTRAL VISAYAS)"
"QM BUILDERS OPC","2022040050685-20","April 27, 2022","Registered","207 LOT 12 BLK 6 ; AEROVILLE SUBDIVISION ; Bgy. 40 - Cruzada (Bgy. 52); LEGAZPI CITY (Capital); ALBAY; REGION V (BICOL REGION); 4500"
"3EJ BUILDERS AND FABRICATIONS COMPANY","2025040199739-14","May 2, 2025","Registered","BLOCK 7 ; OCAMPO STREET ; Ungot; CITY OF TARLAC (Capital); TARLAC; REGION III (CENTRAL LUZON); 2300"
"CHANCEUX BUILDERS DEPOT CORP.","2020090002043-07","September 14, 2020","Registered","47 ; . ; . ; ; ; VISAYAS AVE ; Vasra; . ; QUEZON CITY; SECOND DISTRICT; NATIONAL CAPITAL REGION (NCR); 1630"
"FIRST CHOICE BUILDERS CORP.","2025050200003-04","May 5, 2025","Registered","BLOCK 32 LOT 8 PHASE 2 ; TULIP ; SOLDIERS HILLS IV ; Molino IV; BACOOR CITY; CAVITE; REGION IV-A (CALABARZON); 4102"
"HI-TEMP BUILDERS CORPORATION","2022060055046-09","June 7, 2022","Registered","504 ; SAMPAGUITA ; Buhangin (Pob.); DAVAO CITY; DAVAO DEL SUR; REGION XI (DAVAO REGION); 8000"
"Scout Builders Hardware Supply OPC","2024080166123-00","August 28, 2024","Registered","39 ; SCT. YBARDOLAZA ; Sacred Heart; SECOND DISTRICT - QUEZON CITY ; QUEZON CITY; SECOND DISTRICT; NATIONAL CAPITAL REGION (NCR); 1103"
"Sinirangan Builders Corp.","2023100121813-00","October 19, 2023","Registered","Poblacion Ward 12; BUTAK ; GUIUAN; EASTERN SAMAR; REGION VIII (EASTERN VISAYAS); 6809"
"TaxMan Builders Corporation","2024100174086-14","October 21, 2024","Registered","NMTTI BUILDING ; ABELLANOSA ; RAMIRO COMPOUND ; Consolacion; CAGAYAN DE ORO CITY (Capital); MISAMIS ORIENTAL; REGION X (NORTHERN MINDANAO); 9015"
"THE KINGDOM BUILDERS ASSOCIATION ; INC.","2023010080114-00","January 3, 2023","Registered","BUILDERS COMPOUND; PUROK MAGINHAWA; ; Bagong Sikat; SCIENCE CITY OF MUOZ; NUEVA ECIJA; REGION III (CENTRAL LUZON); 3119"
"ARNELITO B. GARCIA CONSTRUCTION; INC.","CS200707057","May 8, 2007","Registered","PINAGSAMA VILLAGE ; TAGUIG CITY; FOURTH DISTRICT; NATIONAL CAPITAL REGION (NCR)"
"C.S. GARCIA CONSTRUCTION CORPORATION","CS201614264","July 4, 2016","Registered","23 PELAYO ; BF HOMES ; QUEZON CITY; SECOND DISTRICT; NATIONAL CAPITAL REGION (NCR)"
"CD Garcia Construction Corporation","2024040144131-00","April 2, 2024","Registered","85 ; Borol 2nd; BALAGTAS (BIGAA); BULACAN; REGION III (CENTRAL LUZON); 3016"
"E. GARCIA CONSTRUCTION CORP.","CS201114493","August 17, 2011","Registered","COTABATO CITY ST ; NAGA CITY; CAMARINES SUR; REGION V (BICOL REGION)"
"J.M. GARCIA CONSTRUCTION CO.","P000027793","September 27, 1974","Registered","CITY OF BIAN; LAGUNA; REGION IV-A (CALABARZON)"
"JLA GARCIA CONSTRUCTION & SUPPLIES CORP.","CS201601745","January 28, 2016","Delinquent","LT7 B2 PHY1 CAROLINA ; GREENLANDNEWTOWNSUBD ; RIZAL; REGION IV-A (CALABARZON)"
"MAYORES-GARCIA CONSTRUCTION CORP.","2022010037432-03","January 5, 2022","Registered","111 ; LOPEZ ST. ; Poblacion 2; MONCADA; TARLAC; REGION III (CENTRAL LUZON); 2308"
"P S GARCIA CONSTRUCTION CORP.","CS200611728","July 26, 2006","Revoked","14 ; DON FRANCISCO ST ; QUEZON CITY; SECOND DISTRICT; NATIONAL CAPITAL REGION (NCR)"
"R. GARCIA CONSTRUCTION AND PROJECT MANAGEMENT OPC","2020100002691-04","October 8, 2020","Registered","UNIT 053-A ; RGC BUILDING ; BONIFACIO AVE. ; Santo Domingo; CAINTA; RIZAL; REGION IV-A (CALABARZON); 1900"
"S.G. GARCIA CONSTRUCTION CORP.","CS201909496","June 25, 2019","Delinquent","82 ; STA. ANA ; BULACAN; REGION III (CENTRAL LUZON); 3020"
"3 K'S INDUSTRIAL MAINTENANCE AND SERVICES; INC.","CS201535966","March 23, 2015","Registered","PUROK 3; 114 ; Benoligan; CITY OF KIDAPAWAN (Capital); COTABATO; REGION XII (SOCCSKSARGEN); 9400"
"VIRAC NRC CONSTRUCTION OPC","2022060057775-01","June 28, 2022","Registered","NO. 17 ; SEVILLA ST ; SUMMERVILLE ; Mayamot; CITY OF ANTIPOLO; RIZAL; REGION IV-A (CALABARZON); 1870"
"BLUE M TRADING INC.","A200104434","March 23, 2001","Suspended","JAM COMPOUND; BRGY. TUBIGAN; BINAN; LAGUNA ; LAGUNA; REGION IV-A (CALABARZON)"
"BUSILAC BUILDERS INC.","0000113095","June 1, 1983","Registered","128 GEN LUNA ST; LAOAG CITY; ILOCOS NORTE ; ILOCOS NORTE; REGION I (ILOCOS REGION)"
"THREE W BUILDERS; INC.","0000118780","January 30, 1984","Registered","SAN JUAN; BATANGAS ; BATANGAS; REGION IV-A (CALABARZON)"
"ROBIG BUILDERS AND DEVELOPMENT AND THREE W BUILDERS INC.","CS201312421","July 3, 2013","Delinquent","UIT 810 AIC BURGUNDY ; ADB AVENUE ; CITY OF PASIG; SECOND DISTRICT; NATIONAL CAPITAL REGION (NCR)"
"YURUSA CONSTRUCTION & DEVELOPMENT CORP.","CS201606007","March 21, 2016","Registered","212 ; MANGGAHAN ST. ; CITY OF LAS PIAS; FOURTH DISTRICT; NATIONAL CAPITAL REGION (NCR)"
"A. DE GUIA CONSTRUCTION AND DEV'T. CO.","PG201524637","December 17, 2015","Dissolved","ALICIA; ISABELA; REGION II (CAGAYAN VALLEY)"
"A. DE GUIA CONSTRUCTION AND DEVELOPMENT CORPORATION","CS201821802","September 27, 2018","Registered","79 ; Burgos ; ALICIA; ISABELA; REGION II (CAGAYAN VALLEY); 3311"
"FEDERAL AGGREGATES AND DEVELOPMENT CORP.","CS201920055","December 16, 2019","Registered","VILLA MARIA SUBDIVISION ; Travesia; GUINOBATAN; ALBAY; REGION V (BICOL REGION)"
"ANCHORVILLE REALTY DEV'T CONSTRUCTION CORP.","CS201538118","June 29, 2015","Registered","504 ANGELINA BLDG ; BS AQUINO DRIVE EXT ; BACOLOD CITY (Capital); NEGROS OCCIDENTAL; REGION VI (WESTERN VISAYAS)"
"PTM DEVELOPMENT Corp.","CS201840188","September 19, 2018","Registered","515 ; Balasing National Road ; BULACAN; REGION III (CENTRAL LUZON); 3022"
"ANROL CONSTRUCTION CORPORATION","2024090167370-00","September 5, 2024","Registered","627 ; MATIMYAS ST ; Sampaloc - Barangay 548; SAMPALOC ; CITY OF MANILA; FIRST DISTRICT; NATIONAL CAPITAL REGION (NCR); 1008"
"RL EARTH HAULING & EQUIPMENT SERVICES INC.","CS201425707","May 23, 2014","Registered","DOOR 7; TALOTO TOURIST APT. ; TALOTO DISTRICT ; TAGBILARAN CITY (Capital); BOHOL; REGION VII (CENTRAL VISAYAS); 6300"
"KAEL CONSTRUCTION AND SUPPLY CORPORATION","2023050097168-20","May 2, 2023","Registered","625 6TH STREET ; SAN MARTIN SUBDIVISION ; San Isidro; ANGONO; RIZAL; REGION IV-A (CALABARZON); 1930"
"CHIARA2300 INCORPORATED","CS202009999","November 19, 2020","Registered","1480 D. SILANG AVENUE SITIO VALDEZ ; San Rafael; CITY OF TARLAC (Capital); TARLAC; REGION III (CENTRAL LUZON)"
"PRIMECON BUILDERS; INC.","CS201537143","October 13, 2015","Registered","60-B ; DAVAO CITY; DAVAO DEL SUR; REGION XI (DAVAO REGION)"
"DANSBURG MACRO-BUILDERS INC.","CS201629021","December 14, 2016","Registered","14-J 4/F 168SHOPPING ; MALL; SOLER ; CITY OF MANILA; FIRST DISTRICT; NATIONAL CAPITAL REGION (NCR)"
"SWIFT DEVELOPMENT AND SUPPLIES CORP.","CS201803202","March 14, 2018","Registered","1075 ; P. CAMPA STREET ; CITY OF MANILA; NATIONAL CAPITAL REGION (NCR); 1015"
"HUSAIN CONSTRUCTION AND SUPPLY CO.","PG201717831","June 1, 2017","Registered","Purok 1 ; Puangyuta; DIMIAO; BOHOL; REGION VII (CENTRAL VISAYAS); 6305"
"'94 BUILDERS CONSTRUCTION AND SUPPLY CORP.","CS201966232","February 8, 2019","Registered","BLOCK 12; LOT 25 ; GREEN ORCHARD VILLAGE ; Cabantian; DAVAO CITY; DAVAO DEL SUR; REGION XI (DAVAO REGION); 8000"
"101 General Construction and Supply CO.","PG201970110","August 27, 2019","Registered","102 ; SAN JOSE STREET ; Pagatpat (San Jose); CALABANGA; CAMARINES SUR; REGION V (BICOL REGION); 4405"
"16EAST CONSTRUCTION AND SUPPLY CORPORATION","CS201812892","July 9, 2018","Delinquent","867 ; Washington Drive ; ALBAY; REGION V (BICOL REGION); 4500"
"1ST BALMON CONSTRUCTION AND SUPPLY Co.","PG201826301","December 28, 2018","Registered","Balete ; Balete ; BATANGAS; REGION IV-A (CALABARZON); 4200"
"249 CONSTRUCTION AND SUPPLY COMPANY","2024100171735-40","October 4, 2024","Registered","61 ; KAMUNING ROAD ; Kamuning; QUEZON CITY; SECOND DISTRICT; NATIONAL CAPITAL REGION (NCR); 1103"
"2X3 CONSTRUCTION AND SUPPLY CORP.","2021090025516-01","September 16, 2021","Registered","Jelicuon Lusaya; CABATUAN ; CABATUAN; ILOILO; REGION VI (WESTERN VISAYAS); 5033"
"3 K&C CONSTRUCTION AND SUPPLY CORPORATION","CS201642220","December 28, 2016","Delinquent","GOMEZ STREET ; SINDANGAN; ZAMBOANGA DEL NORTE; REGION IX (ZAMBOANGA PENINSULA); 7112"
"3K FHRANCIS CYRENE CONSTRUCTION AND SUPPLY CORP.","CS202051449","March 9, 2020","Registered","2/F REX HOTEL BLDG. ; AGUINALDO ST. ; ALBAY; REGION V (BICOL REGION); 4500"
"3KRIS CONSTRUCTION AND SUPPLY CORPORATION","CS201331356","September 27, 2013","Registered","165 ; SOLIVIO ; SULTAN KUDARAT; MAGUINDANAO; BANGSAMORO AUTONOMOUS REGION IN MUSLIM MINDANAO (BARMM); 9508"
"3R & G CONSTRUCTION AND SUPPLY CO.","2023040096834-01","April 28, 2023","Registered","Banga; TALISAY; BATANGAS; REGION IV-A (CALABARZON); 4220"
"J.I. ESPINO CONSTRUCTION CORPORATION","CS201821502","September 28, 2018","Registered","B24 L9 ; CHESA STREET GOLDEN ACRES ; FOURTH DISTRICT; NATIONAL CAPITAL REGION (NCR); 1747"
"STRONGLANE BUILDERS AND TRADING CORPORATION","CS201826024","December 20, 2018","Registered","635-B ; J.P RIZAL STREET ; Malanday; CITY OF MARIKINA; SECOND DISTRICT; NATIONAL CAPITAL REGION (NCR); 1805"
"SILVER DRAGON CONSTRUCTION & LUMBER & GLASS SUPPLY; INC.","CS201226761","August 29, 2012","Registered","JJ GONZAGA VILLAGE; ; BACOLOD CITY (Capital); NEGROS OCCIDENTAL; REGION VI (WESTERN VISAYAS)"
"1C4M BUILDERS INC.","CS201733129","September 29, 2017","Registered","45 ; L.SUMULONG CIRCLE ; CITY OF ANTIPOLO; RIZAL; REGION IV-A (CALABARZON)"
"A.P. ARGUELLES CONSTRUCTION CORPORATION","CS200930380","December 17, 2009","Registered","NO. 9 ; ROSARIO STREET; ; BACOLOD CITY (Capital); NEGROS OCCIDENTAL; REGION VI (WESTERN VISAYAS)"
"A.P. CHU CONSTRUCTION AND DEVELOPMENT CORP.","CS201714677","May 8, 2017","Registered","CALANIPAWAN RD. ; TACLOBAN CITY (Capital); LEYTE; REGION VIII (EASTERN VISAYAS)"
"A.P. MARQUEZ CONSTRUCTION INC.","CS200911461","July 28, 2009","Registered","UNIT 705 B PARK TRADE CENTER; ; 1716 INVESTMENT DRIVE MBP; ; CITY OF MUNTINLUPA; FOURTH DISTRICT; NATIONAL CAPITAL REGION (NCR)"
"A.P. MELENDREZ CONSTRUCTION INC.","CS200341070","November 12, 2003","Registered","BLK. 6 ; GRUENVILLE I SUBD. BRUGER ST. ; CITY OF MUNTINLUPA; FOURTH DISTRICT; NATIONAL CAPITAL REGION (NCR)"
"A.P. VELASCO CONSTRUCTION Corp.","CS201812331","July 4, 2018","Delinquent","1807 La Casa Bldg. ; Ma. Clara St. ; CITY OF MANILA; NATIONAL CAPITAL REGION (NCR); 1008"
"A.P.A.M. CONSTRUCTION SERVICES CO.","2022040048366-31","April 4, 2022","Registered","B1 L2017; ; LAWC; ; DUMMY STREET; ; San Vicente; CITY OF BIAN; LAGUNA; REGION IV-A (CALABARZON); 4024"
"A.P.C. INFRA STAR CONSTRUCTION; CORP.","CS201429813","March 24, 2014","Registered","ZONE 1 ; CAGAYAN DE ORO CITY (Capital); MISAMIS ORIENTAL; REGION X (NORTHERN MINDANAO); 9000"
"A.P.D. CONSTRUCTION; INC.","CS200619852","December 22, 2006","Registered","PUZON SUBDIVISION; ; CAUAYAN; ISABELA; REGION II (CAGAYAN VALLEY)"
"A.P.O. GENERAL CONSTRUCTION OPC","2025090217338-27","September 5, 2025","Registered","APB 09 ; AMBIONG ROAD ; Ambiong; LA TRINIDAD (Capital); BENGUET; CORDILLERA ADMINISTRATIVE REGION (CAR); 2601"
"AAGroup Construction & Development Corporation","2025020188273-00","February 13, 2025","Registered","71 ; JOSE ABAD SANTOS AVENUE ; Salawag; CITY OF DASMARIAS; CAVITE; REGION IV-A (CALABARZON); 4114"
"ROAD RUNNER BUILDING TECHNOLOGIES INC.","CS201514314","July 21, 2015","Registered","RANCHO ESTATE EAST IV ; 18 MERINO ST ; CITY OF MARIKINA; SECOND DISTRICT; NATIONAL CAPITAL REGION (NCR)"
"D.C. MENDOZA CONSTRUCTION; INC.","CS200702437","February 20, 2007","Revoked","BLK 18 LOT 21 ; PALM ST.; ; PAMPANGA; REGION III (CENTRAL LUZON)"
"D.C. STONE CONSTRUCTION DEVELOPMENT AND TRADING INC.","CS201916495","September 27, 2019","Delinquent","5090 ; Miranda Extension ; ANGELES CITY; PAMPANGA; REGION III (CENTRAL LUZON); 2009"
"D.C. SULLERA CONSTRUCTION AND TRADING CORP.","CS200605103","March 30, 2006","Registered","400-C ; TANDANG SORA AVENUE ; QUEZON CITY; SECOND DISTRICT; NATIONAL CAPITAL REGION (NCR); 1128"
"D.C.ANTONIO CONSTRUCTION PROJECTS INC.","CS201314166","July 22, 2013","Registered","153 ; San Francisco ; CITY OF MANDALUYONG; SECOND DISTRICT; NATIONAL CAPITAL REGION (NCR)"
"D.C.Y. CONSTRUCTION COMPANY","P000016862","February 7, 1968","Registered","ROOM 213; YMCA BUILDING ; GANDARA ST. ; CITY OF MANILA; FIRST DISTRICT; NATIONAL CAPITAL REGION (NCR)"
"AAGroup Construction & Development Corporation","2025020188273-00","February 13, 2025","Registered","71 ; JOSE ABAD SANTOS AVENUE ; Salawag; CITY OF DASMARIAS; CAVITE; REGION IV-A (CALABARZON); 4114"
"ARAGDON AND CHAVEZ CONSTRUCTION SERVICES CORPORATION","2021070021043-51","July 28, 2021","Registered","MCS BULDING ADVINCULA AVENUE ALAPAN II-A ; Ligtasan; IMUS CITY; CAVITE; REGION IV-A (CALABARZON); 2300"
"BIG JC CONSTRUCTION CORP.","2022060056899-03","June 22, 2022","Registered","1013 S.TEODORO ST. ; Tondo I/II - Barangay 196; CITY OF MANILA; FIRST DISTRICT; NATIONAL CAPITAL REGION (NCR); 1013"
"CLJR CONSTRUCTION OPC","2023080111000-01","August 4, 2023","Registered","4C ; RAYMUNDO AVENUE ; Rosario; CITY OF PASIG; SECOND DISTRICT; NATIONAL CAPITAL REGION (NCR); 1609"
"DMZ CONSTRUCTION CORPORATION","2024020134407-02","February 2, 2024","Registered","#199 ; San Jose; SANTO TOMAS; BATANGAS; REGION IV-A (CALABARZON); 4234"
"EIRISH BUILDERS & SUPPLY INC.","CS201403447","March 18, 2014","Registered","242 ; BULACAN; REGION III (CENTRAL LUZON)"
"THE TRENDSETTER CONSTRUCTION AND SUPPLY CORP.","CS201728420","August 23, 2017","Registered","ROXAS ST. ; PUROK 1 ; ALABEL (Capital); SARANGANI; REGION XII (SOCCSKSARGEN)"
"ABIB BUILDERS ENTERPRISE INC.","2025090216768-05","September 2, 2025","Registered","ZONE 5 ; Santa Ana; TAGOLOAN; MISAMIS ORIENTAL; REGION X (NORTHERN MINDANAO); 9001"
"AL-REM KONSTRUCT INC.","CS201719004","June 9, 2017","Registered","221 APO ST. ; MAHARLIKA ; QUEZON CITY; SECOND DISTRICT; NATIONAL CAPITAL REGION (NCR)"
"TERMS ENTERPRISES CORPORATION","CS201505505","March 19, 2015","Registered","19L ; INTALAN ; CITY OF PASIG; SECOND DISTRICT; NATIONAL CAPITAL REGION (NCR)"
"ARCINUE COMM'L. CORPORATION","CS201325408","March 19, 2013","Registered","-- ; -- ; DAGUPAN CITY; PANGASINAN; REGION I (ILOCOS REGION)"
"SAN IGMEDIO BUILDERS INCORPORATED","CS201013685","August 27, 2010","Registered","SITIO HARANGAN ; RODRIGUEZ (MONTALBAN); RIZAL; REGION IV-A (CALABARZON)"
"SAN RAFAEL BUILDERS & SUPPLY CO.","PG200318513","August 21, 2003","Registered","CALACA BATANGAS ; CALACA; BATANGAS; REGION IV-A (CALABARZON)"
"SAN RAFAEL BUILDERS (SRBI) INC.","A200005861","April 10, 2000","Suspended","126 SHAW BLVD.; PASIG CITY ; CITY OF MANILA; NATIONAL CAPITAL REGION (NCR)"
"QUATRIX CONSTRUCTION AND SUPPLY INC.","CS201739338","November 27, 2017","Registered","B1 L21 DURIAN ST. ; DIVIDEND HOMES ; RIZAL; REGION IV-A (CALABARZON)"
"Kratos Strucprime Construction and Supply Corp.","2023070110190-16","July 31, 2023","Registered","PUROK MATATAG 1 ; Panacan 2; NARRA; PALAWAN; REGION IV-B (MIMAROPA); 5303"
"NPLAS DE LEON CONSTRUCTION AND CO.","PG200902499","February 23, 2009","Registered","2/F ; LCM BLDG ; MARILAO; BULACAN; REGION III (CENTRAL LUZON)"
"OLINDA LEON CONSTRUCTION INC.","CS201419432","October 3, 2014","Suspended","L112 B4 3F U-12 PH4 ; KAUNLARAN; VILLAMOR ; TAGUIG CITY; FOURTH DISTRICT; NATIONAL CAPITAL REGION (NCR)"
"R.N. DE LEON CONSTRUCTION INCORPORATED","CS200518215","October 26, 2005","Registered","bf almanza uno ; CITY OF LAS PIAS; FOURTH DISTRICT; NATIONAL CAPITAL REGION (NCR)"
"GJE BUILDERS CORPORATION","CS200912157","August 10, 2009","Registered","MAC ARTHUR HIGHWAY ; San Rafael; CITY OF TARLAC (Capital); TARLAC; REGION III (CENTRAL LUZON); 2300"
"BADOC BUILDERS & SUPPLY; INC.","CS201513436","July 7, 2015","Registered","ADAMS; ILOCOS NORTE; REGION I (ILOCOS REGION)"
"KPG General Contractor OPC operating under the name of KPG Construction","2024100174763-54","October 25, 2024","Registered","LOT 17 BLOCK 11A ; GROUND FLOOR ; KPSL BLDG. ; BROOKSIDE LANE ; San Francisco; 6TH ; GENERAL TRIAS; CAVITE; REGION IV-A (CALABARZON); 4107"
"719 GENERAL CONTRACTOR SERVICES CO.","PG202101907","February 15, 2021","Registered","#144 DSM Subd.; ; Diamond Street ; CAVITE; REGION IV-A (CALABARZON); 4102"
"777 GENERAL CONTRACTOR Inc.","CS201950147","January 14, 2019","Delinquent","RM2510 Zen Tower; 1111 ; Natividad A. Lopez ; ERMITA; FIRST DISTRICT; NATIONAL CAPITAL REGION (NCR); 1000"
"A & S KONSTRUCT TANK FABRICATOR & GENERAL CONTRACTOR CO.","PG201204439","March 7, 2012","Registered","3 ; manju estate apartment ; BOCAUE; BULACAN; REGION III (CENTRAL LUZON)"
"A.J. CALDERON CONSTRUCTION & GENERAL CONTRACTOR CORPORATION","CS200800003","January 3, 2008","Suspended","18 ; JUPITER ST. ; RIZAL; REGION IV-A (CALABARZON)"
"ABE GENERAL CONTRACTOR INC.","CS201118025","October 11, 2011","Registered","BACOLOR; PAMPANGA; REGION III (CENTRAL LUZON)"
"ACT GENERAL CONTRACTOR & DEVELOPMENT CORP.","2023040093924-02","April 3, 2023","Registered","192 ; VIVO GARDEN SHOWROOM BUILDING ; EDSA EXTENSION ; MORNING BREEZE SUBDIVISION ; Barangay 83; CALOOCAN CITY; THIRD DISTRICT; NATIONAL CAPITAL REGION (NCR); 1400"
"AD5 GENERAL CONTRACTOR CO.","PG201620386","September 5, 2016","Registered","31 ; NUEVA ECIJA; REGION III (CENTRAL LUZON)"
"ALLEN AND LUISA GENERAL CONTRACTOR & SERVICES CORP.","A200111261","August 1, 2001","Suspended","V. MENDOZA ST. DE JOYA BAYVIEW SUBDIVISION BATANGAS CITY ; BATANGAS; REGION IV-A (CALABARZON)"
"AM ASIA GENERAL CONTRACTOR AND ELECTRICAL/INDUSTRIAL SALES; INC.","CS201004280","March 19, 2010","Suspended","LOT 25 BLK 24 PHASE 24 ; SANTA ROSA; LAGUNA; REGION IV-A (CALABARZON)"
"CRJ CONST AND DEVELOPMENT Inc.","CS201961884","May 9, 2019","Registered","0 ; Ochoa Ave ; AGUSAN DEL NORTE; REGION XIII (Caraga); 9600"
"R.U. AQUINO CONSTRUCTION AND DEVELOPMENT CORPORATION","CS200730397","October 17, 2007","Registered","24 ; legarda road ; BAGUIO CITY; BENGUET; CORDILLERA ADMINISTRATIVE REGION (CAR)"
"HAFF CONSTRUCTION AND SUPPLIES; INC.","CS202069389","July 15, 2020","Registered","Block 24; Lot 1 Cor. Morganite - Ruby St.; ; Grandville Subdivision ; CADIZ CITY; NEGROS OCCIDENTAL; REGION VI (WESTERN VISAYAS); 6121"
"747 BUILDERS & TRADERS; INC.","CS201306975","April 10, 2013","Registered","Ilang - Ilang Extension ; Santa Rosa II; MARILAO; BULACAN; REGION III (CENTRAL LUZON); 3019"
"BADOC BUILDERS & SUPPLY; INC.","CS201513436","July 7, 2015","Registered","ADAMS; ILOCOS NORTE; REGION I (ILOCOS REGION)"
"TOKWING CONSTRUCTION CORP.","CS200800705","January 17, 2008","Registered","SITIO PALAKOL; ; FLORIDABLANCA; PAMPANGA; REGION III (CENTRAL LUZON)"
"MARKBILT CONSTRUCTION/TOKWING CONSTRUCTION CORP.","CS201309033","May 9, 2013","Suspended","42E ; BANAHAW ST ; QUEZON CITY; SECOND DISTRICT; NATIONAL CAPITAL REGION (NCR)"
"KPG General Contractor OPC operating under the name of KPG Construction","2024100174763-54","October 25, 2024","Registered","LOT 17 BLOCK 11A ; GROUND FLOOR ; KPSL BLDG. ; BROOKSIDE LANE ; San Francisco; 6TH ; GENERAL TRIAS; CAVITE; REGION IV-A (CALABARZON); 4107"
"719 GENERAL CONTRACTOR SERVICES CO.","PG202101907","February 15, 2021","Registered","#144 DSM Subd.; ; Diamond Street ; CAVITE; REGION IV-A (CALABARZON); 4102"
"777 GENERAL CONTRACTOR Inc.","CS201950147","January 14, 2019","Delinquent","RM2510 Zen Tower; 1111 ; Natividad A. Lopez ; ERMITA; FIRST DISTRICT; NATIONAL CAPITAL REGION (NCR); 1000"
"A & S KONSTRUCT TANK FABRICATOR & GENERAL CONTRACTOR CO.","PG201204439","March 7, 2012","Registered","3 ; manju estate apartment ; BOCAUE; BULACAN; REGION III (CENTRAL LUZON)"
"A.J. CALDERON CONSTRUCTION & GENERAL CONTRACTOR CORPORATION","CS200800003","January 3, 2008","Suspended","18 ; JUPITER ST. ; RIZAL; REGION IV-A (CALABARZON)"
"ABE GENERAL CONTRACTOR INC.","CS201118025","October 11, 2011","Registered","BACOLOR; PAMPANGA; REGION III (CENTRAL LUZON)"
"ACT GENERAL CONTRACTOR & DEVELOPMENT CORP.","2023040093924-02","April 3, 2023","Registered","192 ; VIVO GARDEN SHOWROOM BUILDING ; EDSA EXTENSION ; MORNING BREEZE SUBDIVISION ; Barangay 83; CALOOCAN CITY; THIRD DISTRICT; NATIONAL CAPITAL REGION (NCR); 1400"
"AD5 GENERAL CONTRACTOR CO.","PG201620386","September 5, 2016","Registered","31 ; NUEVA ECIJA; REGION III (CENTRAL LUZON)"
"ALLEN AND LUISA GENERAL CONTRACTOR & SERVICES CORP.","A200111261","August 1, 2001","Suspended","V. MENDOZA ST. DE JOYA BAYVIEW SUBDIVISION BATANGAS CITY ; BATANGAS; REGION IV-A (CALABARZON)"
"AM ASIA GENERAL CONTRACTOR AND ELECTRICAL/INDUSTRIAL SALES; INC.","CS201004280","March 19, 2010","Suspended","LOT 25 BLK 24 PHASE 24 ; SANTA ROSA; LAGUNA; REGION IV-A (CALABARZON)"
"M.G. JACINTO CONSTRUCTION INC.","2024020136246-14","February 14, 2024","Registered","SORIANO ST.; ; Pallua Sur; TUGUEGARAO CITY (Capital); CAGAYAN; REGION II (CAGAYAN VALLEY); 3500"
"RC Jacinto Construction LTD. CO.","2025020188040-02","February 13, 2025","Registered","173D ; MISTLETOE STREET ; DEL NACIA VILLAGE 3 ; Talipapa; NOVALICHES ; QUEZON CITY; SECOND DISTRICT; NATIONAL CAPITAL REGION (NCR); 1116"
"Solfio P. Jacinto Construction Inc.","2023020086664-27","February 17, 2023","Registered","PUROK MASAGANA ; Daang Sarile; CABANATUAN CITY; NUEVA ECIJA; REGION III (CENTRAL LUZON); 3100"
"MECHE'S BUILDERS & CONSTRUCTION SUPPLY INC.","2022070061293-14","July 26, 2022","Registered","PUROK 19 PAG-ASA ; Mesaoy; NEW CORELLA; DAVAO DEL NORTE; REGION XI (DAVAO REGION); 8104"
"DOUBLE M CONSTRUCTION AND SUPPLY OPC","2021090024816-07","September 8, 2021","Registered","DMCS BUILDING ; PILA ROAD ; SITIO DAURAO ; Bgy. No. 57; Pila; LAOAG CITY (Capital); ILOCOS NORTE; REGION I (ILOCOS REGION); 2900"
"MESAGON BUILDERS INC.","CS201536758","July 7, 2015","Registered","125 ; PARAMOUNT ST.KM6;JP LAUREL AVE ; DAVAO CITY; DAVAO DEL SUR; REGION XI (DAVAO REGION); 8000"
"4MD JSL CONSTRUCTION INC.","CS201706685","February 24, 2017","Registered","282 QUEZON ST. ; POBLACION ; SOLANA; CAGAYAN; REGION II (CAGAYAN VALLEY)"
"MRBII CONSTRUCTION CORPORATION","CS201120567","November 23, 2011","Registered","8 DON MARIANO STREET; REGINA VILLAGE; ; Pasong Tamo; QUEZON CITY; SECOND DISTRICT; NATIONAL CAPITAL REGION (NCR); 1107"
"TOP KMC CONSTRUCTION AND SUPPLY Corp.","CS201915016","September 5, 2019","Registered","No. 45 ; Sen. L. Sumulong Circle ; RIZAL; REGION IV-A (CALABARZON); 1870"
"GENETIAN BUILDERS AND ENTERPRISES INCORPORATED","CS201818026","August 20, 2018","Registered","* ; TIGUMA NATIONAL HIGHWAY; BARANGAY ; ZAMBOANGA DEL SUR; REGION IX (ZAMBOANGA PENINSULA); 7016"
"MIGHTY CONSTRUCTION & DEVELOPMENT INC.","2022100072908-02","October 20, 2022","Registered","UNIT K8 ; UPSILON DRIVE; ; ALPHA VILLAGE; ; Matandang Balara; QUEZON CITY; SECOND DISTRICT; NATIONAL CAPITAL REGION (NCR); 1119"
"ALXM CONSTRUCTION & DEV'T. CORP.","CS201613808","June 28, 2016","Registered","133 ; RIZAL ST. ; DARAGA (LOCSIN); ALBAY; REGION V (BICOL REGION)"
"A. DE GUIA CONSTRUCTION AND DEV'T. CO.","PG201524637","December 17, 2015","Dissolved","ALICIA; ISABELA; REGION II (CAGAYAN VALLEY)"
"A. DE GUIA CONSTRUCTION AND DEVELOPMENT CORPORATION","CS201821802","September 27, 2018","Registered","79 ; Burgos ; ALICIA; ISABELA; REGION II (CAGAYAN VALLEY); 3311"
"721 BUILDERS CORPORATION","CS201121070","December 2, 2011","Registered","0159 ; Banaban; ANGAT; BULACAN; REGION III (CENTRAL LUZON); 3012"
"C.B. TAMPENGCO CONSTRUCTION AND SUPPLY INC.","CS201818571","August 24, 2018","Delinquent","Block 3 Lot 15 ; Medallion Homes ; MARILAO; BULACAN; REGION III (CENTRAL LUZON); 3019"
"MAGA Construction and Supplies Inc.","2021110032566-00","November 15, 2021","Registered","32 ; MCKINLEY AVENUE ; Muoz (Poblacion 14); CITY OF CATBALOGAN (Capital); SAMAR; REGION VIII (EASTERN VISAYAS); 6700"
"GREAT WALL BUILDERS INC.","0000081057","July 31, 1978","Revoked","RM 412 ALLIANCE BLDG. Q. PAREDES BINONDO MLA. ; CITY OF MANILA; NATIONAL CAPITAL REGION (NCR)"
"GREAT WALL BUILDERS OF VISAYAS INC.","CS201706953","February 24, 2017","Registered","D201;BOSTON FINANCE ; 6TH ST. ; BACOLOD CITY (Capital); NEGROS OCCIDENTAL; REGION VI (WESTERN VISAYAS); 6100"
"ARAGDON AND CHAVEZ CONSTRUCTION SERVICES CORPORATION","2021070021043-51","July 28, 2021","Registered","MCS BULDING ADVINCULA AVENUE ALAPAN II-A ; Ligtasan; IMUS CITY; CAVITE; REGION IV-A (CALABARZON); 2300"
""JUST US" INDUSTRIAL & CONSTRUCTION SERVICES INC.","CS200802980","February 28, 2008","Suspended","OROVILLE ; CABUYAO CITY; LAGUNA; REGION IV-A (CALABARZON)"
"1-ETF Construction Services Opc","2024020137157-05","February 20, 2024","Registered","TABIANDO ST. ; AMUNTAY ROAD ; Zone III (Pob.); CITY OF DASMARIAS; CAVITE; REGION IV-A (CALABARZON); 4114"
"1427 TRADING & CONSTRUCTION SERVICES CO.","PG201431725","July 25, 2014","Registered","BLK 9 LOT 7 ; EQUALITY ST.; SGR VILLAGE ; DAVAO CITY; DAVAO DEL SUR; REGION XI (DAVAO REGION)"
"15O5 Construction Services Co.","2024030143530-04","April 2, 2024","Registered","UNIT 7 ; PLAZA ERLINDA BLDG. ; CORNER DON PEPE ST. AND MAGALANG AVENUE ; Ninoy Aquino (Marisol); ANGELES CITY; PAMPANGA; REGION III (CENTRAL LUZON); 2009"
"2D Construction Services Company","2023100119803-00","October 6, 2023","Registered","1 ; DAANGBAKAL ; DELOS ANGELES ; Dulong Bayan 2; 3RD ; SAN MATEO; RIZAL; REGION IV-A (CALABARZON); 1850"
"2G Construction Services Inc.","2025100223288-00","October 15, 2025","Registered","UNIT 3008 VINIA RESIDENCES ; VERSAFLATS CONDOMINIUM ; Phil-Am; QUEZON CITY; SECOND DISTRICT; NATIONAL CAPITAL REGION (NCR); 1104"
"3'S MACAPOBRE CONSTRUCTION SERVICES CORP.","2023070108262-36","July 17, 2023","Registered","BLK 10 LOT 50 ; CAMIA ST ; TS CRUZ SUBD. ; Almanza Dos; CITY OF LAS PIAS; FOURTH DISTRICT; NATIONAL CAPITAL REGION (NCR); 1750"
"3-A'S CONSTRUCTION SERVICES INC.","CS201418846","September 26, 2014","Delinquent","PUROK 5 ; CITY OF MASBATE (Capital); MASBATE; REGION V (BICOL REGION)"
"3AMR CONSTRUCTION SERVICES INC.","2024060156437-08","June 24, 2024","Registered","VI ; BATONGBAKAL ST ; Tabing Bakod; SANTA MARIA; BULACAN; REGION III (CENTRAL LUZON); 1900"
"HONEYVILLECONST AND DEVELOPMENT CORPORATION doing business under the name and style of HONEYVILLECONSTRUCTION","CS202070166","August 12, 2020","Registered","007 ; San Isidro (Pob.); MAGARAO; CAMARINES SUR; REGION V (BICOL REGION); 4403"
"FROMARC BUILDERS CORPORATION","2024080165428-43","August 21, 2024","Registered","ZONE 1; BRGY ; San Antonio; BACOLOR; PAMPANGA; REGION III (CENTRAL LUZON); 2001"
"TRIPLE 8 CONSTRUCTION AND SUPPLY AND FROMARC BUILDERS GENERAL MDSE JV Company","PG202003787","May 18, 2020","Registered","Bacolor ; ZONE1 ; BACOLOR; PAMPANGA; REGION III (CENTRAL LUZON); 2001"
"HEBREWS BUILDERS AND CONSTRUCTION CORP.","CS201918994","November 18, 2019","Registered","#01 ; OSMENA STREET ; BATAAN; REGION III (CENTRAL LUZON); 2100"
"Skyline Construction; Equipment and Development Corporation","CS201960988","August 19, 2019","Registered","NATIONAL HIIGHWAY ; Centro I (Pob.); CLAVERIA; CAGAYAN; REGION II (CAGAYAN VALLEY); 3519"
"MUNTOPAR BUILDERS CORP.","2021050012884-05","May 5, 2021","Registered","BURGOS ST. ; Maningcay De Oro; SORSOGON CITY ; PRIETO DIAZ; SORSOGON; REGION V (BICOL REGION); 4711"
"DEVECOM REALTY DEVELOPMENT CORP.","CS201014515","September 13, 2010","Registered","2 EXTN ; IPIL ST ; CITY OF MARIKINA; SECOND DISTRICT; NATIONAL CAPITAL REGION (NCR)"
"DEVKONSTRUCT DEVELOPMENT CORP.","CS201915172","September 6, 2019","Registered","18 ; KALAWAG ; QUEZON CITY; SECOND DISTRICT; NATIONAL CAPITAL REGION (NCR); 1105"
"DEVNEY INTERNATIONAL DEVELOPMENT CORP.","CS201306704","April 8, 2013","Delinquent","BLK 1 LOT 4 ; METRO ROYALE ; RODRIGUEZ (MONTALBAN); RIZAL; REGION IV-A (CALABARZON)"
"DEVRRRANS DEVELOPMENT CORP.","CS201312983","July 5, 2013","Registered","BIEN UNIDO; BOHOL; REGION VII (CENTRAL VISAYAS)"
"MBP SUNRISE CONSTRUCTION & DEVELOPMENT CORP.","2024060156943-01","June 27, 2024","Registered","#1 ; 2ND FLOOR ; JENMARK BLDG. ; PELICAN ; ST. FRANCIS SUBD ; Pandayan; SAN JUAN CITY ; CITY OF MEYCAUAYAN; BULACAN; REGION III (CENTRAL LUZON); 3020"
"(A.D) ANNO DOMINI CONSTRUCTION AND DEVELOPMENT CORP.","2021060015921-04","June 8, 2021","Registered","PUROK 5A CROSSING ; Barangay 1 (Pob.); LONE DISTRICT ; CITY OF CALAMBA; LAGUNA; REGION IV-A (CALABARZON); 4027"
"(CPDC) CLARKPRES. DEVELOPMENT CORP.","CS202071296","August 20, 2020","Registered","11 ; MALABANIAS ROAD CORNER MAGSAYSAY ST. PLARIDEL 1 ; Malabanias; ANGELES CITY; PAMPANGA; REGION III (CENTRAL LUZON); 2009"
"0212 Development Corp.","2021050012983-09","May 6, 2021","Registered","388 ; M. VELEZ ST. ; Guadalupe; CEBU CITY (Capital); CEBU; REGION VII (CENTRAL VISAYAS); 6000"
"1001 CONSTRUCTION AND DEVELOPMENT CORP.","2025060206219-60","June 23, 2025","Registered","3-6 ; CRISTINA DRIVE; ; VILLA TERESA; ; Santo Rosario (Pob.); ANGELES CITY; PAMPANGA; REGION III (CENTRAL LUZON); 2009"
"1021 DEVELOPMENT CORP.","CS200319880","September 9, 2003","Revoked","249 ; QUIRINO HIGHWAY ; Baesa; QUEZON CITY; SECOND DISTRICT; NATIONAL CAPITAL REGION (NCR); 1106"
"R.E. SINGSON CONSTRUCTION AND DEVELOPMENT INC.","CS20200000608","February 12, 2020","Registered","#261 ; NATIONAL HIGHWAY ; Poblacion II; SIATON; NEGROS ORIENTAL; REGION VII (CENTRAL VISAYAS); 6219"
"E.A. SANCHO CONSTRUCTION; INC.","CS200931607","October 5, 2009","Registered","_ ; midem st.; ; SIPOCOT; CAMARINES SUR; REGION V (BICOL REGION)"
"MARCBILT CONSTRUCTION; INC.","0000195016","August 28, 1991","Registered","NO. 69 MAKBAN ROAD ; San Felix; SANTO TOMAS; BATANGAS; REGION IV-A (CALABARZON); 4234"
"HEKLER BUILDERS CORP.","CS201803255","March 14, 2018","Registered","47146 ; C ; RODOLFO FARIAS BY-PASS ROAD ; Pasiocan; BACARRA; ILOCOS NORTE; REGION I (ILOCOS REGION); 2916"
"MEGA PLUS CONSTRUCTION AND SUPPLY CORP.","CS202061530-A","July 13, 2020","Registered","OBEDIENCE ST.; ; VILLALON SUBDIVISION ; Lahug (Pob.); CEBU CITY (Capital); CEBU; REGION VII (CENTRAL VISAYAS); 6000"
"GACUTAN CONSTRUCTION INC.","CS201721664","July 3, 2017","Registered","TANGUILE ST. ; CAUAYAN; ISABELA; REGION II (CAGAYAN VALLEY); 3305"
"R & N Gacutan Construction Corporation","2021120034770-26","December 6, 2021","Registered","BLOCK 1 LOT 38 ; ORTIZ VILLAGE ; Matimbubong; DISTRICT III ; SAN ILDEFONSO; BULACAN; REGION III (CENTRAL LUZON); 3010"
"A.L. BANTA CONSTRUCTION COMPANY; INC.","0000021731","October 31, 1962","Revoked","1121 ; J. BARLIN ST. ; CITY OF MANILA; FIRST DISTRICT; NATIONAL CAPITAL REGION (NCR)"
"A.L. CERVANTES CONSTRUCTION CO.","P000038983","May 19, 1983","Registered","CEBU; REGION VII (CENTRAL VISAYAS)"
"A.L. CRUZ BUILDERS CONSTRUCTION CORP.","2023090118761-09","September 28, 2023","Registered","LOT6 BLOCK2 PH2 ; KISKADEE ST ; MONTEVERDE ROYALE ; San Juan; TAYTAY; RIZAL; REGION IV-A (CALABARZON); 1920"
"A.L. DARE CONSTRUCTION CORP.","CS200900480","January 16, 2009","Registered","SAN PABLO ; LUBAO; PAMPANGA; REGION III (CENTRAL LUZON)"
"A.L. HARDWARE AND CONSTRUCTION SUPPLIES INC.","2021070021033-02","July 28, 2021","Registered","DOOR 2 ; A.L BUILDING ; EXIT ROAD ; Carmen; CITY OF TACURONG; SULTAN KUDARAT; REGION XII (SOCCSKSARGEN); 9800"
"A.L. LUCERO CONSTRUCTION CORPORATION","2023100120893-11","October 12, 2023","Registered","26 ; BITAO STREET ; AMPARO VILLAGE ; Barangay 179; CALOOCAN CITY; THIRD DISTRICT; NATIONAL CAPITAL REGION (NCR); 1425"
"A.L. NINOBLA CONSTRUCTION COMPANY","P000037561","February 9, 1982","Registered","DAVAO CITY; DAVAO DEL SUR; REGION XI (DAVAO REGION)"
"A.L. SALAZAR CONSTRUCTION; INC.","0000089211","October 24, 1979","Registered","Unit 108 ; 3A's & E Building ; Mc Arthur Highway ; Borol 1st; BALAGTAS (BIGAA); BULACAN; REGION III (CENTRAL LUZON); 3016"
"A.L. TWIN CONSTRUCTION CO.","PG200342246","February 23, 2004","Registered","BLK 14 LOT 13 TANGILE ; BACOOR CITY; CAVITE; REGION IV-A (CALABARZON)"
"A.L.C. CONSTRUCTION GROUP; INC.","CS200318021","August 19, 2003","Revoked","98 ; SGT. J. CATOLOS ST. ; QUEZON CITY; SECOND DISTRICT; NATIONAL CAPITAL REGION (NCR)"
"BEEROCK ENTERPRISES INCORPORATED","CS201800538","February 5, 2018","Registered","REAL ST.; ; ABUYOG; LEYTE; REGION VIII (EASTERN VISAYAS); 6510"
"3A'S & E CONSTRUCTION & REALTY DEVELOPMENT; INC. doing business under the name and style of EA PROPERTIES","AS94011471","December 16, 1994","Registered","UNIT 1203 ANNAPOLIS WILSHRIE PLAZA ; UNIT 1203 ; ANNAPOLIS WILSHIRE PLAZA ; 11 ANNAPOLIS ST ; CITY OF MANILA; NATIONAL CAPITAL REGION (NCR)"
"A.C. TUMANG CONSTRUCTION REALTY & DEVELOPMENT CORPORATION","CS201419637","October 8, 2014","Suspended","DODGE ST.; ; QUEENSBOROUGH ; PAMPANGA; REGION III (CENTRAL LUZON)"
"ACE MATTHEW CONSTRUCTION & REALTY DEV. CORP.","CS201101985","February 7, 2011","Suspended","131 ; MH DEL PILAR ST ; RODRIGUEZ (MONTALBAN); RIZAL; REGION IV-A (CALABARZON)"
"AEM CONSTRUCTION REALTY AND DEV'T OPC","OPC20200000340","February 7, 2020","Registered","10 ; IMELDA MARCOS BLVD. ; San Joaquin; MABALACAT CITY; PAMPANGA; REGION III (CENTRAL LUZON); 2010"
"ANTONINA CONSTRUCTION & REALTY VENTURES CORPORATION","CS200829753","July 8, 2008","Suspended","* ; National Hway ; CITY OF KORONADAL (Capital); SOUTH COTABATO; REGION XII (SOCCSKSARGEN)"
"BMD CONSTRUCTION & REALTY DEVELOPMENT CORP.","CS201011297","July 22, 2010","Registered","#20 ; Cadelina St.; ; LUCBAN; QUEZON; REGION IV-A (CALABARZON)"
"Churchill Construction & Realty Development Inc.","CS200419637","December 22, 2004","Registered","congressional avenue ; QUEZON CITY; SECOND DISTRICT; NATIONAL CAPITAL REGION (NCR)"
"CJL Construction; Realty and Development OPC","2023020087259-02","February 21, 2023","Registered","BLOCK 72 LOT 37 ; LAS PALMAS ; Cay Pombo; SANTA MARIA; BULACAN; REGION III (CENTRAL LUZON); 3022"
"FAST BUILDERS CONSTRUCTION & REALTY DEV'T. CORP.","CS201714830","May 8, 2017","Registered","TAYSAN; BATANGAS; REGION IV-A (CALABARZON)"
"FAZT CONSTRUCTION & REALTY CORPORATION","CS201318773","September 26, 2013","Delinquent","UNTI 243 CITYLAND PASONG TAMO CONDOMINIUM ; 6264 CALLE ESTACION ; CITY OF MAKATI; FOURTH DISTRICT; NATIONAL CAPITAL REGION (NCR)"
"SUNRISE BUILDERS CO.","P000037352","November 11, 1981","Expired","136-A PAG-ASA ST.; CANIOGAN; PASIG; M.M. ; CITY OF MANILA; NATIONAL CAPITAL REGION (NCR)"
"APC-ABC SUNRISE BUILDERS INC.","CS201909227","June 6, 2019","Delinquent","751 ABC BUILDING; BROOKSIDE HILLS SUBDIVISION ; SUNRISE DRIVE ; CAINTA; RIZAL; REGION IV-A (CALABARZON); 1900"
"GOLDEN SUNRISE BUILDERS & DEV. CORP.","0000116248","September 26, 1983","Revoked","GALICIA BLDG; ALVAREZ ST; COR RIZAL AVA; STA CRUZ ; RIZAL; REGION IV-A (CALABARZON)"
"METRO SUNRISE BUILDERS CO. LTD.","A199800962","January 22, 1998","Registered","434 A CALBAYOG ST.; MANDALUYONG CITY ; CITY OF MANILA; NATIONAL CAPITAL REGION (NCR)"
"AAGroup Construction & Development Corporation","2025020188273-00","February 13, 2025","Registered","71 ; JOSE ABAD SANTOS AVENUE ; Salawag; CITY OF DASMARIAS; CAVITE; REGION IV-A (CALABARZON); 4114"
"MBP SUNRISE CONSTRUCTION & DEVELOPMENT CORP.","2024060156943-01","June 27, 2024","Registered","#1 ; 2ND FLOOR ; JENMARK BLDG. ; PELICAN ; ST. FRANCIS SUBD ; Pandayan; SAN JUAN CITY ; CITY OF MEYCAUAYAN; BULACAN; REGION III (CENTRAL LUZON); 3020"
""AVRO" CONSTRUCTION & DEVELOPMENT CO.","P000031956","March 17, 1977","Registered","7868 ; MAKATI AVENUE ; CITY OF MAKATI; FOURTH DISTRICT; NATIONAL CAPITAL REGION (NCR)"
"1024 CONSTRUCTION & DEVELOPMENT CORPORATION","CS201223653","December 28, 2012","Registered","U8A ; GENSTAR PLAZA ; GENERAL TRIAS; CAVITE; REGION IV-A (CALABARZON)"
"1993 CITY CONSTRUCTION DEVELOPMENT CORPORATION","CS201103632","March 2, 2011","Delinquent","suite 508 5th floor west plaza bldg.; ; no 66 west avenue ; QUEZON CITY; SECOND DISTRICT; NATIONAL CAPITAL REGION (NCR)"
"1ST NORTH PACIFIC CONSTRUCTION & DEVELOPMENT CORP.","CS201410979","June 5, 2014","Registered","Rm. 1215 Robbinsdale Residences ; #14 G. Araneta Ave.; ; QUEZON CITY; SECOND DISTRICT; NATIONAL CAPITAL REGION (NCR)"
"21TH CONSTRUCTION DEVELOPMENT CORPORATION","CS200808436","May 29, 2008","Registered","NO. 28 LOT 12 BLOCK 94 PHASE VI AFPOVAIL VILLAGE ; R PAPA AVE COR P GARCIA ST ; TAGUIG CITY; FOURTH DISTRICT; NATIONAL CAPITAL REGION (NCR)"
"22 BUILDERS & CONSTRUCTION DEVELOPMENT INC. operating under the name of 22 BC DEVELOPMENT and CUIGO TRADING","2021110033411-10","November 22, 2021","Registered","UNIT 7 ; A. GESON BLDG ; D. JAKOSALEM ST. ; Zapatera; CEBU CITY (Capital); CEBU; REGION VII (CENTRAL VISAYAS); 6000"
"3-MJ CONSTRUCTION & DEVELOPMENT CORPORATION","CS201309559","May 21, 2013","Delinquent","24 ; MT VIEW ST ; BINANGONAN; RIZAL; REGION IV-A (CALABARZON)"
"379 International Construction Development Corporation","2023060105862-08","June 30, 2023","Registered","2C 2ND FLR ; NATIVIDAD P BLDG 2 ; ABLAN AVENUE COR PRIMO LAZARO ST ; Bgy. No. 4; San Guillermo (Pob.); LAOAG CITY (Capital); ILOCOS NORTE; REGION I (ILOCOS REGION); 2900"
"ALMS GENERAL MERCHANDISE OPC","2024040145829-01","April 12, 2024","Registered","45 ; RMT BUILDING ; METRO AVENUE ; METROHEIGHTS SUBD ; Culiat; NCR; SECOND DISTRICT - QUEZON CITY ; QUEZON CITY; SECOND DISTRICT; NATIONAL CAPITAL REGION (NCR); 1106"
"747 BUILDERS & TRADERS; INC.","CS201306975","April 10, 2013","Registered","Ilang - Ilang Extension ; Santa Rosa II; MARILAO; BULACAN; REGION III (CENTRAL LUZON); 3019"
"729 CONSTRUCTION; INC.","CS200917414","November 6, 2009","Registered","165 ; 3FLOOR ; LRT BUILDING ; NEW BYPASS ROAD ; Bagbaguin; SANTA MARIA; BULACAN; REGION III (CENTRAL LUZON)"
"E.F. CHUA CONSTRUCTION; INC.","CS201014082","October 4, 2010","Registered","LOT 8-B-3 ; MAGSAYSAY ROAD ; CITY OF SAN PEDRO; LAGUNA; REGION IV-A (CALABARZON)"
"JT CHUA CONSTRUCTION; INC.","CS200613848","August 31, 2006","Registered","L20 B1 EMPLOYEES HOUSING ; JENNYS AVE.; ; CITY OF PASIG; SECOND DISTRICT; NATIONAL CAPITAL REGION (NCR)"
"TRIDENT PEAKS BUILDERS & SERVICES INC.","CS201617351","August 3, 2016","Registered","BLK5 LOT5 REAL ; METROPOLIS VILL1 ; CITY OF PASIG; SECOND DISTRICT; NATIONAL CAPITAL REGION (NCR)"
"RRC CO. INC.","CS201960153","February 12, 2019","Registered","Barangay ; ISABELA; REGION II (CAGAYAN VALLEY); 73320"
"MILESTONE 888 CONSTRUCTION INC.","CS200322988","October 13, 2003","Revoked","LASAM ST.; PARADISE ZONE ; GONZAGA; CAGAYAN; REGION II (CAGAYAN VALLEY)"
"GRAGEDA AND CASTRO CONSTRUCTION COMPANY","2023040095081-00","April 17, 2023","Registered","7016 ; NONE ; NONE ; TADECO ROAD ; BRGY. SAN FRANCISCO ; San Francisco (Pob.); PANABO ; CITY OF PANABO; DAVAO DEL NORTE; REGION XI (DAVAO REGION); 8105"
"J.H. DE CASTRO CONSTRUCTION CORPORATION","CS201002246","February 18, 2010","Suspended","30 ; OBISPO OBVIAR ST ; LIPA CITY; BATANGAS; REGION IV-A (CALABARZON)"
"MANALANG CASTRO CONSTRUCTION CORPORATION","CS201629715","December 21, 2016","Delinquent","2156 CRESENCIANO EXT ; GREEN MEADOW 2 ; MABALACAT CITY; PAMPANGA; REGION III (CENTRAL LUZON)"
"SANTIAGO AND CASTRO CONSTRUCTION & DEVELOPMENT COMPANY","P000048557","April 25, 1991","Registered","127 ; SOLIMAN ST. ; CITY OF MALOLOS (Capital); BULACAN; REGION III (CENTRAL LUZON)"
"D.G. CHICO TRADING & CONSTRUCTION CORPORATION","AS93008770","November 10, 1993","Registered","DONA GENEROSA ;MBLDG EDSA EXT.; PASAY CITY ; CITY OF MANILA; NATIONAL CAPITAL REGION (NCR)"
"AAGroup Construction & Development Corporation","2025020188273-00","February 13, 2025","Registered","71 ; JOSE ABAD SANTOS AVENUE ; Salawag; CITY OF DASMARIAS; CAVITE; REGION IV-A (CALABARZON); 4114"
"ARAGDON AND CHAVEZ CONSTRUCTION SERVICES CORPORATION","2021070021043-51","July 28, 2021","Registered","MCS BULDING ADVINCULA AVENUE ALAPAN II-A ; Ligtasan; IMUS CITY; CAVITE; REGION IV-A (CALABARZON); 2300"
"BIG JC CONSTRUCTION CORP.","2022060056899-03","June 22, 2022","Registered","1013 S.TEODORO ST. ; Tondo I/II - Barangay 196; CITY OF MANILA; FIRST DISTRICT; NATIONAL CAPITAL REGION (NCR); 1013"
"CLJR CONSTRUCTION OPC","2023080111000-01","August 4, 2023","Registered","4C ; RAYMUNDO AVENUE ; Rosario; CITY OF PASIG; SECOND DISTRICT; NATIONAL CAPITAL REGION (NCR); 1609"
"DMZ CONSTRUCTION CORPORATION","2024020134407-02","February 2, 2024","Registered","#199 ; San Jose; SANTO TOMAS; BATANGAS; REGION IV-A (CALABARZON); 4234"
"DUX CONSTRUCTION INC.","2024100171818-03","October 4, 2024","Registered","BLK 12 LOT 28 ; SAINT PETER STREET ; SAN PEDRO VII ; San Bartolome; QUEZON CITY; SECOND DISTRICT; NATIONAL CAPITAL REGION (NCR); 1116"
"E. Y. MERCADO CONSTRUCTION CORPORATION doing business under the name and style of E Y MERCADO CONSTRUCTION","2021070020609-12","July 23, 2021","Registered","BLK 1 LOT 25 ; OLIVAREZ COMPOUND 2 ; San Roque; CITY OF SAN PEDRO; LAGUNA; REGION IV-A (CALABARZON); 4023"
"JMD8 CONSTRUCTION CORPORATION","2025040199061-05","April 25, 2025","Registered","85 ; KAPILIGAN STREET ; Doa Imelda; QUEZON CITY; SECOND DISTRICT; NATIONAL CAPITAL REGION (NCR); 1113"
"MARJETECH CONSTRUCTION & TRADING OPC","2023050101306-02","May 30, 2023","Registered","ZONE 7; ; Santo Domingo; BOMBON; CAMARINES SUR; REGION V (BICOL REGION); 4404"
"E.S. MENDOZA BUILDERS & CONTRACTORS; INC.","CS200701236","January 29, 2007","Delinquent","549 ; BULACAN; REGION III (CENTRAL LUZON)"
"J. NIETO MENDOZA BUILDERS HARDWARE; INC.","AS93005770","July 29, 1993","Suspended","LA TRINIDAD SUBD. LOLOMBOY; BOCAUE; BULACAN ; BULACAN; REGION III (CENTRAL LUZON)"
"J.A. MENDOZA BUILDERS INC.","0000093856","July 9, 1980","Revoked","1277 LARDIZABAL ST.; SAMPALOC; MANILA ; CITY OF MANILA; NATIONAL CAPITAL REGION (NCR)"
"NOR-MENDOZA BUILDERS & ASSOCIATES CO.","P000038068","July 26, 1982","Registered","94 ; K-1ST STREET ; QUEZON CITY; SECOND DISTRICT; NATIONAL CAPITAL REGION (NCR)"
"1FC DIZON CORP.","CS201808738","May 28, 2018","Registered","MANGGA II ; Matatalaib; CITY OF TARLAC (Capital); TARLAC; REGION III (CENTRAL LUZON); 2300"
"CEBU 7H TECHNOCHEM INDUSTRIES; INC.","C199900227","March 22, 1999","Registered","209 ; green hills road ; MANDAUE CITY; CEBU; REGION VII (CENTRAL VISAYAS); 6014"
"JTC CRUZ CONSTRUCTION CO. INC.","CS200608608","June 5, 2006","Registered",""
"EDCELCON CONSTRUCTION INC.","CS201812023","July 2, 2018","Registered","317 ; By Pass Road ; BULACAN; REGION III (CENTRAL LUZON); 3022"
"RELY CONSTRUCTION AND SUPPLY; INC.","CS201615169","July 14, 2016","Registered","KM 7 TIGATTO ROAD ; BUHANGIN ; DAVAO CITY; DAVAO DEL SUR; REGION XI (DAVAO REGION); 8000"
"PRIME MASTER CONST. AND DEV'T. CORP.","CS201621097","September 9, 2016","Registered","5JL BLDG. ; IGUIG; CAGAYAN; REGION II (CAGAYAN VALLEY)"
"B. BERNARDO CONST.; INC.","CS201618965","August 19, 2016","Registered","233 ; BULACAN; REGION III (CENTRAL LUZON)"
"Dinah RBS Construction and Supply Incorporated","CS202061866","November 3, 2020","Registered","150 ; KABULIHAN ; Ilihan; TOLEDO CITY; CEBU; REGION VII (CENTRAL VISAYAS); 6038"
"AAGroup Construction & Development Corporation","2025020188273-00","February 13, 2025","Registered","71 ; JOSE ABAD SANTOS AVENUE ; Salawag; CITY OF DASMARIAS; CAVITE; REGION IV-A (CALABARZON); 4114"
"ARAGDON AND CHAVEZ CONSTRUCTION SERVICES CORPORATION","2021070021043-51","July 28, 2021","Registered","MCS BULDING ADVINCULA AVENUE ALAPAN II-A ; Ligtasan; IMUS CITY; CAVITE; REGION IV-A (CALABARZON); 2300"
"BIG JC CONSTRUCTION CORP.","2022060056899-03","June 22, 2022","Registered","1013 S.TEODORO ST. ; Tondo I/II - Barangay 196; CITY OF MANILA; FIRST DISTRICT; NATIONAL CAPITAL REGION (NCR); 1013"
"CLJR CONSTRUCTION OPC","2023080111000-01","August 4, 2023","Registered","4C ; RAYMUNDO AVENUE ; Rosario; CITY OF PASIG; SECOND DISTRICT; NATIONAL CAPITAL REGION (NCR); 1609"
"DMZ CONSTRUCTION CORPORATION","2024020134407-02","February 2, 2024","Registered","#199 ; San Jose; SANTO TOMAS; BATANGAS; REGION IV-A (CALABARZON); 4234"
"DUX CONSTRUCTION INC.","2024100171818-03","October 4, 2024","Registered","BLK 12 LOT 28 ; SAINT PETER STREET ; SAN PEDRO VII ; San Bartolome; QUEZON CITY; SECOND DISTRICT; NATIONAL CAPITAL REGION (NCR); 1116"
"E. Y. MERCADO CONSTRUCTION CORPORATION doing business under the name and style of E Y MERCADO CONSTRUCTION","2021070020609-12","July 23, 2021","Registered","BLK 1 LOT 25 ; OLIVAREZ COMPOUND 2 ; San Roque; CITY OF SAN PEDRO; LAGUNA; REGION IV-A (CALABARZON); 4023"
"JMD8 CONSTRUCTION CORPORATION","2025040199061-05","April 25, 2025","Registered","85 ; KAPILIGAN STREET ; Doa Imelda; QUEZON CITY; SECOND DISTRICT; NATIONAL CAPITAL REGION (NCR); 1113"
"MARJETECH CONSTRUCTION & TRADING OPC","2023050101306-02","May 30, 2023","Registered","ZONE 7; ; Santo Domingo; BOMBON; CAMARINES SUR; REGION V (BICOL REGION); 4404"
"MARSUN CONSTRUCTION; INCORPORATED","2022060054431-02","June 1, 2022","Registered","PAYATAS ROAD CORNER MAHOGANY STREET ; Payatas; QUEZON CITY; SECOND DISTRICT; NATIONAL CAPITAL REGION (NCR); 1119"
"ALGON ENGINEERING CONSTRUCTION CORPORATION","0000030287","January 1, 1966","Registered","J P CABAGUIO AVENUEDAVAO CITY ; DAVAO DEL SUR; REGION XI (DAVAO REGION)"
"ANVIL ENGINEERING & CONSTRUCTION SERVICES","PP201407436","April 15, 2014","Registered","B24 LOT 14 ; ALVIN ST ; MABALACAT CITY; PAMPANGA; REGION III (CENTRAL LUZON)"
"AR - JI ENGINEERING CONSTRUCTION CORPORATION","2022090069059-09","September 20, 2022","Registered","BLK 9 LOT 45 ; BELAROSA RESIDENCES ; Santa Teresita; SANTO TOMAS; BATANGAS; REGION IV-A (CALABARZON); 4234"
"ARM STRONG ENGINEERING CONSTRUCTION COMPANY","PG201702124","January 20, 2017","Registered","BLK.8LOT8 ; VILLA ISABELITA ; CITY OF LAS PIAS; FOURTH DISTRICT; NATIONAL CAPITAL REGION (NCR)"
"AST GENERAL ENGINEERING CONSTRUCTION SERVICES AND SUPPLY CORP.","CS201328186","February 8, 2013","Suspended","KM 05 MA-A ROAD BUGAC; ; DAVAO CITY; DAVAO DEL SUR; REGION XI (DAVAO REGION)"
"ATLANTIC ENGINEERING & CONSTRUCTION COMPANY","PP200402075","February 10, 2004","Registered","BLK 2 LOT 11 PHASE 2 SOLDIER HILLS ; BACOOR CITY; CAVITE; REGION IV-A (CALABARZON)"
"BETA STRING ENGINEERING CONSTRUCTION CORP.","2021100029996-28","October 28, 2021","Registered","GROUND ; FLOOR ; DBSI BLDG ; MALAGAMOT ROAD ; KM.14 ; Panacan; BUNAWAN DISTRICT ; DAVAO CITY; DAVAO DEL SUR; REGION XI (DAVAO REGION); 8000"
"BUILDSAFEPINAS ENGINEERING CONSTRUCTION CORP.","2022030044194-15","March 2, 2022","Registered","2 ; UNIT 905 ; JAYAPURA BLDG ; BALI ; OASIS ; Santolan; PASIG ; CITY OF PASIG; SECOND DISTRICT; NATIONAL CAPITAL REGION (NCR); 1600"
"CASTAN ENGINEERING & CONSTRUCTION CORP.","2022030045207-02","March 9, 2022","Registered","212-B ; MADOKAY ST. ; Barangay 126; CALOOCAN CITY; THIRD DISTRICT; NATIONAL CAPITAL REGION (NCR); 1400"
"CHINA CIVIL ENGINEERING CONSTRUCTION CORPORATION UNDER THE NAME CHINA CIVIL ENGINEERING CONSTRUCTION CORPORATION PHILIPPINE BRANCH","FS201727169","August 11, 2017","Registered","3/F BUILDERS CENTER ; 170 SALCEDO ; CITY OF MAKATI; FOURTH DISTRICT; NATIONAL CAPITAL REGION (NCR)"
"ZMS CONST. & DEV. CORP.","CS200627196","July 20, 2006","Registered","2ND FLOOR ; S & L BUILDING ; RIZAL AVENUE ; Madasigon (Pob.); MOLAVE; ZAMBOANGA DEL SUR; REGION IX (ZAMBOANGA PENINSULA); 7017"
"COLBY CONSTRUCTION AND DEVELOPMENT CORPORATION","CS201628598","December 12, 2016","Delinquent","MAHARLIKA HWY. ; CITY OF SANTIAGO; ISABELA; REGION II (CAGAYAN VALLEY)"
"COLBY CONSTRUCTION AND DEVELOPMENT INT'L. INC.","CS201406915","April 3, 2014","Delinquent","NAMNAMA; ; CITY OF SANTIAGO; ISABELA; REGION II (CAGAYAN VALLEY)"
"COLBY CONSTRUCTION AND SUPPLY CORPORATION doing business under the name and style of COLBY CONSTRUCTION","2022040049434-00","April 13, 2022","Registered","COLBONGAN BUILDING ; MAHARLIKA HIGHWAY ; Batal; CITY OF SANTIAGO; ISABELA; REGION II (CAGAYAN VALLEY); 3311"
"HENSO CONSTRUCTION; INC.","CS200931551","October 28, 2009","Registered","A.J. Saavedra Road; ; ZAMBOANGA CITY; ZAMBOANGA DEL SUR; REGION IX (ZAMBOANGA PENINSULA); 7000"
"CARESYSTEM TECHNOLOGY SOLUTION CO.; INC.","CS201537485","December 15, 2015","Registered","DR. 1&2 LSBROS BLDG. ; KM. 5 ; DAVAO CITY; DAVAO DEL SUR; REGION XI (DAVAO REGION); 8000"
"BMJ BUILDERS CORPORATION","2022060056000-01","June 14, 2022","Registered","Bulanao; CITY OF TABUK (Capital); KALINGA; CORDILLERA ADMINISTRATIVE REGION (CAR); 3800"
"ARN BUILDERS; INC.","CS200417997","November 12, 2004","Registered","RIVERGATE COMMERCIAL COMPLEX MANGO AVE.; ; CEBU CITY (Capital); CEBU; REGION VII (CENTRAL VISAYAS)"
"DL ENTERPRISES INC.","CS202009046","October 27, 2020","Registered","1 ; Rizal ; OZAMIS CITY; MISAMIS OCCIDENTAL; REGION X (NORTHERN MINDANAO); 7200"
"DL MEGA BOSS ENTERPRISES INC.","CS201106040","April 5, 2011","Suspended","75 ; Maysilo Circle ; CITY OF MANDALUYONG; SECOND DISTRICT; NATIONAL CAPITAL REGION (NCR)"
"Anex Cosmetics Enterprises OPC","2021110031858-00","November 9, 2021","Registered","F3-11 8TH ST COR ; 23RD ST ; Barangay 183; PASAY CITY; FOURTH DISTRICT; NATIONAL CAPITAL REGION (NCR); 1309"
"GO 2 BIG HOMEDECOR ENTERPRISES and SUPPLIES INC.","2024010129835-72","January 3, 2024","Registered","UNIT ; 6- ; A. BRGY. ; Calzada; BALAYAN; BATANGAS; REGION IV-A (CALABARZON); 4213"
"IVORYSIGN BUSINESS ENTERPRISES CORP.","2024010129819-01","January 3, 2024","Registered","UNIT 8 ; C; ; BRGY. ; Calzada; BALAYAN; BATANGAS; REGION IV-A (CALABARZON); 4213"
"JVM Enterprises OPC","2023100121792-42","October 19, 2023","Registered","ZONE 5 ; Buntatala; JARO ; ILOILO CITY (Capital); ILOILO; REGION VI (WESTERN VISAYAS); 5000"
"OiLife DIRECT SELLING ENTERPRISES OPC","2025080214117-05","August 13, 2025","Registered","304 ; MEDALLA ; CUBAO ; EDSA GEN. MCARTHUR AVENUE ; Socorro; QUEZON CITY ; QUEZON CITY; SECOND DISTRICT; NATIONAL CAPITAL REGION (NCR); 1109"
"VLO Commerce Enterprises Corp.","2024020138765-00","February 28, 2024","Registered","BLK 16 LOT 06 ; ESTANZIA WEST HAKAYHAY ; Sahud Ulan; TANZA; CAVITE; REGION IV-A (CALABARZON); 4108"
"" VERTEC COMMERCIAL ENTERPRISES"","P000020934","January 26, 1971","Registered","CEBU CITY (Capital); CEBU; REGION VII (CENTRAL VISAYAS)"
""A. R. RIVA ENTERPRISES; INC.","0000019803","November 29, 1961","Revoked","4 ; TWIN ; QUEZON CITY; SECOND DISTRICT; NATIONAL CAPITAL REGION (NCR)"
"MAR - DEB CONSTRUCTION & DEVELOPMENT CORP.","CS201721650","July 3, 2017","Registered","358 ; NATIONAL HIGHWAY ; CABATUAN; ISABELA; REGION II (CAGAYAN VALLEY); 3315"
"ROCK-WBL CONSTRUCTION CORP.","2023070108901-27","July 20, 2023","Registered","276 ; F. SANTOS STREET; ; Wawa (Pob.); BALAGTAS (BIGAA); BULACAN; REGION III (CENTRAL LUZON); 3016"
"AMOR RAMOS CONSTRUCTION INC.","CS201212869","July 12, 2012","Delinquent","20 ; SHORTCUT ST ; CABANATUAN CITY; NUEVA ECIJA; REGION III (CENTRAL LUZON)"
"M.S. RAMOS CONSTRUCTION INC.","CS201318781","September 26, 2013","Registered","888 V.I ; BATONGBAKAL ST ; BULACAN; REGION III (CENTRAL LUZON)"
"SARMIENTO-DE RAMOS CONSTRUCTION INC.","CS201314939","July 31, 2013","Suspended","1272 ; ESTRADA COR LEMERY ; CITY OF MANILA; FIRST DISTRICT; NATIONAL CAPITAL REGION (NCR)"
"GKMM CONSTRUCTION & SUPPLIES; INC.","CS201729050","August 29, 2017","Registered","UNIT 1801 ; 3TORRE LORENZO ; 966 P. OCAMPO ST. ; Malate - Barangay 719; CITY OF MANILA; FIRST DISTRICT; NATIONAL CAPITAL REGION (NCR); 1004"
"BAMM BUSINESS VENTURES INC.","CS201604785","March 7, 2016","Registered","SHOP 13 GF TERATOWER ; E ROD JR AVE ; QUEZON CITY; SECOND DISTRICT; NATIONAL CAPITAL REGION (NCR)"
"JSY CONSTRUCTION AND DEVELOPMENT OPC","OPC20190001526","November 20, 2019","Registered","ROBLES BLDG. QUEZON AVE ; ROBLES BLDG. QUEZON AVE. ; Dadiangas West; GENERAL SANTOS CITY (DADIANGAS); SOUTH COTABATO; REGION XII (SOCCSKSARGEN); 9500"
"11 DIAMOND EAGLE CONSTRUCTION CORPORATION","CS201951436","March 26, 2019","Registered","35 ; A. MABINI ST. ; LAGUNA; REGION IV-A (CALABARZON); 4023"
"CATTECORYLL CONSTRUCTION & TRADING CORP.","CS201503561","February 26, 2015","Delinquent","2364 ANGONO ST. ; COR. OSMEA ST.; ; CITY OF MAKATI; FOURTH DISTRICT; NATIONAL CAPITAL REGION (NCR)"
"CHRIZMARIE BUILDERS AND CONSTRUCTION SUPPLY CORP.","CS201811040","June 22, 2018","Delinquent","8 A ; Cotabato Street; Luzviminda Village; ; QUEZON CITY; SECOND DISTRICT; NATIONAL CAPITAL REGION (NCR); 1126"
"CELJEM CONSTRUCTION & DEVELOPMENT CORP.","CS201326497","April 16, 2013","Registered","UNIT 201 GARNET PLACE; ; M.L. QUEZON ST.; ; MANDAUE CITY; CEBU; REGION VII (CENTRAL VISAYAS)"
"POLYMER-VIC CONSTRUCTION CORPORATION","CS202007857","September 28, 2020","Registered","0 ; MOLAVE ST. ; BATAAN; REGION III (CENTRAL LUZON); 2100"
"CHARLZ CONSTRUCTION INC.","CS202061074","January 10, 2020","Registered","1417 ; VASQUEZ STREET ; Washington (Pob.); SURIGAO CITY (Capital); SURIGAO DEL NORTE; REGION XIII (Caraga); 8400"
"MJR CONSTRUCTION FIRM AND GENERAL MAINTENANCE; OPC","OPC20190000706","September 5, 2019","Registered","414 ; CARLOS TAN ST. ; Alegria; ORMOC CITY; LEYTE; REGION VIII (EASTERN VISAYAS); 6541"
"KENWOOD CONSTRUCTION ENTERPRISES CORPORATION","CS201325445","March 25, 2013","Registered","_ ; _ ; PANGASINAN; REGION I (ILOCOS REGION)"
"NIECER TRADING AND BUILDER COMPANY INC.","CS200601702","February 7, 2006","Registered","P01 ; Xanland Place Condominium ; 323 Katipunan Avenue ; Loyola Heights; QUEZON CITY; SECOND DISTRICT; NATIONAL CAPITAL REGION (NCR); 1108"
"MIGHTY HOK SUMMIT CONSTRUCTION & DEVELOPMENT CORP.","CS201732675","September 27, 2017","Registered","MARTINEZ STREET ; Poblacion; CITY OF BAYAWAN (TULONG); NEGROS ORIENTAL; REGION VII (CENTRAL VISAYAS); 6221"
"ACTSBUILT CONST. SUPPLY CORPORATION","CS201966617","April 10, 2019","Registered","BLK. 2 #270 ; SIR NEW MATINA PHS. 1 ABELLANO ; Bucana; DAVAO CITY; DAVAO DEL SUR; REGION XI (DAVAO REGION); 8000"
"E.F. CHUA CONSTRUCTION; INC.","CS201014082","October 4, 2010","Registered","LOT 8-B-3 ; MAGSAYSAY ROAD ; CITY OF SAN PEDRO; LAGUNA; REGION IV-A (CALABARZON)"
"JT CHUA CONSTRUCTION; INC.","CS200613848","August 31, 2006","Registered","L20 B1 EMPLOYEES HOUSING ; JENNYS AVE.; ; CITY OF PASIG; SECOND DISTRICT; NATIONAL CAPITAL REGION (NCR)"
"WORLDWIDE BUILDERS CORP.","0000074500","January 1, 1977","Revoked","1069 SOLER ST PAS. E 1-3 MLA TEXTILE MKT BINONDO ; CITY OF MANILA; NATIONAL CAPITAL REGION (NCR)"
"DJCM CONSTRUCTION CORPORATION DOING BUSINESS UNDER THE NAME AND STYLE OF DJCM FUEL SERVICE STATION","CS201322272","November 20, 2013","Registered","LAOAG CITY (Capital); ILOCOS NORTE; REGION I (ILOCOS REGION)"
"GO_SOLID BUILDERS INC.","CS200713921","September 4, 2007","Registered","118 ; MH DEL PILAR ST. ; TACLOBAN CITY (Capital); LEYTE; REGION VIII (EASTERN VISAYAS)"
"ECOMIXED CONSTRUCTION AND DEVELOPMENT CORPORATION","CS201611056","June 1, 2016","Registered","3rd Level Unit 314 Oroderm Bldg. ; C.M. Recto St. ; DAVAO CITY; DAVAO DEL SUR; REGION XI (DAVAO REGION); 8000"
"GENESIS88 CONSTRUCTION; INC.","CS201620139","September 1, 2016","Registered","GENESIS 88 ARCADE ; ECOWEST DRIVE ; DAVAO CITY; DAVAO DEL SUR; REGION XI (DAVAO REGION)"
"UY CONDEV CORPORATION","CS201231767","September 19, 2012","Registered","89 ; Airport Road ; DUMAGUETE CITY (Capital); NEGROS ORIENTAL; REGION VII (CENTRAL VISAYAS)"
"BUKIDNON CONDEV CORPORATION","CS201330471","June 11, 2013","Delinquent","DELAGON MOTORIST BLDG ; SAYRO HIGHWAY ; MARAMAG; BUKIDNON; REGION X (NORTHERN MINDANAO)"
"CONDEV CORPORATION","2023050100365-00","May 23, 2023","Registered","Macabling; SITIO IRAN; ; CITY OF SANTA ROSA; LAGUNA; REGION IV-A (CALABARZON); 4026"
"DUMAGUETE PHILX CONDEV CORPORATION","CS201738886","November 23, 2017","Registered","G/F SPANISH HERITAGE ; SAN JUAN ST.; ; DUMAGUETE CITY (Capital); NEGROS ORIENTAL; REGION VII (CENTRAL VISAYAS); 6200"
"2K8 BUILDERS & CONSTRUCTION SUPPLIES CORPORATION","CS200905161","April 13, 2009","Registered","San Sebastian (Balagbag); LIPA CITY; BATANGAS; REGION IV-A (CALABARZON); 4217"
"A & J Builders Construction Supplies and Services OPC under the name of A & J Builders Construction Supplies and Services","2022030045550-00","March 11, 2022","Registered","#38 ; A P. OLIVEROS ST. ; Barangka Itaas; CITY OF MANDALUYONG; SECOND DISTRICT; NATIONAL CAPITAL REGION (NCR); 1550"
"ATMP BUILDERS CONSTRUCTION SUPPLIES & TRADING CO.","PG201302424","February 12, 2013","Registered","PUROK 3 ; PAMPANGA; REGION III (CENTRAL LUZON)"
"Boss Mix Builders & Construction Supplies Inc.","2022020042080-03","February 15, 2022","Registered","25 ; Putingbuhangin; SAN JUAN; BATANGAS; REGION IV-A (CALABARZON); 4227"
"CCU BUILDERS & CONSTRUCTION SUPPLIES CO.","PG201316805","August 30, 2013","Registered","IBA (Capital); ZAMBALES; REGION III (CENTRAL LUZON)"
"CEBU MILESTONE BUILDERS & CONSTRUCTION SUPPLIES; INC.","CS200430035","October 13, 2004","Registered","CEBU CITY (Capital); CEBU; REGION VII (CENTRAL VISAYAS)"
"D' ARK BUILDERS CONSTRUCTION & SUPPLIES INC.","2024080162603-10","August 5, 2024","Registered","Laac (Pob.); PUROK 2-A ; LAAK (SAN VICENTE); DAVAO DE ORO; REGION XI (DAVAO REGION); 8810"
"JANZENE BUILDERS & CONSTRUCTION SUPPLIES CORPORATION","2023090115072-05","September 5, 2023","Registered","REAL ST. ; Barangay 2 (Pob.); MAGALLANES; CAVITE; REGION IV-A (CALABARZON); 4113"
"JASS BUILDERS CONSTRUCTION & SUPPLIES INC.","2021120035276-16","December 10, 2021","Registered","TULIP DRIVE ; ECOLAND ; Matina Crossing; DAVAO CITY; DAVAO DEL SUR; REGION XI (DAVAO REGION); 8000"
"MELROBE BUILDERS & CONSTRUCTION SUPPLIES; INC.","CS201428769","January 29, 2014","Suspended","17 ; JASMINE ST BLOOMFIELD SUBD ; DAVAO CITY; DAVAO DEL SUR; REGION XI (DAVAO REGION); 8000"
"F. GURREA CONSTRUCTION; INCORPORATED doing business under the name and style of Finestra Estates; and FG Marine and Services","ES92000105","June 22, 1992","Registered","Q. ABETO STREET ; Abeto Mirasol Taft South (Quirino Abeto); MANDURRIAO ; ILOILO CITY (Capital); ILOILO; REGION VI (WESTERN VISAYAS)"
"SANTECH BUILDERS CORPORATION","CS201433649","November 18, 2014","Registered","232 ; SAN NICOLAS ST. ; SURIGAO CITY (Capital); SURIGAO DEL NORTE; REGION XIII (Caraga); 8400"
"BUILDHAUS CENTRE; INC.","CS201607485","April 14, 2016","Registered","60 NAT'L. HIGHWAY ; COR BINACAO ; SOLANO; NUEVA VIZCAYA; REGION II (CAGAYAN VALLEY)"
"22 PRIME CONSTRUCTION AND REALTY DEVELOPMENT INC.","CS201804424","March 28, 2018","Registered","ABUAB ; SITIO ; RIZAL; REGION IV-A (CALABARZON); 1850"
"A'PRIME CONSTRUCTION INC.","CS201016231","October 6, 2010","Registered","BOCAUE; BULACAN; REGION III (CENTRAL LUZON)"
"A1 PRIME CONSTRUCTION AND TRADING Corporation","CS201849018","November 28, 2018","Registered","10 ; SORIANO ; Concepcion Grande; NAGA CITY; CAMARINES SUR; REGION V (BICOL REGION); 4400"
"ACEHEADS PRIME CONSTRUCTION; OPC","OPC20200000494","February 20, 2020","Registered","2c ; San Francisco St. ; Baesa; QUEZON CITY; SECOND DISTRICT; NATIONAL CAPITAL REGION (NCR); 1106"
"AGRECON PRIME CONSTRUCTION AND DEVELOPMENT CORPORATION","2022040050401-01","April 26, 2022","Registered","UNIT 29 ; ALYSSA'S ARCADE ; MAHARLIKA HIGHWAY ; San Benito; ALAMINOS; LAGUNA; REGION IV-A (CALABARZON); 2009"
"Alpha Prime Construction Corporation","2025080215107-05","August 19, 2025","Registered","1447 ; BONIFACIO GLORIOSO ST.; ; STA. CRUZ VILLAGE ; Santa Cruz; SANTA MARIA; BULACAN; REGION III (CENTRAL LUZON); 3022"
"APEX PRIME CONSTRUCTION AND DEVELOPMENT Corporation","CS201912753","July 30, 2019","Delinquent","No. 65 ; Linaw St. ; QUEZON CITY; SECOND DISTRICT; NATIONAL CAPITAL REGION (NCR); 1113"
"Archnest Prime Construction Management Corp.","CS201963406","November 25, 2019","Registered","0057 F. TORRALBA ST. ; Cogon; TAGBILARAN CITY (Capital); BOHOL; REGION VII (CENTRAL VISAYAS); 6300"
"ARMAGEDDON PRIME CONSTRUCTION AND DEVELOPMENT CORPORATION","CS202101067","January 27, 2021","Registered","BLK. 2C LT 12 ; DELA COSTA HOMES NOVALICHES ; CALOOCAN CITY; THIRD DISTRICT; NATIONAL CAPITAL REGION (NCR); 1423"
"ArQue Prime Construction Corp.","2022100071798-06","October 12, 2022","Registered","BLK 19 LOT 18 ; BAGUMBONG ; KINGSTOWN 2 ; Barangay 171; CALOOCAN CITY; THIRD DISTRICT; NATIONAL CAPITAL REGION (NCR); 1421"
"BOOMETRIX DEVELOPMENT CORP.","CS201326801","June 14, 2013","Registered","Room 202; 2nd Floor; Manuel Lim & Sons Building ; A.S. Fortuna St.; ; MANDAUE CITY; CEBU; REGION VII (CENTRAL VISAYAS); 6014"
"C.T. LEONCIO CONSTRUCTION AND TRADING AND TIGER VALLEY BUILDERS CORPORATION","CS201323487","February 4, 2014","Suspended","20 ; MAKABULOS ST ; CITY OF ANTIPOLO; RIZAL; REGION IV-A (CALABARZON)"
"C.T. Leoncio Construction and Trading Corp.","2024100173865-00","October 18, 2024","Registered","9002 ; MATANG TUBIG ; Guyong; 6TH DISTRICT ; SANTA MARIA; BULACAN; REGION III (CENTRAL LUZON); 3022"
"C.T. LEONCIO CONSTRUCTION AND TRADING M.V. CALDO CONSTRUCTION AND SUPPLY CORPORATION J.V. CO.","PG201818663","August 24, 2018","Registered","322 ; Maharlika Highway ; BATANGAS; REGION IV-A (CALABARZON); 4234"
"KAIZER LEONCIO CONSTRUCTION AND SUPPLY CO.","2021110030906-05","November 2, 2021","Registered","NORTH NATIONAL HIGHWAY ; San Manuel; PUERTO PRINCESA CITY (Capital); PALAWAN; REGION IV-B (MIMAROPA); 5300"
"NRMM CONSTRUCTION AND DEV'T. CORP.","CS201631558","January 18, 2016","Registered","MABINI ST. ; MOLAVE; ZAMBOANGA DEL SUR; REGION IX (ZAMBOANGA PENINSULA); 7023"
"ASTRO BUILDERS AND CONSTRUCTION RESOURCES INC.","CS201215267","August 16, 2012","Registered","NATIONAL HIWAY BATAC RD. ; ILOCOS NORTE; REGION I (ILOCOS REGION)"
"58 FREAC CONSTRUCTION AND GENERAL SERVICES Corp.","CS202106692","July 12, 2021","Registered","Aurora Subdivision Malabon ; 148 M.H. Del Pilar Street ; THIRD DISTRICT; NATIONAL CAPITAL REGION (NCR); 1477"
"Alexandrite Construction and General Services Corp.","2025020189287-11","February 19, 2025","Registered","RAMOS ; 5TH STREET ; VILLA IMPERIAL ; Townsite; THIRD DISTRICT ; MARIVELES; BATAAN; REGION III (CENTRAL LUZON); 2105"
"ARCOBALENO CONSTRUCTION AND GENERAL SERVICES INC.","CS201404216","February 28, 2014","Delinquent","HALANG ; LAGUNA; REGION IV-A (CALABARZON)"
"B+B CONSTRUCTION AND GENERAL SERVICES CO.","A200204872","March 21, 2002","Registered","SUITE 301; 3RD FLOOR; KRISTINE CONDOMINIUM ; 8192 CONSTANCIA ST. ; CITY OF MAKATI; FOURTH DISTRICT; NATIONAL CAPITAL REGION (NCR)"
"B+B CONSTRUCTION AND GENERAL SERVICES CO.; INC.","CS201414640","July 30, 2014","Delinquent","UNIT 602 KBC BLDG ; JP RIZAL ST ; CITY OF MAKATI; FOURTH DISTRICT; NATIONAL CAPITAL REGION (NCR)"
"Blazing Pillar of the North Construction and General Services Company","2021070020152-10","July 19, 2021","Registered","88 ; National Highway ; Minanga; SAN MARIANO; ISABELA; REGION II (CAGAYAN VALLEY); 3332"
"BNN CONSTRUCTION AND GENERAL SERVICES INC.","CS200725450","February 22, 2007","Suspended","COR. BALTIMORE/SAN FRANCISCO STS. EL MONTE VERDE DE CEBU ; CONSOLACION; CEBU; REGION VII (CENTRAL VISAYAS)"
"BRIGGS CONSTRUCTION AND GENERAL SERVICES CO.","PG200309473","April 28, 2003","Registered","* ; * ; CITY OF MANILA; FIRST DISTRICT; NATIONAL CAPITAL REGION (NCR)"
"BUGAS CONSTRUCTION AND GENERAL SERVICES; INC.","2023020088120-00","February 28, 2023","Registered","001 ; ZONE 1 ; San Salvador; LIPA CITY; BATANGAS; REGION IV-A (CALABARZON); 4217"
"C P M CONSTRUCTION AND GENERAL SERVICES INC.","CS200903940","March 16, 2009","Registered","54 ; ABARILLA ST ; CITY OF MARIKINA; SECOND DISTRICT; NATIONAL CAPITAL REGION (NCR)"
"PERSAN CONSTRUCTION INC.","CS200313885","June 23, 2003","Registered","SITIO MAISALAP ST. ; RODRIGUEZ (MONTALBAN); RIZAL; REGION IV-A (CALABARZON)"
"RAM BUILDERS & DEV. CORP.","AS92008490","December 16, 1992","Delinquent","J. AGUILAR AVE PAMPLONA LAS PINAS M-M ; CITY OF MANILA; NATIONAL CAPITAL REGION (NCR)"
"JURIC RAM BUILDERS INC.","CS202069383","July 9, 2020","Delinquent","G. Benliro Street; ; PONTEVEDRA; CAPIZ; REGION VI (WESTERN VISAYAS); 5802"
"JHJ CONSTRUCTION AND SUPPLY INC.","2022120079814-00","December 27, 2022","Registered","DON ALFARO ST.; ; Tetuan; ZAMBOANGA CITY ; ZAMBOANGA CITY; ZAMBOANGA DEL SUR; REGION IX (ZAMBOANGA PENINSULA); 7000"
"DICON BUILDERS CORP.","H200200061","February 18, 2002","Registered","Zone 2; Panul-iran; ; ILIGAN CITY; LANAO DEL NORTE; REGION X (NORTHERN MINDANAO)"
"LICSAL CONSTRUCTION CORPORATION","CS202066080","January 20, 2020","Registered","PUROK 14; MAIN STREET ; Poblacion; NABUNTURAN (Capital); DAVAO DE ORO; REGION XI (DAVAO REGION); 8800"
"R-GOLDEN DEPOT CONSTRUCTION SUPPLY CO.","2023060101926-28","June 2, 2023","Registered","MAHARLIKA HIGHWAY; ; La Torre; TALAVERA; NUEVA ECIJA; REGION III (CENTRAL LUZON); 3114"
"141 CONSTRUCTION SUPPLY & SERVICES; INC.","CS200613659","August 29, 2006","Suspended","9 ; PARINAS ST. ; QUEZON CITY; SECOND DISTRICT; NATIONAL CAPITAL REGION (NCR)"
"167 ELECTRICAL AND CONSTRUCTION SUPPLY CORP.","2023110124173-02","November 10, 2023","Registered","2ND FLOOR UNIT B ; NHA AVENUE ; Dela Paz (Pob.); CITY OF ANTIPOLO; RIZAL; REGION IV-A (CALABARZON); 1870"
"175 BUILDERS & CONSTRUCTION SUPPLY; INC.","CS200918874","December 4, 2009","Suspended","654 ; CAPT SAMANO ST AREA 4 ; CALOOCAN CITY; THIRD DISTRICT; NATIONAL CAPITAL REGION (NCR)"
"1ST J.E. ADLAWAN CONSTRUCTION & SUPPLY CORPORATION","CS201534844","November 17, 2015","Registered","173 ; MINGLANILLA; CEBU; REGION VII (CENTRAL VISAYAS); 6046"
"3 AND 1 CONSTRUCTION SUPPLY AND GENERAL MDSE INC. DOING BUSINESS UNDER THE NAMES AND STYLES OF 12-34 BUILDERS; A AND B CONTRACTING","CS201718847","June 8, 2017","Registered","367 ; JOSE RIZAL ; PADRE GARCIA; BATANGAS; REGION IV-A (CALABARZON)"
"3-ELEVEN CONSTRUCTION SUPPLY DEPOT OPC","2024020137477-07","February 21, 2024","Registered","RCD HOMES ; Sabang; TUY; BATANGAS; REGION IV-A (CALABARZON); 4214"
"3L Construction & Supply; Inc.","2022060056459-05","June 17, 2022","Registered","HDA. STA. MARIA ; Zone 15 (Pob.); CITY OF TALISAY; NEGROS OCCIDENTAL; REGION VI (WESTERN VISAYAS); 6115"
"3RV MURICO INC. DOING BUSINESS UNDER THE NAME AND STYLE OF MURICO TRADING AND CONSTRUCTION SUPPLY AND KYOTO2 AUTO SUPPLY","CS201722972","July 12, 2017","Registered","BLK.3 L53G EASTWOOD ; RESIDENCES PHASE 4B ; RODRIGUEZ (MONTALBAN); RIZAL; REGION IV-A (CALABARZON)"
"4CE'S CONSTRUCTION & SUPPLY CO.","PG201733779","October 5, 2017","Registered","_ ; _ ; POLANGUI; ALBAY; REGION V (BICOL REGION); 4506"
"GEMORA MANUBAY CONSTRUCTION INC. doing business under the name and style of GMCI BUILDERS","2024040148448-22","April 30, 2024","Registered","TIAONG LIPA ROAD ; Banaba; PADRE GARCIA; BATANGAS; REGION IV-A (CALABARZON); 4224"
"V.B. MANUBAY CONSTRUCTION INC.","CS201422927","November 24, 2014","Delinquent","34 ; A. ROQUE EXTENSION ; CITY OF SANTIAGO; ISABELA; REGION II (CAGAYAN VALLEY)"
"KLDS TRADING & CONSTRUCTION CORPORATION","2024080162462-13","August 2, 2024","Registered","JOSE ABAD SANTOS AVENUE; ; Salitran I; CITY OF DASMARIAS; CAVITE; REGION IV-A (CALABARZON); 4114"
"BLUREX CONSTRUCTION & SUPPLY INC.","2022070060894-01","July 22, 2022","Registered","PUROK 4 SANTOL ; La Filipina; CITY OF TAGUM (Capital); DAVAO DEL NORTE; REGION XI (DAVAO REGION); 8100"
"816 ALLEN CONSTRUCTION AND DEVELOPMENT CORPORATION","CS201322881","December 13, 2013","Registered","168 ; San Felipe ; ALIAGA; NUEVA ECIJA; REGION III (CENTRAL LUZON)"
"AJ LAVA BUILDERS CORP.","CS201216970","September 17, 2012","Registered","LOT 19 BLOCK 5; ; CONGRESSIONAL AVENUE EXTENSION; ; Culiat; QUEZON CITY; SECOND DISTRICT; NATIONAL CAPITAL REGION (NCR)"
"ANIMAS BROS CONSTRUCTION CORPORATION","CS201808598","May 28, 2018","Registered","Purok Sampaguita ; SAPANG DALAGA; MISAMIS OCCIDENTAL; REGION X (NORTHERN MINDANAO); 7212"
"CAPILINIA CONSTRUCTION AND TRADING CORPORATION","CS201504913","March 12, 2015","Delinquent","PUROK 2 ; SAN JOSE ; MEXICO; PAMPANGA; REGION III (CENTRAL LUZON)"
"CEBU 7H TECHNOCHEM INDUSTRIES; INC.","C199900227","March 22, 1999","Registered","209 ; green hills road ; MANDAUE CITY; CEBU; REGION VII (CENTRAL VISAYAS); 6014"
"DAVAO CONCRETE PRODUCTS CONSTRUCTION AND TRADING CORPORATION","CS201713329","April 20, 2017","Registered","OSMENA ST.; ; MANGILET RES.; ; Magugpo Poblacion; CITY OF TAGUM (Capital); DAVAO DEL NORTE; REGION XI (DAVAO REGION); 8100"
"DAVAO CONCRETE PRODUCTS INC.","0000025599","January 1, 1964","Revoked","CONCHITA BLDG NO 1 CLAUDIO AND GEN LUNA DAVAO CTY"
"R.B. ABITAL CONSTRUCTION Corp.","CS201953922","July 16, 2019","Registered","9100 ; LAGUNA; REGION IV-A (CALABARZON); 4000"
"FR ESPIRITU BUILDERS AND DEVELOPMENT Corp.","CS201960374","April 4, 2019","Registered","9 ; J. RAVAL ST. ; DUMALNEG; ILOCOS NORTE; REGION I (ILOCOS REGION); 2921"
"R & E ESPIRITU BUILDERS CORPORATION","CS201409544","May 19, 2014","Registered","3334 ; MATANZAS ST.; ; CITY OF MAKATI; FOURTH DISTRICT; NATIONAL CAPITAL REGION (NCR)"
"GENETIAN BUILDERS AND ENTERPRISES INCORPORATED","CS201818026","August 20, 2018","Registered","* ; TIGUMA NATIONAL HIGHWAY; BARANGAY ; ZAMBOANGA DEL SUR; REGION IX (ZAMBOANGA PENINSULA); 7016"
"TIJ Construction Inc.","2023060103890-11","June 15, 2023","Registered","909 ; 4/F ; GLASSMATIC INDUSTRIAL INC. BUILDING ; GREGORIO ARANETA AVENUE ; Santo Domingo (Matalahib); FIRST DISTRICT ; QUEZON CITY; SECOND DISTRICT; NATIONAL CAPITAL REGION (NCR); 1114"
"Solfio P. Jacinto Construction Inc.","2023020086664-27","February 17, 2023","Registered","PUROK MASAGANA ; Daang Sarile; CABANATUAN CITY; NUEVA ECIJA; REGION III (CENTRAL LUZON); 3100"
"F.P. DE GUZMAN CONSTRUCTION; INC.","0000143192","August 5, 1987","Registered","4 ; GOVERNOR F. HALILI AVENUE ; Bagbaguin; SANTA MARIA; BULACAN; REGION III (CENTRAL LUZON); 3022"
"JR DE GUZMAN CONSTRUCTION OPC","OPC20190001470","November 14, 2019","Registered","NO. 5 MOUNTAIN VIEW ST. ; NO. 5 MOUNTAIN VIEW ST. MOUNTAIN VIEW VILLAGE; PH 2 ; Catalunan Grande; DAVAO CITY; DAVAO DEL SUR; REGION XI (DAVAO REGION); 8000"
"L.R. DE GUZMAN CONSTRUCTION CORPORATION","CS201600698","January 14, 2016","Registered","110 ; NARRA ST.; ; CITY OF BALANGA (Capital); BATAAN; REGION III (CENTRAL LUZON)"
"St. Dominic de Guzman Construction & Development Corp.","2025040198132-14","April 16, 2025","Registered","82 GEN. NATIVIDAD STREET ; Palingon; TAGUIG CITY; FOURTH DISTRICT; NATIONAL CAPITAL REGION (NCR); 1630"
"JB KONSTRUKTURA COMPANY","PG201315243","August 5, 2013","Registered","Cornista's Compound ; Calanipawan Road ; Barangay 95 (Caibaan); TACLOBAN CITY (Capital); LEYTE; REGION VIII (EASTERN VISAYAS); 6500"
"830 BUILDERS & DEVELOPERS CORP.","A200100811","January 2, 2001","Registered","ILUSRE AVE.; LEMERY; BATANGAS ; BATANGAS; REGION IV-A (CALABARZON)"
"DALANON CONSTRUCTION CORPORATION","CS201967355","August 15, 2019","Registered","Purok 1; ; Bagong Silang; ; BAGUMBAYAN; SULTAN KUDARAT; REGION XII (SOCCSKSARGEN); 9810"
"V.R. PATRON BUILDERS & DEVELOPERS CORP.","CS201418887","September 26, 2014","Registered","BATANGAS; REGION IV-A (CALABARZON)"
"BRYAN PAUL P. PACHECO CONST. CORP.","2023070110031-12","July 28, 2023","Registered","45 SITIO BOUNDARY ; Caalibangbangan; CABANATUAN CITY; NUEVA ECIJA; REGION III (CENTRAL LUZON); 3100"
"JEJAN CONSTRUCTION & SUPPLY INCORPORATED","2025090217712-08","September 8, 2025","Registered","MARQUEZ STREET ; Bgy. 56 - Taysan (Bgy. 68); LEGAZPI CITY (Capital); ALBAY; REGION V (BICOL REGION); 4500"
"FS CO SUPPLY AND BUILDERS INC.","2025090216609-09","September 1, 2025","Registered","2ND FLR ; DE FEDBAC BLDG. ; #318 PEARANDA EXT. ; Bgy. 39 - Bonot (Pob.); LEGAZPI CITY (Capital); ALBAY; REGION V (BICOL REGION); 4500"
"FS MULTI-CON BUILDERS & DEVELOPMENT CORP.","CS201520806","October 15, 2015","Registered","U-D L-494 VER PAPA ; COMPD. MOLINO RD ; IMUS CITY; CAVITE; REGION IV-A (CALABARZON)"
"3EJ BUILDERS AND FABRICATIONS COMPANY","2025040199739-14","May 2, 2025","Registered","BLOCK 7 ; OCAMPO STREET ; Ungot; CITY OF TARLAC (Capital); TARLAC; REGION III (CENTRAL LUZON); 2300"
"CHANCEUX BUILDERS DEPOT CORP.","2020090002043-07","September 14, 2020","Registered","47 ; . ; . ; ; ; VISAYAS AVE ; Vasra; . ; QUEZON CITY; SECOND DISTRICT; NATIONAL CAPITAL REGION (NCR); 1630"
"FIRST CHOICE BUILDERS CORP.","2025050200003-04","May 5, 2025","Registered","BLOCK 32 LOT 8 PHASE 2 ; TULIP ; SOLDIERS HILLS IV ; Molino IV; BACOOR CITY; CAVITE; REGION IV-A (CALABARZON); 4102"
"HI-TEMP BUILDERS CORPORATION","2022060055046-09","June 7, 2022","Registered","504 ; SAMPAGUITA ; Buhangin (Pob.); DAVAO CITY; DAVAO DEL SUR; REGION XI (DAVAO REGION); 8000"
"Scout Builders Hardware Supply OPC","2024080166123-00","August 28, 2024","Registered","39 ; SCT. YBARDOLAZA ; Sacred Heart; SECOND DISTRICT - QUEZON CITY ; QUEZON CITY; SECOND DISTRICT; NATIONAL CAPITAL REGION (NCR); 1103"
"Sinirangan Builders Corp.","2023100121813-00","October 19, 2023","Registered","Poblacion Ward 12; BUTAK ; GUIUAN; EASTERN SAMAR; REGION VIII (EASTERN VISAYAS); 6809"
"TaxMan Builders Corporation","2024100174086-14","October 21, 2024","Registered","NMTTI BUILDING ; ABELLANOSA ; RAMIRO COMPOUND ; Consolacion; CAGAYAN DE ORO CITY (Capital); MISAMIS ORIENTAL; REGION X (NORTHERN MINDANAO); 9015"
"THE KINGDOM BUILDERS ASSOCIATION ; INC.","2023010080114-00","January 3, 2023","Registered","BUILDERS COMPOUND; PUROK MAGINHAWA; ; Bagong Sikat; SCIENCE CITY OF MUOZ; NUEVA ECIJA; REGION III (CENTRAL LUZON); 3119"
"BMK CONSTRUCTION CORPORATION doing business under the names and styles of UNIQUE SON FUELS; BMK FUELS; BMK MINIMART; BMK BATCHING PLANT; BMK BUILDING and SPK BUILDING","CS201229201","April 12, 2012","Registered","#10 ; CALLE LUCINDA COR. ; CITY OF TARLAC (Capital); TARLAC; REGION III (CENTRAL LUZON); 2300"
"AB APONESTO CONSTRUCTION PARTS AND SUPPLY; INC.","CS201434306","September 30, 2014","Registered","L9 B2; ; DAVAO CITY; DAVAO DEL SUR; REGION XI (DAVAO REGION); 8000"
"2K8 BUILDERS & CONSTRUCTION SUPPLIES CORPORATION","CS200905161","April 13, 2009","Registered","San Sebastian (Balagbag); LIPA CITY; BATANGAS; REGION IV-A (CALABARZON); 4217"
"2RJM SAND; GRAVEL & CONSTRUCTION SUPPLIES CO.","PG200700304","January 12, 2007","Registered","111 ; CALAMBA; LAGUNA; REGION IV-A (CALABARZON)"
"3J ACTS Construction Supplies and Services Opc","2022060054561-04","June 2, 2022","Registered","K16 026 ; NUMBERS ST ; BF MARTINVILLE ; Manuyo Dos; FOURTH DISTRICT - CITY OF LAS PIAS ; CITY OF LAS PIAS; FOURTH DISTRICT; NATIONAL CAPITAL REGION (NCR); 1745"
"3S1D CONSTRUCTION SUPPLIES AND SERVICES CORPORATION","CS201327011","January 4, 2013","Suspended","NEGROS OCCIDENTAL; REGION VI (WESTERN VISAYAS)"
"4MS BUILDERS AND CONSTRUCTION SUPPLIES INC.","CS201914321","September 23, 2019","Delinquent","248 ; Dela Paz ; SECOND DISTRICT; NATIONAL CAPITAL REGION (NCR); 1606"
"5JB CONSTRUCTION & SUPPLIES CO.","2025060205764-06","June 19, 2025","Registered","206 ; Calzada; BALAYAN; BATANGAS; REGION IV-A (CALABARZON); 4213"
"5N BUILDER & CONSTRUCTION SUPPLIES OPC","2023030089730-04","March 9, 2023","Registered","#132 ; MAHARLIKA HIGHWAY ; PUROK 5 ; Salugan; CAMALIG; ALBAY; REGION V (BICOL REGION); 4502"
"77 STRONG-HOLD CONSTRUCTION SUPPLIES & SERVICES INC.","2022040050283-01","April 25, 2022","Registered","LOT 17 ; UNIT E ; MAIN ROAD ; Igulot; BOCAUE; BULACAN; REGION III (CENTRAL LUZON); 3018"
"888GREEN DRAGON CONSTRUCTION & SUPPLIES; INC.","2023050099052-13","May 15, 2023","Registered","C.L. MONTELIBANO COR. NARRA ST.; ; Villamonte; BACOLOD CITY (Capital); NEGROS OCCIDENTAL; REGION VI (WESTERN VISAYAS); 6100"
"988 CONSTRUCTION & SUPPLIES; INC.","CS200501063","January 26, 2005","Revoked","05 I ; REYES STREET ; PASAY CITY; FOURTH DISTRICT; NATIONAL CAPITAL REGION (NCR)"
"A.T. DUMLAO CONSTRUCTION; INC.","CS201228049","January 20, 2012","Registered","3871 ; NARCISO ST.; ; SURIGAO CITY (Capital); SURIGAO DEL NORTE; REGION XIII (Caraga)"
"QM BUILDERS INC.","CS201534508","September 22, 2015","Delinquent","F. Gica Street ; DUMANJUG; CEBU; REGION VII (CENTRAL VISAYAS)"
"FIRST GRANDEUR BUILDERS Inc.","CS201962221","June 21, 2019","Registered","88 ; 18 DE JULIO STREET ; MINGLANILLA; CEBU; REGION VII (CENTRAL VISAYAS); 6046"
"S-ANG CONSTRUCTION & GENERAL TRADING; INC.","CS200911425","July 28, 2009","Registered","UNIT 3A SEIBU TOWER CONDOMINIUM ; 24TH ST CORNER 6TH AVENUE ; TAGUIG CITY; FOURTH DISTRICT; NATIONAL CAPITAL REGION (NCR)"
"POLYMER-VIC CONSTRUCTION CORPORATION","CS202007857","September 28, 2020","Registered","0 ; MOLAVE ST. ; BATAAN; REGION III (CENTRAL LUZON); 2100"
"ROPRIM CONSTRUCTION CORPORATION","CS201969997","November 6, 2019","Registered","L3 B5 ; VILLA LAS PALMAS ; Quintin Salas; ILOILO CITY (Capital); ILOILO; REGION VI (WESTERN VISAYAS); 5000"
"HUMMING BIRD CONSTRUCTION & SUPPLY CORPORATION","CS201703681","-","Registered","CARLSBERG ROAD ; LOPEZ JAENA STREET ; BACOLOD CITY (Capital); NEGROS OCCIDENTAL; REGION VI (WESTERN VISAYAS); 6100"
"6PASTEUR CONSTRUCTION WORKS & SUPPLY CORP.","CS201705013","January 10, 2017","Registered","793 ; HILLSIDE VILLAGE; ; CEBU; REGION VII (CENTRAL VISAYAS); 6045"
"ABEMEL CONSTRUCTION WORKS AND INDUSTRIES COMPANY; INC.","CS200918821","December 7, 2009","Suspended","244&144 ; CITY OF ANTIPOLO; RIZAL; REGION IV-A (CALABARZON)"
"AG CONSTRUCTION WORKS AND SUPPLY CORP.","2023060103090-14","June 9, 2023","Registered","793 ; ABORES ST. ; HILLSIDE VILLAGE ; Bulacao; CITY OF TALISAY; CEBU; REGION VII (CENTRAL VISAYAS); 6045"
"AJAGS ENTERPRISE AND CONSTRUCTION WORKS Company","PG201841530","November 15, 2018","Registered","Howard Subdivision ; Blk 3 Lot 7 Phase 1 ; LAGUNA; REGION IV-A (CALABARZON); 4026"
"AJD DEVELOPMENT; CONSTRUCTION WORKS AND SUPPLY INCORPORATED","CS201848761","December 28, 2018","Registered","PUROK 7 ; ESTOCADA ST. ; Poblacion; KAPATAGAN; LANAO DEL NORTE; REGION X (NORTHERN MINDANAO); 9214"
"BALAI NEHEMIAH CONSTRUCTION WORKS AND MANAGEMENT CORP.","CS201402067","February 3, 2014","Delinquent","B3 L17 ; DANDELION ST ; QUEZON CITY; SECOND DISTRICT; NATIONAL CAPITAL REGION (NCR)"
"CB CONSTRUCTION WORKS INC. doing business under the name/s and style/s of CBCW","2024020134856-00","February 6, 2024","Registered","DOOR 3; SECOND FLOOR ; MQAE BUILDING ; NORTH ROAD ; Poblacion; COMPOSTELA; CEBU; REGION VII (CENTRAL VISAYAS); 6003"
"CEBU PHIDA CONSTRUCTION WORKS INC.","CS20200001093","March 16, 2020","Registered","TCG CENTER ; ULDOG STREET ; Poblacion; CITY OF TALISAY; CEBU; REGION VII (CENTRAL VISAYAS); 6045"
"ENJINIA CONSTRUCTION WORKS; INC.","CS201704318","February 8, 2017","Registered","2F RP MENDOZA BLDG ; DONA SOLEDAD EXT ; CITY OF MANILA; NATIONAL CAPITAL REGION (NCR)"
"FIRSTPOINT CONSTRUCTION WORKS OPC","2023120128876-01","December 21, 2023","Registered","LOT 31 BLOCK 16 PHASE 2 ; KARLAVILLE PARKHOMES ; C. GARCIA ; Perez (Lucbanan); TRECE MARTIRES CITY (Capital); CAVITE; REGION IV-A (CALABARZON); 4109"
"ELITE GENERAL CONTRACTOR AND DEVELOPMENT CORP.","CS202004295","June 10, 2020","Registered","792 ; 5TH FLOOR ROOM 507 ; SGC EXECUTIVE BLDG. ; F. Manalo ; Bambang; CITY OF PASIG; SECOND DISTRICT; NATIONAL CAPITAL REGION (NCR); 1600"
"M3 KONSTRACT CORPORATION","CS201739091","November 23, 2017","Registered","Unit C18-C21 3rd Floor ; Jomafer Building ; Dolores; CITY OF SAN FERNANDO (Capital); PAMPANGA; REGION III (CENTRAL LUZON); 2500"
"AD & D KONSTRACT CORPORATION","2022080065384-05","August 25, 2022","Registered","BLOCK 12 LOT 21 ; San Jose; GEN. MARIANO ALVAREZ; CAVITE; REGION IV-A (CALABARZON); 4117"
"CMU KONSTRACT CORPORATION","2020090002068-31","September 14, 2020","Registered","UNIT 306 3RD FLOOR 2235 ; SUTER ; ZONE 96 ; Santa Ana - Barangay 876; CITY OF MANILA; FIRST DISTRICT; NATIONAL CAPITAL REGION (NCR); 1009"
"Silvergraces Construction and Construction Supply Incorporated","2022080064981-00","August 22, 2022","Registered","BURGOS ; 2-257 ; Barangay II (Pob.); PONTEVEDRA; NEGROS OCCIDENTAL; REGION VI (WESTERN VISAYAS); 6105"
"MONOLITHIC CONSTRUCTION AND CONCRETE PRODUCTS; INC.","0000095366","October 6, 1980","Registered","MCARTHUR HIGHWAY KM 3 MATINA; DAVAO CITY ; DAVAO DEL SUR; REGION XI (DAVAO REGION)"
"OLISON CORPORATION","CS201414478","July 23, 2014","Registered","yorman cmpd zone 1 ; diversion road ; OPOL; MISAMIS ORIENTAL; REGION X (NORTHERN MINDANAO)"
"M.E. SICAT CONSTRUCTION INC.","CS200305090","March 3, 2003","Registered","CORNER MADISON ST. ; CITY OF MANILA; FIRST DISTRICT; NATIONAL CAPITAL REGION (NCR)"
"A. O. SICAT BUILDERS INCORPORATED","2022080064017-01","August 15, 2022","Registered","PHASE 2 LOT 12 ; 16TH STREET ; METROGATE SUBDIVISION ; Capaya; ANGELES CITY; PAMPANGA; REGION III (CENTRAL LUZON); 2009"
"APAT NA SICAT FOODS CORPORATION doing business under the name/s and style/s of MR. SHINE PEANUT","2024100173550-05","October 16, 2024","Registered","LOT 30-65-A-4-1-3 ; 1ST AVENUE ; San Felipe; CITY OF SAN FERNANDO (Capital); PAMPANGA; REGION III (CENTRAL LUZON); 2000"
"E.S. SICAT; INC.","0000026505","January 27, 1965","Dissolved","QUEZON CITY; SECOND DISTRICT; NATIONAL CAPITAL REGION (NCR)"
"ESPENILLA-DUQUE MANANSALA-SICAT LAW OFFICES","PP200805355","April 10, 2008","Registered","3F FILIPINO BLDG.; 135 ; DELA ROSA COR LEGASPI ST. ; CITY OF MAKATI; FOURTH DISTRICT; NATIONAL CAPITAL REGION (NCR)"
"FAME A.C. SICAT MARKETING SERVICES INC.","CS201314237","July 25, 2013","Delinquent","BLK 6 LOT 9 ; VILLA LOURDES SUBD ; BACOLOR; PAMPANGA; REGION III (CENTRAL LUZON)"
"GALBAN; DIMACJE & SICAT ACCOUNTING FIRM","PP201716815","May 23, 2017","Registered","BLK 21 LOT 26 PHASE A FIESTA COMMUNITIES ; Manibaug Paralaya; PORAC; PAMPANGA; REGION III (CENTRAL LUZON)"
"GRACIA & SICAT CO.","A200107204","May 24, 2001","Registered","25 WEST SERVICE ROAD; ROXAS BLVD. COR. MIA ROAD; TAMBO; PARANAQUE CITY ; CITY OF MANILA; NATIONAL CAPITAL REGION (NCR)"
"JL Sicat Drug Trading Corp.","2024090170845-03","September 28, 2024","Registered","1095 ; RIZAL ST ; Rizdelis (Pob.); 3 ; CABANATUAN CITY; NUEVA ECIJA; REGION III (CENTRAL LUZON); 3100"
"JL Sicat Holdings Corp.","2024090169147-02","September 17, 2024","Registered","#05 ; LJED HOMES ; SAMPAGUITA ; Pagas; DISTRICT 3 ; CABANATUAN CITY; NUEVA ECIJA; REGION III (CENTRAL LUZON); 3100"
"GMP Builders Inc.","2023090118407-06","September 26, 2023","Registered","4TH FLOOR ; DNBC BUILDING ; REAL STREET ; Almanza Uno; LAS PINAS ; CITY OF LAS PIAS; FOURTH DISTRICT; NATIONAL CAPITAL REGION (NCR); 1750"
"Wilkinson Construction Incorporated","CS201969518","June 26, 2019","Registered","LIBERTAD EXT. COR CITY HEIGHTS SUBD HERNAEZ ST. ; Taculing; BACOLOD CITY (Capital); NEGROS OCCIDENTAL; REGION VI (WESTERN VISAYAS); 6100"
"58 FREAC CONSTRUCTION AND GENERAL SERVICES Corp.","CS202106692","July 12, 2021","Registered","Aurora Subdivision Malabon ; 148 M.H. Del Pilar Street ; THIRD DISTRICT; NATIONAL CAPITAL REGION (NCR); 1477"
"Alexandrite Construction and General Services Corp.","2025020189287-11","February 19, 2025","Registered","RAMOS ; 5TH STREET ; VILLA IMPERIAL ; Townsite; THIRD DISTRICT ; MARIVELES; BATAAN; REGION III (CENTRAL LUZON); 2105"
"ARCOBALENO CONSTRUCTION AND GENERAL SERVICES INC.","CS201404216","February 28, 2014","Delinquent","HALANG ; LAGUNA; REGION IV-A (CALABARZON)"
"B+B CONSTRUCTION AND GENERAL SERVICES CO.","A200204872","March 21, 2002","Registered","SUITE 301; 3RD FLOOR; KRISTINE CONDOMINIUM ; 8192 CONSTANCIA ST. ; CITY OF MAKATI; FOURTH DISTRICT; NATIONAL CAPITAL REGION (NCR)"
"B+B CONSTRUCTION AND GENERAL SERVICES CO.; INC.","CS201414640","July 30, 2014","Delinquent","UNIT 602 KBC BLDG ; JP RIZAL ST ; CITY OF MAKATI; FOURTH DISTRICT; NATIONAL CAPITAL REGION (NCR)"
"Blazing Pillar of the North Construction and General Services Company","2021070020152-10","July 19, 2021","Registered","88 ; National Highway ; Minanga; SAN MARIANO; ISABELA; REGION II (CAGAYAN VALLEY); 3332"
"BNN CONSTRUCTION AND GENERAL SERVICES INC.","CS200725450","February 22, 2007","Suspended","COR. BALTIMORE/SAN FRANCISCO STS. EL MONTE VERDE DE CEBU ; CONSOLACION; CEBU; REGION VII (CENTRAL VISAYAS)"
"BRIGGS CONSTRUCTION AND GENERAL SERVICES CO.","PG200309473","April 28, 2003","Registered","* ; * ; CITY OF MANILA; FIRST DISTRICT; NATIONAL CAPITAL REGION (NCR)"
"BUGAS CONSTRUCTION AND GENERAL SERVICES; INC.","2023020088120-00","February 28, 2023","Registered","001 ; ZONE 1 ; San Salvador; LIPA CITY; BATANGAS; REGION IV-A (CALABARZON); 4217"
"C P M CONSTRUCTION AND GENERAL SERVICES INC.","CS200903940","March 16, 2009","Registered","54 ; ABARILLA ST ; CITY OF MARIKINA; SECOND DISTRICT; NATIONAL CAPITAL REGION (NCR)"
"TADIAN GENERAL CONSTRUCTION & DEVELOPMENT INC.","2024090169887-03","September 23, 2024","Registered","KAWAYAN STREET ; Poblacion; TADIAN; MOUNTAIN PROVINCE; CORDILLERA ADMINISTRATIVE REGION (CAR); 2620"
"LIBRIUS CONSTRUCTION & SUPPLY CORPORATION","CS200413671","September 30, 2004","Registered","VILLA MONICA SUBD.; PUROK 1 LODLOD ; LIPA CITY; BATANGAS; REGION IV-A (CALABARZON)"
"F A TORRES CONSTRUCTION AND GENERAL MERCHANDISE; INC.","CS201423877","December 9, 2014","Registered","0326 ; C. LIBORO ST.; ; OCCIDENTAL MINDORO; REGION IV-B (MIMAROPA)"
"ALADIN M. TORRES CONSTRUCTION CO.","PG200259751","November 11, 2002","Registered","269A ; BOBADILLA COMPOUND ; TANZA; CAVITE; REGION IV-A (CALABARZON)"
"ALDEN T. TORRES CONSTRUCTION OPC doing business under the name and style of ATT CONST.","OPC20190000263","July 8, 2019","Registered","6675 ; TAYLO STREET ; Pio Del Pilar; CITY OF MAKATI; FOURTH DISTRICT; NATIONAL CAPITAL REGION (NCR); 1230"
"E.L. TORRES CONSTRUCTION AND TRADING INC.","CS201406489","March 31, 2014","Registered","LOT 15 BLK 136 ; MINDANAO AVE.; ; QUEZON CITY; SECOND DISTRICT; NATIONAL CAPITAL REGION (NCR)"
"F. A. TORRES CONSTRUCTION INC.","CS201734403","October 11, 2017","Registered","0326 ; C.LIBORO ; OCCIDENTAL MINDORO; REGION IV-B (MIMAROPA)"
"FLORENTINO ROQUE TORRES CONSTRUCTION & MAINTENANCE SERVICES CORP.","CS201513147","July 3, 2015","Registered","No. 2207 ; Ugbo St.; ; CITY OF MANILA; FIRST DISTRICT; NATIONAL CAPITAL REGION (NCR)"
"TWIN TORRES CONSTRUCTION CORP.","2022010037119-30","January 3, 2022","Registered","UNIT 305; ; PACIFIC CENTURY TOWER; ; QUEZON AVENUE; ; South Triangle; QUEZON CITY; SECOND DISTRICT; NATIONAL CAPITAL REGION (NCR); 1103"
"NIVIN DEVELOPMENT CONSTRUCTION CORP.","CS201611673","June 7, 2016","Registered","SAN LEONARDO; NUEVA ECIJA; REGION III (CENTRAL LUZON)"
"Better Work Construction Corporation","2024030140178-01","March 6, 2024","Registered","Zone IV (Pob.); CITY OF KORONADAL (Capital); SOUTH COTABATO; REGION XII (SOCCSKSARGEN); 9506"
"AKC BUILDERS & REALTY INCORPORATED","2024110177858-10","November 20, 2024","Registered","LOT 7 & 8 BLK 2 ; PUROK GRASYA ; LIROVILLE SUBD ; Singcang-Airport; BACOLOD CITY (Capital); NEGROS OCCIDENTAL; REGION VI (WESTERN VISAYAS); 6100"
"KIRSKAT VENTURE EDLY CONSTRUCTION JOINT VENTURE CO.","PG201805922","April 20, 2018","Registered","11 ; MALIPAJO ; CAVITE; REGION IV-A (CALABARZON); 4012"
"Kirskat Venture SDB Steelstruct Builders Enterprises Joint Venture Company","2021040011227-02","April 12, 2021","Registered","#19 Luna Novicio ; Poblacion II (Barangay II); ROXAS CITY (Capital); CAPIZ; REGION VI (WESTERN VISAYAS); 5800"
"RAPID FOREMOST CONST. CO.","PG200606402","April 25, 2006","Registered",""
"J.S. LAYSON & CO. INC.","ES94000226","August 31, 1994","Registered","113-B ; ST. ELIZABETH CENTER ; VALERIA STREET ; ILOILO CITY (Capital); ILOILO; REGION VI (WESTERN VISAYAS)"
"A.C. LAYSON & CO. INC.","0000032847","January 1, 1967","Revoked","DOMESTIC INSURANCE BLDGPORT AREA MANILA ; CITY OF MANILA; NATIONAL CAPITAL REGION (NCR)"
"R.S. LAYSON CO.; INC.","CS200426954","April 14, 2004","Revoked","NORTH FUNDIDOR MOLO ; ILOILO CITY (Capital); ILOILO; REGION VI (WESTERN VISAYAS)"
"P.V.B. CONSTRUCTION AND DEVELOPMENT Corp.","CS201911905","July 18, 2019","Registered","PHASE III ; DIZON ESTATE SUBDIVISION ; PAMPANGA; REGION III (CENTRAL LUZON); 2000"
"(A.D) ANNO DOMINI CONSTRUCTION AND DEVELOPMENT CORP.","2021060015921-04","June 8, 2021","Registered","PUROK 5A CROSSING ; Barangay 1 (Pob.); LONE DISTRICT ; CITY OF CALAMBA; LAGUNA; REGION IV-A (CALABARZON); 4027"
"1001 CONSTRUCTION AND DEVELOPMENT CORP.","2025060206219-60","June 23, 2025","Registered","232 ; RJV BLDG. ; NATIONAL HIGHWAY ; Canlalay; CITY OF BIAN; LAGUNA; REGION IV-A (CALABARZON); 4024"
"168 GLOBAL CONSTRUCTION AND DEVELOPMENT CORP.","CS202006003","August 13, 2020","Registered","LOT 1 UNIT C ; CAMARO ST.; ; QUEZON CITY; SECOND DISTRICT; NATIONAL CAPITAL REGION (NCR); 1118"
"268 CONSTRUCTION AND DEVELOPMENT CORP.","2022080062356-02","August 3, 2022","Registered","ZONE 1 QUI OPOS STREET ; San Juan; BAAO ; BAAO; CAMARINES SUR; REGION V (BICOL REGION); 4432"
"2COR8:9 CONSTRUCTION AND DEVELOPMENT CORP.","CS201728403","August 23, 2017","Delinquent","U-47 LA TOWNHOMES ; M.CONCEPCION ; CITY OF PASIG; SECOND DISTRICT; NATIONAL CAPITAL REGION (NCR)"
"3888 CONSTRUCTION AND DEVELOPMENT CORP.","2025030193308-15","March 14, 2025","Registered","980-E ; BYPASS ROAD ; Bulihan; PLARIDEL; BULACAN; REGION III (CENTRAL LUZON); 3004"
"3G CONSTRUCTION AND DEVELOPMENT CORP.","2023040094419-03","April 11, 2023","Registered","LUPA ST ; Calumpang; NAVAL (Capital); BILIRAN; REGION VIII (EASTERN VISAYAS); 6543"
"4MV CONSTRUCTION AND DEVELOPMENT CORP.","2022100073859-02","October 28, 2022","Registered","Hinabuyan; 3RD DISTRICT OF LEYTE ; VILLABA; LEYTE; REGION VIII (EASTERN VISAYAS); 6537"
"501L CONSTRUCTION AND DEVELOPMENT CORP.","CS201622866","September 30, 2016","Registered","B4 L7 HAPIVILLEHOMES ; SITIO MALIGAYA 2 ; CITY OF ANTIPOLO; RIZAL; REGION IV-A (CALABARZON)"
"AL-NOORWAY CORPORATION","CS201848655","December 5, 2018","Registered","0315 SULTAN OMAR DIANALAN BLVD.; ; Tampilong; MARAWI CITY (Capital); LANAO DEL SUR; BANGSAMORO AUTONOMOUS REGION IN MUSLIM MINDANAO (BARMM); 9700"
"M.G. JACINTO CONSTRUCTION INC.","2024020136246-14","February 14, 2024","Registered","SORIANO ST.; ; Pallua Sur; TUGUEGARAO CITY (Capital); CAGAYAN; REGION II (CAGAYAN VALLEY); 3500"
"M.G. LUALHATI CONSTRUCTION CORP.","CS200612097","August 2, 2006","Registered","ROOM 406 ; PANAY AVE.; COR. TIMOG AVE.; ; QUEZON CITY; SECOND DISTRICT; NATIONAL CAPITAL REGION (NCR)"
"M.G. MAYO ENGINEERING CONSTRUCTION CO.","PG201520043","October 5, 2015","Registered","11 MANDARIN HOMES ; MALTA ; GEN. MARIANO ALVAREZ; CAVITE; REGION IV-A (CALABARZON)"
"M.G. Samidan Construction and Development Corporation","CS201903662","March 7, 2019","Registered","MG Samidan Compound ; KM 100 ; BAUKO; MOUNTAIN PROVINCE; CORDILLERA ADMINISTRATIVE REGION (CAR); 2621"
"M.G. VILLAMIN CONSTRUCTION CORP.","2024110177616-03","November 18, 2024","Registered","17 ; CAPITOL ROAD ; Barangay 10 (Pob.); LUCENA CITY (Capital); QUEZON; REGION IV-A (CALABARZON); 4301"
"AAGroup Construction & Development Corporation","2025020188273-00","February 13, 2025","Registered","71 ; JOSE ABAD SANTOS AVENUE ; Salawag; CITY OF DASMARIAS; CAVITE; REGION IV-A (CALABARZON); 4114"
"ARAGDON AND CHAVEZ CONSTRUCTION SERVICES CORPORATION","2021070021043-51","July 28, 2021","Registered","MCS BULDING ADVINCULA AVENUE ALAPAN II-A ; Ligtasan; IMUS CITY; CAVITE; REGION IV-A (CALABARZON); 2300"
"BIG JC CONSTRUCTION CORP.","2022060056899-03","June 22, 2022","Registered","1013 S.TEODORO ST. ; Tondo I/II - Barangay 196; CITY OF MANILA; FIRST DISTRICT; NATIONAL CAPITAL REGION (NCR); 1013"
"CLJR CONSTRUCTION OPC","2023080111000-01","August 4, 2023","Registered","4C ; RAYMUNDO AVENUE ; Rosario; CITY OF PASIG; SECOND DISTRICT; NATIONAL CAPITAL REGION (NCR); 1609"
"DMZ CONSTRUCTION CORPORATION","2024020134407-02","February 2, 2024","Registered","#199 ; San Jose; SANTO TOMAS; BATANGAS; REGION IV-A (CALABARZON); 4234"
"ADFIL CORPORATION","AS93003156","April 27, 1993","Registered","DOONGAN; BUTUAN CITY ; AGUSAN DEL NORTE; REGION XIII (Caraga)"
"LEGACY BSCA CONSTRUCTION AND SUPPLY Corp.","CS202103739","March 26, 2021","Registered","Roxas St. ; CATAINGAN; MASBATE; REGION V (BICOL REGION); 5405"
"TG SURCON BUILDERS INC.","CS201618160","August 11, 2016","Delinquent","49 ; GEN. MENEZ ; CITY OF MARIKINA; SECOND DISTRICT; NATIONAL CAPITAL REGION (NCR)"
"D' DREAMER DEVELOPMENT CORPORATION","CS201319983","October 11, 2013","Registered","JOSE DALMAN (PONOT); ZAMBOANGA DEL NORTE; REGION IX (ZAMBOANGA PENINSULA)"
"TWINCARE BUILDERS Inc.","CS202070082","March 2, 2020","Registered","Raneses Compound ; Washington Drive ; ALBAY; REGION V (BICOL REGION); 4500"
"ELKANKONSTRAK DEVELOPMENT CORPORATION","CS200428435","July 1, 2004","Registered","P# 5 GOGON ; LEGAZPI CITY (Capital); ALBAY; REGION V (BICOL REGION)"
"JFR CONSTRUCTION INC.","CS202004876","June 25, 2020","Registered","17 ; Bliss ; SAMAR; REGION VIII (EASTERN VISAYAS); 6710"
"ETAN CONSTRUCTION & SUPPLY; INC.","CS201639451","October 7, 2016","Delinquent","255 ; SANDRINGHAM ST.; PHASE 3; ; LEGAZPI CITY (Capital); ALBAY; REGION V (BICOL REGION)"
"RUFINO BRODETH & CO.; INCORPORATED (DOING BUSINESS UNDER THE NAME & STYLE OF LUZ PHARMACY; BRODETH MARKETING; R. BRODETH MARKETING & LUZ PHARMACY POLYMEDIC) INC.","A199901737","March 16, 1999","Registered","CORNER JUAN LUNA ; AND ENAGE STREETS ; MAASIN; SOUTHERN LEYTE; REGION VIII (EASTERN VISAYAS)"
"VSP Structure Ventures Corp.","2021040011387-00","April 13, 2021","Registered","MAHOGANY ST. ; Pilipog; CORDOVA; CEBU; REGION VII (CENTRAL VISAYAS); 6017"
"NORNAD BUILDERS AND SUPPLY INC.","2023060103389-42","June 13, 2023","Registered","MAHARLIKA HIGHWAY ; Ibabang Dupay; LUCENA CITY (Capital); QUEZON; REGION IV-A (CALABARZON); 4301"
"JORENZ BUILDERS DEVELOPMENT CORP.","CS201604869","March 8, 2016","Registered","UNIT 3D BLDG.C ; VIMANA VERDE RES. ; CITY OF PASIG; SECOND DISTRICT; NATIONAL CAPITAL REGION (NCR)"
"MV SABALBURO CONSTRUCTION AND SUPPLY OPC","2025010185097-15","January 22, 2025","Registered","Sacuyya Sur; 2ND DISTRICT ; SANTA; ILOCOS SUR; REGION I (ILOCOS REGION); 2703"
"6PASTEUR CONSTRUCTION WORKS & SUPPLY CORP.","CS201705013","January 10, 2017","Registered","793 ; HILLSIDE VILLAGE; ; CEBU; REGION VII (CENTRAL VISAYAS); 6045"
"ABEMEL CONSTRUCTION WORKS AND INDUSTRIES COMPANY; INC.","CS200918821","December 7, 2009","Suspended","244&144 ; CITY OF ANTIPOLO; RIZAL; REGION IV-A (CALABARZON)"
"AG CONSTRUCTION WORKS AND SUPPLY CORP.","2023060103090-14","June 9, 2023","Registered","793 ; ABORES ST. ; HILLSIDE VILLAGE ; Bulacao; CITY OF TALISAY; CEBU; REGION VII (CENTRAL VISAYAS); 6045"
"AJAGS ENTERPRISE AND CONSTRUCTION WORKS Company","PG201841530","November 15, 2018","Registered","Howard Subdivision ; Blk 3 Lot 7 Phase 1 ; LAGUNA; REGION IV-A (CALABARZON); 4026"
"AJD DEVELOPMENT; CONSTRUCTION WORKS AND SUPPLY INCORPORATED","CS201848761","December 28, 2018","Registered","PUROK 7 ; ESTOCADA ST. ; Poblacion; KAPATAGAN; LANAO DEL NORTE; REGION X (NORTHERN MINDANAO); 9214"
"BALAI NEHEMIAH CONSTRUCTION WORKS AND MANAGEMENT CORP.","CS201402067","February 3, 2014","Delinquent","B3 L17 ; DANDELION ST ; QUEZON CITY; SECOND DISTRICT; NATIONAL CAPITAL REGION (NCR)"
"CB CONSTRUCTION WORKS INC. doing business under the name/s and style/s of CBCW","2024020134856-00","February 6, 2024","Registered","DOOR 3; SECOND FLOOR ; MQAE BUILDING ; NORTH ROAD ; Poblacion; COMPOSTELA; CEBU; REGION VII (CENTRAL VISAYAS); 6003"
"CEBU PHIDA CONSTRUCTION WORKS INC.","CS20200001093","March 16, 2020","Registered","TCG CENTER ; ULDOG STREET ; Poblacion; CITY OF TALISAY; CEBU; REGION VII (CENTRAL VISAYAS); 6045"
"ENJINIA CONSTRUCTION WORKS; INC.","CS201704318","February 8, 2017","Registered","2F RP MENDOZA BLDG ; DONA SOLEDAD EXT ; CITY OF MANILA; NATIONAL CAPITAL REGION (NCR)"
"FIRSTPOINT CONSTRUCTION WORKS OPC","2023120128876-01","December 21, 2023","Registered","LOT 31 BLOCK 16 PHASE 2 ; KARLAVILLE PARKHOMES ; C. GARCIA ; Perez (Lucbanan); TRECE MARTIRES CITY (Capital); CAVITE; REGION IV-A (CALABARZON); 4109"
"EA ESCUDERO BUILDERS AND SUPPLIES INC.","CS201818274","August 24, 2018","Registered","VASQUEZ BLDG ; PUROK LEMONSITO ; DAVAO DEL NORTE; REGION XI (DAVAO REGION); 8100"
"RAKKI CORPORATION","CS201532885","November 6, 2015","Registered","Lot 882; Block 2 ; Km. 10 ; Purok 5 ; Catalunan Pequeo; Talomo District ; DAVAO CITY; DAVAO DEL SUR; REGION XI (DAVAO REGION); 8000"
"ZHEANTELLE CONSTRUCTION CORP.","CS201220821","November 14, 2012","Registered","65 ; FELICIDAD SUBD. ; POLANGUI; ALBAY; REGION V (BICOL REGION)"
"NFH CONSTRUCTION & SUPPLY INC. doing business under the name and style of NFH CHEMICALS","CS201639142","April 12, 2016","Registered","135 ; _ ; MILAOR; CAMARINES SUR; REGION V (BICOL REGION)"
"AMETHYST HORIZON BUILDERS AND GEN. CONTRACTOR AND DEVELOPMENT CORP.","CS202004122","June 5, 2020","Registered","792 ; 4TH FLOOR; ROOM 403 ; SGC EXECUTIVE BUILDING ; F. MANALO STREET ; Bambang; CITY OF PASIG; SECOND DISTRICT; NATIONAL CAPITAL REGION (NCR); 1600"
"6PASTEUR CONSTRUCTION WORKS & SUPPLY CORP.","CS201705013","January 10, 2017","Registered","793 ; HILLSIDE VILLAGE; ; CEBU; REGION VII (CENTRAL VISAYAS); 6045"
"ABEMEL CONSTRUCTION WORKS AND INDUSTRIES COMPANY; INC.","CS200918821","December 7, 2009","Suspended","244&144 ; CITY OF ANTIPOLO; RIZAL; REGION IV-A (CALABARZON)"
"AG CONSTRUCTION WORKS AND SUPPLY CORP.","2023060103090-14","June 9, 2023","Registered","793 ; ABORES ST. ; HILLSIDE VILLAGE ; Bulacao; CITY OF TALISAY; CEBU; REGION VII (CENTRAL VISAYAS); 6045"
"AJAGS ENTERPRISE AND CONSTRUCTION WORKS Company","PG201841530","November 15, 2018","Registered","Howard Subdivision ; Blk 3 Lot 7 Phase 1 ; LAGUNA; REGION IV-A (CALABARZON); 4026"
"AJD DEVELOPMENT; CONSTRUCTION WORKS AND SUPPLY INCORPORATED","CS201848761","December 28, 2018","Registered","PUROK 7 ; ESTOCADA ST. ; Poblacion; KAPATAGAN; LANAO DEL NORTE; REGION X (NORTHERN MINDANAO); 9214"
"BALAI NEHEMIAH CONSTRUCTION WORKS AND MANAGEMENT CORP.","CS201402067","February 3, 2014","Delinquent","B3 L17 ; DANDELION ST ; QUEZON CITY; SECOND DISTRICT; NATIONAL CAPITAL REGION (NCR)"
"CB CONSTRUCTION WORKS INC. doing business under the name/s and style/s of CBCW","2024020134856-00","February 6, 2024","Registered","DOOR 3; SECOND FLOOR ; MQAE BUILDING ; NORTH ROAD ; Poblacion; COMPOSTELA; CEBU; REGION VII (CENTRAL VISAYAS); 6003"
"CEBU PHIDA CONSTRUCTION WORKS INC.","CS20200001093","March 16, 2020","Registered","TCG CENTER ; ULDOG STREET ; Poblacion; CITY OF TALISAY; CEBU; REGION VII (CENTRAL VISAYAS); 6045"
"ENJINIA CONSTRUCTION WORKS; INC.","CS201704318","February 8, 2017","Registered","2F RP MENDOZA BLDG ; DONA SOLEDAD EXT ; CITY OF MANILA; NATIONAL CAPITAL REGION (NCR)"
"FIRSTPOINT CONSTRUCTION WORKS OPC","2023120128876-01","December 21, 2023","Registered","LOT 31 BLOCK 16 PHASE 2 ; KARLAVILLE PARKHOMES ; C. GARCIA ; Perez (Lucbanan); TRECE MARTIRES CITY (Capital); CAVITE; REGION IV-A (CALABARZON); 4109"
"BAQPRINCE CONSTRUCTION AND TRADING CORP.","2023030093541-02","March 31, 2023","Registered","DEL PILAR ST. ; Poblacion West; SCIENCE CITY OF MUOZ; NUEVA ECIJA; REGION III (CENTRAL LUZON); 3119"
"MARCBILT CONSTRUCTION; INC.","0000195016","August 28, 1991","Registered","NO. 69 MAKBAN ROAD ; San Felix; SANTO TOMAS; BATANGAS; REGION IV-A (CALABARZON); 4234"
"HB KONSTRUCK CONSTRUCTION CORPORATION","2024030140699-25","March 10, 2024","Registered","F CASTRO ST ; BARCELON RESIDENCE ; Barangay 1 (Pob.); NASUGBU; BATANGAS; REGION IV-A (CALABARZON); 4231"
"HB REGATCHO CONSTRUCTION CORP.","CS201207010","April 11, 2012","Registered","B3 L3 ; LUKE ; QUEZON CITY; SECOND DISTRICT; NATIONAL CAPITAL REGION (NCR)"
"AAGroup Construction & Development Corporation","2025020188273-00","February 13, 2025","Registered","71 ; JOSE ABAD SANTOS AVENUE ; Salawag; CITY OF DASMARIAS; CAVITE; REGION IV-A (CALABARZON); 4114"
"ARAGDON AND CHAVEZ CONSTRUCTION SERVICES CORPORATION","2021070021043-51","July 28, 2021","Registered","MCS BULDING ADVINCULA AVENUE ALAPAN II-A ; Ligtasan; IMUS CITY; CAVITE; REGION IV-A (CALABARZON); 2300"
"BIG JC CONSTRUCTION CORP.","2022060056899-03","June 22, 2022","Registered","1013 S.TEODORO ST. ; Tondo I/II - Barangay 196; CITY OF MANILA; FIRST DISTRICT; NATIONAL CAPITAL REGION (NCR); 1013"
"CLJR CONSTRUCTION OPC","2023080111000-01","August 4, 2023","Registered","4C ; RAYMUNDO AVENUE ; Rosario; CITY OF PASIG; SECOND DISTRICT; NATIONAL CAPITAL REGION (NCR); 1609"
"DMZ CONSTRUCTION CORPORATION","2024020134407-02","February 2, 2024","Registered","#199 ; San Jose; SANTO TOMAS; BATANGAS; REGION IV-A (CALABARZON); 4234"
"DUX CONSTRUCTION INC.","2024100171818-03","October 4, 2024","Registered","BLK 12 LOT 28 ; SAINT PETER STREET ; SAN PEDRO VII ; San Bartolome; QUEZON CITY; SECOND DISTRICT; NATIONAL CAPITAL REGION (NCR); 1116"
"E. Y. MERCADO CONSTRUCTION CORPORATION doing business under the name and style of E Y MERCADO CONSTRUCTION","2021070020609-12","July 23, 2021","Registered","BLK 1 LOT 25 ; OLIVAREZ COMPOUND 2 ; San Roque; CITY OF SAN PEDRO; LAGUNA; REGION IV-A (CALABARZON); 4023"
"JMD8 CONSTRUCTION CORPORATION","2025040199061-05","April 25, 2025","Registered","85 ; KAPILIGAN STREET ; Doa Imelda; QUEZON CITY; SECOND DISTRICT; NATIONAL CAPITAL REGION (NCR); 1113"
"ROVING PREMIER CONTRACTORS; INC.","CS201308169","April 30, 2013","Registered","U-E ; GSE BLDG. ; BILIRAN; REGION VIII (EASTERN VISAYAS)"
"TRIPLE 8 CONST. & SUPPLY INC.","CS201306974","April 8, 2013","Registered","Ilang - Ilang Extension ; Santa Rosa II; MARILAO; BULACAN; REGION III (CENTRAL LUZON); 3019"
"J.F. GABOTERO; INC.","CS20200001005","March 10, 2020","Registered","Araneta Ave. ; Doa Imelda; QUEZON CITY; SECOND DISTRICT; NATIONAL CAPITAL REGION (NCR); 1113"
"EC SOLICON BUILDERS & SUPPLY; INC.","CS201331395","October 3, 2013","Registered","DDOR C NDTC CENTRUM ; LAPULAPU ; CITY OF TACURONG; SULTAN KUDARAT; REGION XII (SOCCSKSARGEN); 9800"
"E.R. RODRIGUEZ CONSTRUCTION CORPORATION","CS202004690","June 23, 2020","Registered","BATO; CATANDUANES; REGION V (BICOL REGION); 4801"
"J.C. RODRIGUEZ CONSTRUCTION CORPORATION","0000143030","July 31, 1987","Registered","167 RIZAL AVE; RODRIGUEZ; RIZAL ; RIZAL; REGION IV-A (CALABARZON)"
"L&M RODRIGUEZ CONSTRUCTION AND TRADING INC.","CS201619158","August 22, 2016","Registered","126 ABAD SANTOS ; RECAIDO SUBD. ; PUERTO PRINCESA CITY (Capital); PALAWAN; REGION IV-B (MIMAROPA)"
"NIRVANA CONSTRUCTION AND SUPPLIES L AND M RODRIGUEZ CONSTRUCTION AND TRADING INC. JOINT VENTURE CO.","PG202003963","May 28, 2020","Registered",". ; National Highway ; PALAWAN; REGION IV-B (MIMAROPA); 5323"
"RIVBROS CONSTRUCTION FACTORS AND DEVELOPMENT - L AND M RODRIGUEZ CONSTRUCTION AND TRADING INC. JOINT VENTURE CO.","PG202003897","May 26, 2020","Registered","National Highway ; PALAWAN; REGION IV-B (MIMAROPA); 5304"
"M.V. CALDO CONSTRUCTION AND SUPPLY CORPORATION","CS201523017","November 23, 2015","Registered","46 ; MAHARLIKA HI-WAY ; BATANGAS; REGION IV-A (CALABARZON)"
"C.T. LEONCIO CONSTRUCTION AND TRADING M.V. CALDO CONSTRUCTION AND SUPPLY CORPORATION J.V. CO.","PG201818663","August 24, 2018","Registered","322 ; Maharlika Highway ; BATANGAS; REGION IV-A (CALABARZON); 4234"
"VICTORIA BUILDERS AND TRADING CORPORATION doing business under the name/s and style/s of VICTORIA BUILDERS AND TRADING","2025010182690-49","January 6, 2025","Registered","#60 ; CAMIA ST ; VENZON SUBD. ; Cupang North; DISTRICT II ; CITY OF BALANGA (Capital); BATAAN; REGION III (CENTRAL LUZON); 2100"
"BONIFACIO M. CARLOS CONSTRUCTION CORP.","CS200918344","November 24, 2009","Registered","SOUTH NATIONAL ; PUERTO PRINCESA CITY (Capital); PALAWAN; REGION IV-B (MIMAROPA)"
"NUMERICAL GATE CONSTRUCTION & SUPPLY CORPORATION","CS200831007","September 9, 2008","Registered","*and may establish branches anywhere in the Phils. ; 25 SAN JUAN ST.; ; Centro Oriental (Pob.); POLANGUI; ALBAY; REGION V (BICOL REGION)"
"DC INNOVATION ENTERPRISES INC.","2025010183324-24","January 9, 2025","Registered","B 26 L 8 ; LYCHEE RD ; PALMERA HILLS 6 ; Dolores (Pob.); TAYTAY; RIZAL; REGION IV-A (CALABARZON); 1920"
"DC MACABANDO CONSTRUCTION AND ENTERPRISES COMPANY","PG200517938","October 21, 2005","Registered","01 ; MARAWI CITY (Capital); LANAO DEL SUR; BANGSAMORO AUTONOMOUS REGION IN MUSLIM MINDANAO (BARMM)"
"DC MOON & SUN ENTERPRISES INC.","CS200812060","July 31, 2008","Suspended","* ; almeda st. ; PATEROS; FOURTH DISTRICT; NATIONAL CAPITAL REGION (NCR)"
"Anex Cosmetics Enterprises OPC","2021110031858-00","November 9, 2021","Registered","F3-11 8TH ST COR ; 23RD ST ; Barangay 183; PASAY CITY; FOURTH DISTRICT; NATIONAL CAPITAL REGION (NCR); 1309"
"GO 2 BIG HOMEDECOR ENTERPRISES and SUPPLIES INC.","2024010129835-72","January 3, 2024","Registered","UNIT ; 6- ; A. BRGY. ; Calzada; BALAYAN; BATANGAS; REGION IV-A (CALABARZON); 4213"
"IVORYSIGN BUSINESS ENTERPRISES CORP.","2024010129819-01","January 3, 2024","Registered","UNIT 8 ; C; ; BRGY. ; Calzada; BALAYAN; BATANGAS; REGION IV-A (CALABARZON); 4213"
"JVM Enterprises OPC","2023100121792-42","October 19, 2023","Registered","ZONE 5 ; Buntatala; JARO ; ILOILO CITY (Capital); ILOILO; REGION VI (WESTERN VISAYAS); 5000"
"OiLife DIRECT SELLING ENTERPRISES OPC","2025080214117-05","August 13, 2025","Registered","304 ; MEDALLA ; CUBAO ; EDSA GEN. MCARTHUR AVENUE ; Socorro; QUEZON CITY ; QUEZON CITY; SECOND DISTRICT; NATIONAL CAPITAL REGION (NCR); 1109"
"VLO Commerce Enterprises Corp.","2024020138765-00","February 28, 2024","Registered","BLK 16 LOT 06 ; ESTANZIA WEST HAKAYHAY ; Sahud Ulan; TANZA; CAVITE; REGION IV-A (CALABARZON); 4108"
"" VERTEC COMMERCIAL ENTERPRISES"","P000020934","January 26, 1971","Registered","CEBU CITY (Capital); CEBU; REGION VII (CENTRAL VISAYAS)"
"3-SIDES BUILDERS & TRADING CORP.","CS201601400","January 25, 2016","Registered","B2 Lot 1 Atis St.; Lanzones Corner Trinidad Village; ; Phase 1 & 2 ; BACOLOR; PAMPANGA; REGION III (CENTRAL LUZON)"
"Aquila Construction Co.","2021110032510-05","November 15, 2021","Registered","Poblacion West; FLORA; APAYAO; CORDILLERA ADMINISTRATIVE REGION (CAR); 3810"
"FRAMECON BUILDERS/JMK BUILDERS CONSTRUCTION (JV) CO.","PG201407801","April 22, 2014","Registered","5 COSETTE ST.; ; DOA PETRONA SUBD.; ; QUEZON CITY; SECOND DISTRICT; NATIONAL CAPITAL REGION (NCR)"
"STEVEN CONSTRUCTION AND SUPPLY/JMK BUILDERS CONSTRUCTION (JV) CO.","PG201309209","May 14, 2013","Registered","5 cosette ; dona petrona subd ; QUEZON CITY; SECOND DISTRICT; NATIONAL CAPITAL REGION (NCR)"
"DSA PRIME BUILDERS CORPORATION","CS202102626","March 8, 2021","Registered","18 ; DON A. ROCES AVENUE ; QUEZON CITY; SECOND DISTRICT; NATIONAL CAPITAL REGION (NCR); 1103"
"GREAT ASLAN Development Opc","2022010039680-02","January 27, 2022","Registered","3395 ; RAMON MAGSAYSAY BLVD. ; Sampaloc - Barangay 423; STA.MESA ; CITY OF MANILA; FIRST DISTRICT; NATIONAL CAPITAL REGION (NCR); 1003"
"JGAP REALTY AND DEVELOPMENT OPC","2025030192056-01","March 7, 2025","Registered","LOT 50 ; BLOCK 9 ; AVENUE ; TOPLAND ; GOLDEN GATE SUBDIVISION ; Talon Tres; 4TH DISTRICT ; CITY OF LAS PIAS; FOURTH DISTRICT; NATIONAL CAPITAL REGION (NCR); 1740"
"11-30 PROPERTY LEASING AND DEVELOPMENT OPC","2024090167769-28","September 9, 2024","Registered","36 ; San Antonio (Pob.); DISTRICT II ; CITY OF CANDON; ILOCOS SUR; REGION I (ILOCOS REGION); 2710"
"12-10 Property Leasing and Development OPC","2024090167767-01","September 9, 2024","Registered","San Antonio (Pob.); 2 ; CITY OF CANDON; ILOCOS SUR; REGION I (ILOCOS REGION); 2710"
"1CORFF DEVELOPMENT OPC","2024110177357-15","November 15, 2024","Registered","00025 ; 00404 ; SERRANO RESIDENCE ; CALCEDONIA ; ZONE 2 ; San Agustin; IRIGA ; IRIGA CITY; CAMARINES SUR; REGION V (BICOL REGION); 4431"
"1K3EMPRESS REALTY DEVELOPMENT OPC","2024080162694-06","August 5, 2024","Registered","UNIT 2 ; BOX PARK 2 ; SAN SEBASTIAN VILLAGE ; Binauganan; CITY OF TARLAC (Capital); TARLAC; REGION III (CENTRAL LUZON); 2300"
"1ST ASIA Development OPC","2025020190626-05","February 27, 2025","Registered","16TH/F ; BPI CORPORATE CENTER ; ARCH. REYES AVE. COR. LUZON AVE. ; CEBU BUSINESS PARK ; Camputhaw (Pob.); CEBU CITY (Capital); CEBU; REGION VII (CENTRAL VISAYAS); 6000"
"1SUNBEAM SALES AND ENVI DEVELOPMENT OPC","2025020186697-46","February 3, 2025","Registered","B3L8 ; PUROK GUANZON ; SIMON PETER VILLAGE ; Mansilingan; BACOLOD CITY (Capital); NEGROS OCCIDENTAL; REGION VI (WESTERN VISAYAS); 6100"
"3 Stars & Son Development Opc","2021120035173-08","December 8, 2021","Registered","208B ; 2ND FLOOR ; MTF BLDG ; DR. A SANTOS ; SUCAT ; San Isidro; CITY OF MANILA; FOURTH DISTRICT - PARANAQUE ; CITY OF PARAAQUE; FOURTH DISTRICT; NATIONAL CAPITAL REGION (NCR); 1700"
"32Z DEVELOPMENT OPC","2024060155372-01","June 14, 2024","Registered","32 ; ZUZUAREGUI ST. ; Matandang Balara; QUEZON CITY ; QUEZON CITY; SECOND DISTRICT; NATIONAL CAPITAL REGION (NCR); 1119"
"MAC CONSTRUCTION CORP.","2024030139816-09","March 5, 2024","Registered","FIRST FLOOR ; #51 GALAXY STREET ; SAN FELIPE; SUBDIVISION; MALOLOS BULACAN ; Mojon; CITY OF MALOLOS (Capital); BULACAN; REGION III (CENTRAL LUZON); 3000"
"Global Mac Construction and Supplies Corp.","2025040197105-00","April 8, 2025","Registered","BLOCK 33 ; WILSON ; ROYALE TAGAYTAY ESTATES ; Buck Estate; ALFONSO; CAVITE; REGION IV-A (CALABARZON); 4123"
"V-MAC CONSTRUCTION AND DEV'T. CORP.","CS200508340","May 20, 2005","Revoked","117 ; P. MANAHAN ST.; ; PASAY CITY; FOURTH DISTRICT; NATIONAL CAPITAL REGION (NCR)"
"R-GOLDEN DEPOT CONSTRUCTION SUPPLY CO.","2023060101926-28","June 2, 2023","Registered","MAHARLIKA HIGHWAY; ; La Torre; TALAVERA; NUEVA ECIJA; REGION III (CENTRAL LUZON); 3114"
"141 CONSTRUCTION SUPPLY & SERVICES; INC.","CS200613659","August 29, 2006","Suspended","9 ; PARINAS ST. ; QUEZON CITY; SECOND DISTRICT; NATIONAL CAPITAL REGION (NCR)"
"167 ELECTRICAL AND CONSTRUCTION SUPPLY CORP.","2023110124173-02","November 10, 2023","Registered","2ND FLOOR UNIT B ; NHA AVENUE ; Dela Paz (Pob.); CITY OF ANTIPOLO; RIZAL; REGION IV-A (CALABARZON); 1870"
"175 BUILDERS & CONSTRUCTION SUPPLY; INC.","CS200918874","December 4, 2009","Suspended","654 ; CAPT SAMANO ST AREA 4 ; CALOOCAN CITY; THIRD DISTRICT; NATIONAL CAPITAL REGION (NCR)"
"1ST J.E. ADLAWAN CONSTRUCTION & SUPPLY CORPORATION","CS201534844","November 17, 2015","Registered","173 ; MINGLANILLA; CEBU; REGION VII (CENTRAL VISAYAS); 6046"
"3 AND 1 CONSTRUCTION SUPPLY AND GENERAL MDSE INC. DOING BUSINESS UNDER THE NAMES AND STYLES OF 12-34 BUILDERS; A AND B CONTRACTING","CS201718847","June 8, 2017","Registered","367 ; JOSE RIZAL ; PADRE GARCIA; BATANGAS; REGION IV-A (CALABARZON)"
"3-ELEVEN CONSTRUCTION SUPPLY DEPOT OPC","2024020137477-07","February 21, 2024","Registered","RCD HOMES ; Sabang; TUY; BATANGAS; REGION IV-A (CALABARZON); 4214"
"3L Construction & Supply; Inc.","2022060056459-05","June 17, 2022","Registered","HDA. STA. MARIA ; Zone 15 (Pob.); CITY OF TALISAY; NEGROS OCCIDENTAL; REGION VI (WESTERN VISAYAS); 6115"
"3RV MURICO INC. DOING BUSINESS UNDER THE NAME AND STYLE OF MURICO TRADING AND CONSTRUCTION SUPPLY AND KYOTO2 AUTO SUPPLY","CS201722972","July 12, 2017","Registered","BLK.3 L53G EASTWOOD ; RESIDENCES PHASE 4B ; RODRIGUEZ (MONTALBAN); RIZAL; REGION IV-A (CALABARZON)"
"4CE'S CONSTRUCTION & SUPPLY CO.","PG201733779","October 5, 2017","Registered","_ ; _ ; POLANGUI; ALBAY; REGION V (BICOL REGION); 4506"
"PRIMECON BUILDERS; INC.","CS201537143","October 13, 2015","Registered","60-B ; DAVAO CITY; DAVAO DEL SUR; REGION XI (DAVAO REGION)"
"R-GOLDEN DEPOT CONSTRUCTION SUPPLY CO.","2023060101926-28","June 2, 2023","Registered","MAHARLIKA HIGHWAY; ; La Torre; TALAVERA; NUEVA ECIJA; REGION III (CENTRAL LUZON); 3114"
"141 CONSTRUCTION SUPPLY & SERVICES; INC.","CS200613659","August 29, 2006","Suspended","9 ; PARINAS ST. ; QUEZON CITY; SECOND DISTRICT; NATIONAL CAPITAL REGION (NCR)"
"167 ELECTRICAL AND CONSTRUCTION SUPPLY CORP.","2023110124173-02","November 10, 2023","Registered","2ND FLOOR UNIT B ; NHA AVENUE ; Dela Paz (Pob.); CITY OF ANTIPOLO; RIZAL; REGION IV-A (CALABARZON); 1870"
"175 BUILDERS & CONSTRUCTION SUPPLY; INC.","CS200918874","December 4, 2009","Suspended","654 ; CAPT SAMANO ST AREA 4 ; CALOOCAN CITY; THIRD DISTRICT; NATIONAL CAPITAL REGION (NCR)"
"1ST J.E. ADLAWAN CONSTRUCTION & SUPPLY CORPORATION","CS201534844","November 17, 2015","Registered","173 ; MINGLANILLA; CEBU; REGION VII (CENTRAL VISAYAS); 6046"
"3 AND 1 CONSTRUCTION SUPPLY AND GENERAL MDSE INC. DOING BUSINESS UNDER THE NAMES AND STYLES OF 12-34 BUILDERS; A AND B CONTRACTING","CS201718847","June 8, 2017","Registered","367 ; JOSE RIZAL ; PADRE GARCIA; BATANGAS; REGION IV-A (CALABARZON)"
"3-ELEVEN CONSTRUCTION SUPPLY DEPOT OPC","2024020137477-07","February 21, 2024","Registered","RCD HOMES ; Sabang; TUY; BATANGAS; REGION IV-A (CALABARZON); 4214"
"3L Construction & Supply; Inc.","2022060056459-05","June 17, 2022","Registered","HDA. STA. MARIA ; Zone 15 (Pob.); CITY OF TALISAY; NEGROS OCCIDENTAL; REGION VI (WESTERN VISAYAS); 6115"
"3RV MURICO INC. DOING BUSINESS UNDER THE NAME AND STYLE OF MURICO TRADING AND CONSTRUCTION SUPPLY AND KYOTO2 AUTO SUPPLY","CS201722972","July 12, 2017","Registered","BLK.3 L53G EASTWOOD ; RESIDENCES PHASE 4B ; RODRIGUEZ (MONTALBAN); RIZAL; REGION IV-A (CALABARZON)"
"4CE'S CONSTRUCTION & SUPPLY CO.","PG201733779","October 5, 2017","Registered","_ ; _ ; POLANGUI; ALBAY; REGION V (BICOL REGION); 4506"
"M. MONTESCLAROS ENTERPRISES INC.","HS95000138","July 24, 1995","Registered","BAGONTAS; VALENCIA; BUKIDNON ; BUKIDNON; REGION X (NORTHERN MINDANAO)"
"RNN CONSTRUCTION CORPORATION","CS200811992","July 29, 2008","Registered","5044 ; FILMORE ST ; CITY OF MAKATI; FOURTH DISTRICT; NATIONAL CAPITAL REGION (NCR)"
"ANGELES ENTERPRISES; INC.","0000034235","January 24, 1968","Revoked","ANGELES CITY; PAMPANGA; REGION III (CENTRAL LUZON)"
"JL PAMPANGA-ANGELES ENTERPRISES INC. DOING BUSINESS UNDER THE NAME & STYLE OF LAPASHA LINGERIE","CS201223420","December 27, 2012","Delinquent","1 ; MADEIRA ST RIVERSIDE SUBD ; ANGELES CITY; PAMPANGA; REGION III (CENTRAL LUZON)"
"MORALDE-ANGELES ENTERPRISES INC.","CS201107790","May 11, 2011","Delinquent","14 ; lapu lapu ave ; CITY OF NAVOTAS; THIRD DISTRICT; NATIONAL CAPITAL REGION (NCR)"
"RAICON DEVELOPMENT CORPORATION","CS201206301","March 30, 2012","Registered","UNIT 208 2ND FLOOR ESNA BLDG. ; 30 TIMOG AVENUE ; QUEZON CITY; SECOND DISTRICT; NATIONAL CAPITAL REGION (NCR)"
"GATEWAY 21-25 CONSTRUCTION CORP.","CS201226131","February 16, 2012","Registered","FENETE ST.; ; SIBALOM; ANTIQUE; REGION VI (WESTERN VISAYAS)"
"22 PRIME CONSTRUCTION AND REALTY DEVELOPMENT INC.","CS201804424","March 28, 2018","Registered","ABUAB ; SITIO ; RIZAL; REGION IV-A (CALABARZON); 1850"
"3R3M CONSTRUCTION AND SUPPLY CORPORATION","2024050150625-15","May 14, 2024","Registered","IBINGAY ; PUROK 7 ; Ibingay; CITY OF MASBATE (Capital); MASBATE; REGION V (BICOL REGION); 5400"
"BALAI NEHEMIAH CONSTRUCTION WORKS AND MANAGEMENT CORP.","CS201402067","February 3, 2014","Delinquent","B3 L17 ; DANDELION ST ; QUEZON CITY; SECOND DISTRICT; NATIONAL CAPITAL REGION (NCR)"
"E.G. CANABE CONSTRUCTION CORPORATION","CS201803871","March 22, 2018","Registered","ENAGE ; ENAGE ; CARIGARA; LEYTE; REGION VIII (EASTERN VISAYAS); 6529"
"DON VIRGILIO BUILDERS AND SUPPLY CORPORATION","2025080215545-21","August 22, 2025","Registered","CULAWAY BLDG. ; Barangay III (Pob.); ROXAS; PALAWAN; REGION IV-B (MIMAROPA); 5308"
"A.P.O. GENERAL CONSTRUCTION OPC","2025090217338-27","September 5, 2025","Registered","APB 09 ; AMBIONG ROAD ; Ambiong; LA TRINIDAD (Capital); BENGUET; CORDILLERA ADMINISTRATIVE REGION (CAR); 2601"
"1 MERITUS GENERAL CONSTRUCTION CORP.","CS201329563","April 17, 2013","Registered","PUROK LIWAYWAY; ; ESPERANZA; SULTAN KUDARAT; REGION XII (SOCCSKSARGEN)"
"101 General Construction and Supply CO.","PG201970110","August 27, 2019","Registered","102 ; SAN JOSE STREET ; Pagatpat (San Jose); CALABANGA; CAMARINES SUR; REGION V (BICOL REGION); 4405"
"3032 GENERAL CONSTRUCTION CORP. Doing business under HaligueHomes","CS202106099","June 3, 2021","Registered","267 ; 8th Avenue 2nd Street ; CALOOCAN CITY; THIRD DISTRICT; NATIONAL CAPITAL REGION (NCR); 1403"
"3RBK GENERAL CONSTRUCTION AND SUPPLIES Corporation","CS201964998","September 16, 2019","Registered","UNIT NO. 5 ; LEON KILAT STREET ; Poblacion 4; BUENAVISTA; AGUSAN DEL NORTE; REGION XIII (Caraga); 8601"
"467 GENERAL CONSTRUCTION CORP.","2022110074636-01","November 7, 2022","Registered","YATI ROAD ; BAYONG ; Tayud; LILOAN; CEBU; REGION VII (CENTRAL VISAYAS); 6002"
"4WARD GENERAL CONSTRUCTION & SERVICES INC.","CS200419381","-","Registered","B17 L13 P3 ; VILLA DE CALAMBA ; CALAMBA; LAGUNA; REGION IV-A (CALABARZON)"
"5J TRADING AND GENERAL CONSTRUCTION CO.","PG200311530","May 23, 2003","Registered","UNIT6 1109 CITYLAND SHAW TOWER COR ST. FRANCIS ST. SHAW BLVD. ; CITY OF MANDALUYONG; SECOND DISTRICT; NATIONAL CAPITAL REGION (NCR)"
"A.D. Marrero General Construction Corp.","2025030193134-06","March 13, 2025","Registered","2250 ; CALIFORNIA ST. ; VILLASOL SUBD. ; Anunas; ANGELES CITY; PAMPANGA; REGION III (CENTRAL LUZON); 2009"
"A.S PEREZ GENERAL CONSTRUCTION AND TRADING CO. LTD.","PL201539998","September 11, 2015","Registered","1362 ; SITIO BAGONG BARRIO ; CITY OF TARLAC (Capital); TARLAC; REGION III (CENTRAL LUZON)"
"ALMANA CONSTRUCTION AND DEV'T. CORPORATION","CS201428100","June 20, 2014","Registered","18-23 ; Salary Street; ; QUEZON CITY; SECOND DISTRICT; NATIONAL CAPITAL REGION (NCR)"
"MARJETECH CONSTRUCTION & TRADING OPC","2023050101306-02","May 30, 2023","Registered","ZONE 7; ; Santo Domingo; BOMBON; CAMARINES SUR; REGION V (BICOL REGION); 4404"
"1067 CONSTRUCTION & TRADING CORPORATION","CS201310149","May 31, 2013","Registered","MAC ARTHUR HIWAY ; CAPAS; TARLAC; REGION III (CENTRAL LUZON)"
"117 CONSTRUCTION & TRADING CORPORATION","CS201219846","October 29, 2012","Delinquent","1415 ; IBARRA ST. ; CITY OF MANILA; FIRST DISTRICT; NATIONAL CAPITAL REGION (NCR)"
"1420 Construction Trading Inc.","2024010130779-02","January 10, 2024","Registered","BLDG 2 DOST COMPOUND ; Alfonso; CONCEPCION; TARLAC; REGION III (CENTRAL LUZON); 2316"
"1860 PARAGON CONSTRUCTION & TRADING; INC.","CS200405487","April 2, 2004","Revoked","UNIT 1207-B WEST TEKTITE TOWER PSEC EXCHANGE RD. ; WEST TOWER; PHIL. STOCK EXCHAGE CENTRE ; San Antonio; ORTIGAS ; CITY OF PASIG; SECOND DISTRICT; NATIONAL CAPITAL REGION (NCR); 1600"
"3947 CONSTRUCTION & TRADING INC.","CS200603520","March 9, 2006","Revoked","8264 2nd flr ; dr. a. santos ave. ; CITY OF MANILA; NATIONAL CAPITAL REGION (NCR)"
"4-Way Construction & Trading Opc","2024060155927-00","June 19, 2024","Registered","BLOCK 407 LOT 19; ; ROAD 405 ; Lourdes Sur; ANGELES CITY; PAMPANGA; REGION III (CENTRAL LUZON); 2009"
"5PGA CONSTRUCTION & TRADING CORPORATION","CS201734633","October 12, 2017","Delinquent","2019-B ; C. MINA ST.; ; CEBU CITY (Capital); CEBU; REGION VII (CENTRAL VISAYAS); 6000"
"5TH ELEMENT CONSTRUCTION & TRADING CORP.","A200018117","January 23, 2001","Suspended","MARCOS HIGHWAY; PHASE IV B BN II; BARANGAY DELA PAZ; ANTIPOLO CITY ; RIZAL; REGION IV-A (CALABARZON)"
"6 & 7 STAR HOUSE OF CONSTRUCTION & TRADING CORP.","CS201107860","May 9, 2011","Delinquent",""
"D.O.R.Y. DAGUIO CONSTRUCTION AND SUPPLIES COMPANY","PG201973050","August 27, 2019","Registered","CAGUIMONGAN ; Abatan; BAUKO; MOUNTAIN PROVINCE; CORDILLERA ADMINISTRATIVE REGION (CAR); 2621"
"AAGroup Construction & Development Corporation","2025020188273-00","February 13, 2025","Registered","71 ; JOSE ABAD SANTOS AVENUE ; Salawag; CITY OF DASMARIAS; CAVITE; REGION IV-A (CALABARZON); 4114"
"ARAGDON AND CHAVEZ CONSTRUCTION SERVICES CORPORATION","2021070021043-51","July 28, 2021","Registered","MCS BULDING ADVINCULA AVENUE ALAPAN II-A ; Ligtasan; IMUS CITY; CAVITE; REGION IV-A (CALABARZON); 2300"
"BIG JC CONSTRUCTION CORP.","2022060056899-03","June 22, 2022","Registered","1013 S.TEODORO ST. ; Tondo I/II - Barangay 196; CITY OF MANILA; FIRST DISTRICT; NATIONAL CAPITAL REGION (NCR); 1013"
"CLJR CONSTRUCTION OPC","2023080111000-01","August 4, 2023","Registered","4C ; RAYMUNDO AVENUE ; Rosario; CITY OF PASIG; SECOND DISTRICT; NATIONAL CAPITAL REGION (NCR); 1609"
"DMZ CONSTRUCTION CORPORATION","2024020134407-02","February 2, 2024","Registered","#199 ; San Jose; SANTO TOMAS; BATANGAS; REGION IV-A (CALABARZON); 4234"
"DUX CONSTRUCTION INC.","2024100171818-03","October 4, 2024","Registered","BLK 12 LOT 28 ; SAINT PETER STREET ; SAN PEDRO VII ; San Bartolome; QUEZON CITY; SECOND DISTRICT; NATIONAL CAPITAL REGION (NCR); 1116"
"E. Y. MERCADO CONSTRUCTION CORPORATION doing business under the name and style of E Y MERCADO CONSTRUCTION","2021070020609-12","July 23, 2021","Registered","BLK 1 LOT 25 ; OLIVAREZ COMPOUND 2 ; San Roque; CITY OF SAN PEDRO; LAGUNA; REGION IV-A (CALABARZON); 4023"
"JMD8 CONSTRUCTION CORPORATION","2025040199061-05","April 25, 2025","Registered","85 ; KAPILIGAN STREET ; Doa Imelda; QUEZON CITY; SECOND DISTRICT; NATIONAL CAPITAL REGION (NCR); 1113"
"MARJETECH CONSTRUCTION & TRADING OPC","2023050101306-02","May 30, 2023","Registered","ZONE 7; ; Santo Domingo; BOMBON; CAMARINES SUR; REGION V (BICOL REGION); 4404"
"CONCEPCION BASIC BUILDERS INC.","0000077694","January 24, 1978","Registered","1629 Atega St.; ; CITY OF CABADBARAN; AGUSAN DEL NORTE; REGION XIII (Caraga)"
"KATHA BUILDERS AND SUPPLIES INC.","CS201956049","October 25, 2019","Registered","UNIT 1606 CONGRESSIONAL TOWN CENTER ; CONGRESSIONAL AVENUE ; QUEZON CITY; SECOND DISTRICT; NATIONAL CAPITAL REGION (NCR); 1106"
"JFR CONSTRUCTION INC.","CS202004876","June 25, 2020","Registered","17 ; Bliss ; SAMAR; REGION VIII (EASTERN VISAYAS); 6710"
"PLL BUILDERS INC.","CS201117192","September 28, 2011","Registered","555 ; BULACAN; REGION III (CENTRAL LUZON)"
"HARDROCKPLATINUM DEVELOPMENT CORPORATION","CS201318540","September 24, 2013","Registered","NATIONAL HI WAY ; NARRA; PALAWAN; REGION IV-B (MIMAROPA)"
"YPR GEN. CONTRACTOR AND CONSTRUCTION SUPPLY Inc.","CS201810309","June 14, 2018","Registered","785 ; J. Pueblo ; SECOND DISTRICT; NATIONAL CAPITAL REGION (NCR); 1600"
"FEDERAL AGGREGATES AND DEVELOPMENT CORP.","CS201920055","December 16, 2019","Registered","VILLA MARIA SUBDIVISION ; Travesia; GUINOBATAN; ALBAY; REGION V (BICOL REGION)"
"N.D.M. SANCHEZ BUILDERS & DEVELOPMENT CORPORATION","CS201011193","July 20, 2010","Registered","BATANGAS; REGION IV-A (CALABARZON)"
"ROCK-WBL CONSTRUCTION CORP.","2023070108901-27","July 20, 2023","Registered","276 ; F. SANTOS STREET; ; Wawa (Pob.); BALAGTAS (BIGAA); BULACAN; REGION III (CENTRAL LUZON); 3016"
"ST. GERRARD CONSTRUCTION GEN. CONTRACTOR & DEVELOPMENT CORP.","CS201522644","November 12, 2015","Registered","0792 ; F. MANALO COR J PUEBLO ; CITY OF PASIG; SECOND DISTRICT; NATIONAL CAPITAL REGION (NCR)"
"ESCORR BUILDERS AND TRADERS; INC.","CS201723755","July 19, 2017","Registered","UNIT-6 ; YUSEPENG BLDG. ; GENERAL SANTOS CITY (DADIANGAS); SOUTH COTABATO; REGION XII (SOCCSKSARGEN)"
"MEGAJES CONSTRUCTION CORP.","CS201809924","June 8, 2018","Registered","371 ; PR RAMOS ST ; BULACAN; REGION III (CENTRAL LUZON); 3022"
"Interior Construction Services Corp.","2023100123036-00","October 30, 2023","Registered","17 ; F. PASCO AVENUE ; Santolan; CITY OF PASIG; SECOND DISTRICT; NATIONAL CAPITAL REGION (NCR); 1610"
"JMT MODULAR INTERIOR CONSTRUCTION INC.","CS201500686","January 20, 2015","Registered","11 ; FAITH ST.; M. DELOS REYES ; Hen. T. De Leon; CITY OF VALENZUELA; THIRD DISTRICT; NATIONAL CAPITAL REGION (NCR); 1442"
"MDCC INTERIOR & CONSTRUCTION MANAGEMENT INC.","CS200713635","August 30, 2007","Suspended","1125 ; ANTIPOLO ; CITY OF MAKATI; FOURTH DISTRICT; NATIONAL CAPITAL REGION (NCR)"
"SEWON INTERIOR CONSTRUCTION INC.","CS201822285","October 8, 2018","Registered","Penthouse 1 One Corporate Center ; Julia Vargas ; SECOND DISTRICT; NATIONAL CAPITAL REGION (NCR); 1603"
"SPECIFIED INTERIOR CONSTRUCTION COMPANY","P000037613","February 22, 1982","Registered","III ; L. EDSA ; CITY OF MANDALUYONG; SECOND DISTRICT; NATIONAL CAPITAL REGION (NCR)"
"TOUCH POINT INTERIOR CONSTRUCTION INC.","CS200511231","June 29, 2005","Registered","#1 Claudio cor. Kalaw St. ; Phase IV-B Bahayang ; IMUS CITY; CAVITE; REGION IV-A (CALABARZON)"
"VW INTERIOR CONSTRUCTION SKILLED SERVICES; CO.","PG201735827","October 26, 2017","Registered","19 sto. nino ; villa espana subd. ; QUEZON CITY; SECOND DISTRICT; NATIONAL CAPITAL REGION (NCR)"
"MBAJRJC4 CONSTRUCTION AND TRADING CORPORATION","2022070061472-16","July 27, 2022","Registered","58 ; Batis; CITY OF SAN JUAN; SECOND DISTRICT; NATIONAL CAPITAL REGION (NCR); 1500"
"1 TIMOTHY CONSTRUCTION AND TRADING CORPORATION","A200107302","May 28, 2001","Suspended","B-7 L-31; IMPERIA ST.; CAMELLA MILAN; SAN PEDRO; LAGUNA ; LAGUNA; REGION IV-A (CALABARZON)"
"24/7 DYNAMIC CONSTRUCTION AND TRADING CORPORATION","CS201206744","April 27, 2012","Suspended","lot 6 ; palico ; IMUS CITY; CAVITE; REGION IV-A (CALABARZON)"
"88 NORTH CONSTRUCTION AND TRADING CORPORATION","CS201519748","September 30, 2015","Registered","BLOCK 11 LOT 8 ATHENA RESIDENCES ; 20 MERCEDEZ AVENUE ; CITY OF PASIG; SECOND DISTRICT; NATIONAL CAPITAL REGION (NCR)"
"A. CONDOR CONSTRUCTION AND TRADING CORPORATION","CS201956719","December 9, 2019","Registered","Zone ; 4 ; NUEVA ECIJA; REGION III (CENTRAL LUZON); 3133"
"A. MONTALBO CONSTRUCTION AND TRADING CORPORATION","CS201918821","November 14, 2019","Delinquent","99 ; Provincial Road ; IBAAN; BATANGAS; REGION IV-A (CALABARZON); 4230"
"A1 PRIME CONSTRUCTION AND TRADING Corporation","CS201849018","November 28, 2018","Registered","10 ; SORIANO ; Concepcion Grande; NAGA CITY; CAMARINES SUR; REGION V (BICOL REGION); 4400"
"ABRIC'S CONSTRUCTION AND TRADING CORPORATION","CS200430110","October 29, 2004","Suspended","ORMOC CITY; LEYTE; REGION VIII (EASTERN VISAYAS)"
"ACP KONSTRACT INTEGRATED CONSTRUCTION AND TRADING CORPORATION","CS202051807","September 15, 2020","Registered","#0462 ; Tozawamura Street ; GENERAL TRIAS; CAVITE; REGION IV-A (CALABARZON); 4107"
"ACUA TOP BUILDERS CONSTRUCTION AND TRADING CORPORATION","CS201712842","April 12, 2017","Registered","048 ; BATANGAS; REGION IV-A (CALABARZON)"
"E.L. TORRES CONSTRUCTION AND TRADING INC.","CS201406489","March 31, 2014","Registered","LOT 15 BLK 136 ; MINDANAO AVE.; ; QUEZON CITY; SECOND DISTRICT; NATIONAL CAPITAL REGION (NCR)"
"MS CONSTRUCTION AND SUPPLIES CORPORATION","2023110125266-06","November 18, 2023","Registered","Pateng; GONZAGA; CAGAYAN; REGION II (CAGAYAN VALLEY); 6406"
"0213 CONSTRUCTION AND SUPPLIES OPC","2024070158331-10","July 5, 2024","Registered","LOT 39; BLOCK 12 ; VILLANUEVA PLAINS ; Libertad (Pob.); SURALLAH; SOUTH COTABATO; REGION XII (SOCCSKSARGEN); 9512"
"11256 CONSTRUCTION AND SUPPLIES; INC.","CS201327565","June 3, 2013","Delinquent","BARANGAY NANCA ; ENRIQUE B. MAGALONA (SARAVIA); NEGROS OCCIDENTAL; REGION VI (WESTERN VISAYAS)"
"128 DRAGON CONSTRUCTION AND SUPPLIES; OPC","2022050052041-01","May 12, 2022","Registered","J. LUKBAN STREET; ; Barangay V (Pob.); DISTRICT II; ; DAET (Capital); CAMARINES NORTE; REGION V (BICOL REGION); 4600"
"2528 CONSTRUCTION AND SUPPLIES INC.","2021080023191-15","August 23, 2021","Registered","DOOR 2; 108 BUILDING ; A. PICHON STREET ; Barangay 2-A (Pob.); DISTRICT 1 ; DAVAO CITY; DAVAO DEL SUR; REGION XI (DAVAO REGION); 8000"
"2L3 CONSTRUCTION AND SUPPLIES CORP.","CS202066098","January 23, 2020","Delinquent","door 8 ; tiongko street ; DAVAO CITY; DAVAO DEL SUR; REGION XI (DAVAO REGION); 8000"
"3 S Angel Construction and Supplies; Inc.","CS201969049","January 25, 2019","Registered","BANGGA NENE; RIZAL ST. ; Mambulac; SILAY CITY; NEGROS OCCIDENTAL; REGION VI (WESTERN VISAYAS); 6116"
"3RA EAGLE CONSTRUCTION AND SUPPLIES OPC","2023100122295-27","October 23, 2023","Registered","556 NATIONAL HIGHWAY ; Banaybanay; SECOND DISTRICT ; CABUYAO CITY; LAGUNA; REGION IV-A (CALABARZON); 4025"
"3RBK GENERAL CONSTRUCTION AND SUPPLIES Corporation","CS201964998","September 16, 2019","Registered","UNIT NO. 5 ; LEON KILAT STREET ; Poblacion 4; BUENAVISTA; AGUSAN DEL NORTE; REGION XIII (Caraga); 8601"
"888 CONSTRUCTION AND SUPPLIES CORP.","2022100073604-05","October 26, 2022","Registered","BLOCK 15 LOT 47 ; CHINA ; SAN MARINO ; Salawag; CITY OF DASMARIAS; CAVITE; REGION IV-A (CALABARZON); 4114"
"RMT Corporation","CS201846462","December 19, 2018","Registered","FRONTING LUPON PUBLIC MARKET ; Poblacion; LUPON; DAVAO ORIENTAL; REGION XI (DAVAO REGION); 8207"
"A. DE GUIA CONSTRUCTION AND DEV'T. CO.","PG201524637","December 17, 2015","Dissolved","ALICIA; ISABELA; REGION II (CAGAYAN VALLEY)"
"A. DE GUIA CONSTRUCTION AND DEVELOPMENT CORPORATION","CS201821802","September 27, 2018","Registered","79 ; Burgos ; ALICIA; ISABELA; REGION II (CAGAYAN VALLEY); 3311"
"JAMA88 BUILDERS INC.","2021110033366-05","November 22, 2021","Registered","KAMALIG NI TERONG; ; Telegrafo; TOLOSA; LEYTE; REGION VIII (EASTERN VISAYAS); 6503"
"MEGAY CONSTRUCTION INCORPORATED","2021080022427-00","August 12, 2021","Registered","1616 ; 1616 ; KM 38 ; KM 38 ; KM 38 ; Pulong Buhangin; DISTRICT 2 ; SANTA MARIA; BULACAN; REGION III (CENTRAL LUZON); 3022"
"Six Silvers Construction and Development Corp.","CS202071116","February 26, 2020","Registered","LYNWOOD COMPOUND ; ANGELES-PORAC RD.; ; Mancatian; PORAC; PAMPANGA; REGION III (CENTRAL LUZON); 2008"
"STX ENTERPRISES; INC.","2024030140265-03","March 7, 2024","Registered","8TH-9TH FLOOR RECIO + RECIO BLDG.; 7 METROPOLIS DR.; ; Bagumbayan; QUEZON CITY; SECOND DISTRICT; NATIONAL CAPITAL REGION (NCR); 1110"
"ITP CONSTRUCTION INC.","A200204489","March 15, 2002","Registered","#10 DAO ST. QUEZON CITY METRO MANILA ; CITY OF MANILA; NATIONAL CAPITAL REGION (NCR)"
"REDCAR TRADING & CONSTRUCTION CO.","PG200918027","November 18, 2009","Registered","16 ; ILANG-ILANG RD. ; CITY OF LAS PIAS; FOURTH DISTRICT; NATIONAL CAPITAL REGION (NCR)"
"AYLAN CONSTRUCTION AND TRADING CORPORATION","CS201704893","February 10, 2017","Delinquent","3RD FLR. AYREN BLDG ; 163 NS AMORANTO ST ; QUEZON CITY; SECOND DISTRICT; NATIONAL CAPITAL REGION (NCR)"
"'94 BUILDERS CONSTRUCTION AND SUPPLY CORP.","CS201966232","February 8, 2019","Registered","BLOCK 12; LOT 25 ; GREEN ORCHARD VILLAGE ; Cabantian; DAVAO CITY; DAVAO DEL SUR; REGION XI (DAVAO REGION); 8000"
"101 General Construction and Supply CO.","PG201970110","August 27, 2019","Registered","102 ; SAN JOSE STREET ; Pagatpat (San Jose); CALABANGA; CAMARINES SUR; REGION V (BICOL REGION); 4405"
"16EAST CONSTRUCTION AND SUPPLY CORPORATION","CS201812892","July 9, 2018","Delinquent","867 ; Washington Drive ; ALBAY; REGION V (BICOL REGION); 4500"
"1ST BALMON CONSTRUCTION AND SUPPLY Co.","PG201826301","December 28, 2018","Registered","Balete ; Balete ; BATANGAS; REGION IV-A (CALABARZON); 4200"
"249 CONSTRUCTION AND SUPPLY COMPANY","2024100171735-40","October 4, 2024","Registered","61 ; KAMUNING ROAD ; Kamuning; QUEZON CITY; SECOND DISTRICT; NATIONAL CAPITAL REGION (NCR); 1103"
"2X3 CONSTRUCTION AND SUPPLY CORP.","2021090025516-01","September 16, 2021","Registered","Jelicuon Lusaya; CABATUAN ; CABATUAN; ILOILO; REGION VI (WESTERN VISAYAS); 5033"
"3 K&C CONSTRUCTION AND SUPPLY CORPORATION","CS201642220","December 28, 2016","Delinquent","GOMEZ STREET ; SINDANGAN; ZAMBOANGA DEL NORTE; REGION IX (ZAMBOANGA PENINSULA); 7112"
"3K FHRANCIS CYRENE CONSTRUCTION AND SUPPLY CORP.","CS202051449","March 9, 2020","Registered","2/F REX HOTEL BLDG. ; AGUINALDO ST. ; ALBAY; REGION V (BICOL REGION); 4500"
"3KRIS CONSTRUCTION AND SUPPLY CORPORATION","CS201331356","September 27, 2013","Registered","165 ; SOLIVIO ; SULTAN KUDARAT; MAGUINDANAO; BANGSAMORO AUTONOMOUS REGION IN MUSLIM MINDANAO (BARMM); 9508"
"3R & G CONSTRUCTION AND SUPPLY CO.","2023040096834-01","April 28, 2023","Registered","Banga; TALISAY; BATANGAS; REGION IV-A (CALABARZON); 4220"
"W FABRO Construction Corp.","2024070157727-85","July 2, 2024","Registered","0177 ; 1 ; WILFAB ; CACARONG MATANDA ; PANDI ; Cacarong Matanda; CACARONG MATANDA ; PANDI; BULACAN; REGION III (CENTRAL LUZON); 3014"
"VIBRANIUM BUILDERS CORPORATION","CS201806572","May 2, 2018","Registered","GROUND FLOOR ROOM B ; DABALOS ST. JUAN LUNA ; Barangay 29-C (Pob.); DAVAO CITY; DAVAO DEL SUR; REGION XI (DAVAO REGION); 8000"
"VIBRANIUM BUILDERS CORPORATION","2022090070000-05","September 28, 2022","Registered","BASA STREET ; Poblacion II; SIATON; NEGROS ORIENTAL; REGION VII (CENTRAL VISAYAS); 6219"
"SKYSCRAPERPH CONSTRUCTION CORPORATION","CS201804569","April 2, 2018","Registered","CONDOMINIUM CAPTAIN HENRY JAVIER ST BRGY ORAMBO PASIG CITY ; 1328B SKYWAY TWIN TOWER ; SECOND DISTRICT; NATIONAL CAPITAL REGION (NCR); 1603"
"IRON WORKS AND INDL. REFRIGERATION SVCS. INC.","0000036866","January 1, 1968","Revoked","102 GEN SAN MIGUEL CALOOCAN CITY ; CITY OF MANILA; NATIONAL CAPITAL REGION (NCR)"
"IRON WORKS NORTH BEARD PHIL. INC.","CS201522984","November 24, 2015","Registered","BLOCK 5; LOT 4; PHASE 3 ; LIMA TECHNOLOGY CENTER-SPECIAL ECONOMIC ZONE ; San Fernando; MALVAR; BATANGAS; REGION IV-A (CALABARZON); 4233"
"2-R FABRICATORS IRON WORKS CO.","PG201300946","January 17, 2013","Registered","13 ; PLEASANT SUMMERVILLE ; CITY OF ANTIPOLO; RIZAL; REGION IV-A (CALABARZON)"
"3 1 IRON WORKS INC.","AS93009435","December 2, 1993","Suspended","1557 JOSHUA ST JORDAN PLAINS NOVALICHES Q.C. ; CITY OF MANILA; NATIONAL CAPITAL REGION (NCR)"
"A&C IRON WORKS CO.","CP95000112","October 17, 1995","Registered","KM. 6 MACTAN; LAPU-LAPU CITY; CEBU ; CEBU; REGION VII (CENTRAL VISAYAS)"
"A. GERONIMO IRON WORKS CO.","A199722630","December 1, 1997","Expired","330 M.H. DEL PILAR ST.; PALATIW; PASIG CITY ; CITY OF MANILA; NATIONAL CAPITAL REGION (NCR)"
"ACJ WOOD IRON WORKS BUILDERS INC.","AS95005309","June 2, 1995","Revoked","659 SAN MIGUEL ST BRGY MUZON TAYTAY RIZAL ; RIZAL; REGION IV-A (CALABARZON)"
"ADVANCE IRON WORKS CO.","P000032666","January 1, 1936","Dissolved","229 ENCARNACION ST.; RAFAEL VILLAGE NAVOTAS M.M. ; CITY OF MANILA; NATIONAL CAPITAL REGION (NCR)"
"AIRSIGNS ADVERTISING AND IRON WORKS CO.","PG201108422","May 18, 2011","Registered","AICHY RD ; STA ROSA TAGAYTAY RD ; SANTA ROSA; LAGUNA; REGION IV-A (CALABARZON)"
"AMALGAMATED IRON WORKS INC.","0000146368","November 19, 1987","Registered","NOVALICHES; QUEZON CITY ; CITY OF MANILA; NATIONAL CAPITAL REGION (NCR)"
"CREST CONSTRUCTION COMPANY","P000017204","May 16, 1968","Registered","TAGUIG CITY; FOURTH DISTRICT; NATIONAL CAPITAL REGION (NCR)"
"FALCON CREST CONSTRUCTION AND DEV'T. CORPORATION","CS201413012","July 4, 2014","Registered","31 SHORTHORN ST.; ; BRGY. BAHAY TORO; ; QUEZON CITY; SECOND DISTRICT; NATIONAL CAPITAL REGION (NCR)"
"GOLDEN CREST CONSTRUCTION MANAGEMENT CORPORATION","CS200260214","November 14, 2002","Suspended","CITY OF MANILA; FIRST DISTRICT; NATIONAL CAPITAL REGION (NCR)"
"LIM CREST CONSTRUCTION INC.","2025100223074-10","October 13, 2025","Registered","10 ; KAMAGONG ; Junob; DUMAGUETE CITY (Capital); NEGROS ORIENTAL; REGION VII (CENTRAL VISAYAS); 6200"
"PRIME CREST CONSTRUCTION CORPORATION","2023050099331-02","May 16, 2023","Registered","BASA STREET ; Poblacion II; SIATON; NEGROS ORIENTAL; REGION VII (CENTRAL VISAYAS); 6219"
"VNS Crest Construction Inc.","2021110033050-01","April 5, 2022","Registered","ROOM 406 ; AIC BURGUNDY EMPIRE TOWER ; CORNER GARNET ROAD ; San Antonio; ORTIGAS CENTER ; CITY OF PASIG; SECOND DISTRICT; NATIONAL CAPITAL REGION (NCR); 1605"
"GAC CONSTRUCTION CORPORATION","CS201955998","October 24, 2019","Registered","Room 401 Park Avenue Mansion ; Park Avenue Street ; PASAY CITY; FOURTH DISTRICT; NATIONAL CAPITAL REGION (NCR); 1302"
"BBC Construction and Development Corporation","2021080023521-04","September 7, 2021","Registered","1470 NR ( SERV 2) ; EMERALD STREET ; PERLAS COMPOUND ; Kumintang Ilaya; BATANGAS CITY (Capital); BATANGAS; REGION IV-A (CALABARZON); 4200"
"BLESSING BUILDERS AND CONSTRUCTION SUPPLY INC.","CS201730543","September 11, 2017","Registered","PUROK 4 ; Bulanao; CITY OF TABUK (Capital); KALINGA; CORDILLERA ADMINISTRATIVE REGION (CAR); 3800"
"PANGANIBAN & PINEDA CONSTRUCTION; INC.","CS201302554","February 8, 2013","Suspended","BLK11 L5 PACIFIC HIWAY ; PACIFIC WOODS SUBD. NIA ROAD ; IMUS CITY; CAVITE; REGION IV-A (CALABARZON)"
"PHILIPPINE PALAYPAY PINEDA CONSTRUCTION CORPORATION","2021010005292-01","January 18, 2021","Registered","GRD. FLR. ; DMA BUILDING ; BAGONG SILANG ROAD; ; Tenejero; CITY OF BALANGA (Capital); BATAAN; REGION III (CENTRAL LUZON); 2100"
"VG PINEDA CONSTRUCTION CORPORATION","CS201415058","August 5, 2014","Delinquent","272 ; COMMONWEALTH AVE.; ; QUEZON CITY; SECOND DISTRICT; NATIONAL CAPITAL REGION (NCR)"
"RRC CONSTRUCTION CORPORATION","CS200305779","March 7, 2003","Suspended","PAMPANGA; REGION III (CENTRAL LUZON)"
"DONATO ? SAKIWAT CONSTRUCTION (D-SC) CO.","PG200631255","December 4, 2006","Registered","MADAYMEN ; MANKAYAN; BENGUET; CORDILLERA ADMINISTRATIVE REGION (CAR)"
"GCLT CONSTRUCTION INCORPORATED","CS201711465","March 31, 2017","Registered","17 ; 25TH ST. ; OLONGAPO CITY; ZAMBALES; REGION III (CENTRAL LUZON); 2200"
"FLAG CONSTRUCTION CORPORATION","CS201015673","September 30, 2010","Registered","030 ; STA URSULA ; BINANGONAN; RIZAL; REGION IV-A (CALABARZON); 1940"
"ALFEL CONSTRUCTION CORPORATION","CS200615744","October 11, 2006","Registered","37 2ND ST. ; _ ; OLONGAPO CITY; ZAMBALES; REGION III (CENTRAL LUZON)"
"A.D. Marrero General Construction Corp.","2025030193134-06","March 13, 2025","Registered","2250 ; CALIFORNIA ST. ; VILLASOL SUBD. ; Anunas; ANGELES CITY; PAMPANGA; REGION III (CENTRAL LUZON); 2009"
"K84 CONSTRUCTION AND DEVELOPMENT CORPORATION","CS201505328","March 18, 2015","Registered","UNIT 2F PANTAIPAN BLDG.; 79 SCT. REYES ; COR. SCT LOZANO STS ; QUEZON CITY; SECOND DISTRICT; NATIONAL CAPITAL REGION (NCR)"
"PERSAN CONSTRUCTION INC.","CS200313885","June 23, 2003","Registered","SITIO MAISALAP ST. ; RODRIGUEZ (MONTALBAN); RIZAL; REGION IV-A (CALABARZON)"
"EFV CONSTRUCTION INC.","A200014625","September 22, 2000","Registered","ROOM 504 CULMAT BLDG. 127-133 E. RODRIGUEZ ST.; AVENUE QUEZON CITY ; CITY OF MANILA; NATIONAL CAPITAL REGION (NCR)"
"CTC BUILDER AND SUPPLIES INCORPORATED.","CS200302358","February 5, 2003","Registered","_ ; Rizal Streer ; DONSOL; SORSOGON; REGION V (BICOL REGION)"
"APS CONSTRUCTION CORPORATION","2023120128400-06","December 15, 2023","Registered","SITIO 1 KALIWA ; SHELTER HOMES ; Batasan Hills; QUEZON CITY; SECOND DISTRICT; NATIONAL CAPITAL REGION (NCR); 1126"
"YES Construction OPC","2024030140627-21","March 8, 2024","Registered","SAGUBAN COMPOUND ; MENDOZA STREET (MARYLORD CATERING) ; East Poblacion; CITY OF NAGA; CEBU; REGION VII (CENTRAL VISAYAS); 6037"
"ROGENOX CONSTRUCTION AND SUPPLY CORP.","CS200500581","January 21, 2005","Registered","Santa Maria East; SAN NICOLAS; PANGASINAN; REGION I (ILOCOS REGION); 2447"
"L.C. TING CONSTRUCTION/DAVAO L.A. PARTS & HARDWARE JV CORPORATION","CS200829731","July 2, 2008","Suspended","92-1 ; MC ARTHUR HIGHWAY ; DAVAO CITY; DAVAO DEL SUR; REGION XI (DAVAO REGION)"
"Ting Construction and Development Corporation","2022010039848-05","January 31, 2022","Registered","A4 ; L4 ; CITIPLAZA ; TANDANG SORA ; Pasong Tamo; SECOND ; QUEZON CITY; SECOND DISTRICT; NATIONAL CAPITAL REGION (NCR); 1116"
"LPS CONSTRUCTION GROUP INC.","CS200258921","March 3, 2003","Registered","LOT 4 5 S. LAZARO COMPOUND ; 3048 F. BAUTISTA ST ; CITY OF VALENZUELA; THIRD DISTRICT; NATIONAL CAPITAL REGION (NCR)"
"830 BUILDERS & DEVELOPERS CORP.","A200100811","January 2, 2001","Registered","ILUSRE AVE.; LEMERY; BATANGAS ; BATANGAS; REGION IV-A (CALABARZON)"
"Alexi Louisse Construction Corp.","2022020040427-08","February 3, 2022","Registered","Bayabas; DIPACULAO; AURORA; REGION III (CENTRAL LUZON); 3203"
"RUDHIL CONSTRUCTION & ENTERPRISES; INC.","CS200730140","September 19, 2007","Registered","MOLAVE; ZAMBOANGA DEL SUR; REGION IX (ZAMBOANGA PENINSULA)"
"GENETIAN BUILDERS AND ENTERPRISES INCORPORATED","CS201818026","August 20, 2018","Registered","* ; TIGUMA NATIONAL HIGHWAY; BARANGAY ; ZAMBOANGA DEL SUR; REGION IX (ZAMBOANGA PENINSULA); 7016"
"ALGIMAR CONSTRUCTION CORPORATION","2020110003584-01","November 17, 2020","Registered","#4 ; MEDINA ; Kalipay (Pob.); MASBATE ; CITY OF MASBATE (Capital); MASBATE; REGION V (BICOL REGION); 5400"
"E.F. CHUA CONSTRUCTION; INC.","CS201014082","October 4, 2010","Registered","LOT 8-B-3 ; MAGSAYSAY ROAD ; CITY OF SAN PEDRO; LAGUNA; REGION IV-A (CALABARZON)"
"ENRIQUE T. CHUA CONSTRUCTION DEVELOPMENT CORPORATION","CS201300372","January 9, 2013","Registered","NATIONAL HIWAY ; TUAO; CAGAYAN; REGION II (CAGAYAN VALLEY)"
"JT CHUA CONSTRUCTION; INC.","CS200613848","August 31, 2006","Registered","L20 B1 EMPLOYEES HOUSING ; JENNYS AVE.; ; CITY OF PASIG; SECOND DISTRICT; NATIONAL CAPITAL REGION (NCR)"
"W.R. CHUA CONSTRUCTION AND SUPPLY; INC.","CS201738578","November 21, 2017","Delinquent","KM. 18 ; QUARRY ; DAVAO CITY; DAVAO DEL SUR; REGION XI (DAVAO REGION); 8000"
"SJ MILLENNIUM CONSTRUCTION AND CONSTRUCTION SUPPLY CORPORATION","CS201960687","June 18, 2019","Registered","168 ; Barangay Road ; BANTAY; ILOCOS SUR; REGION I (ILOCOS REGION); 2727"
"YURICH BUILDERS AND CONSTRUCTION SUPPLY INC.","2024040144878-30","April 5, 2024","Registered","PAJO RIVER SITIO TATABYUNAN ; Campong Ulay; RIZAL (MARCOS); PALAWAN; REGION IV-B (MIMAROPA); 5323"
"FIVE MASSIVE INFRA & SUPPLY CORP.","CS201232957","October 19, 2012","Registered","DR. 9 VALENCIA ARCADE; ; BONIFACIO ST.; ; DAVAO CITY; DAVAO DEL SUR; REGION XI (DAVAO REGION)"
"MIROLA HARDWARE; INC.","CS201808757","May 29, 2018","Registered","Mirola Building ; National Highway ; IVISAN; CAPIZ; REGION VI (WESTERN VISAYAS); 5812"
"NEW EASTPOINT BUILDERS Corp.","CS201802954","March 12, 2018","Registered","199 ; M. ALMEDA STREET ; PATEROS; FOURTH DISTRICT; NATIONAL CAPITAL REGION (NCR); 1620"
"PABLO S. LABASBAS CONSTRUCTION CORPORATION","CS201215787","August 28, 2012","Registered","Dagum; CALBAYOG CITY; SAMAR; REGION VIII (EASTERN VISAYAS)"
"BEAM TEAM DEVELOPER SPECIALIST INC.","2022080062096-41","August 1, 2022","Registered","2894 ; FINLANDIA STREET COR. GALVANI STREET ; San Isidro; CITY OF MAKATI; FOURTH DISTRICT; NATIONAL CAPITAL REGION (NCR); 1234"
"VERZONTAL INFRASTRUCTURE CORPORATION","CS201328630","January 14, 2013","Registered","PUROK 3; ; DARAGA (LOCSIN); ALBAY; REGION V (BICOL REGION)"
"MN BAYALAS CONSTRUCTION & SUPPLY INC. doing business under the name/s and style/s of MN Bayalas Construction and MN Bayalas Commercial","2023030090666-00","March 15, 2023","Registered","ABARCA STREET ; Mangagoy; CITY OF BISLIG; SURIGAO DEL SUR; REGION XIII (Caraga); 8311"
"VSP Structure Ventures Corp.","2021040011387-00","April 13, 2021","Registered","MAHOGANY ST. ; Pilipog; CORDOVA; CEBU; REGION VII (CENTRAL VISAYAS); 6017"
"ISNAG BUILDERS & DEV'T. CORPORATION","CS200807042","May 8, 2008","Registered","Poblacion; CALANASAN (BAYAG); APAYAO; CORDILLERA ADMINISTRATIVE REGION (CAR)"
"TAGUM (DAVAO) FARMERS COOP. MRKTG. ASSN. INC.","0000014087","June 20, 1958","Revoked","TAGUM; DAVAO DEL NORTE ; DAVAO DEL NORTE; REGION XI (DAVAO REGION)"
"TAGUM 204 BLAZING STAR FOUNDATION; INC.","CN200309832","May 9, 2003","Suspended","C/O TAGUM MASONIC CENTER ; COR. NATIONAL HIGHWAY AND JOSE ABAD SANTOS ST. ; CITY OF TAGUM (Capital); DAVAO DEL NORTE; REGION XI (DAVAO REGION)"
"TAGUM 7 STAR LOGISTICS CORP.","CS201802175","March 5, 2018","Delinquent","#7 ; Circumferencial Road ; DAVAO DEL NORTE; REGION XI (DAVAO REGION); 8100"
"TAGUM 9 STAR MARKETING INC.","CS202066718","July 23, 2020","Registered","MAGNANAO BUILDING ; Mankilam; PUROK LEMONSITO ; CITY OF TAGUM (Capital); DAVAO DEL NORTE; REGION XI (DAVAO REGION); 8100"
"TAGUM ADAPTIVE INTERVENTION AND DEVELOPMENT CENTER; INC.","CN201430535","May 21, 2014","Delinquent","PRK PAG-IBIG ; CITY OF TAGUM (Capital); DAVAO DEL NORTE; REGION XI (DAVAO REGION); 8100"
"TAGUM ADVOCATES ON HIV/AIDS; INC.","CN201617406","August 4, 2016","Delinquent","CITY HEALTH OFFICE ; MABINI ST. ; CITY OF TAGUM (Capital); DAVAO DEL NORTE; REGION XI (DAVAO REGION); 8100"
"TAGUM AGRI-INDL. SALES & CO.","D199800343","March 19, 1998","Registered","QUIRATE II ST. TAGUM DAVAO DEL NORTE ; DAVAO DEL NORTE; REGION XI (DAVAO REGION)"
"TAGUM AGRL. DEV. CO. INC.","0000005669","December 20, 1950","Registered","DAVAO CITY ; DAVAO DEL SUR; REGION XI (DAVAO REGION)"
"TAGUM AGRO PROCESSING CORP.","AS94004127","May 6, 1994","Suspended","DAVAO CITY ; DAVAO DEL SUR; REGION XI (DAVAO REGION)"
"TAGUM ALLIED LENDING CORP.","DS95000138","May 3, 1995","Registered","SOBRECAREY ST.; TAGUM; DAVAO"
"Giza Builders Corporation","2021080022524-01","August 12, 2021","Registered","Maragusan (Pob.); MARAGUSAN (SAN MARIANO); DAVAO DE ORO; REGION XI (DAVAO REGION); 8808"
"STEADFAST BUILDERS CONSTRUCTION Corporation","CS201802357","March 6, 2018","Registered","David and Justin aggregates and more ; north national road ; Pitogo; CONSOLACION; CEBU; REGION VII (CENTRAL VISAYAS); 6000"
"KMCM BUILDERS AND DEVELOPMENT CORPORATION","CS201970121","September 16, 2019","Registered","5TH STREET EXTENSION ; OUR LADY'S VILLAGE ; Bgy. 37 - Bitano (Pob.); LEGAZPI CITY (Capital); ALBAY; REGION V (BICOL REGION); 4500"
"L.R. TIQUI BUILDERS INC.","A199916015","October 7, 1999","Registered","4TH FLOOR ; LRT BUILDING ; 165 NEW BYPASS ROAD ; Bagbaguin; SANTA MARIA; BULACAN; REGION III (CENTRAL LUZON); 3022"
"MELROSHEAN CONSTRUCTION CORPORATION","CS201303508","February 21, 2013","Registered","U 501 CYA LAND BLDG ; EDSA COR P CELLE ST ; PASAY CITY; FOURTH DISTRICT; NATIONAL CAPITAL REGION (NCR)"
"AFG CONSTRUCTION CORPORATION","2021080022685-18","August 17, 2021","Registered","Panacan; NARRA; PALAWAN; REGION IV-B (MIMAROPA); 5303"
"Janra8 Builders & Construction Supply; Inc.","2021010005843-02","January 27, 2021","Registered","1/F ; . ; RAMOS APARTMENT BUILDING ; . ; . ; San Agustin (Pob.); PUROK 9 ; TRECE MARTIRES CITY (Capital); CAVITE; REGION IV-A (CALABARZON); 4109"
"GOLDSTAR MARKETING & CONSTRUCTION SERVICES; INC.","CS201428172","July 10, 2014","Registered","3/F N&M BLDG. ; LACSON ; BACOLOD CITY (Capital); NEGROS OCCIDENTAL; REGION VI (WESTERN VISAYAS)"
"NOVA VENTUS CONSTRUCTION INC.","2022050051911-03","May 11, 2022","Registered","069 ; Santa Rosa I; MARILAO; BULACAN; REGION III (CENTRAL LUZON); 3019"
"LD MD ONLINE DEVELOPERS INC. doing business under the name and style of ONLINEDOC","2020060000362-14","June 2, 2020","Delinquent","73A4 ; Bugallon St.; ; Aurora Hill; South Central; BAGUIO CITY; BENGUET; CORDILLERA ADMINISTRATIVE REGION (CAR); 2600"
"SUNTECH BUSINESS DEVELOPERS OPC","2025020186701-05","February 3, 2025","Registered","75 ; DONA FRANCESCA ; FILINVEST HOMES 2 ; Bagong Silangan; QUEZON CITY; SECOND DISTRICT; NATIONAL CAPITAL REGION (NCR); 1119"
"101 PROPERTY PLANNERS & DEVELOPERS CORPORATION","CS200800602","January 16, 2008","Registered","UNIT 202 TOPAZ BLDG. ; QUEZON CITY; SECOND DISTRICT; NATIONAL CAPITAL REGION (NCR)"
"101 REALTY DEVELOPERS INC.","CS201216040","August 30, 2012","Registered","120 ; J DE MESA ; CITY OF MANILA; NATIONAL CAPITAL REGION (NCR)"
"157 DEVELOPERS INC.","CS200729771","September 5, 2007","Revoked","157 RAMON DUTERTE ST. ; BANAWA ; CEBU CITY (Capital); CEBU; REGION VII (CENTRAL VISAYAS)"
"25TH CENTURY PROPERTY DEVELOPERS CORP.","A199611084","January 15, 1997","Revoked","NO. 79 PANAY AVENUE QUEZON CITY METRO MANILA ; CITY OF MANILA; NATIONAL CAPITAL REGION (NCR)"
"4RS DEVELOPERS UNLIMITED; INC.","CS200409324","June 30, 2004","Revoked","317 ROOSEVELT AVENUE; SAN FRANCISCO DEL MONTE ; QUEZON CITY; SECOND DISTRICT; NATIONAL CAPITAL REGION (NCR)"
"577 PROPERTY DEVELOPERS INC.","CS200811428","July 18, 2008","Registered","unit 211 ridgeway cond 70 ; dansalan st ; CITY OF MANDALUYONG; SECOND DISTRICT; NATIONAL CAPITAL REGION (NCR)"
"7 SEAS BUILDERS AND DEVELOPERS INC.","CS201601283","January 21, 2016","Delinquent","33-C EMERALD AVE. ; EMERALD COURT SUBD. ; PATEROS; FOURTH DISTRICT; NATIONAL CAPITAL REGION (NCR)"
"830 BUILDERS & DEVELOPERS CORP.","A200100811","January 2, 2001","Registered","ILUSRE AVE.; LEMERY; BATANGAS ; BATANGAS; REGION IV-A (CALABARZON)"
"EC SOLICON BUILDERS & SUPPLY; INC.","CS201331395","October 3, 2013","Registered","DDOR C NDTC CENTRUM ; LAPULAPU ; CITY OF TACURONG; SULTAN KUDARAT; REGION XII (SOCCSKSARGEN); 9800"
"Algo Construction and Power Development; Inc.","2021080023570-05","August 25, 2021","Registered","PUROK 2 ; VILLA VISAYA ST. ; Diamantina; THIRD DISTRICT ; CABATUAN; ISABELA; REGION II (CAGAYAN VALLEY); 3315"
"R.E. CALANGI CONSTRUCTION AND DEVELOPMENT CORPORATION","CS201016132","October 5, 2010","Registered","17 ; MABINI; BATANGAS; REGION IV-A (CALABARZON)"
"R.E. CHAVEZ CONSTRUCTION CO. Inc.","CS201802799","March 9, 2018","Delinquent","268 ; Panay Avenue ; CALINTAAN; OCCIDENTAL MINDORO; REGION IV-B (MIMAROPA); 5102"
"R.E. SINGSON CONSTRUCTION AND DEVELOPMENT INC.","CS20200000608","February 12, 2020","Registered","#261 ; NATIONAL HIGHWAY ; Poblacion II; SIATON; NEGROS ORIENTAL; REGION VII (CENTRAL VISAYAS); 6219"
"R.E.CARLOS CONSTRUCTION & DEVELOPMENT CORPORATION","CS201500665","January 23, 2015","Delinquent","NIA VILLAGE ; 65 AGNO ST ; QUEZON CITY; SECOND DISTRICT; NATIONAL CAPITAL REGION (NCR)"
"R.E.D. Construction and Design Corporation","2022020042111-03","February 15, 2022","Registered","Ungos; PUROK DUHAT ; REAL; QUEZON; REGION IV-A (CALABARZON); 4335"
"AAGroup Construction & Development Corporation","2025020188273-00","February 13, 2025","Registered","71 ; JOSE ABAD SANTOS AVENUE ; Salawag; CITY OF DASMARIAS; CAVITE; REGION IV-A (CALABARZON); 4114"
"ARAGDON AND CHAVEZ CONSTRUCTION SERVICES CORPORATION","2021070021043-51","July 28, 2021","Registered","MCS BULDING ADVINCULA AVENUE ALAPAN II-A ; Ligtasan; IMUS CITY; CAVITE; REGION IV-A (CALABARZON); 2300"
"BIG JC CONSTRUCTION CORP.","2022060056899-03","June 22, 2022","Registered","1013 S.TEODORO ST. ; Tondo I/II - Barangay 196; CITY OF MANILA; FIRST DISTRICT; NATIONAL CAPITAL REGION (NCR); 1013"
"CLJR CONSTRUCTION OPC","2023080111000-01","August 4, 2023","Registered","4C ; RAYMUNDO AVENUE ; Rosario; CITY OF PASIG; SECOND DISTRICT; NATIONAL CAPITAL REGION (NCR); 1609"
"DMZ CONSTRUCTION CORPORATION","2024020134407-02","February 2, 2024","Registered","#199 ; San Jose; SANTO TOMAS; BATANGAS; REGION IV-A (CALABARZON); 4234"
"EC SOLICON BUILDERS & SUPPLY; INC.","CS201331395","October 3, 2013","Registered","DDOR C NDTC CENTRUM ; LAPULAPU ; CITY OF TACURONG; SULTAN KUDARAT; REGION XII (SOCCSKSARGEN); 9800"
"ARRIANNE MERCHANDISING AND CONSTRUCTION SERVICES INCORPORATED","CS201538547","October 20, 2015","Registered","MR & MRS. THELMA FERRER BLDG. ; DUMALAG; CAPIZ; REGION VI (WESTERN VISAYAS)"
"MILESTONE 888 CONSTRUCTION INC.","CS200322988","October 13, 2003","Revoked","LASAM ST.; PARADISE ZONE ; GONZAGA; CAGAYAN; REGION II (CAGAYAN VALLEY)"
"One Orchard Construction Corporation","2022080064230-07","August 16, 2022","Registered","J.A. CLARIN ST. ; Dao; TAGBILARAN CITY (Capital); BOHOL; REGION VII (CENTRAL VISAYAS); 6300"
"PHESCO; INCORPORATED","0000004839","January 9, 1950","Registered","Gamis; SAGUDAY; QUIRINO; REGION II (CAGAYAN VALLEY); 3405"
"GEN. MDSE. AND GROCERY COOP. STORE","0000000383","January 1, 1945","Revoked","888 P. LEONCIO ST.; SAMPALOC; MANILA ; CITY OF MANILA; NATIONAL CAPITAL REGION (NCR)"
"GEN. MDSE. VENDORS ASSN. INC.","0000166342","July 26, 1989","Revoked","PASIG; METRO MANILA ; CITY OF MANILA; NATIONAL CAPITAL REGION (NCR)"
"GENEVIES BEAUTY SHOP & GEN. MDSE. CO.","AP95000877","May 3, 1995","Registered","J AGUILAR AVE PAMPLONA LAS PINAS MM ; CITY OF MANILA; NATIONAL CAPITAL REGION (NCR)"
"GENRIC GEN. MDSE. CO.","BP96000007","January 24, 1996","Registered","RIZAL AVE.;MANGALDAN; PANGASINAN ; RIZAL; REGION IV-A (CALABARZON)"
"GENUINE CYCLE CENTER AND GEN. MDSE CORP.","CS201233798","December 20, 2012","Registered","528 ; LOPEZ JAENA ST. ; BUTUAN CITY (Capital); AGUSAN DEL NORTE; REGION XIII (Caraga)"
"10 25 GEN. MDSE. (IMUS CAVITE) CO.","AP95001394","July 26, 1995","Registered","C-D AGUINALDO HIGHWAY; ANABU-II IMUS; CAVITE ; CAVITE; REGION IV-A (CALABARZON)"
"10 25 GEN. MDSE. CO.","AP95001307","July 12, 1995","Registered","NAGA ROAD PULANG LUPA; LAS PINAS; M.M. ; CITY OF MANILA; NATIONAL CAPITAL REGION (NCR)"
"14K GEN. MDSE. CO.","P000048143","January 1, 1936","Registered",""
"1520 TRADING & GEN. MDSE. INC.","A199801879","February 6, 1998","Suspended","778 DOMINGO SANTIAGO ST.; SAMPALOC; MANILA ; CITY OF MANILA; NATIONAL CAPITAL REGION (NCR)"
"201 COPY CENTER & GEN. MDSE. INC.","AS94005599","June 22, 1994","Revoked","2137 C.M. RECTO; MANILA ; CITY OF MANILA; NATIONAL CAPITAL REGION (NCR)"
"PLL BUILDERS INC.","CS201117192","September 28, 2011","Registered","555 ; BULACAN; REGION III (CENTRAL LUZON)"
"ALUGLAZ ALUMINUM COMPANY","PG200318234","August 18, 2003","Registered","L6B12 ; KING CHRISTIAN ; QUEZON CITY; SECOND DISTRICT; NATIONAL CAPITAL REGION (NCR)"
"Alumforce Glass Aluminum Supply OPC","2023010082161-09","January 17, 2023","Registered","GS-B 400V S. OSMEA ; Sala; CABUYAO CITY; LAGUNA; REGION IV-A (CALABARZON); 4025"
"ALUMINUM CHOICE TRADING CORP.","2023060105520-14","June 27, 2023","Registered","Guindapunan; PALO; LEYTE; REGION VIII (EASTERN VISAYAS); 6501"
"ALUMINUM COBALT PAWNSHOP; INC.","CS201413685","July 11, 2014","Registered","3606 ; P CORTEZ ST ; CITY OF MAKATI; FOURTH DISTRICT; NATIONAL CAPITAL REGION (NCR)"
"ALUMINUM CONSOLIDATED INDUSTRIES INC.","0000089437","November 7, 1979","Registered","E. DE LOS SANTOS AVE.; GUADALUPE MAKATI M-M ; CITY OF MANILA; NATIONAL CAPITAL REGION (NCR)"
"ALUMINUM CONTAINERS (PHILS.) INC.","0000078123","February 14, 1978","Revoked","MALABON METRO MANILA ; CITY OF MANILA; NATIONAL CAPITAL REGION (NCR)"
"ALUMINUM CORP. OF THE PHILS.","0000047599","January 1, 1973","Revoked","FEATI BANK BLDG EDSA MANDALUYONG M-M ; CITY OF MANILA; NATIONAL CAPITAL REGION (NCR)"
"ALUMINUM DESIGN FABRICATED & INSTALLATION; INC.","CS201501323","January 29, 2015","Delinquent","4 ; ESQUIVEL ST.; ; QUEZON CITY; SECOND DISTRICT; NATIONAL CAPITAL REGION (NCR)"
"ALUMINUM FABRICATION CENTER INC.","0000093663","June 26, 1980","Revoked","111 E RODRIGUEZ SR.; QUEZON CITY M-M ; CITY OF MANILA; NATIONAL CAPITAL REGION (NCR)"
"ALUMINUM GAS CYCLINDER CORP.","A199723935","December 22, 1997","Suspended","SANDOVAL ST.;BRGY.SAN ANDRES;CAINTA; RIZAL ; RIZAL; REGION IV-A (CALABARZON)"
"TCSC CORP.","AS92003928","June 23, 1992","Registered","PALACIO-BALAYAN-BATANGAS ROAD COR. MARQUEZ ST.; ; SITIO HAGONOY ; Poblacion; SAN PASCUAL; BATANGAS; REGION IV-A (CALABARZON)"
"A.D. Marrero General Construction Corp.","2025030193134-06","March 13, 2025","Registered","2250 ; CALIFORNIA ST. ; VILLASOL SUBD. ; Anunas; ANGELES CITY; PAMPANGA; REGION III (CENTRAL LUZON); 2009"
"MARKBILT CONSTRUCTION TRADING & DEVELOPMENT CORP.","CS201106188","April 6, 2011","Registered","Purok 6 ; PALAUIG; ZAMBALES; REGION III (CENTRAL LUZON)"
"TUCHAR CONSTRUCTION CORP.","CS201223213","December 19, 2012","Registered","52 ; SCT CHUATOCO ST ; QUEZON CITY; SECOND DISTRICT; NATIONAL CAPITAL REGION (NCR)"
"RONWOOD CORPORATION","CS200826614","January 9, 2008","Registered","109 ; LANGIHAN ROAD ; BUTUAN CITY (Capital); AGUSAN DEL NORTE; REGION XIII (Caraga)"
"ROCKSTEEL CONSTRUCTION AND DEV'T CORPORATION","CS201424058","December 11, 2014","Registered","LOT 8 C1 CATANING II BRIDGE ; ROMAN EXPRESSWAY ; CITY OF BALANGA (Capital); BATAAN; REGION III (CENTRAL LUZON)"
"NORTHBASE CONSTRUCTION CO. LTD.","PL200827423","June 26, 2008","Registered","97 PUBLIC MARKET ; KM 5 PICO ; LA TRINIDAD (Capital); BENGUET; CORDILLERA ADMINISTRATIVE REGION (CAR)"
"SYMMETRICON BUILDERS CORP.","CS201311432","June 17, 2013","Registered","648 ; AGLO BUILDING ; CABANATUAN CITY; NUEVA ECIJA; REGION III (CENTRAL LUZON)"
"Gevans General Merchandise Corporation","2022090069653-13","September 24, 2022","Registered","RIZAL ; Washington (Pob.); SURIGAO CITY (Capital); SURIGAO DEL NORTE; REGION XIII (Caraga); 8400"
"Everbuilt Construction Corporation","2022020041685-20","February 11, 2022","Registered","1 ; GROUND FLOOR ; BLK 3 LOT 1 ; GRAND SIERRA ; GRANDE VALLE ; San Isidro; BALANTI ; CAINTA; RIZAL; REGION IV-A (CALABARZON); 1800"
"N.C. AGUILAR CONST. & SUPPLY INC.","CS201309240","May 15, 2013","Registered","ZONE 1 ; Del Rosario (Pob.); MILAOR; CAMARINES SUR; REGION V (BICOL REGION); 4413"
"SUDAN CONSTRUCTION AND SUPPLY CORP.","2021100028258-01","October 8, 2021","Registered","ECOTIC STREET ; Liong; 7TH DISTRICT ; DUMANJUG; CEBU; REGION VII (CENTRAL VISAYAS); 6035"
"CARESYSTEM TECHNOLOGY SOLUTION CO.; INC.","CS201537485","December 15, 2015","Registered","DR. 1&2 LSBROS BLDG. ; KM. 5 ; DAVAO CITY; DAVAO DEL SUR; REGION XI (DAVAO REGION); 8000"
"ACCELERATED METAL TECHNOLOGY & CONSTRUCTION; INC.","CS200418370","November 23, 2004","Registered","36 FILINVEST II ; MOSES ST ; QUEZON CITY; SECOND DISTRICT; NATIONAL CAPITAL REGION (NCR)"
"INFRA BUILDERS CORP.","0000110237","February 17, 1983","Revoked","IMPERIAL COURT SUBD.; LEGAZPI CITY ; ALBAY; REGION V (BICOL REGION)"
"CALIFORNIA INFRA BUILDERS CO.","AP92000848","July 16, 1992","Registered","BSC BLDG.; 2ND FLR. 77 MALAKAS ST.; QUEZON CITY ; CITY OF MANILA; NATIONAL CAPITAL REGION (NCR)"
"ED GAN INFRA BUILDERS CORP.","CS201315601","August 8, 2013","Suspended","4N 4th Flr West Gate ; Investment Drive ; CITY OF MUNTINLUPA; FOURTH DISTRICT; NATIONAL CAPITAL REGION (NCR)"
"EJANA INFRA BUILDERS INCORPORATED","CS202008289","October 9, 2020","Registered","UNIT 3-I NO.22 ; Malingap ; QUEZON CITY; SECOND DISTRICT; NATIONAL CAPITAL REGION (NCR); 1101"
"FEM INFRA BUILDERS AND SERVICES INC.","CS201202813","February 13, 2012","Delinquent","2 ; 7TH AVE ; QUEZON CITY; SECOND DISTRICT; NATIONAL CAPITAL REGION (NCR)"
"GREAT COUNTRY INFRA BUILDERS INC.","0000065813","January 1, 1976","Revoked","ILOILO CITY ; ILOILO; REGION VI (WESTERN VISAYAS)"
"ONE INFRA BUILDERS INC.","2024050151664-01","May 21, 2024","Registered","BENIGNO S. AQUINO AVENUE ; Tangos; BALIUAG; BULACAN; REGION III (CENTRAL LUZON); 3006"
"PHIL-INFRA BUILDERS AND SUPPLY INC.","2022030044639-18","March 7, 2022","Registered","76A CARRIEDO BUILDING ; MAGALLANES ST. ; Barangay 2-A (Pob.); DAVAO CITY; DAVAO DEL SUR; REGION XI (DAVAO REGION); 8000"
"ROSS-AL INFRA BUILDERS CORP.","CS200807071","May 12, 2008","Suspended","4927 ; ROSAL ST. ; CITY OF MANILA; NATIONAL CAPITAL REGION (NCR)"
"TOTAL INFRA BUILDERS & DEV. CORP.","0000181315","September 13, 1990","Revoked","DELTA BLDG COR WEST AVE & QUEZON AVE QUEZON CITY ; CITY OF MANILA; NATIONAL CAPITAL REGION (NCR)"
"C.T. LEONCIO CONSTRUCTION AND TRADING AND TIGER VALLEY BUILDERS CORPORATION","CS201323487","February 4, 2014","Suspended","20 ; MAKABULOS ST ; CITY OF ANTIPOLO; RIZAL; REGION IV-A (CALABARZON)"
"C.T. Leoncio Construction and Trading Corp.","2024100173865-00","October 18, 2024","Registered","9002 ; MATANG TUBIG ; Guyong; 6TH DISTRICT ; SANTA MARIA; BULACAN; REGION III (CENTRAL LUZON); 3022"
"C.T. LEONCIO CONSTRUCTION AND TRADING M.V. CALDO CONSTRUCTION AND SUPPLY CORPORATION J.V. CO.","PG201818663","August 24, 2018","Registered","322 ; Maharlika Highway ; BATANGAS; REGION IV-A (CALABARZON); 4234"
"KAIZER LEONCIO CONSTRUCTION AND SUPPLY CO.","2021110030906-05","November 2, 2021","Registered","NORTH NATIONAL HIGHWAY ; San Manuel; PUERTO PRINCESA CITY (Capital); PALAWAN; REGION IV-B (MIMAROPA); 5300"
"SAN NARCISO BUILDERS CORPORATION","CS200926412","March 11, 2009","Registered","CONSOLACION; CEBU; REGION VII (CENTRAL VISAYAS)"
"2K8 BUILDERS & CONSTRUCTION SUPPLIES CORPORATION","CS200905161","April 13, 2009","Registered","San Sebastian (Balagbag); LIPA CITY; BATANGAS; REGION IV-A (CALABARZON); 4217"
"2RJM SAND; GRAVEL & CONSTRUCTION SUPPLIES CO.","PG200700304","January 12, 2007","Registered","111 ; CALAMBA; LAGUNA; REGION IV-A (CALABARZON)"
"3J ACTS Construction Supplies and Services Opc","2022060054561-04","June 2, 2022","Registered","K16 026 ; NUMBERS ST ; BF MARTINVILLE ; Manuyo Dos; FOURTH DISTRICT - CITY OF LAS PIAS ; CITY OF LAS PIAS; FOURTH DISTRICT; NATIONAL CAPITAL REGION (NCR); 1745"
"3S1D CONSTRUCTION SUPPLIES AND SERVICES CORPORATION","CS201327011","January 4, 2013","Suspended","NEGROS OCCIDENTAL; REGION VI (WESTERN VISAYAS)"
"4MS BUILDERS AND CONSTRUCTION SUPPLIES INC.","CS201914321","September 23, 2019","Delinquent","248 ; Dela Paz ; SECOND DISTRICT; NATIONAL CAPITAL REGION (NCR); 1606"
"5JB CONSTRUCTION & SUPPLIES CO.","2025060205764-06","June 19, 2025","Registered","206 ; Calzada; BALAYAN; BATANGAS; REGION IV-A (CALABARZON); 4213"
"5N BUILDER & CONSTRUCTION SUPPLIES OPC","2023030089730-04","March 9, 2023","Registered","#132 ; MAHARLIKA HIGHWAY ; PUROK 5 ; Salugan; CAMALIG; ALBAY; REGION V (BICOL REGION); 4502"
"77 STRONG-HOLD CONSTRUCTION SUPPLIES & SERVICES INC.","2022040050283-01","April 25, 2022","Registered","LOT 17 ; UNIT E ; MAIN ROAD ; Igulot; BOCAUE; BULACAN; REGION III (CENTRAL LUZON); 3018"
"888GREEN DRAGON CONSTRUCTION & SUPPLIES; INC.","2023050099052-13","May 15, 2023","Registered","C.L. MONTELIBANO COR. NARRA ST.; ; Villamonte; BACOLOD CITY (Capital); NEGROS OCCIDENTAL; REGION VI (WESTERN VISAYAS); 6100"
"988 CONSTRUCTION & SUPPLIES; INC.","CS200501063","January 26, 2005","Revoked","05 I ; REYES STREET ; PASAY CITY; FOURTH DISTRICT; NATIONAL CAPITAL REGION (NCR)"
"SENTINA CONSTRUCTION AND SUPPLY CORPORATION doing business under the name/s and style/s of SENTINA CONSTRUCTION AND SUPPLY; MAX PETROL STATION and MAXI TREATS","2024060155340-00","June 14, 2024","Registered","KM 108; MAYOR SANTIAGO LOTILLA STREET ; District I (Pob.); SIBALOM; ANTIQUE; REGION VI (WESTERN VISAYAS); 5713"
"A. D. PENDON CONSTRUCTION & SUPPLY; INC.","CS201538418","September 9, 2015","Registered","AVANCENA SUBD ; ILOILO CITY (Capital); ILOILO; REGION VI (WESTERN VISAYAS)"
"MEGA MYKON BUILDERS CORP.","2024090168093-14","September 11, 2024","Registered","BLOCK 1 LOT 23 ; SANDPIPER DRIVE ; BAY BREEZE EXECUTIVE VILLAGE ; Hagonoy; TAGUIG CITY; FOURTH DISTRICT; NATIONAL CAPITAL REGION (NCR); 1630"
"ALL EML CONSTRUCTION CORPORATION","2024090167339-09","September 5, 2024","Registered","ALL BUILDING 1; ; EML COMPOUND; ; SITIO LIBUTAD; ; Santa Barbara; BACOLOR; PAMPANGA; REGION III (CENTRAL LUZON); 2001"
"ANORE CONSTRUCTION CORPORATION","2024010129724-01","January 2, 2024","Registered","NO. 48 ; LANGKA STREET ; STA. URSULA VILLAGE ; Batingan; BINANGONAN; RIZAL; REGION IV-A (CALABARZON); 1940"
"ALPHA & OMEGA GEN. CONTRACTOR & DEVELOPMENT CORP.","CS201409477","May 19, 2014","Registered","785 ; J PUEBLO ST ; CITY OF PASIG; SECOND DISTRICT; NATIONAL CAPITAL REGION (NCR)"
"BHENLLABIEN BUILDERS CORPORATION","2020080001413-00","August 14, 2020","Registered","993 ; Purok 6 ; San Cristobal; SAN PABLO CITY; LAGUNA; REGION IV-A (CALABARZON); 4000"
"ANCHORVILLE REALTY DEV'T CONSTRUCTION CORP.","CS201538118","June 29, 2015","Registered","504 ANGELINA BLDG ; BS AQUINO DRIVE EXT ; BACOLOD CITY (Capital); NEGROS OCCIDENTAL; REGION VI (WESTERN VISAYAS)"
"GJE BUILDERS CORPORATION","CS200912157","August 10, 2009","Registered","MAC ARTHUR HIGHWAY ; San Rafael; CITY OF TARLAC (Capital); TARLAC; REGION III (CENTRAL LUZON); 2300"
"NME CONSTRUCTION CORP.","A200016969","November 7, 2000","Suspended","#12 PASIG BLVD.; CANIOGAN; PASIG CITY ; CITY OF MANILA; NATIONAL CAPITAL REGION (NCR)"
"C.B. GARAY PHILWIDE BUILDERS J.V. 417LP CONSTRUCTION CO.","2024040143928-01","April 1, 2024","Registered","PUROK 7 ; Gabon; 3RD ; POLANGUI; ALBAY; REGION V (BICOL REGION); 4506"
"C.B. GARAY PHILWIDE BUILDERS/ARCON SYNERGY INC.","CS200715864","October 5, 2007","Revoked","16 COR. MARCOS HIGHWAY ; YAKAL ST. ; CITY OF PASIG; SECOND DISTRICT; NATIONAL CAPITAL REGION (NCR)"
"E.R. RODRIGUEZ CONSTRUCTION CORPORATION","CS202004690","June 23, 2020","Registered","BATO; CATANDUANES; REGION V (BICOL REGION); 4801"
"J.C. RODRIGUEZ CONSTRUCTION CORPORATION","0000143030","July 31, 1987","Registered","167 RIZAL AVE; RODRIGUEZ; RIZAL ; RIZAL; REGION IV-A (CALABARZON)"
"L&M RODRIGUEZ CONSTRUCTION AND TRADING INC.","CS201619158","August 22, 2016","Registered","126 ABAD SANTOS ; RECAIDO SUBD. ; PUERTO PRINCESA CITY (Capital); PALAWAN; REGION IV-B (MIMAROPA)"
"NIRVANA CONSTRUCTION AND SUPPLIES L AND M RODRIGUEZ CONSTRUCTION AND TRADING INC. JOINT VENTURE CO.","PG202003963","May 28, 2020","Registered",". ; National Highway ; PALAWAN; REGION IV-B (MIMAROPA); 5323"
"RIVBROS CONSTRUCTION FACTORS AND DEVELOPMENT - L AND M RODRIGUEZ CONSTRUCTION AND TRADING INC. JOINT VENTURE CO.","PG202003897","May 26, 2020","Registered","National Highway ; PALAWAN; REGION IV-B (MIMAROPA); 5304"
"LABB CONSTRUCTION DEVELOPMENT Inc.","CS202061119","January 17, 2020","Registered","Mariveles; DAUIS; BOHOL; REGION VII (CENTRAL VISAYAS); 6339"
"METRO GEAR CONSTRUCTION CORPORATION","CS201434555","November 18, 2014","Registered","EMERALD COMPOUND ; PUROK 3 ; CITY OF TAGUM (Capital); DAVAO DEL NORTE; REGION XI (DAVAO REGION)"
"INSTA BUILDERS & SUPPLIES CORP.","CS201425724","May 27, 2014","Registered","apl bldg.; tipolo ville singson subd.; ; andres abellana extension ; CEBU CITY (Capital); CEBU; REGION VII (CENTRAL VISAYAS); 6000"
"TRIPLE S BUILDERS INC.","CS201731186","September 15, 2017","Registered","MAHARLIKA HWY. ; CITY OF GAPAN; NUEVA ECIJA; REGION III (CENTRAL LUZON)"
"C N C CONSTRUCTION & DEV'T. CORPORATION","CS200518323","November 7, 2005","Registered","# 19 ; Quezon Ave.; cor D. Tuazon; ; QUEZON CITY; SECOND DISTRICT; NATIONAL CAPITAL REGION (NCR)"
"C N I CONSTRUCTION GROUP OF COMPANIES INC.","CS201808619","May 28, 2018","Registered","YATAI TOWER ; INTERIOR ROAD; TAFT AVENUE; SAN ISIDRO ; PASAY CITY; FOURTH DISTRICT; NATIONAL CAPITAL REGION (NCR); 1306"
"AAGroup Construction & Development Corporation","2025020188273-00","February 13, 2025","Registered","71 ; JOSE ABAD SANTOS AVENUE ; Salawag; CITY OF DASMARIAS; CAVITE; REGION IV-A (CALABARZON); 4114"
"ARAGDON AND CHAVEZ CONSTRUCTION SERVICES CORPORATION","2021070021043-51","July 28, 2021","Registered","MCS BULDING ADVINCULA AVENUE ALAPAN II-A ; Ligtasan; IMUS CITY; CAVITE; REGION IV-A (CALABARZON); 2300"
"BIG JC CONSTRUCTION CORP.","2022060056899-03","June 22, 2022","Registered","1013 S.TEODORO ST. ; Tondo I/II - Barangay 196; CITY OF MANILA; FIRST DISTRICT; NATIONAL CAPITAL REGION (NCR); 1013"
"CLJR CONSTRUCTION OPC","2023080111000-01","August 4, 2023","Registered","4C ; RAYMUNDO AVENUE ; Rosario; CITY OF PASIG; SECOND DISTRICT; NATIONAL CAPITAL REGION (NCR); 1609"
"DMZ CONSTRUCTION CORPORATION","2024020134407-02","February 2, 2024","Registered","#199 ; San Jose; SANTO TOMAS; BATANGAS; REGION IV-A (CALABARZON); 4234"
"DUX CONSTRUCTION INC.","2024100171818-03","October 4, 2024","Registered","BLK 12 LOT 28 ; SAINT PETER STREET ; SAN PEDRO VII ; San Bartolome; QUEZON CITY; SECOND DISTRICT; NATIONAL CAPITAL REGION (NCR); 1116"
"E. Y. MERCADO CONSTRUCTION CORPORATION doing business under the name and style of E Y MERCADO CONSTRUCTION","2021070020609-12","July 23, 2021","Registered","BLK 1 LOT 25 ; OLIVAREZ COMPOUND 2 ; San Roque; CITY OF SAN PEDRO; LAGUNA; REGION IV-A (CALABARZON); 4023"
"JMD8 CONSTRUCTION CORPORATION","2025040199061-05","April 25, 2025","Registered","85 ; KAPILIGAN STREET ; Doa Imelda; QUEZON CITY; SECOND DISTRICT; NATIONAL CAPITAL REGION (NCR); 1113"
"T. GAMAYO CONSTRUCTION SUPPLY INC.","CS201607407","April 13, 2016","Registered","PINILI JUNCTION ; PINILI; ILOCOS NORTE; REGION I (ILOCOS REGION)"
"ALMRIN BUILDERS CORPORATION","2021070021134-00","July 29, 2021","Registered","Panacan 2; NARRA; PALAWAN; REGION IV-B (MIMAROPA); 5303"
"Solfio P. Jacinto Construction Inc.","2023020086664-27","February 17, 2023","Registered","PUROK MASAGANA ; Daang Sarile; CABANATUAN CITY; NUEVA ECIJA; REGION III (CENTRAL LUZON); 3100"
"3K BROS. BUILDERS CORP.","2022050054239-03","May 31, 2022","Registered","LOT 2 BLOCK 2 PHASE 2 ; TARLAC STREET ; VILLA ARSENIA SUBDIVISION ; Mambog III; BACOOR CITY; CAVITE; REGION IV-A (CALABARZON); 4102"
"3K BUILDERS AND DEVELOPMENT CORP.","CS201206024","March 28, 2012","Registered","55 ; DON ANTONIO HEIGHTS ; Holy Spirit; QUEZON CITY; SECOND DISTRICT; NATIONAL CAPITAL REGION (NCR); 1127"
"3EJ BUILDERS AND FABRICATIONS COMPANY","2025040199739-14","May 2, 2025","Registered","BLOCK 7 ; OCAMPO STREET ; Ungot; CITY OF TARLAC (Capital); TARLAC; REGION III (CENTRAL LUZON); 2300"
"CHANCEUX BUILDERS DEPOT CORP.","2020090002043-07","September 14, 2020","Registered","47 ; . ; . ; ; ; VISAYAS AVE ; Vasra; . ; QUEZON CITY; SECOND DISTRICT; NATIONAL CAPITAL REGION (NCR); 1630"
"FIRST CHOICE BUILDERS CORP.","2025050200003-04","May 5, 2025","Registered","BLOCK 32 LOT 8 PHASE 2 ; TULIP ; SOLDIERS HILLS IV ; Molino IV; BACOOR CITY; CAVITE; REGION IV-A (CALABARZON); 4102"
"HI-TEMP BUILDERS CORPORATION","2022060055046-09","June 7, 2022","Registered","504 ; SAMPAGUITA ; Buhangin (Pob.); DAVAO CITY; DAVAO DEL SUR; REGION XI (DAVAO REGION); 8000"
"Scout Builders Hardware Supply OPC","2024080166123-00","August 28, 2024","Registered","39 ; SCT. YBARDOLAZA ; Sacred Heart; SECOND DISTRICT - QUEZON CITY ; QUEZON CITY; SECOND DISTRICT; NATIONAL CAPITAL REGION (NCR); 1103"
"Sinirangan Builders Corp.","2023100121813-00","October 19, 2023","Registered","Poblacion Ward 12; BUTAK ; GUIUAN; EASTERN SAMAR; REGION VIII (EASTERN VISAYAS); 6809"
"TaxMan Builders Corporation","2024100174086-14","October 21, 2024","Registered","NMTTI BUILDING ; ABELLANOSA ; RAMIRO COMPOUND ; Consolacion; CAGAYAN DE ORO CITY (Capital); MISAMIS ORIENTAL; REGION X (NORTHERN MINDANAO); 9015"
"THE KINGDOM BUILDERS ASSOCIATION ; INC.","2023010080114-00","January 3, 2023","Registered","BUILDERS COMPOUND; PUROK MAGINHAWA; ; Bagong Sikat; SCIENCE CITY OF MUOZ; NUEVA ECIJA; REGION III (CENTRAL LUZON); 3119"
"NORTH WIDE JAAR CONSTRUCTION CORPORATION","CS201956734","December 10, 2019","Registered","No 10 ; Zone 4 ; LAL-LO; CAGAYAN; REGION II (CAGAYAN VALLEY); 3509"
"STREAMLINE BUILDERS CORPORATION","CS201424386","December 18, 2014","Registered","18 MERINO ST.; ; RANCHO ESTATE 4 EAST ; CITY OF MARIKINA; SECOND DISTRICT; NATIONAL CAPITAL REGION (NCR)"
"GREENFIELD CONSTRUCTION CORPORATION","AS93002863","April 16, 1993","Registered","88 ; UNITED ST GREENFIELD DIST. ; CITY OF MANDALUYONG; SECOND DISTRICT; NATIONAL CAPITAL REGION (NCR)"
"GREENFIELD CONSTRUCTION CORPORATION","2024060154509-02","June 10, 2024","Registered","Alangilan; BATANGAS CITY (Capital); BATANGAS; REGION IV-A (CALABARZON); 4200"
""D. A. HAPSON INDUSTRIAL CORPORATION"","0000063491","September 11, 1975","Registered","1363 ; NARRA ST. ; CITY OF MANILA; FIRST DISTRICT; NATIONAL CAPITAL REGION (NCR)"
""E D O X INDUSTRIAL CORPORATION"","CS200529939","September 8, 2005","Suspended","KM 22 ; BUDBUD ; DAVAO CITY; DAVAO DEL SUR; REGION XI (DAVAO REGION)"
""LSG INDUSTRIAL CORPORATION"","0000052139","July 31, 1973","Registered","2232 ; PASONG TAMO AVENUE ; CITY OF MAKATI; FOURTH DISTRICT; NATIONAL CAPITAL REGION (NCR)"
""TA HSIN INDUSTRIAL CORPORATION"","0000189795","April 25, 1991","Registered","BOCAUE; BULACAN; REGION III (CENTRAL LUZON)"
""TINIO AGRO-INDUSTRIAL CORPORATION"","0000054363","January 24, 1974","Delinquent","CABANATUAN CITY; NUEVA ECIJA; REGION III (CENTRAL LUZON)"
"3016 INDUSTRIAL Corporation","CS201955824","October 16, 2019","Registered","1859 ; JOSE ABAD SANTOS ; CITY OF MANILA; NATIONAL CAPITAL REGION (NCR); 1013"
"3DESIE COMMERCIAL AND INDUSTRIAL CORPORATION","CS201504489","March 6, 2015","Registered","MAHARLIKA HIGHWAY; ; LABO; CAMARINES NORTE; REGION V (BICOL REGION)"
"3HEADER DRAGON AGRO-INDUSTRIAL CORPORATION","CS201521519","October 26, 2015","Delinquent","TAURUS ; RJVILLE SUBD. ; LUCENA CITY (Capital); QUEZON; REGION IV-A (CALABARZON)"
"5 R AGRO INDUSTRIAL CORPORATION","0000196766","January 1, 1991","Registered","NO. 334 E. MIRANDA ; Paso De Blas; CITY OF VALENZUELA; THIRD DISTRICT; NATIONAL CAPITAL REGION (NCR)"
"797 AGRO-INDUSTRIAL CORPORATION","CS201027547","January 18, 2010","Registered","C/O BACOLOD BAKERITE; ; LCC -GALO ST.; ; BACOLOD CITY (Capital); NEGROS OCCIDENTAL; REGION VI (WESTERN VISAYAS)"
"DREAMWORX BUILDER & TRADING; INC.","CS200909126","June 17, 2009","Registered","RM. 316 ANITA BLDG.; ; 1300 QUEZON AVENUE; ; QUEZON CITY; SECOND DISTRICT; NATIONAL CAPITAL REGION (NCR)"
"BMP BUILDERS SUPPLY CORPORATION","2023120127343-27","December 7, 2023","Registered","SITIO BANGSIRIT ; Cabusligan; DISTRICT 1 ; BACARRA; ILOCOS NORTE; REGION I (ILOCOS REGION); 2916"
"EDFROBON CONSTRUCTION SERVICES INCORPORATED","CS201203200","February 21, 2012","Registered","518 ; narra st ; CITY OF MAKATI; FOURTH DISTRICT; NATIONAL CAPITAL REGION (NCR)"
"1ST J.E. ADLAWAN CONSTRUCTION & SUPPLY CORPORATION","CS201534844","November 17, 2015","Registered","173 ; MINGLANILLA; CEBU; REGION VII (CENTRAL VISAYAS); 6046"
"120 OVER CONSTRUCTION CO.","2023050098893-02","May 12, 2023","Registered","407 PUROK 2 ; Santa Ines; GUAGUA; PAMPANGA; REGION III (CENTRAL LUZON); 2003"
"B. BERNARDO CONSTRUCTION-EARTHWORK MOVERS JOINT VENTURE CO.","PG201605330","March 14, 2016","Registered","NATIONAL RD ; BULACAN; REGION III (CENTRAL LUZON)"
"SAN SEBASTIAN CONSTRUCTION COMPANY; INC.","0000023381","July 12, 1963","Revoked","CITY OF VALENZUELA; THIRD DISTRICT; NATIONAL CAPITAL REGION (NCR)"
"EDELSONS BUILDERS INC.","A199600973","June 19, 1996","Registered","10 EXAMINER ST WEST TRIANGLE QUEZON CITY ; CITY OF MANILA; NATIONAL CAPITAL REGION (NCR)"
"ORMOC LIBERTY MARKETING INCORPORATED","AS95002183","March 6, 1995","Registered","ORMOC CITY ; LEYTE; REGION VIII (EASTERN VISAYAS)"
"BOGO GLASS CENTER; INC.","CS201533730","May 27, 2015","Registered","PROVINCIAL ROAD; ; CITY OF BOGO; CEBU; REGION VII (CENTRAL VISAYAS)"
"ROVING PREMIER CONTRACTORS; INC.","CS201308169","April 30, 2013","Registered","U-E ; GSE BLDG. ; BILIRAN; REGION VIII (EASTERN VISAYAS)"
"SANLAHI GROUP OF BUILDERS INC.","0000158686","January 5, 1989","Registered","Masipit; CITY OF CALAPAN (Capital); ORIENTAL MINDORO; REGION IV-B (MIMAROPA)"
"MAGA Construction and Supplies Inc.","2021110032566-00","November 15, 2021","Registered","32 ; MCKINLEY AVENUE ; Muoz (Poblacion 14); CITY OF CATBALOGAN (Capital); SAMAR; REGION VIII (EASTERN VISAYAS); 6700"
"STAR PRIME PROPERTY DEVELOPERS; INC.","CS201101427","January 31, 2011","Registered","PUROK 1 ; MEXICO; PAMPANGA; REGION III (CENTRAL LUZON)"
"M.A. Tesoro Construction Corporation","2024090167454-04","September 6, 2024","Registered","NATIONAL HIGHWAY ; PUROK MALIGAYA ; Batal; CITY OF SANTIAGO; ISABELA; REGION II (CAGAYAN VALLEY); 3311"
"RM30 PSG CONSTRUCTION Corporation","CS201816475","August 8, 2018","Delinquent","6 ; Abra Ilocos Norte Road ; LA PAZ; ABRA; CORDILLERA ADMINISTRATIVE REGION (CAR); 2826"
"PRIME MOVER'S PHILS. CONSTRUCTION AND SUPPLIES INC.","CS201419836","October 10, 2014","Delinquent","LIPA CITY; BATANGAS; REGION IV-A (CALABARZON)"
"J.I. ESPINO CONSTRUCTION CORPORATION","CS201821502","September 28, 2018","Registered","B24 L9 ; CHESA STREET GOLDEN ACRES ; FOURTH DISTRICT; NATIONAL CAPITAL REGION (NCR); 1747"
"P7 BUILDERS INC.","2021040011886-25","April 22, 2021","Registered","BLOCK 57 RD. 71 ; FLOODWAY B; ; SITIO LUMANG ILOG; ; San Juan; TAYTAY; RIZAL; REGION IV-A (CALABARZON); 1920"
"*TRAD CONS-VAV BUILDERS INC.","CS201114042","August 10, 2011","Suspended","220 ; toams morato ave ; QUEZON CITY; SECOND DISTRICT; NATIONAL CAPITAL REGION (NCR)"
"085FC PRIME BUILDERS INC.","2022040048144-05","April 1, 2022","Registered","407-K LOOBAN ST. ; Banalo; CAVITE ; BACOOR CITY; CAVITE; REGION IV-A (CALABARZON); 4102"
"1 B 1993 FB BUILDERS INC.","CS201919355","December 26, 2019","Delinquent","100 ; Sitio Maislap ; RIZAL; REGION IV-A (CALABARZON); 1860"
"1-Eagle Allied & Builders Inc.","2022110076304-02","November 21, 2022","Registered","BLK 13 LOT 17 ; GOLDENVILLE 1 ; Sabang; CITY OF DASMARIAS; CAVITE; REGION IV-A (CALABARZON); 4114"
"1-MIDAS BUILDERS INC.","CS202003992","June 1, 2020","Registered","NO.1 PASEO SATURNINO; MARIA LUISA RD.; ; Banilad; CEBU CITY (Capital); CEBU; REGION VII (CENTRAL VISAYAS); 1105"
"1021 BUILDERS INC.","2022100072106-02","October 14, 2022","Registered","3569 ; BACOOD ; Sampaloc - Barangay 616; MANILA ; CITY OF MANILA; FIRST DISTRICT; NATIONAL CAPITAL REGION (NCR); 1008"
"108 GENERAL BUILDERS INC.","CS201217340","September 18, 2012","Registered","888 ; BULACAN; REGION III (CENTRAL LUZON)"
"1164 BUILDERS INC.","CS201502723","February 13, 2015","Delinquent",""
"1387 BUILDERS; INC.","CS200503765","March 16, 2005","Suspended","UNIT 1207 PRESIDENT TOWER CONDOMINIUM 81 ; TIMOG AVE.; ; QUEZON CITY; SECOND DISTRICT; NATIONAL CAPITAL REGION (NCR)"
"ASAN SUR TRADING OPC","2023020088045-03","February 28, 2023","Registered","918 ; UNITED NATIONS AVENUE ; ZONE 73 ; Paco - Barangay 674; CITY OF MANILA; FIRST DISTRICT; NATIONAL CAPITAL REGION (NCR); 1007"
"CAMARINES SUR TRADING CORPORATION","0000001490","April 11, 1946","Revoked","NAGA CITY; CAMARINES SUR; REGION V (BICOL REGION)"
"DEL SUR TRADING CO.","PG200626909","April 21, 2006","Registered","RIZAL AVENUE ; CITY OF DIGOS (Capital); DAVAO DEL SUR; REGION XI (DAVAO REGION); 8002"
"NUEVA CAM SUR TRADING INC.","2024040143807-22","April 1, 2024","Registered","San Jose (Pob.); GOA; CAMARINES SUR; REGION V (BICOL REGION); 4422"
"PUEBLO DEL SUR TRADING INC.","CS201714354","May 4, 2017","Delinquent","5/F LEO'S BLDG.8133- ; 8135DR.A SANTOS AVE. ; CITY OF MANILA; NATIONAL CAPITAL REGION (NCR)"
"RIVER DEL SUR TRADING CO.","PG201505644","March 23, 2015","Registered","256 STO. NIO ST. ; HOLY FAMILY VILLAGE; ; TAGUIG CITY; FOURTH DISTRICT; NATIONAL CAPITAL REGION (NCR)"
"EC SOLICON BUILDERS & SUPPLY; INC.","CS201331395","October 3, 2013","Registered","DDOR C NDTC CENTRUM ; LAPULAPU ; CITY OF TACURONG; SULTAN KUDARAT; REGION XII (SOCCSKSARGEN); 9800"
"PHILSOUTH BUILDERS INC.","CS201963053","October 9, 2019","Registered","PHILSOUTH CORPORATE OFFICE-PALINPINON ROAD; ; Palinpinon; VALENCIA (LUZURRIAGA); NEGROS ORIENTAL; REGION VII (CENTRAL VISAYAS); 6215"
"GALFONS BUILDERS & SUPPLY; INC.","CS201736295","October 30, 2017","Delinquent","SAN PEDRO ST.; ; CALATRAVA; NEGROS OCCIDENTAL; REGION VI (WESTERN VISAYAS); 6126"
"RA GANIR CONSTRUCTION AND SUPPLY INC.","CS201128698","February 18, 2011","Delinquent","753-A VISAYAN DRIVE ; DDF VILLAGE ; DAVAO CITY; DAVAO DEL SUR; REGION XI (DAVAO REGION)"
"'94 BUILDERS CONSTRUCTION AND SUPPLY CORP.","CS201966232","February 8, 2019","Registered","BLOCK 12; LOT 25 ; GREEN ORCHARD VILLAGE ; Cabantian; DAVAO CITY; DAVAO DEL SUR; REGION XI (DAVAO REGION); 8000"
"101 General Construction and Supply CO.","PG201970110","August 27, 2019","Registered","102 ; SAN JOSE STREET ; Pagatpat (San Jose); CALABANGA; CAMARINES SUR; REGION V (BICOL REGION); 4405"
"16EAST CONSTRUCTION AND SUPPLY CORPORATION","CS201812892","July 9, 2018","Delinquent","867 ; Washington Drive ; ALBAY; REGION V (BICOL REGION); 4500"
"1ST BALMON CONSTRUCTION AND SUPPLY Co.","PG201826301","December 28, 2018","Registered","Balete ; Balete ; BATANGAS; REGION IV-A (CALABARZON); 4200"
"249 CONSTRUCTION AND SUPPLY COMPANY","2024100171735-40","October 4, 2024","Registered","61 ; KAMUNING ROAD ; Kamuning; QUEZON CITY; SECOND DISTRICT; NATIONAL CAPITAL REGION (NCR); 1103"
"2X3 CONSTRUCTION AND SUPPLY CORP.","2021090025516-01","September 16, 2021","Registered","Jelicuon Lusaya; CABATUAN ; CABATUAN; ILOILO; REGION VI (WESTERN VISAYAS); 5033"
"3 K&C CONSTRUCTION AND SUPPLY CORPORATION","CS201642220","December 28, 2016","Delinquent","GOMEZ STREET ; SINDANGAN; ZAMBOANGA DEL NORTE; REGION IX (ZAMBOANGA PENINSULA); 7112"
"3K FHRANCIS CYRENE CONSTRUCTION AND SUPPLY CORP.","CS202051449","March 9, 2020","Registered","2/F REX HOTEL BLDG. ; AGUINALDO ST. ; ALBAY; REGION V (BICOL REGION); 4500"
"3KRIS CONSTRUCTION AND SUPPLY CORPORATION","CS201331356","September 27, 2013","Registered","165 ; SOLIVIO ; SULTAN KUDARAT; MAGUINDANAO; BANGSAMORO AUTONOMOUS REGION IN MUSLIM MINDANAO (BARMM); 9508"
"FILCAN UNITED CONSTRUCTION & GENERAL MERCHANDISE CORP.","CS201602711","February 10, 2016","Registered","BATANGAS; REGION IV-A (CALABARZON)"
"REYDAN BUILDERS INC.","D200200686","June 25, 2002","Suspended",""
"PREMIUM MEGASTRUCTURES INC.","CS201227489","April 17, 2012","Registered","Purok 8 ; ORMOC CITY; LEYTE; REGION VIII (EASTERN VISAYAS)"
"CAJUGOTAN BUILDERS AND DEVELOPMENT CORP.","2021030009695-24","March 25, 2021","Registered","UNIT 1 ; PUROK 1 ; Cajogutan; BACACAY; ALBAY; REGION V (BICOL REGION); 4509"
"TIONGCO MENDOZA CONSTRUCTION CO. INC.","CS201618012","August 10, 2016","Registered","G/F ; PENE BUILDING ; Abangan Norte; MARILAO; BULACAN; REGION III (CENTRAL LUZON)"
"DSB CONSTRUCTION & SUPPLY; INC.","CS200527804","July 4, 2005","Registered","_ ; _ ; BACACAY; ALBAY; REGION V (BICOL REGION); 4509"
"JARGON CONSTRUCTION & SUPPLY CORPORATION","CS201735885","October 24, 2017","Registered","Magbanua St. ; ISULAN (Capital); SULTAN KUDARAT; REGION XII (SOCCSKSARGEN); 9808"
"R-GOLDEN DEPOT CONSTRUCTION SUPPLY CO.","2023060101926-28","June 2, 2023","Registered","MAHARLIKA HIGHWAY; ; La Torre; TALAVERA; NUEVA ECIJA; REGION III (CENTRAL LUZON); 3114"
"141 CONSTRUCTION SUPPLY & SERVICES; INC.","CS200613659","August 29, 2006","Suspended","9 ; PARINAS ST. ; QUEZON CITY; SECOND DISTRICT; NATIONAL CAPITAL REGION (NCR)"
"167 ELECTRICAL AND CONSTRUCTION SUPPLY CORP.","2023110124173-02","November 10, 2023","Registered","2ND FLOOR UNIT B ; NHA AVENUE ; Dela Paz (Pob.); CITY OF ANTIPOLO; RIZAL; REGION IV-A (CALABARZON); 1870"
"175 BUILDERS & CONSTRUCTION SUPPLY; INC.","CS200918874","December 4, 2009","Suspended","654 ; CAPT SAMANO ST AREA 4 ; CALOOCAN CITY; THIRD DISTRICT; NATIONAL CAPITAL REGION (NCR)"
"1ST J.E. ADLAWAN CONSTRUCTION & SUPPLY CORPORATION","CS201534844","November 17, 2015","Registered","173 ; MINGLANILLA; CEBU; REGION VII (CENTRAL VISAYAS); 6046"
"3 AND 1 CONSTRUCTION SUPPLY AND GENERAL MDSE INC. DOING BUSINESS UNDER THE NAMES AND STYLES OF 12-34 BUILDERS; A AND B CONTRACTING","CS201718847","June 8, 2017","Registered","367 ; JOSE RIZAL ; PADRE GARCIA; BATANGAS; REGION IV-A (CALABARZON)"
"3-ELEVEN CONSTRUCTION SUPPLY DEPOT OPC","2024020137477-07","February 21, 2024","Registered","RCD HOMES ; Sabang; TUY; BATANGAS; REGION IV-A (CALABARZON); 4214"
"3L Construction & Supply; Inc.","2022060056459-05","June 17, 2022","Registered","HDA. STA. MARIA ; Zone 15 (Pob.); CITY OF TALISAY; NEGROS OCCIDENTAL; REGION VI (WESTERN VISAYAS); 6115"
"3RV MURICO INC. DOING BUSINESS UNDER THE NAME AND STYLE OF MURICO TRADING AND CONSTRUCTION SUPPLY AND KYOTO2 AUTO SUPPLY","CS201722972","July 12, 2017","Registered","BLK.3 L53G EASTWOOD ; RESIDENCES PHASE 4B ; RODRIGUEZ (MONTALBAN); RIZAL; REGION IV-A (CALABARZON)"
"4CE'S CONSTRUCTION & SUPPLY CO.","PG201733779","October 5, 2017","Registered","_ ; _ ; POLANGUI; ALBAY; REGION V (BICOL REGION); 4506"
"HUSAIN CONSTRUCTION AND SUPPLY CO.","PG201717831","June 1, 2017","Registered","Purok 1 ; Puangyuta; DIMIAO; BOHOL; REGION VII (CENTRAL VISAYAS); 6305"
"BOMEL CONSTRUCTION; SUPPLY AND DEVELOPMENT CORPORATION","CS201402704","February 11, 2014","Suspended","1226 ; LANDING RD ; LUCENA CITY (Capital); QUEZON; REGION IV-A (CALABARZON)"
"CP PADILLA BUILDERS AND CONSTRUCTION MANAGEMENT COMPANY","PG200409610","August 2, 2004","Registered","BLOCK 60 LOT 15 KAPAYAPAAN VILLAGE P2 CANLUBANG ; CALAMBA; LAGUNA; REGION IV-A (CALABARZON)"
"SC PADILLA BUILDERS CORP.","CS200607684","May 18, 2006","Revoked","815 ; M. Patino ; PASAY CITY; FOURTH DISTRICT; NATIONAL CAPITAL REGION (NCR)"
"RPP 928 CONSTRUCTION CORPORATION","2023030089184-05","March 6, 2023","Registered","45 ; SITIO BOUNDARY ; Caalibangbangan; CABANATUAN CITY; NUEVA ECIJA; REGION III (CENTRAL LUZON); 3100"
"121 CONSTRUCTION CORPORATION","CS200702871","February 26, 2007","Registered","418 ; tumana ; BULACAN; REGION III (CENTRAL LUZON)"
"C.A. BETALAC CONSTRUCTION & GEN. MDSE.; INC.","CS201711798","April 4, 2017","Registered","ALUNAN HIGHWAY ; PUROK SARANAY ; CITY OF TACURONG; SULTAN KUDARAT; REGION XII (SOCCSKSARGEN); 9800"
"LM CONSTRUCTION AND GENERAL MARKETING CORPORATION","CS201329775","May 24, 2013","Suspended","AGUSAN DEL SUR; REGION XIII (Caraga)"
"ARMANDO U. KHONG HUN GENERAL CONTRACTOR AND R.A. PAHATI CONSTRUCTION LTD. CO.","PL201308138","April 26, 2013","Registered","u309 40 ; sgt esguerra ; QUEZON CITY; SECOND DISTRICT; NATIONAL CAPITAL REGION (NCR)"
"WELEX CONSTRUCTION INCORPORATED","CS200826189","March 28, 2008","Registered","AIRPORT SITE ; BRGY. 40 ; LEGAZPI CITY (Capital); ALBAY; REGION V (BICOL REGION)"
"LUCKY MAS-C-PAG BUILDERS Incorporated","CS202100101","January 6, 2021","Registered","Unit-1 No. 168 ; End of Sto. Nino St.; ; DAVAO CITY; DAVAO DEL SUR; REGION XI (DAVAO REGION); 8000"
"INSTA BUILDERS & SUPPLIES CORP.","CS201425724","May 27, 2014","Registered","apl bldg.; tipolo ville singson subd.; ; andres abellana extension ; CEBU CITY (Capital); CEBU; REGION VII (CENTRAL VISAYAS); 6000"
"KLDS TRADING & CONSTRUCTION CORPORATION","2024080162462-13","August 2, 2024","Registered","JOSE ABAD SANTOS AVENUE; ; Salitran I; CITY OF DASMARIAS; CAVITE; REGION IV-A (CALABARZON); 4114"
"FOUR-G CONSTRUCTION AND DEVELOPMENT CORPORATION","2022070059094-15","July 7, 2022","Registered","Bulanao; CITY OF TABUK (Capital); KALINGA; CORDILLERA ADMINISTRATIVE REGION (CAR); 3800"
"C-BROS CONSTRUCTION CORPORATION","2024120180587-00","December 11, 2024","Registered","TOWER 8284 ; TOWER 2 GA; AVIDA TOWERS ; SUCAT ROAD; ; San Dionisio; CITY OF PARAAQUE; FOURTH DISTRICT; NATIONAL CAPITAL REGION (NCR); 1700"
"C-BROS CONSTRUCTION OIL TRADING UNIT INC.","2025020188515-07","February 14, 2025","Registered","7F ; FINMAN CENTER BUILDING; 131 ; SALCEDO VILLAGE; ; Bel-Air; CITY OF MAKATI; FOURTH DISTRICT; NATIONAL CAPITAL REGION (NCR); 1209"
"A-BROS. CONSTRUCTION AND DEVELOPMENT CORPORATION","CS201300977","January 17, 2013","Registered","309 ; AMAR VILLAGE ; SANTA ROSA; LAGUNA; REGION IV-A (CALABARZON)"
"ABAD BROS. CONSTRUCTION COMPANY","P000019242","March 12, 1970","Registered","2001-2003 ; C SINGALONG ; CITY OF MANILA; FIRST DISTRICT; NATIONAL CAPITAL REGION (NCR)"
"ANIMAS BROS CONSTRUCTION CORPORATION","CS201808598","May 28, 2018","Registered","Purok Sampaguita ; SAPANG DALAGA; MISAMIS OCCIDENTAL; REGION X (NORTHERN MINDANAO); 7212"
"ARCEO BROS. CONSTRUCTION & DEV'T. CORP.","CS200815377","September 26, 2008","Suspended",""
"B. BROS CONSTRUCTION & TRADING CORPORATION","A200012610","August 29, 2000","Revoked","834 QUINTOS ST. SAMPALOC MANILA ; CITY OF MANILA; NATIONAL CAPITAL REGION (NCR)"
"Brilliant Bros Construction Inc.","2024030141297-01","March 13, 2024","Registered","717 ; Capipisa; West ; TANZA; CAVITE; REGION IV-A (CALABARZON); 4108"
"BROS CONSTRUCTION COMPANY","P000022925","July 28, 1972","Registered","2159 ; PLARIDEL ST. ; ANGELES CITY; PAMPANGA; REGION III (CENTRAL LUZON)"
"CENTERWAYS CONSTRUCTION AND DEVELOPMENT AND L. BROS CONSTRUCTION AND SUPPLY JV CO.","PG202070144","July 23, 2020","Registered","Cabid-An; SITIO SIP-AC ; CITY OF SORSOGON (Capital); SORSOGON; REGION V (BICOL REGION); 4700"
"Eser Enterprises OPC","2024020136996-32","February 19, 2024","Registered","184 ; SANTAN STREET ; VILLA PERPETUA SUDDIVISION ; Matatalaib; TARLAC ; CITY OF TARLAC (Capital); TARLAC; REGION III (CENTRAL LUZON); 2300"
"RJ CASTILLO CONTRACTOR & CONSTRUCTION SUPPLY CORPORATION","CS201209864","May 25, 2012","Registered","BATANGAS; REGION IV-A (CALABARZON)"
"RJ Roofing and Construction Supply Corp.","2025030194178-07","March 20, 2025","Registered","PUROK 6 ; Maranding; KAPATAGAN ; KAPATAGAN; LANAO DEL NORTE; REGION X (NORTHERN MINDANAO); 9214"
"R-GOLDEN DEPOT CONSTRUCTION SUPPLY CO.","2023060101926-28","June 2, 2023","Registered","MAHARLIKA HIGHWAY; ; La Torre; TALAVERA; NUEVA ECIJA; REGION III (CENTRAL LUZON); 3114"
"141 CONSTRUCTION SUPPLY & SERVICES; INC.","CS200613659","August 29, 2006","Suspended","9 ; PARINAS ST. ; QUEZON CITY; SECOND DISTRICT; NATIONAL CAPITAL REGION (NCR)"
"167 ELECTRICAL AND CONSTRUCTION SUPPLY CORP.","2023110124173-02","November 10, 2023","Registered","2ND FLOOR UNIT B ; NHA AVENUE ; Dela Paz (Pob.); CITY OF ANTIPOLO; RIZAL; REGION IV-A (CALABARZON); 1870"
"175 BUILDERS & CONSTRUCTION SUPPLY; INC.","CS200918874","December 4, 2009","Suspended","654 ; CAPT SAMANO ST AREA 4 ; CALOOCAN CITY; THIRD DISTRICT; NATIONAL CAPITAL REGION (NCR)"
"1ST J.E. ADLAWAN CONSTRUCTION & SUPPLY CORPORATION","CS201534844","November 17, 2015","Registered","173 ; MINGLANILLA; CEBU; REGION VII (CENTRAL VISAYAS); 6046"
"3 AND 1 CONSTRUCTION SUPPLY AND GENERAL MDSE INC. DOING BUSINESS UNDER THE NAMES AND STYLES OF 12-34 BUILDERS; A AND B CONTRACTING","CS201718847","June 8, 2017","Registered","367 ; JOSE RIZAL ; PADRE GARCIA; BATANGAS; REGION IV-A (CALABARZON)"
"3-ELEVEN CONSTRUCTION SUPPLY DEPOT OPC","2024020137477-07","February 21, 2024","Registered","RCD HOMES ; Sabang; TUY; BATANGAS; REGION IV-A (CALABARZON); 4214"
"3L Construction & Supply; Inc.","2022060056459-05","June 17, 2022","Registered","HDA. STA. MARIA ; Zone 15 (Pob.); CITY OF TALISAY; NEGROS OCCIDENTAL; REGION VI (WESTERN VISAYAS); 6115"
"BNYU DEVELOPMENT CORPORATION","CS201625654","November 7, 2016","Registered","NATIONAL HIGHWAY ; PUROK MARKET SITE; ; CALAPE; BOHOL; REGION VII (CENTRAL VISAYAS); 6328"
"IJK MAE CONSTRUCTION INC.","CS201639557","January 25, 2016","Registered","19TH ; ST. MELANCIO EXT. ; CABANATUAN CITY; NUEVA ECIJA; REGION III (CENTRAL LUZON)"
"STA ANA RAYCON CORP.","CS201628627","December 13, 2016","Registered","B13 L32 ; BELLEVUE SUBD. ; CAGAYAN DE ORO CITY (Capital); MISAMIS ORIENTAL; REGION X (NORTHERN MINDANAO); 9000"
"GC BUILDERS INC.","2023070106925-17","July 6, 2023","Registered","203 G/F ; GCTECHNIK BUILDING ; ILAYA PROPER VERMOSA LONE ; Pasong Buaya II; IMUS CITY; CAVITE; REGION IV-A (CALABARZON); 4103"
"GC MODULAR PREMIER BUILDERS INC.","2022020041124-58","February 8, 2022","Registered","168 ; STALL NUMNER A-308 ; MC HOME DEPOT ; ORTIGAS AVENUE CORNER MERALCO AVENUE ; ORTIGAS AVENUE ; Ugong; PASIG ; CITY OF PASIG; SECOND DISTRICT; NATIONAL CAPITAL REGION (NCR); 1604"
"GC PRIME BUILDERS INC.","2022020042410-13","February 17, 2022","Registered","168 ; A-308 ; MC HOME DEPOT ; ORTIGAS AVE. ; OTIGAS ; Ugong; PASIG CITY ; CITY OF PASIG; SECOND DISTRICT; NATIONAL CAPITAL REGION (NCR); 1604"
"3EJ BUILDERS AND FABRICATIONS COMPANY","2025040199739-14","May 2, 2025","Registered","BLOCK 7 ; OCAMPO STREET ; Ungot; CITY OF TARLAC (Capital); TARLAC; REGION III (CENTRAL LUZON); 2300"
"CHANCEUX BUILDERS DEPOT CORP.","2020090002043-07","September 14, 2020","Registered","47 ; . ; . ; ; ; VISAYAS AVE ; Vasra; . ; QUEZON CITY; SECOND DISTRICT; NATIONAL CAPITAL REGION (NCR); 1630"
"FIRST CHOICE BUILDERS CORP.","2025050200003-04","May 5, 2025","Registered","BLOCK 32 LOT 8 PHASE 2 ; TULIP ; SOLDIERS HILLS IV ; Molino IV; BACOOR CITY; CAVITE; REGION IV-A (CALABARZON); 4102"
"HI-TEMP BUILDERS CORPORATION","2022060055046-09","June 7, 2022","Registered","504 ; SAMPAGUITA ; Buhangin (Pob.); DAVAO CITY; DAVAO DEL SUR; REGION XI (DAVAO REGION); 8000"
"Scout Builders Hardware Supply OPC","2024080166123-00","August 28, 2024","Registered","39 ; SCT. YBARDOLAZA ; Sacred Heart; SECOND DISTRICT - QUEZON CITY ; QUEZON CITY; SECOND DISTRICT; NATIONAL CAPITAL REGION (NCR); 1103"
"Sinirangan Builders Corp.","2023100121813-00","October 19, 2023","Registered","Poblacion Ward 12; BUTAK ; GUIUAN; EASTERN SAMAR; REGION VIII (EASTERN VISAYAS); 6809"
"TaxMan Builders Corporation","2024100174086-14","October 21, 2024","Registered","NMTTI BUILDING ; ABELLANOSA ; RAMIRO COMPOUND ; Consolacion; CAGAYAN DE ORO CITY (Capital); MISAMIS ORIENTAL; REGION X (NORTHERN MINDANAO); 9015"
"DIAZ AQUINO CONSTRUCTION Corp.","CS201815224","July 26, 2018","Registered","478 ; Manggahan ; BINANGONAN; RIZAL; REGION IV-A (CALABARZON); 1940"
"IKM BUILDERS AND CONSTRUCTION SUPPLY CORPORATION","CS201913207","August 7, 2019","Registered","0 ; Provincial Road ; IBAAN; BATANGAS; REGION IV-A (CALABARZON); 4225"
"AGDCON BUILDERS CORP.","2025040196163-02","April 2, 2025","Registered","Libtong (East Poblacion); SAN MIGUEL; LEYTE; REGION VIII (EASTERN VISAYAS); 6518"
"JOE ANAS BUILDERS INC.","CS202071016","January 15, 2020","Registered","LOT 353-A-16 ; PROVINCIAL ROAD ; Maluid; VICTORIA; TARLAC; REGION III (CENTRAL LUZON); 2313"
"GASAT BUILDERS AND SUPPLIES INC.","CS202009228","December 3, 2020","Registered","DIPACULAO; AURORA; REGION III (CENTRAL LUZON); 3203"
"ALMRIN BUILDERS CORPORATION","2021070021134-00","July 29, 2021","Registered","Panacan 2; NARRA; PALAWAN; REGION IV-B (MIMAROPA); 5303"
"BDA Jr. Construction and Development Corporation","2024080162303-02","August 2, 2024","Registered","PUROK 3 ; Tagaran; CITY OF CAUAYAN; ISABELA; REGION II (CAGAYAN VALLEY); 3305"
"AAGroup Construction & Development Corporation","2025020188273-00","February 13, 2025","Registered","71 ; JOSE ABAD SANTOS AVENUE ; Salawag; CITY OF DASMARIAS; CAVITE; REGION IV-A (CALABARZON); 4114"
"ARAGDON AND CHAVEZ CONSTRUCTION SERVICES CORPORATION","2021070021043-51","July 28, 2021","Registered","MCS BULDING ADVINCULA AVENUE ALAPAN II-A ; Ligtasan; IMUS CITY; CAVITE; REGION IV-A (CALABARZON); 2300"
"BIG JC CONSTRUCTION CORP.","2022060056899-03","June 22, 2022","Registered","1013 S.TEODORO ST. ; Tondo I/II - Barangay 196; CITY OF MANILA; FIRST DISTRICT; NATIONAL CAPITAL REGION (NCR); 1013"
"CLJR CONSTRUCTION OPC","2023080111000-01","August 4, 2023","Registered","4C ; RAYMUNDO AVENUE ; Rosario; CITY OF PASIG; SECOND DISTRICT; NATIONAL CAPITAL REGION (NCR); 1609"
"DMZ CONSTRUCTION CORPORATION","2024020134407-02","February 2, 2024","Registered","#199 ; San Jose; SANTO TOMAS; BATANGAS; REGION IV-A (CALABARZON); 4234"
"DUX CONSTRUCTION INC.","2024100171818-03","October 4, 2024","Registered","BLK 12 LOT 28 ; SAINT PETER STREET ; SAN PEDRO VII ; San Bartolome; QUEZON CITY; SECOND DISTRICT; NATIONAL CAPITAL REGION (NCR); 1116"
"E. Y. MERCADO CONSTRUCTION CORPORATION doing business under the name and style of E Y MERCADO CONSTRUCTION","2021070020609-12","July 23, 2021","Registered","BLK 1 LOT 25 ; OLIVAREZ COMPOUND 2 ; San Roque; CITY OF SAN PEDRO; LAGUNA; REGION IV-A (CALABARZON); 4023"
"JMD8 CONSTRUCTION CORPORATION","2025040199061-05","April 25, 2025","Registered","85 ; KAPILIGAN STREET ; Doa Imelda; QUEZON CITY; SECOND DISTRICT; NATIONAL CAPITAL REGION (NCR); 1113"
"MARJETECH CONSTRUCTION & TRADING OPC","2023050101306-02","May 30, 2023","Registered","ZONE 7; ; Santo Domingo; BOMBON; CAMARINES SUR; REGION V (BICOL REGION); 4404"
"MARSUN CONSTRUCTION; INCORPORATED","2022060054431-02","June 1, 2022","Registered","PAYATAS ROAD CORNER MAHOGANY STREET ; Payatas; QUEZON CITY; SECOND DISTRICT; NATIONAL CAPITAL REGION (NCR); 1119"
"Bow & Arrow Construction and Development Corporation","2022030047047-14","March 23, 2022","Registered","604H ; TRES DE ABRIL STREET ; Labangon; CEBU CITY (Capital); CEBU; REGION VII (CENTRAL VISAYAS); 6000"
"M A 7 ARROW CONSTRUCTION AND DEVELOPMENT Corp.","CS201806088","April 24, 2018","Delinquent","P2 B29 L19 ; GARDENIA ST.; EVERGREEN EXEC. VILL. ; CALOOCAN CITY; THIRD DISTRICT; NATIONAL CAPITAL REGION (NCR); 1421"
"SILVER ARROW CONSTRUCTION CORPORATION","A200204915","March 22, 2002","Suspended","9801 KAMAGONG ST MAKATI CITY ; CITY OF MANILA; NATIONAL CAPITAL REGION (NCR)"
"STONE ARROW CONSTRUCTION INC.","2025040197398-05","April 10, 2025","Registered","BLOCK 24 LOT 22 ; JAPAN STREET ; EP HOUSING VILLAGE ; Pinagsama; TAGUIG CITY; FOURTH DISTRICT; NATIONAL CAPITAL REGION (NCR); 1632"
"FAST GREEN BUILDER INC.","CS201419483","October 3, 2014","Registered","818 ; GINHAWA ST ; CITY OF MANDALUYONG; SECOND DISTRICT; NATIONAL CAPITAL REGION (NCR)"
"Real Green Builder Solutions Inc.","CS201846442","December 17, 2018","Registered","53 VINZON STREET; COR. N. TORRES STREET ; BO. OBRERO ; Barangay 16-B (Pob.); DAVAO CITY; DAVAO DEL SUR; REGION XI (DAVAO REGION); 8000"
"SKY GREEN BUILDER; INC.","CS201010039","July 2, 2010","Registered","655 ; P. PATERNO ST. ; CITY OF MANILA; FIRST DISTRICT; NATIONAL CAPITAL REGION (NCR)"
"UNIMAX STEEL STRUCTURE AND CONSTRUCTION CORP.","CS202051761","September 9, 2020","Registered","Block 1 Lot 6; 7; 8 and 9 ; New Mexico Business Park; ; MEXICO; PAMPANGA; REGION III (CENTRAL LUZON); 2015"
"A. D. PENDON CONSTRUCTION & SUPPLY; INC.","CS201538418","September 9, 2015","Registered","AVANCENA SUBD ; ILOILO CITY (Capital); ILOILO; REGION VI (WESTERN VISAYAS)"
"E.S. MENDOZA BUILDERS & CONTRACTORS; INC.","CS200701236","January 29, 2007","Delinquent","549 ; BULACAN; REGION III (CENTRAL LUZON)"
"J. NIETO MENDOZA BUILDERS HARDWARE; INC.","AS93005770","July 29, 1993","Suspended","LA TRINIDAD SUBD. LOLOMBOY; BOCAUE; BULACAN ; BULACAN; REGION III (CENTRAL LUZON)"
"J.A. MENDOZA BUILDERS INC.","0000093856","July 9, 1980","Revoked","1277 LARDIZABAL ST.; SAMPALOC; MANILA ; CITY OF MANILA; NATIONAL CAPITAL REGION (NCR)"
"NOR-MENDOZA BUILDERS & ASSOCIATES CO.","P000038068","July 26, 1982","Registered","94 ; K-1ST STREET ; QUEZON CITY; SECOND DISTRICT; NATIONAL CAPITAL REGION (NCR)"
"8 Jewels Construction Corp.","2022070059896-00","July 14, 2022","Registered","947-C CRAIG ST.; SAMPALOC; MANILA ; Sampaloc - Barangay 502; SAMPALOC ; CITY OF MANILA; FIRST DISTRICT; NATIONAL CAPITAL REGION (NCR); 1008"
"GOLDEN 3T CONSTRUCTION CORPORATION","CS201003634","March 17, 2010","Registered","A MABINI COR. 10TH AVE. ; CALOOCAN CITY; THIRD DISTRICT; NATIONAL CAPITAL REGION (NCR)"
"AJC BUILDERS AND DESIGNS CO. LTD.","2025090216883-09","September 3, 2025","Registered","LOT 9 BLOCK 5 ; SUNFLOWER ; ROSAFLOR ; Tagapo; CITY OF SANTA ROSA; LAGUNA; REGION IV-A (CALABARZON); 4026"
"AJC BUILDERS CORPORATION","2025070209845-03","July 16, 2025","Registered","4 ; MASIKAP ST ; Barangay 146; CALOOCAN CITY; THIRD DISTRICT; NATIONAL CAPITAL REGION (NCR); 1400"
"PALMARES GENERAL MERCHANDISE CORP.","CS201950389","January 29, 2019","Delinquent","2nd Block ; Abeto Subdivision ; SULTAN KUDARAT; REGION XII (SOCCSKSARGEN); 9800"
"G.T. BRIONES CONSTRUCTION & TRADING CORPORATION","CS201334711","November 11, 2013","Registered","CAPAS; TARLAC; REGION III (CENTRAL LUZON)"
"G.T. GO CONSTRUCTION SUPPLIES CO.; INC.","CS200408102","May 28, 2004","Registered","MAGALLANES DRIVE COR. STA. RITA RD. BRGY. KAYBAGAL ; TAGAYTAY CITY; CAVITE; REGION IV-A (CALABARZON)"
"AAGroup Construction & Development Corporation","2025020188273-00","February 13, 2025","Registered","71 ; JOSE ABAD SANTOS AVENUE ; Salawag; CITY OF DASMARIAS; CAVITE; REGION IV-A (CALABARZON); 4114"
"ARAGDON AND CHAVEZ CONSTRUCTION SERVICES CORPORATION","2021070021043-51","July 28, 2021","Registered","MCS BULDING ADVINCULA AVENUE ALAPAN II-A ; Ligtasan; IMUS CITY; CAVITE; REGION IV-A (CALABARZON); 2300"
"BIG JC CONSTRUCTION CORP.","2022060056899-03","June 22, 2022","Registered","1013 S.TEODORO ST. ; Tondo I/II - Barangay 196; CITY OF MANILA; FIRST DISTRICT; NATIONAL CAPITAL REGION (NCR); 1013"
"CLJR CONSTRUCTION OPC","2023080111000-01","August 4, 2023","Registered","4C ; RAYMUNDO AVENUE ; Rosario; CITY OF PASIG; SECOND DISTRICT; NATIONAL CAPITAL REGION (NCR); 1609"
"DMZ CONSTRUCTION CORPORATION","2024020134407-02","February 2, 2024","Registered","#199 ; San Jose; SANTO TOMAS; BATANGAS; REGION IV-A (CALABARZON); 4234"
"DUX CONSTRUCTION INC.","2024100171818-03","October 4, 2024","Registered","BLK 12 LOT 28 ; SAINT PETER STREET ; SAN PEDRO VII ; San Bartolome; QUEZON CITY; SECOND DISTRICT; NATIONAL CAPITAL REGION (NCR); 1116"
"E. Y. MERCADO CONSTRUCTION CORPORATION doing business under the name and style of E Y MERCADO CONSTRUCTION","2021070020609-12","July 23, 2021","Registered","BLK 1 LOT 25 ; OLIVAREZ COMPOUND 2 ; San Roque; CITY OF SAN PEDRO; LAGUNA; REGION IV-A (CALABARZON); 4023"
"JMD8 CONSTRUCTION CORPORATION","2025040199061-05","April 25, 2025","Registered","85 ; KAPILIGAN STREET ; Doa Imelda; QUEZON CITY; SECOND DISTRICT; NATIONAL CAPITAL REGION (NCR); 1113"
"DYNAMIC BUILDERS & CONS. CO. (PHILS.) INC.","IEO0000573","January 1, 1987","Registered","bacolod-murcia road; brgy. alilis ; BACOLOD CITY (Capital); NEGROS OCCIDENTAL; REGION VI (WESTERN VISAYAS)"
"DYNAMIC BUILDERS & PLANNERS INC.","0000081658","August 31, 1978","Revoked","TRADERS ROYAL BANK BLDG.; ADUANA ST.; MANILA ; CITY OF MANILA; NATIONAL CAPITAL REGION (NCR)"
"AL-KHOR DYNAMIC BUILDERS; INC.","0000179171","July 12, 1990","Registered","204 CARRIEDO ST.; SAN JUAN M-M ; CITY OF MANILA; NATIONAL CAPITAL REGION (NCR)"
"ANR DYNAMIC BUILDERS CO.","PG202061918","November 12, 2020","Registered","#6 ; MURILLO SUBDIVISION ; CEBU; REGION VII (CENTRAL VISAYAS); 6000"
"BELLEMINA DYNAMIC BUILDERS; INC.","CS201323680","December 12, 2013","Delinquent",""
"BICOL DYNAMIC BUILDERS CORPORATION","2023110125202-09","November 17, 2023","Registered","ZONE 5 ; Carolina; NAGA CITY; CAMARINES SUR; REGION V (BICOL REGION); 4400"
"CARLSONS DYNAMIC BUILDERS CO. INC.","0000124907","February 14, 1985","Revoked","MABALACAT; PAMPANGA ; PAMPANGA; REGION III (CENTRAL LUZON)"
"CRD DYNAMIC BUILDERS & DEVELOPER CO.","A199721424","November 7, 1997","Registered","UNIT 301; PROJECT COND.; 12 CALDERON ST.; J.P. RIZAL; PROJCET 4; QUEZON CITY ; CITY OF MANILA; NATIONAL CAPITAL REGION (NCR)"
"EASTERN VISAYAS DYNAMIC BUILDERS CORP.","CS201954840","September 2, 2019","Delinquent","Cabornida Bldg.; Alto Hotel; ; Maharlika Highway; ; PALO; LEYTE; REGION VIII (EASTERN VISAYAS); 6501"
"EE DYNAMIC BUILDERS INCORPORATED","CS201819264","August 31, 2018","Registered","2nd Floor RG Building ; Lopez Jaena ; ZARRAGA; ILOILO; REGION VI (WESTERN VISAYAS); 5004"
"GOLDRICH CONSTRUCTION & DEV'T CORP.","CS201114736","August 19, 2011","Registered","PIONEER COR MADISON ; CITY OF MANDALUYONG; SECOND DISTRICT; NATIONAL CAPITAL REGION (NCR)"
"METRO GOLDRICH CONSTRUCTION INC.","CS201629649","January 5, 2017","Delinquent","U-11K TOWER4 AVIDA ; TOWERS F. HUERTAS ; CITY OF MANILA; FIRST DISTRICT; NATIONAL CAPITAL REGION (NCR)"
"MAGDA CONSTRUCTION AND SUPPLY INC.","2021060015934-00","June 7, 2021","Registered","1ST FLOOR ; SAMARINA BLDG ; BRGY SALVACION ; Salvacion; DARAGA (LOCSIN); ALBAY; REGION V (BICOL REGION); 4501"
"SILVER DRAGON CONSTRUCTION & LUMBER & GLASS SUPPLY; INC.","CS201226761","August 29, 2012","Registered","JJ GONZAGA VILLAGE; ; BACOLOD CITY (Capital); NEGROS OCCIDENTAL; REGION VI (WESTERN VISAYAS)"
"DUBC CONST CORP.","CS201328152","February 8, 2013","Registered","Door 8-A; ; Mantex Arcade ; DAVAO CITY; DAVAO DEL SUR; REGION XI (DAVAO REGION); 8000"
"8AR CONSTRUCTION AND DEVELOPMENT CORPORATION","CS201639281","July 8, 2016","Registered","And May Establish Branches Anywhere In The Phils. ; Aguinaldo St. P-2; ; BACACAY; ALBAY; REGION V (BICOL REGION); 4509"
"JORENZ BUILDERS DEVELOPMENT CORP.","CS201604869","March 8, 2016","Registered","UNIT 3D BLDG.C ; VIMANA VERDE RES. ; CITY OF PASIG; SECOND DISTRICT; NATIONAL CAPITAL REGION (NCR)"
"G UNIQUE BUILDER and GENERAL CONSTRUCTION OPC","2024070161884-07","July 30, 2024","Registered","BLK 51 LOT 13 ; PHASE 4 ; NATIONAL HOUSING AUTHORITY ; Poblacion; CITY OF MUNTINLUPA; FOURTH DISTRICT; NATIONAL CAPITAL REGION (NCR); 1776"
"AAGroup Construction & Development Corporation","2025020188273-00","February 13, 2025","Registered","71 ; JOSE ABAD SANTOS AVENUE ; Salawag; CITY OF DASMARIAS; CAVITE; REGION IV-A (CALABARZON); 4114"
"ARAGDON AND CHAVEZ CONSTRUCTION SERVICES CORPORATION","2021070021043-51","July 28, 2021","Registered","MCS BULDING ADVINCULA AVENUE ALAPAN II-A ; Ligtasan; IMUS CITY; CAVITE; REGION IV-A (CALABARZON); 2300"
"BIG JC CONSTRUCTION CORP.","2022060056899-03","June 22, 2022","Registered","1013 S.TEODORO ST. ; Tondo I/II - Barangay 196; CITY OF MANILA; FIRST DISTRICT; NATIONAL CAPITAL REGION (NCR); 1013"
"CLJR CONSTRUCTION OPC","2023080111000-01","August 4, 2023","Registered","4C ; RAYMUNDO AVENUE ; Rosario; CITY OF PASIG; SECOND DISTRICT; NATIONAL CAPITAL REGION (NCR); 1609"
"DMZ CONSTRUCTION CORPORATION","2024020134407-02","February 2, 2024","Registered","#199 ; San Jose; SANTO TOMAS; BATANGAS; REGION IV-A (CALABARZON); 4234"
"DUX CONSTRUCTION INC.","2024100171818-03","October 4, 2024","Registered","BLK 12 LOT 28 ; SAINT PETER STREET ; SAN PEDRO VII ; San Bartolome; QUEZON CITY; SECOND DISTRICT; NATIONAL CAPITAL REGION (NCR); 1116"
"E. Y. MERCADO CONSTRUCTION CORPORATION doing business under the name and style of E Y MERCADO CONSTRUCTION","2021070020609-12","July 23, 2021","Registered","BLK 1 LOT 25 ; OLIVAREZ COMPOUND 2 ; San Roque; CITY OF SAN PEDRO; LAGUNA; REGION IV-A (CALABARZON); 4023"
"JMD8 CONSTRUCTION CORPORATION","2025040199061-05","April 25, 2025","Registered","85 ; KAPILIGAN STREET ; Doa Imelda; QUEZON CITY; SECOND DISTRICT; NATIONAL CAPITAL REGION (NCR); 1113"
"MARJETECH CONSTRUCTION & TRADING OPC","2023050101306-02","May 30, 2023","Registered","ZONE 7; ; Santo Domingo; BOMBON; CAMARINES SUR; REGION V (BICOL REGION); 4404"
"R AND L BUILDERS AND CONSTRUCTION SUPPLY CORP.","CS201964410","April 3, 2019","Registered","J.R. Borja Extension ; MISAMIS ORIENTAL; REGION X (NORTHERN MINDANAO); 9000"
"MG & A Construction Co.","2025030192655-04","March 12, 2025","Registered","SABADO ; Santa Maria; PAGADIAN CITY (Capital); ZAMBOANGA DEL SUR; REGION IX (ZAMBOANGA PENINSULA); 7016"
"MG 347 CONSTRUCTION & HARDWARE SUPPLY INC.","CS200905833","April 27, 2009","Registered","140 ; AGUIRRE AVENUE ; B. F. Homes; CITY OF PARAAQUE; FOURTH DISTRICT; NATIONAL CAPITAL REGION (NCR); 1718"
"MG Arcuz Construction Corp.","2024110177351-01","November 15, 2024","Registered","PUROK 2 ; Gabuyan; KAPALONG; DAVAO DEL NORTE; REGION XI (DAVAO REGION); 8113"
"MG ARKINET CONSTRUCTION CORP.","CS201312842","July 5, 2013","Suspended","331 ; KATIPUNAN AVENUE ; QUEZON CITY; SECOND DISTRICT; NATIONAL CAPITAL REGION (NCR)"
"MG CONSTRUCTION VENTURES HOLDINGS; INC.","A199602316","July 12, 1996","Delinquent","METRO MANILA ; CITY OF MANILA; NATIONAL CAPITAL REGION (NCR)"
"MG Modern Enterprises Construction Inc.","2023090116436-94","September 13, 2023","Registered","2333 ; YANGCO ; GAGALANGIN ; Tondo I/II - Barangay 169; 2 ; CITY OF MANILA; FIRST DISTRICT; NATIONAL CAPITAL REGION (NCR); 1013"
"AAGroup Construction & Development Corporation","2025020188273-00","February 13, 2025","Registered","71 ; JOSE ABAD SANTOS AVENUE ; Salawag; CITY OF DASMARIAS; CAVITE; REGION IV-A (CALABARZON); 4114"
"ARAGDON AND CHAVEZ CONSTRUCTION SERVICES CORPORATION","2021070021043-51","July 28, 2021","Registered","MCS BULDING ADVINCULA AVENUE ALAPAN II-A ; Ligtasan; IMUS CITY; CAVITE; REGION IV-A (CALABARZON); 2300"
"BIG JC CONSTRUCTION CORP.","2022060056899-03","June 22, 2022","Registered","1013 S.TEODORO ST. ; Tondo I/II - Barangay 196; CITY OF MANILA; FIRST DISTRICT; NATIONAL CAPITAL REGION (NCR); 1013"
"CLJR CONSTRUCTION OPC","2023080111000-01","August 4, 2023","Registered","4C ; RAYMUNDO AVENUE ; Rosario; CITY OF PASIG; SECOND DISTRICT; NATIONAL CAPITAL REGION (NCR); 1609"
"STO. CRISTO CONSTRUCTION AND TRADING Inc.","CS201809548","June 6, 2018","Registered","19 ; Sto. Cristo ; HERMOSA; BATAAN; REGION III (CENTRAL LUZON); 2111"
"TRIPLE 8 CONST. & SUPPLY INC.","CS201306974","April 8, 2013","Registered","Ilang - Ilang Extension ; Santa Rosa II; MARILAO; BULACAN; REGION III (CENTRAL LUZON); 3019"
"C.F. TRINIDAD CONSTRUCTION AND SUPPLIES CORP.","CS200812330","August 8, 2008","Registered","296 ; Natividad ; MORONG; RIZAL; REGION IV-A (CALABARZON)"
"DELA TRINIDAD CONSTRUCTION Corp.","CS201918938","November 15, 2019","Delinquent","1441-A ; Anacleto St. ; CITY OF MANILA; NATIONAL CAPITAL REGION (NCR); 1003"
"AAGroup Construction & Development Corporation","2025020188273-00","February 13, 2025","Registered","71 ; JOSE ABAD SANTOS AVENUE ; Salawag; CITY OF DASMARIAS; CAVITE; REGION IV-A (CALABARZON); 4114"
"ARAGDON AND CHAVEZ CONSTRUCTION SERVICES CORPORATION","2021070021043-51","July 28, 2021","Registered","MCS BULDING ADVINCULA AVENUE ALAPAN II-A ; Ligtasan; IMUS CITY; CAVITE; REGION IV-A (CALABARZON); 2300"
"BIG JC CONSTRUCTION CORP.","2022060056899-03","June 22, 2022","Registered","1013 S.TEODORO ST. ; Tondo I/II - Barangay 196; CITY OF MANILA; FIRST DISTRICT; NATIONAL CAPITAL REGION (NCR); 1013"
"CLJR CONSTRUCTION OPC","2023080111000-01","August 4, 2023","Registered","4C ; RAYMUNDO AVENUE ; Rosario; CITY OF PASIG; SECOND DISTRICT; NATIONAL CAPITAL REGION (NCR); 1609"
"DMZ CONSTRUCTION CORPORATION","2024020134407-02","February 2, 2024","Registered","#199 ; San Jose; SANTO TOMAS; BATANGAS; REGION IV-A (CALABARZON); 4234"
"DUX CONSTRUCTION INC.","2024100171818-03","October 4, 2024","Registered","BLK 12 LOT 28 ; SAINT PETER STREET ; SAN PEDRO VII ; San Bartolome; QUEZON CITY; SECOND DISTRICT; NATIONAL CAPITAL REGION (NCR); 1116"
"E. Y. MERCADO CONSTRUCTION CORPORATION doing business under the name and style of E Y MERCADO CONSTRUCTION","2021070020609-12","July 23, 2021","Registered","BLK 1 LOT 25 ; OLIVAREZ COMPOUND 2 ; San Roque; CITY OF SAN PEDRO; LAGUNA; REGION IV-A (CALABARZON); 4023"
"JMD8 CONSTRUCTION CORPORATION","2025040199061-05","April 25, 2025","Registered","85 ; KAPILIGAN STREET ; Doa Imelda; QUEZON CITY; SECOND DISTRICT; NATIONAL CAPITAL REGION (NCR); 1113"
"MARJETECH CONSTRUCTION & TRADING OPC","2023050101306-02","May 30, 2023","Registered","ZONE 7; ; Santo Domingo; BOMBON; CAMARINES SUR; REGION V (BICOL REGION); 4404"
"MARSUN CONSTRUCTION; INCORPORATED","2022060054431-02","June 1, 2022","Registered","PAYATAS ROAD CORNER MAHOGANY STREET ; Payatas; QUEZON CITY; SECOND DISTRICT; NATIONAL CAPITAL REGION (NCR); 1119"
"AJV VARGAS CONSTRUCTION CORP.","CS201608157","April 25, 2016","Delinquent","B32 L35 PH2 ; GOLDEN CITY ; SAN NARCISO; CAVITE; REGION IV-A (CALABARZON)"
"M R VARGAS CONSTRUCTION CORPORATION","CS201716519","May 23, 2017","Registered","10 ; ALIAGA; NUEVA ECIJA; REGION III (CENTRAL LUZON)"
"M.R. VARGAS CONSTRUCTION AND DEVELOPMENT CORPORATION","CS200812521","August 13, 2008","Suspended","RM 206 2F MIDWAY COURT BLDG. ; EDSA ; CITY OF MANDALUYONG; SECOND DISTRICT; NATIONAL CAPITAL REGION (NCR)"
"L. B. LEONCIO TRADING AND CONSTRUCTION Corporation","CS202003726","April 22, 2021","Registered","0 ; North National Highway ; PALAWAN; REGION IV-B (MIMAROPA); 5300"
"A AND C MILLARES REALTY AND DEV'T. CORPORATION","CS200307284","March 25, 2003","Revoked","14 ; MARIFLORA SUBD.; ; LAGUNA; REGION IV-A (CALABARZON)"
"AAA ACCURATE CONSTRUCTIONS & DEV'T. CORPORATION","CS201328086","January 24, 2013","Delinquent","LOT 6; BLOCK 18; ; 6TH ST.; GUADALUPE VILLAGE; ; DAVAO CITY; DAVAO DEL SUR; REGION XI (DAVAO REGION)"
"AASGARD DEV'T CORPORATION","CS200711567","July 24, 2007","Revoked","CITY OF TARLAC (Capital); TARLAC; REGION III (CENTRAL LUZON)"
"ACE CITI DEV'T. CORPORATION","CS201117965","October 14, 2011","Registered","CARLOS ; PALANCA 555 ; CITY OF MANILA; FIRST DISTRICT; NATIONAL CAPITAL REGION (NCR)"
"AGD JBS CONSTRUCTION AND DEV'T. CORPORATION","CS202007350","September 11, 2020","Registered","1030 ; Campus Avenue ; TAGUIG CITY; FOURTH DISTRICT; NATIONAL CAPITAL REGION (NCR); 1630"
"AGRI-PARK PROPERTIES DEV'T. CORPORATION","CS201516842","August 20, 2015","Registered","535 ; MAGSAYSAY AVE ; BAGUIO CITY; BENGUET; CORDILLERA ADMINISTRATIVE REGION (CAR)"
"AGUSUR AND AGRO INDUSTRIAL DEV'T. CORPORATION","CS201421286","October 30, 2014","Suspended","LOT 1 ; MANDARIN ST ; CALOOCAN CITY; THIRD DISTRICT; NATIONAL CAPITAL REGION (NCR)"
"ALCINI DEV'T. CORPORATION","CS200828494","July 29, 2008","Suspended","LOT 8; BLK. 5 ; DECA HOMES ; LAPU-LAPU CITY (OPON); CEBU; REGION VII (CENTRAL VISAYAS)"
"ALLIANCE IN MOTION REALTY DEV'T. CORPORATION","CS201404735","March 7, 2014","Registered","UNTI 1002 AIC BURGUNDY EMPIRE TOWER ; COR GARNET SAPPHIRE & ADB AVE ; CITY OF PASIG; SECOND DISTRICT; NATIONAL CAPITAL REGION (NCR)"
"ALMANA CONSTRUCTION AND DEV'T. CORPORATION","CS201428100","June 20, 2014","Registered","18-23 ; Salary Street; ; QUEZON CITY; SECOND DISTRICT; NATIONAL CAPITAL REGION (NCR)"
"CLIFFORD CONSTRUCTION CORPORATION","0000073834","May 31, 1977","Registered","KALIBO AKLAN ; AKLAN; REGION VI (WESTERN VISAYAS)"
"S.A. PLEYTO CONSTRUCTION CORPORATION","CS201902426","February 14, 2019","Registered","MGP Building ; Jose Corazon De Jesus St. ; BULACAN; REGION III (CENTRAL LUZON); 3022"
"GW2R CONSTRUCTION CORP.","CS201432657","September 14, 2015","Registered","BORJA COMPOUND; CENTRAL VILLAGE ; . ; CAGAYAN DE ORO CITY (Capital); MISAMIS ORIENTAL; REGION X (NORTHERN MINDANAO); 9000"
"R-GOLDEN DEPOT CONSTRUCTION SUPPLY CO.","2023060101926-28","June 2, 2023","Registered","MAHARLIKA HIGHWAY; ; La Torre; TALAVERA; NUEVA ECIJA; REGION III (CENTRAL LUZON); 3114"
"141 CONSTRUCTION SUPPLY & SERVICES; INC.","CS200613659","August 29, 2006","Suspended","9 ; PARINAS ST. ; QUEZON CITY; SECOND DISTRICT; NATIONAL CAPITAL REGION (NCR)"
"167 ELECTRICAL AND CONSTRUCTION SUPPLY CORP.","2023110124173-02","November 10, 2023","Registered","2ND FLOOR UNIT B ; NHA AVENUE ; Dela Paz (Pob.); CITY OF ANTIPOLO; RIZAL; REGION IV-A (CALABARZON); 1870"
"175 BUILDERS & CONSTRUCTION SUPPLY; INC.","CS200918874","December 4, 2009","Suspended","654 ; CAPT SAMANO ST AREA 4 ; CALOOCAN CITY; THIRD DISTRICT; NATIONAL CAPITAL REGION (NCR)"
"1ST J.E. ADLAWAN CONSTRUCTION & SUPPLY CORPORATION","CS201534844","November 17, 2015","Registered","173 ; MINGLANILLA; CEBU; REGION VII (CENTRAL VISAYAS); 6046"
"3 AND 1 CONSTRUCTION SUPPLY AND GENERAL MDSE INC. DOING BUSINESS UNDER THE NAMES AND STYLES OF 12-34 BUILDERS; A AND B CONTRACTING","CS201718847","June 8, 2017","Registered","367 ; JOSE RIZAL ; PADRE GARCIA; BATANGAS; REGION IV-A (CALABARZON)"
"3-ELEVEN CONSTRUCTION SUPPLY DEPOT OPC","2024020137477-07","February 21, 2024","Registered","RCD HOMES ; Sabang; TUY; BATANGAS; REGION IV-A (CALABARZON); 4214"
"3L Construction & Supply; Inc.","2022060056459-05","June 17, 2022","Registered","HDA. STA. MARIA ; Zone 15 (Pob.); CITY OF TALISAY; NEGROS OCCIDENTAL; REGION VI (WESTERN VISAYAS); 6115"
"3RV MURICO INC. DOING BUSINESS UNDER THE NAME AND STYLE OF MURICO TRADING AND CONSTRUCTION SUPPLY AND KYOTO2 AUTO SUPPLY","CS201722972","July 12, 2017","Registered","BLK.3 L53G EASTWOOD ; RESIDENCES PHASE 4B ; RODRIGUEZ (MONTALBAN); RIZAL; REGION IV-A (CALABARZON)"
"4CE'S CONSTRUCTION & SUPPLY CO.","PG201733779","October 5, 2017","Registered","_ ; _ ; POLANGUI; ALBAY; REGION V (BICOL REGION); 4506"
"JVC TOUGH CORE CONSTRUCTION & BUILDERS CORP.","CS201638695","November 11, 2016","Registered","Tough Trucks Compound ; Magsaysay Avenue ; BACOLOD CITY (Capital); NEGROS OCCIDENTAL; REGION VI (WESTERN VISAYAS); 6100"
"EC SOLICON BUILDERS & SUPPLY; INC.","CS201331395","October 3, 2013","Registered","DDOR C NDTC CENTRUM ; LAPULAPU ; CITY OF TACURONG; SULTAN KUDARAT; REGION XII (SOCCSKSARGEN); 9800"
"AVECS CORPORATION","0000129111","October 11, 1985","Registered","21 ; DON GREGORIO ST ; QUEZON CITY; SECOND DISTRICT; NATIONAL CAPITAL REGION (NCR)"
"MANGEN TECHNO-BUILDERS INC.","CS201503294","February 23, 2015","Registered","351 ; SITIO KAYBUTOC ; BULACAN; REGION III (CENTRAL LUZON)"
"AL HADAR DEVELOPMENT CORPORATION","2024060154445-00","June 8, 2024","Registered","JOHNSTON DRIVE; BESIDE CLARET CHURCH ; San Jose Cawa-cawa; ZAMBOANGA CITY; ZAMBOANGA DEL SUR; REGION IX (ZAMBOANGA PENINSULA); 7000"
"AL NADA LAND DEVELOPMENT CORPORATION","CS200416129","October 12, 2004","Revoked","MARCOS; ILOCOS NORTE; REGION I (ILOCOS REGION)"
"AL REALTY DEVELOPMENT CORPORATION","2023020086508-58","February 16, 2023","Registered","NO. 62 ; SESSION ROAD ; Session Road Area; BAGUIO CITY; BENGUET; CORDILLERA ADMINISTRATIVE REGION (CAR); 2600"
"AL ZEN PROJECT DEVELOPMENT CORPORATION","CS201612343","June 16, 2016","Delinquent","187 ; DOONGAN ROAD ; BUTUAN CITY (Capital); AGUSAN DEL NORTE; REGION XIII (Caraga); 8600"
"AAGroup Construction & Development Corporation","2025020188273-00","February 13, 2025","Registered","71 ; JOSE ABAD SANTOS AVENUE ; Salawag; CITY OF DASMARIAS; CAVITE; REGION IV-A (CALABARZON); 4114"
"Alpha Dragon Leisure and Development Corporation","2024010133312-12","January 26, 2024","Registered","5 ; ILANG ILANG ; Bahay Toro; QUEZON CITY; SECOND DISTRICT; NATIONAL CAPITAL REGION (NCR); 1106"
"E & D REALTY AND DEVELOPMENT CORPORATION","2022110075974-04","November 17, 2022","Registered","CARTAGENA STREET ; Ilaud Poblacion; 4TH ; BAROTAC NUEVO; ILOILO; REGION VI (WESTERN VISAYAS); 5007"
"FAMILY HOME REALTY AND DEVELOPMENT CORPORATION","2023070109265-47","July 24, 2023","Registered","PUROK 1 MAHARLIKA H WAY ; Osmea (Sinippil); ILAGAN CITY (Capital); ISABELA; REGION II (CAGAYAN VALLEY); 3300"
"NYKE DEVELOPMENT CORPORATION doing business under the name/s and style/s of Nyke Construction","2023030092748-00","March 28, 2023","Registered","BLOCK 31 LOTS 1 AND 2 ; PORTLAND STREET ; ROYALE CEBU ESTATES ; Poblacion Occidental; CONSOLACION; CEBU; REGION VII (CENTRAL VISAYAS); 6001"
"" PANGASINAN DEVELOPMENT CORPORATION"","0000026195","November 25, 1964","Revoked","DAGUPAN CITY; PANGASINAN; REGION I (ILOCOS REGION)"
"SBF CONSTRUCTION & DEVELOPMENT CORPORATION","AS94006101","July 7, 1994","Registered","Tupas Street ; Poblacion; BAROTAC VIEJO; ILOILO; REGION VI (WESTERN VISAYAS); 5011"
"DMZ CONSTRUCTION CORPORATION","2024020134407-02","February 2, 2024","Registered","#199 ; San Jose; SANTO TOMAS; BATANGAS; REGION IV-A (CALABARZON); 4234"
"E. Y. MERCADO CONSTRUCTION CORPORATION doing business under the name and style of E Y MERCADO CONSTRUCTION","2021070020609-12","July 23, 2021","Registered","BLK 1 LOT 25 ; OLIVAREZ COMPOUND 2 ; San Roque; CITY OF SAN PEDRO; LAGUNA; REGION IV-A (CALABARZON); 4023"
"JMD8 CONSTRUCTION CORPORATION","2025040199061-05","April 25, 2025","Registered","85 ; KAPILIGAN STREET ; Doa Imelda; QUEZON CITY; SECOND DISTRICT; NATIONAL CAPITAL REGION (NCR); 1113"
"(PEC)PHIL. ELECTRIX CONSTRUCTION CORPORATION","CS200519897","December 5, 2005","Registered","_ ; _ ; RIZAL; REGION IV-A (CALABARZON)"
"0212 CONSTRUCTION Corporation","2023060103838-20","June 15, 2023","Registered","HOUSE NO. 388 ; R. DUTERTE STREET ; Guadalupe; CEBU CITY (Capital); CEBU; REGION VII (CENTRAL VISAYAS); 6000"
"10 FIELDS CONSTRUCTION CORPORATION","CS201604035","February 26, 2016","Registered","2507 CITYLAND 10 TOWER 1; ; H.V. DELA COSTA STREET; ; CITY OF MAKATI; FOURTH DISTRICT; NATIONAL CAPITAL REGION (NCR)"
"1013 CONSTRUCTION CORPORATION","CS200413479","September 2, 2004","Revoked","4-K COLUMBIAN INTERNATIONAL TOWERS 500 SANTOL ST.; STA. MESA; ; CITY OF MANILA; FIRST DISTRICT; NATIONAL CAPITAL REGION (NCR)"
"1064 CONSTRUCTION CORPORATION","CS201402037","February 3, 2014","Delinquent","VERBENA ; CITY OF MUNTINLUPA; FOURTH DISTRICT; NATIONAL CAPITAL REGION (NCR)"
"11 DIAMOND EAGLE CONSTRUCTION CORPORATION","CS201951436","March 26, 2019","Registered","35 ; A. MABINI ST. ; LAGUNA; REGION IV-A (CALABARZON); 4023"
"1128 Construction Corporation","2023050099725-04","May 18, 2023","Registered","LIGAO-SABLOYON ROAD ; Batang; CITY OF LIGAO; ALBAY; REGION V (BICOL REGION); 4504"
"AJJ STRUKTURE BUILDERS INC.","CS201541640","December 23, 2015","Registered",". ; . ; BALINDONG (WATU); LANAO DEL SUR; BANGSAMORO AUTONOMOUS REGION IN MUSLIM MINDANAO (BARMM); 9318"
"JELM CONSTRUCTION CORP.","CS201812132","July 2, 2018","Registered","DIONISIO STREET ; Canramos (Pob.); TANAUAN; LEYTE; REGION VIII (EASTERN VISAYAS); 6502"
"JLL PULSAR CONSTRUCTION CORPORATION","CS200909967","June 30, 2009","Registered","PULSAR COMPLEX ; CAGAYAN; REGION II (CAGAYAN VALLEY)"
"COLLERA CONSTRUCTION AND DEVELOPMENT CORPORATION","2021050013595-07","May 11, 2021","Registered",". ; . ; . ; DIVERSION ROAD ; . ; Campetik; . ; PALO; LEYTE; REGION VIII (EASTERN VISAYAS); 6501"
"CBC Square Builders Co.","PG202060514","June 5, 2020","Registered","Lagao (1st & 3rd); GENERAL SANTOS CITY (DADIANGAS); SOUTH COTABATO; REGION XII (SOCCSKSARGEN); 9500"
"BONIBAL CONSTRUCTION AND DEVELOPMENT CORPORATION","2022090066296-00","September 1, 2022","Registered","Salian; 1 ; ABUCAY; BATAAN; REGION III (CENTRAL LUZON); 2114"
"MI AGGREGATES & CONSTRUCTION SUPPLY CO. LTD.","A200113751","September 11, 2001","Registered","101 PUBLIC MARKET MALLIG ISABELA ; ISABELA; REGION II (CAGAYAN VALLEY)"
"MI BUILDERS AND CONSTRUCTION COMPANY","2024090169240-07","September 18, 2024","Registered","3RD FLOOR ; GMDC BLDG. ; C. MERCADO ST. ; Tabe; GUIGUINTO; BULACAN; REGION III (CENTRAL LUZON); 3015"
"AAGroup Construction & Development Corporation","2025020188273-00","February 13, 2025","Registered","71 ; JOSE ABAD SANTOS AVENUE ; Salawag; CITY OF DASMARIAS; CAVITE; REGION IV-A (CALABARZON); 4114"
"ARAGDON AND CHAVEZ CONSTRUCTION SERVICES CORPORATION","2021070021043-51","July 28, 2021","Registered","MCS BULDING ADVINCULA AVENUE ALAPAN II-A ; Ligtasan; IMUS CITY; CAVITE; REGION IV-A (CALABARZON); 2300"
"BIG JC CONSTRUCTION CORP.","2022060056899-03","June 22, 2022","Registered","1013 S.TEODORO ST. ; Tondo I/II - Barangay 196; CITY OF MANILA; FIRST DISTRICT; NATIONAL CAPITAL REGION (NCR); 1013"
"CLJR CONSTRUCTION OPC","2023080111000-01","August 4, 2023","Registered","4C ; RAYMUNDO AVENUE ; Rosario; CITY OF PASIG; SECOND DISTRICT; NATIONAL CAPITAL REGION (NCR); 1609"
"DMZ CONSTRUCTION CORPORATION","2024020134407-02","February 2, 2024","Registered","#199 ; San Jose; SANTO TOMAS; BATANGAS; REGION IV-A (CALABARZON); 4234"
"DUX CONSTRUCTION INC.","2024100171818-03","October 4, 2024","Registered","BLK 12 LOT 28 ; SAINT PETER STREET ; SAN PEDRO VII ; San Bartolome; QUEZON CITY; SECOND DISTRICT; NATIONAL CAPITAL REGION (NCR); 1116"
"E. Y. MERCADO CONSTRUCTION CORPORATION doing business under the name and style of E Y MERCADO CONSTRUCTION","2021070020609-12","July 23, 2021","Registered","BLK 1 LOT 25 ; OLIVAREZ COMPOUND 2 ; San Roque; CITY OF SAN PEDRO; LAGUNA; REGION IV-A (CALABARZON); 4023"
"JMD8 CONSTRUCTION CORPORATION","2025040199061-05","April 25, 2025","Registered","85 ; KAPILIGAN STREET ; Doa Imelda; QUEZON CITY; SECOND DISTRICT; NATIONAL CAPITAL REGION (NCR); 1113"
"AVE-MIRA CONSTRUCTION CORPORATION doing business under the name and style of AVE-MIRA CONSTRUCTION AND TRADING","2024100173120-03","October 14, 2024","Registered","NATIONAL ROAD ; Mulawin; DISTRICT I ; ORANI; BATAAN; REGION III (CENTRAL LUZON); 2112"
"J.F. GABOTERO; INC.","CS20200001005","March 10, 2020","Registered","Araneta Ave. ; Doa Imelda; QUEZON CITY; SECOND DISTRICT; NATIONAL CAPITAL REGION (NCR); 1113"
"GRACE CONSTRUCTION CORPORATION","0000072765","March 25, 1977","Registered","Grace Compound; ; Bernad Subdivision; ; OZAMIS CITY; MISAMIS OCCIDENTAL; REGION X (NORTHERN MINDANAO); 7200"
"MOVING GRACE CONSTRUCTION CORPORATION","2022030047152-38","March 24, 2022","Registered","MACAPAGAL STREET ; SITIO LAMBINGAN ; Burot; CITY OF TARLAC (Capital); TARLAC; REGION III (CENTRAL LUZON); 2300"
"L.A. GONIDO BUILDERS INC.","CS201626297","November 14, 2016","Registered","22 ; MEL-LUZ SUBD. ; ORION; BATAAN; REGION III (CENTRAL LUZON)"
"REPLICON CONSTRUCTION CORPORATION","2022010039368-28","January 26, 2022","Registered","UNIT 209; 6TH FLOOR; 2ND BUILDING ; BORMAHECO COMPOUND; J.P LAUREL AVE.; BAJADA ; Barangay 19-B (Pob.); POBLACION DISTRICT ; DAVAO CITY; DAVAO DEL SUR; REGION XI (DAVAO REGION); 8000"
"BAYTORR CONSTRUCTION AND DEVELOPMENT CORPORATION","CS201803677","March 27, 2018","Registered","LOT NO. 413-D ; ALDEVINCO ST. ; SARANGANI; REGION XII (SOCCSKSARGEN); 9501"
"E.C. GALANG CONSTRUCTION CO.","PG200307218","March 21, 2003","Registered","SAN SIMON; PAMPANGA; REGION III (CENTRAL LUZON)"
"WAYNE GALANG CONSTRUCTION AND SUPPLIES; Inc.","CS201816728","August 8, 2018","Registered","81 DON PEDRO VILLAGES ; ILANG ILANG ST. ; THIRD DISTRICT; NATIONAL CAPITAL REGION (NCR); 5143"
"DADIANGAS GLASS & CONSTRUCTION DEPOT; INC.","CS200429217","August 10, 2004","Registered","SANTIAGO BLVD. ; GENERAL SANTOS CITY (DADIANGAS); SOUTH COTABATO; REGION XII (SOCCSKSARGEN)"
"2G Builders & Enterprises Company","2022050053523-51","May 25, 2022","Registered","GF ; JBL BUILDING ; JJ LINAO RD. NATIONAL HIGHWAY ; Poblacion; MORONG; BATAAN; REGION III (CENTRAL LUZON); 2108"
"A PLUS CONSTRUX BUILDERS & ENTERPRISES CORP.","CS201606779","April 5, 2016","Delinquent","27 VOLLEYBALL ; MARIQUITA SUBD. ; SANTA ROSA; LAGUNA; REGION IV-A (CALABARZON)"
"A-I-YU BUILDERS & ENTERPRISES; INC.","CS201640025","January 25, 2016","Delinquent","PUROK BOUGAINVILLEA ; ZAMBOANGA DEL NORTE; REGION IX (ZAMBOANGA PENINSULA); 7100"
"AL-PINES BUILDERS & ENTERPRISES CO.","BP95000035","October 25, 1995","Registered","33 C. TABORA BARANGAY; BAGUIO CITY ; BENGUET; CORDILLERA ADMINISTRATIVE REGION (CAR)"
"ALVELE ASIATIC BUILDERS ENTERPRISES INC.","CS201901913","February 6, 2019","Delinquent","84E ; BANAWE; UBAY CORNER SCOUT ALCARAZ STREET ; QUEZON CITY; SECOND DISTRICT; NATIONAL CAPITAL REGION (NCR); 1114"
"AMSL BUILDERS & ENTERPRISES CORP.","2023030091506-02","March 20, 2023","Registered","NAMKWANG ROAD ; PUROK DONA AURORA ; San Antonio; GERONA; TARLAC; REGION III (CENTRAL LUZON); 2302"
"APPE Crest Builders Enterprises OPC","2020120004338-00","December 16, 2020","Registered","PUROK 3 ; PUROK 3 ; PUROK 3 ; AGOHO ; ZONE 3 ; 2ND DISTRICT ; REGION II (CAGAYAN VALLEY); 3527"
"BADILLES BUILDERS ENTERPRISES INC.","CS201908526","May 24, 2019","Registered","langkaan 1 dasmarinas cavite ; blk 9 lot 5 pamela homes ; CAVITE; REGION IV-A (CALABARZON); 4114"
"CDO HAMMER BUILDERS ENTERPRISES CO.","PG201621559","September 21, 2016","Registered","ORO HI-Q WAREHOUSE 4 ; ZONE 3 ; OPOL; MISAMIS ORIENTAL; REGION X (NORTHERN MINDANAO); 9016"
"CREATIVE NATION BUILDERS ENTERPRISES CO.","PG200908279","June 3, 2009","Registered","Unit C19; Centro 1; Centropolis Communities; ; Villonco St. cor. Villasam St. ; CITY OF MUNTINLUPA; FOURTH DISTRICT; NATIONAL CAPITAL REGION (NCR)"
"RAIN CONSTRUCTION CORPORATION","CS200834311","December 17, 2008","Registered","5044 ; FILMORE STREET ; Palanan; CITY OF MAKATI; FOURTH DISTRICT; NATIONAL CAPITAL REGION (NCR); 1235"
"VJ SISON CONSTRUCTION INC.","CS201425922","July 8, 2014","Registered","773 ; Abores Street ; CEBU; REGION VII (CENTRAL VISAYAS)"
"JIMWELL BUILDERS AND SUPPLIES CORPORATION","2024100172758-85","October 11, 2024","Registered","2 ; NURSERY ; Nursery; CITY OF MASBATE (Capital); MASBATE; REGION V (BICOL REGION); 5400"
"J. B. FELIPE CONSTRUCTION CORPORATION","CS201908901","May 31, 2019","Delinquent","7 ; A. G. Tupaz Ave. cor. D. Flor st ; ILOCOS NORTE; REGION I (ILOCOS REGION); 2900"
"UBS UNITED BUILDERS AND SUPPLY INC.","CS201226677","August 1, 2012","Registered","AJUY; ILOILO; REGION VI (WESTERN VISAYAS)"
"MURIELEVEN BUILDERS AND CONSTRUCTION SUPPLY CORP.","CS202050086","January 16, 2020","Registered","9044 ; Ilang-Ilang St.; Zaballero Subd.; ; QUEZON; REGION IV-A (CALABARZON); 4301"
"KWIKBUILT DEVELOPMENT CORPORATION","CS201327358","April 4, 2013","Registered","BLK 13-LOT 5; ; VILLA SOLEDAD SUBD; ; BACOLOD CITY (Capital); NEGROS OCCIDENTAL; REGION VI (WESTERN VISAYAS)"
"AL-SADIK CONSTRUCTION & ENTERPRISES; INC.","CS201225996","December 5, 2012","Registered","PANGLIMA SUGALA (BALIMBING); TAWI-TAWI; BANGSAMORO AUTONOMOUS REGION IN MUSLIM MINDANAO (BARMM)"
"E.M. CUERPO INC.","A200110661","July 26, 2001","Registered","SAMPAGUITA ST LORES EXECUTIVE HOMES ANTIPOLO CITY ; RIZAL; REGION IV-A (CALABARZON)"
"E. A. CANAVERAL CONSTRUCTION AND EQUIPMENT; OPC","2025020188301-03","February 13, 2025","Registered","1189 ; QUIRINO HIGHWAY; NOVALICHES; ; Kaligayahan; QUEZON CITY; SECOND DISTRICT; NATIONAL CAPITAL REGION (NCR); 1124"
"E. A. YGOA CONSTRUCTION AND DEV'T CORPORATION","CS200527828","July 21, 2005","Suspended","06 ; DIAMOND ST.; ; QUEZON CITY; SECOND DISTRICT; NATIONAL CAPITAL REGION (NCR)"
"E. B. A. CONSTRUCTION AND DEVELOPMENT; CORP.","CS201722234","July 7, 2017","Registered","roman superhighway ; CITY OF BALANGA (Capital); BATAAN; REGION III (CENTRAL LUZON)"
"E. B. OUANO CONSTRUCTION CORP.","CS201326352","March 14, 2013","Registered","P.RODRIGUEZ ST.; ; LAPU-LAPU CITY (OPON); CEBU; REGION VII (CENTRAL VISAYAS)"
"E. BOLIVAR CONSTRUCTION CORPORATION","CS200802640","February 22, 2008","Registered","E. BOLIVAR BUILDING; #10 P. BURGOS ST.; ; F. CORNER CALDERON ST.; ; QUEZON CITY; SECOND DISTRICT; NATIONAL CAPITAL REGION (NCR)"
"E. DAZAL CONSTRUCTION CORP.","2021060016192-02","June 15, 2021","Registered","PUROK 5; ; -- ; Majada Labas; CITY OF CALAMBA; LAGUNA; REGION IV-A (CALABARZON); 4027"
"E. DE VILLA SILVA CONSTRUCTION AND DEVELOPMENT INC.","CS200809197","June 20, 2008","Suspended","15 new intramuros vill ; mural st ; QUEZON CITY; SECOND DISTRICT; NATIONAL CAPITAL REGION (NCR)"
"E. DEINLA CONSTRUCTION; INC.","CS201430885","May 27, 2014","Registered","PASACAO; CAMARINES SUR; REGION V (BICOL REGION)"
"E. E. F. CONSTRUCTION CO.; LTD.","P000033542","August 17, 1978","Registered","ROD-FERCOMPOUND ; CAINTA; RIZAL; REGION IV-A (CALABARZON)"
"E. E. REGIS CONSTRUCTION CORP.","2023030090145-06","March 10, 2023","Registered","LOT 1 BLOCK 7 ; VERAVILLE REGENCY 2 ; Manuyo Dos; CITY OF LAS PIAS; FOURTH DISTRICT; NATIONAL CAPITAL REGION (NCR); 1744"
"FAIRCHILD BUILDERS AND DEVELOPERS; INCORPORATED","AS95006730","July 14, 1995","Registered","FBDI Building ; National Highway ; Zone 1 ; Libertad; PALO; LEYTE; REGION VIII (EASTERN VISAYAS); 6501"
"TCSC CORP.","AS92003928","June 23, 1992","Registered","PALACIO-BALAYAN-BATANGAS ROAD COR. MARQUEZ ST.; ; SITIO HAGONOY ; Poblacion; SAN PASCUAL; BATANGAS; REGION IV-A (CALABARZON)"
"ACON CONSTRUCTION SERVICES; INCORPORATED","2025030192619-07","March 11, 2025","Registered","BLK 130 LOT 21 ; BARCELONA DRIVE ; COLINAS VERDES SUBD. ; Tungkong Mangga; CITY OF SAN JOSE DEL MONTE; BULACAN; REGION III (CENTRAL LUZON); 3023"
"ALMATEL CONSTRUCTION SERVICES; INCORPORATED","CS200905533","April 28, 2009","Registered","UNIT 4-E 4/F CITYLAND TOWER1 ; CITY OF MANILA; FIRST DISTRICT; NATIONAL CAPITAL REGION (NCR)"
"ARRIANNE MERCHANDISING AND CONSTRUCTION SERVICES INCORPORATED","CS201538547","October 20, 2015","Registered","MR & MRS. THELMA FERRER BLDG. ; DUMALAG; CAPIZ; REGION VI (WESTERN VISAYAS)"
"AVODAH CONSTRUCTION SERVICES; INCORPORATED","2021110030963-15","November 2, 2021","Registered","UNIT 6 ; FIVE G BUSINESS CENTER ; JOSE YULO AVENUE ; Canlubang; CITY OF CALAMBA; LAGUNA; REGION IV-A (CALABARZON)"
"Dumar Painting and Construction Services Incorporated doing business under the name/s and style/s of DUMAR","2023110125317-01","November 20, 2023","Registered","794 ; KABILANG BACOOD ; Santa Rita; GUIGUINTO; BULACAN; REGION III (CENTRAL LUZON); 3015"
"E2R SAFETY and CONSTRUCTION SERVICES INCORPORATED","2023100122029-03","October 20, 2023","Registered","LOTUS BUILDING ; EUGENIO ; Canuto Ramos Pob. (District III); SAN JOSE CITY; NUEVA ECIJA; REGION III (CENTRAL LUZON); 3121"
"EDFROBON CONSTRUCTION SERVICES INCORPORATED","CS201203200","February 21, 2012","Registered","518 ; narra st ; CITY OF MAKATI; FOURTH DISTRICT; NATIONAL CAPITAL REGION (NCR)"
"ERP GROUP GENERAL CONSTRUCTION SERVICES INCORPORATED","A200104729","March 30, 2001","Suspended","B-5 L-17; OZAETA ST.; BF RESORT VILLAGE LAS PINAS CITY ; CITY OF MANILA; NATIONAL CAPITAL REGION (NCR)"
"estrabo electrical construction services Incorporated","2022070061254-29","July 26, 2022","Registered","860 ; SAMAT ; Highway Hills; CITY OF MANDALUYONG; SECOND DISTRICT; NATIONAL CAPITAL REGION (NCR); 1550"
"GCJR CONSTRUCTION SERVICES INCORPORATED","2022090068025-00","September 13, 2022","Registered","BLOCK 55 LOT 7 PH3 ; BERKELEY ST. ; BLOOMINGDALE SUBD. ; Southern Poblacion; BALIANGAO; MISAMIS OCCIDENTAL; REGION X (NORTHERN MINDANAO); 7211"
"FILCAN UNITED CONSTRUCTION & GENERAL MERCHANDISE CORP.","CS201602711","February 10, 2016","Registered","BATANGAS; REGION IV-A (CALABARZON)"
"3H & A CONSTR. CO.","PG200825823","March 5, 2008","Registered","123 ; 12TH STREET DOA ROSARIO VILLAGE ; MANDAUE CITY; CEBU; REGION VII (CENTRAL VISAYAS)"
"ANOBA CONSTR. AND DEV. CORPORATION","2021020006418-07","February 4, 2021","Registered","DOOR 8; 437-T ; SITIO 4TH ST.; R. PADILLA STREET ; Duljo (Pob.); CEBU CITY (Capital); CEBU; REGION VII (CENTRAL VISAYAS); 6000"
"JD&T CONSTR'N SUPPLY MARKETING OPC","2021110033575-58","November 23, 2021","Registered","DUNUAN BUILDING ; DULLAGAN ; Poblacion West; LAGAWE (Capital); IFUGAO; CORDILLERA ADMINISTRATIVE REGION (CAR); 3600"
"J3P CONSTRUCTION AND DEVELOPER CORPORATION","CS201811836","June 29, 2018","Registered","MAHARLIKA HIGHWAY ; KM 321 ; CORDON; ISABELA; REGION II (CAGAYAN VALLEY); 3312"
"J.C. UYECIO CONSTRUCTION AND DEVELOPMENT COMPANY","PG200919745","December 28, 2009","Registered","BALAGTAS (BIGAA); BULACAN; REGION III (CENTRAL LUZON)"
"SYMMETRICON BUILDERS CORP.","CS201311432","June 17, 2013","Registered","648 ; AGLO BUILDING ; CABANATUAN CITY; NUEVA ECIJA; REGION III (CENTRAL LUZON)"
"6PASTEUR CONSTRUCTION WORKS & SUPPLY CORP.","CS201705013","January 10, 2017","Registered","793 ; HILLSIDE VILLAGE; ; CEBU; REGION VII (CENTRAL VISAYAS); 6045"
"ABEMEL CONSTRUCTION WORKS AND INDUSTRIES COMPANY; INC.","CS200918821","December 7, 2009","Suspended","244&144 ; CITY OF ANTIPOLO; RIZAL; REGION IV-A (CALABARZON)"
"AG CONSTRUCTION WORKS AND SUPPLY CORP.","2023060103090-14","June 9, 2023","Registered","793 ; ABORES ST. ; HILLSIDE VILLAGE ; Bulacao; CITY OF TALISAY; CEBU; REGION VII (CENTRAL VISAYAS); 6045"
"AJAGS ENTERPRISE AND CONSTRUCTION WORKS Company","PG201841530","November 15, 2018","Registered","Howard Subdivision ; Blk 3 Lot 7 Phase 1 ; LAGUNA; REGION IV-A (CALABARZON); 4026"
"AJD DEVELOPMENT; CONSTRUCTION WORKS AND SUPPLY INCORPORATED","CS201848761","December 28, 2018","Registered","PUROK 7 ; ESTOCADA ST. ; Poblacion; KAPATAGAN; LANAO DEL NORTE; REGION X (NORTHERN MINDANAO); 9214"
"BALAI NEHEMIAH CONSTRUCTION WORKS AND MANAGEMENT CORP.","CS201402067","February 3, 2014","Delinquent","B3 L17 ; DANDELION ST ; QUEZON CITY; SECOND DISTRICT; NATIONAL CAPITAL REGION (NCR)"
"CB CONSTRUCTION WORKS INC. doing business under the name/s and style/s of CBCW","2024020134856-00","February 6, 2024","Registered","DOOR 3; SECOND FLOOR ; MQAE BUILDING ; NORTH ROAD ; Poblacion; COMPOSTELA; CEBU; REGION VII (CENTRAL VISAYAS); 6003"
"CEBU PHIDA CONSTRUCTION WORKS INC.","CS20200001093","March 16, 2020","Registered","TCG CENTER ; ULDOG STREET ; Poblacion; CITY OF TALISAY; CEBU; REGION VII (CENTRAL VISAYAS); 6045"
"ENJINIA CONSTRUCTION WORKS; INC.","CS201704318","February 8, 2017","Registered","2F RP MENDOZA BLDG ; DONA SOLEDAD EXT ; CITY OF MANILA; NATIONAL CAPITAL REGION (NCR)"
"FIRSTPOINT CONSTRUCTION WORKS OPC","2023120128876-01","December 21, 2023","Registered","LOT 31 BLOCK 16 PHASE 2 ; KARLAVILLE PARKHOMES ; C. GARCIA ; Perez (Lucbanan); TRECE MARTIRES CITY (Capital); CAVITE; REGION IV-A (CALABARZON); 4109"
"YOLOBUILDERS CO.","PG201414974","August 1, 2014","Registered","SITIO SALVACION; ; GUMACA; QUEZON; REGION IV-A (CALABARZON); 4306"
"AAA ROCK CONSTRUCTION Corporation","CS201821476","September 24, 2018","Registered","27 ; LACSON ST. BO.; OBRERO DAVAO CITY ; DAVAO CITY; DAVAO DEL SUR; REGION XI (DAVAO REGION); 8000"
"ARAGDON AND CHAVEZ CONSTRUCTION SERVICES CORPORATION","2021070021043-51","July 28, 2021","Registered","MCS BULDING ADVINCULA AVENUE ALAPAN II-A ; Ligtasan; IMUS CITY; CAVITE; REGION IV-A (CALABARZON); 2300"
""JUST US" INDUSTRIAL & CONSTRUCTION SERVICES INC.","CS200802980","February 28, 2008","Suspended","OROVILLE ; CABUYAO CITY; LAGUNA; REGION IV-A (CALABARZON)"
"1-ETF Construction Services Opc","2024020137157-05","February 20, 2024","Registered","TABIANDO ST. ; AMUNTAY ROAD ; Zone III (Pob.); CITY OF DASMARIAS; CAVITE; REGION IV-A (CALABARZON); 4114"
"1427 TRADING & CONSTRUCTION SERVICES CO.","PG201431725","July 25, 2014","Registered","BLK 9 LOT 7 ; EQUALITY ST.; SGR VILLAGE ; DAVAO CITY; DAVAO DEL SUR; REGION XI (DAVAO REGION)"
"15O5 Construction Services Co.","2024030143530-04","April 2, 2024","Registered","UNIT 7 ; PLAZA ERLINDA BLDG. ; CORNER DON PEPE ST. AND MAGALANG AVENUE ; Ninoy Aquino (Marisol); ANGELES CITY; PAMPANGA; REGION III (CENTRAL LUZON); 2009"
"2D Construction Services Company","2023100119803-00","October 6, 2023","Registered","1 ; DAANGBAKAL ; DELOS ANGELES ; Dulong Bayan 2; 3RD ; SAN MATEO; RIZAL; REGION IV-A (CALABARZON); 1850"
"2G Construction Services Inc.","2025100223288-00","October 15, 2025","Registered","UNIT 3008 VINIA RESIDENCES ; VERSAFLATS CONDOMINIUM ; Phil-Am; QUEZON CITY; SECOND DISTRICT; NATIONAL CAPITAL REGION (NCR); 1104"
"3'S MACAPOBRE CONSTRUCTION SERVICES CORP.","2023070108262-36","July 17, 2023","Registered","BLK 10 LOT 50 ; CAMIA ST ; TS CRUZ SUBD. ; Almanza Dos; CITY OF LAS PIAS; FOURTH DISTRICT; NATIONAL CAPITAL REGION (NCR); 1750"
"3-A'S CONSTRUCTION SERVICES INC.","CS201418846","September 26, 2014","Delinquent","PUROK 5 ; CITY OF MASBATE (Capital); MASBATE; REGION V (BICOL REGION)"
"3AMR CONSTRUCTION SERVICES INC.","2024060156437-08","June 24, 2024","Registered","VI ; BATONGBAKAL ST ; Tabing Bakod; SANTA MARIA; BULACAN; REGION III (CENTRAL LUZON); 1900"
"4DOVE BUILDERS CORPORATION","CS201228667","April 17, 2012","Registered","CITY OF LIGAO; ALBAY; REGION V (BICOL REGION)"
"KENT MARKETING GROUP OF COMPANIES INC.","CS201228431","May 14, 2012","Registered","YUIPCO-LIM BUILDING ; BORROMEO ST ; SURIGAO CITY (Capital); SURIGAO DEL NORTE; REGION XIII (Caraga)"
"S and G CONSTRUCTION and SUPPLY Co.","2022020043085-04","February 23, 2022","Registered","PUROK 6; TALISAY ; Kalubihan; BARILI; CEBU; REGION VII (CENTRAL VISAYAS); 6036"
"ALEPHNORTH PEAK CONSTRUCTION AND DEVELOPMENT CO.","PG201531407","October 5, 2015","Registered","Buyacaoan; BUGUIAS; BENGUET; CORDILLERA ADMINISTRATIVE REGION (CAR); 2607"
"PROTECH CONSTRUCTION & DEVELOPMENT CORP.","CS200911053","July 21, 2009","Registered","GOVERNOR DRIVE ; BANCAL ; CARMONA; CAVITE; REGION IV-A (CALABARZON)"
"5J.B.P. PREMIUM CONSTRUCTION CORPORATION","CS201516954","August 25, 2015","Registered","4 ; SAN MANUEL ; CITY OF PASIG; SECOND DISTRICT; NATIONAL CAPITAL REGION (NCR)"
"SUPER 108 HARDWARE & CONSTRUCTION SUPPLY INC.","CS200718119","November 23, 2007","Suspended","BLK 1 LOT 48 ; SAN NARCISO; CAVITE; REGION IV-A (CALABARZON)"
"Super A Builders and Supply Inc.","2023110124834-22","November 15, 2023","Registered","2ND FLOOR ; TOLENTINO 2020 ; CANDELARIA AVENUE ; ECOLAND ; Bucana; 1ST DISTRICT ; DAVAO CITY; DAVAO DEL SUR; REGION XI (DAVAO REGION); 8000"
"SUPER ART ALUMINUM & GLASS SUPPLY CO.","A199718861","October 1, 1997","Registered","99 P. JACINTO ST.; CALOOCAN CITY ; CITY OF MANILA; NATIONAL CAPITAL REGION (NCR)"
"SUPER COOL ENGG. SUPPLY CO. INC.","AS95011050","November 6, 1995","Revoked","7 GASAN ST MASAMBONG QUEZON CITY ; CITY OF MANILA; NATIONAL CAPITAL REGION (NCR)"
"SUPER FLOW SUPPLY CHAIN TECHNOLOGY INC.","2024020134958-01","February 6, 2024","Registered","G&H WAREHOUSE ; Santa Maria; MINALIN; PAMPANGA; REGION III (CENTRAL LUZON)"
"SUPER HIGHWAY LUMBER & CONS. SUPPLY INC.","0000032773","January 1, 1967","Revoked","60 QUIRINO HIGHWAY BAL.QUEZON CITY ; CITY OF MANILA; NATIONAL CAPITAL REGION (NCR)"
"SUPER MEGA CONS. & SUPPLY CO.","I199800372","December 15, 1998","Registered","STA. ELENA; VIRAC CATANDUANES ; CATANDUANES; REGION V (BICOL REGION)"
"SUPER NURSERIES & SUPPLY CORP.","0000169324","October 10, 1989","Revoked","FEDMAN SUITE; SALCEDO ST.; LEGASPI VILL.; MAKATI ; CITY OF MANILA; NATIONAL CAPITAL REGION (NCR)"
"SUPER POWER BUILDERS & SUPPLY PHILS. INC.","CS201618013","August 10, 2016","Delinquent","4-B KALAW;AMPARO ; NOVAVILLE SUBD. ; CALOOCAN CITY; THIRD DISTRICT; NATIONAL CAPITAL REGION (NCR)"
"SUPER POWER INDL. SUPPLY CO.","P000043743","November 27, 1987","Registered","2165 PIY MARGAL SAMPALOC MANILA ; CITY OF MANILA; NATIONAL CAPITAL REGION (NCR)"
"'94 BUILDERS CONSTRUCTION AND SUPPLY CORP.","CS201966232","February 8, 2019","Registered","BLOCK 12; LOT 25 ; GREEN ORCHARD VILLAGE ; Cabantian; DAVAO CITY; DAVAO DEL SUR; REGION XI (DAVAO REGION); 8000"
"175 BUILDERS & CONSTRUCTION SUPPLY; INC.","CS200918874","December 4, 2009","Suspended","654 ; CAPT SAMANO ST AREA 4 ; CALOOCAN CITY; THIRD DISTRICT; NATIONAL CAPITAL REGION (NCR)"
"22 BUILDERS & CONSTRUCTION DEVELOPMENT INC. operating under the name of 22 BC DEVELOPMENT and CUIGO TRADING","2021110033411-10","November 22, 2021","Registered","UNIT 7 ; A. GESON BLDG ; D. JAKOSALEM ST. ; Zapatera; CEBU CITY (Capital); CEBU; REGION VII (CENTRAL VISAYAS); 6000"
"2K8 BUILDERS & CONSTRUCTION SUPPLIES CORPORATION","CS200905161","April 13, 2009","Registered","San Sebastian (Balagbag); LIPA CITY; BATANGAS; REGION IV-A (CALABARZON); 4217"
"2MJ BUILDERS & CONSTRUCTION CORP.","CS201512832","June 30, 2015","Delinquent","571 ; J. LUNA ST. ; CITY OF MANDALUYONG; SECOND DISTRICT; NATIONAL CAPITAL REGION (NCR)"
"2R BUILDERS CONSTRUCTION COMPANY","PG200401852","March 22, 2004","Registered","43 V. LLANES ST.; ; LAOAG CITY (Capital); ILOCOS NORTE; REGION I (ILOCOS REGION)"
"3 STAR STRUCTURAL BUILDERS & CONSTRUCTION CORP.","CS201017827","November 2, 2010","Suspended","LOT 19 BLK 24 ; LAGUNA; REGION IV-A (CALABARZON)"
"3N SOLID BUILDERS CONSTRUCTION CORPORATION","2022110075572-00","November 15, 2022","Registered","31-11 JOSE L. LEE ST. ; Bgy. 34 - Oro Site-Magallanes St. (Pob.); LEGAZPI CITY (Capital); ALBAY; REGION V (BICOL REGION); 4500"
"619 BUILDERS CONSTRUCTION CORPORATION","CS201401169","January 22, 2014","Registered","NATIONAL HIGHWAY; PUROK 2; BRGY. NUEVA ERA; ; ISABELA; REGION II (CAGAYAN VALLEY)"
"8TH GEAR BUILDERS CONSTRUCTION AND SUPPLIES CO.","2021050014601-20","May 21, 2021","Registered","1B PUROK ; Ineangan; DUPAX DEL NORTE; NUEVA VIZCAYA; REGION II (CAGAYAN VALLEY); 3706"
"820 BUILDERS & SUPPLIES INC.","2024100172995-08","October 14, 2024","Registered","LOT 3052 ; Milagrosa; SANTA FE; LEYTE; REGION VIII (EASTERN VISAYAS); 6513"
"L & L AGUILAR CONSTRUCTION CORP.","CS201320072","October 14, 2013","Delinquent","457 ; AGUILAR COMP ; MINALIN; PAMPANGA; REGION III (CENTRAL LUZON)"
"L & M CONSTRUCTION MANPOWER AND ALLIED SERVICES; CO.","PG200726328","January 11, 2007","Registered","MILAY ST. ; HAGONOY; DAVAO DEL SUR; REGION XI (DAVAO REGION)"
"AAGroup Construction & Development Corporation","2025020188273-00","February 13, 2025","Registered","71 ; JOSE ABAD SANTOS AVENUE ; Salawag; CITY OF DASMARIAS; CAVITE; REGION IV-A (CALABARZON); 4114"
"ARAGDON AND CHAVEZ CONSTRUCTION SERVICES CORPORATION","2021070021043-51","July 28, 2021","Registered","MCS BULDING ADVINCULA AVENUE ALAPAN II-A ; Ligtasan; IMUS CITY; CAVITE; REGION IV-A (CALABARZON); 2300"
"BIG JC CONSTRUCTION CORP.","2022060056899-03","June 22, 2022","Registered","1013 S.TEODORO ST. ; Tondo I/II - Barangay 196; CITY OF MANILA; FIRST DISTRICT; NATIONAL CAPITAL REGION (NCR); 1013"
"CLJR CONSTRUCTION OPC","2023080111000-01","August 4, 2023","Registered","4C ; RAYMUNDO AVENUE ; Rosario; CITY OF PASIG; SECOND DISTRICT; NATIONAL CAPITAL REGION (NCR); 1609"
"DMZ CONSTRUCTION CORPORATION","2024020134407-02","February 2, 2024","Registered","#199 ; San Jose; SANTO TOMAS; BATANGAS; REGION IV-A (CALABARZON); 4234"
"DUX CONSTRUCTION INC.","2024100171818-03","October 4, 2024","Registered","BLK 12 LOT 28 ; SAINT PETER STREET ; SAN PEDRO VII ; San Bartolome; QUEZON CITY; SECOND DISTRICT; NATIONAL CAPITAL REGION (NCR); 1116"
"E. Y. MERCADO CONSTRUCTION CORPORATION doing business under the name and style of E Y MERCADO CONSTRUCTION","2021070020609-12","July 23, 2021","Registered","BLK 1 LOT 25 ; OLIVAREZ COMPOUND 2 ; San Roque; CITY OF SAN PEDRO; LAGUNA; REGION IV-A (CALABARZON); 4023"
"JMD8 CONSTRUCTION CORPORATION","2025040199061-05","April 25, 2025","Registered","85 ; KAPILIGAN STREET ; Doa Imelda; QUEZON CITY; SECOND DISTRICT; NATIONAL CAPITAL REGION (NCR); 1113"
"A.M. ORETA & CO. INC.","0000002346","December 13, 1946","Registered","U-801; 8/F ; 88 CORPORATE CENTER; 141 VALERO STREET; ; SALCEDO VILLAGE ; CITY OF MAKATI; FOURTH DISTRICT; NATIONAL CAPITAL REGION (NCR)"
"M.A. ORETA & CO. INC.","0000099863","July 9, 1981","Revoked","MAKATI; M.M. ; CITY OF MANILA; NATIONAL CAPITAL REGION (NCR)"
"BRENCON DEVELOPERS PHILS. INC.","CS201103692","March 3, 2011","Registered","Purok 2 ; Reserva; BALER (Capital); AURORA; REGION III (CENTRAL LUZON); 3200"
"A.L. SALAZAR CONSTRUCTION; INC.","0000089211","October 24, 1979","Registered","Unit 108 ; 3A's & E Building ; Mc Arthur Highway ; Borol 1st; BALAGTAS (BIGAA); BULACAN; REGION III (CENTRAL LUZON); 3016"
"GENETIAN BUILDERS AND ENTERPRISES INCORPORATED","CS201818026","August 20, 2018","Registered","* ; TIGUMA NATIONAL HIGHWAY; BARANGAY ; ZAMBOANGA DEL SUR; REGION IX (ZAMBOANGA PENINSULA); 7016"
"F.P. DE GUZMAN CONSTRUCTION; INC.","0000143192","August 5, 1987","Registered","4 ; GOVERNOR F. HALILI AVENUE ; Bagbaguin; SANTA MARIA; BULACAN; REGION III (CENTRAL LUZON); 3022"
"AAGroup Construction & Development Corporation","2025020188273-00","February 13, 2025","Registered","71 ; JOSE ABAD SANTOS AVENUE ; Salawag; CITY OF DASMARIAS; CAVITE; REGION IV-A (CALABARZON); 4114"
"ARAGDON AND CHAVEZ CONSTRUCTION SERVICES CORPORATION","2021070021043-51","July 28, 2021","Registered","MCS BULDING ADVINCULA AVENUE ALAPAN II-A ; Ligtasan; IMUS CITY; CAVITE; REGION IV-A (CALABARZON); 2300"
"BIG JC CONSTRUCTION CORP.","2022060056899-03","June 22, 2022","Registered","1013 S.TEODORO ST. ; Tondo I/II - Barangay 196; CITY OF MANILA; FIRST DISTRICT; NATIONAL CAPITAL REGION (NCR); 1013"
"CLJR CONSTRUCTION OPC","2023080111000-01","August 4, 2023","Registered","4C ; RAYMUNDO AVENUE ; Rosario; CITY OF PASIG; SECOND DISTRICT; NATIONAL CAPITAL REGION (NCR); 1609"
"DMZ CONSTRUCTION CORPORATION","2024020134407-02","February 2, 2024","Registered","#199 ; San Jose; SANTO TOMAS; BATANGAS; REGION IV-A (CALABARZON); 4234"
"DUX CONSTRUCTION INC.","2024100171818-03","October 4, 2024","Registered","BLK 12 LOT 28 ; SAINT PETER STREET ; SAN PEDRO VII ; San Bartolome; QUEZON CITY; SECOND DISTRICT; NATIONAL CAPITAL REGION (NCR); 1116"
"E. Y. MERCADO CONSTRUCTION CORPORATION doing business under the name and style of E Y MERCADO CONSTRUCTION","2021070020609-12","July 23, 2021","Registered","BLK 1 LOT 25 ; OLIVAREZ COMPOUND 2 ; San Roque; CITY OF SAN PEDRO; LAGUNA; REGION IV-A (CALABARZON); 4023"
"JMD8 CONSTRUCTION CORPORATION","2025040199061-05","April 25, 2025","Registered","85 ; KAPILIGAN STREET ; Doa Imelda; QUEZON CITY; SECOND DISTRICT; NATIONAL CAPITAL REGION (NCR); 1113"
"MARJETECH CONSTRUCTION & TRADING OPC","2023050101306-02","May 30, 2023","Registered","ZONE 7; ; Santo Domingo; BOMBON; CAMARINES SUR; REGION V (BICOL REGION); 4404"
"MARSUN CONSTRUCTION; INCORPORATED","2022060054431-02","June 1, 2022","Registered","PAYATAS ROAD CORNER MAHOGANY STREET ; Payatas; QUEZON CITY; SECOND DISTRICT; NATIONAL CAPITAL REGION (NCR); 1119"
"CS Const. and Supply INC. with trade name/s of CS Construction and Supply and CS Manor Hotel","CS201967172","July 16, 2019","Registered","0 GENERAL SIONGCO ST. ; Kalawag II (Pob.); ISULAN (Capital); SULTAN KUDARAT; REGION XII (SOCCSKSARGEN); 9805"
"CS GEM CONST. & SUPPLY CO.","PG200919003","December 8, 2009","Registered","65 ; A. MABINI ST. ; RODRIGUEZ (MONTALBAN); RIZAL; REGION IV-A (CALABARZON)"
"*MARKBILT CONST. INC.","CS200719852","December 27, 2007","Revoked","3RD FLR VELA BLDG ; EDSA ; QUEZON CITY; SECOND DISTRICT; NATIONAL CAPITAL REGION (NCR)"
"1053 CONST. CORP.","2024100173608-00","October 17, 2024","Registered","NO. 6 ; URANUS STREET; PROJ. 8 ; Bahay Toro; QUEZON CITY; SECOND DISTRICT; NATIONAL CAPITAL REGION (NCR); 1106"
"1462 DEV'T & CONST. CORP.","CS201331226","September 5, 2013","Suspended","xxx ; purok 5 baliok ; DAVAO CITY; DAVAO DEL SUR; REGION XI (DAVAO REGION); 8000"
"1A'GARSAC CONST. AND SUPPLY INC.","CS201822098","October 10, 2018","Delinquent","2ND FLOOR MARAMARA BLDG.; ; ROSARIO HEIGHTS; ; ILIGAN CITY; LANAO DEL NORTE; REGION X (NORTHERN MINDANAO); 92000"
"1G-BROS CONST. AND SUPPLY Corp.","CS202070046","February 13, 2020","Delinquent","PUROK 1 ; PENARANDA STREET EXTENSION ; ALBAY; REGION V (BICOL REGION); 4500"
"24/7 PRINTING & TRADING CONST. CORP.","CS201501294","January 27, 2015","Registered","156 ALLEY 2 ; COR. ALLEY 6 ; QUEZON CITY; SECOND DISTRICT; NATIONAL CAPITAL REGION (NCR)"
"2B CONST. & MARKETING CO.","PG201213673","July 24, 2012","Registered","21 ; pinagkian st ; CITY OF MARIKINA; SECOND DISTRICT; NATIONAL CAPITAL REGION (NCR)"
"3 Island Boys Const. Corp.","2021030008696-07","March 11, 2021","Registered","BUKAL-BUKAL ; Guadalupe; CORON ; CORON; PALAWAN; REGION IV-B (MIMAROPA); 5316"
"MAER SUMMIT KONSTRUKT CO.","D199900516","June 11, 1999","Registered","Maer Summit Center; 43 Telstar; ; Doa Vicenta; ; DAVAO CITY; DAVAO DEL SUR; REGION XI (DAVAO REGION); 8000"
"BHENLLABIEN BUILDERS CORPORATION","2020080001413-00","August 14, 2020","Registered","993 ; Purok 6 ; San Cristobal; SAN PABLO CITY; LAGUNA; REGION IV-A (CALABARZON); 4000"
"F316 CONSTRUCTION CORP.","CS201807186","May 9, 2018","Registered","Unit C18-C21 3rd Floor ; Jomafer Building ; Dolores; CITY OF SAN FERNANDO (Capital); PAMPANGA; REGION III (CENTRAL LUZON); 2000"
"PANGANIBAN & PINEDA CONSTRUCTION; INC.","CS201302554","February 8, 2013","Suspended","BLK11 L5 PACIFIC HIWAY ; PACIFIC WOODS SUBD. NIA ROAD ; IMUS CITY; CAVITE; REGION IV-A (CALABARZON)"
"PHILIPPINE PALAYPAY PINEDA CONSTRUCTION CORPORATION","2021010005292-01","January 18, 2021","Registered","GRD. FLR. ; DMA BUILDING ; BAGONG SILANG ROAD; ; Tenejero; CITY OF BALANGA (Capital); BATAAN; REGION III (CENTRAL LUZON); 2100"
"VG PINEDA CONSTRUCTION CORPORATION","CS201415058","August 5, 2014","Delinquent","272 ; COMMONWEALTH AVE.; ; QUEZON CITY; SECOND DISTRICT; NATIONAL CAPITAL REGION (NCR)"
"VCD CONSTRUCTION; INC.","CS201401307","January 22, 2014","Registered","san guillermo national hway ; ILOCOS NORTE; REGION I (ILOCOS REGION)"
"PETT BUILDERS CORP.","CS201611774","June 8, 2016","Registered","6 ; URANUS ; QUEZON CITY; SECOND DISTRICT; NATIONAL CAPITAL REGION (NCR)"
"CGR CAMILLE BUILDER; INC.","CS201225641","March 8, 2012","Registered","ZAMBOANGA CITY; ZAMBOANGA DEL SUR; REGION IX (ZAMBOANGA PENINSULA)"
"ABD Construction Supplies Trading Opc","2025020189531-09","February 20, 2025","Registered","1929-1930 ; FAVOREDLAND INC BLDG ; RIZAL AVENUE ; Santa Cruz - Barangay 353; SANTA CRUZ ; CITY OF MANILA; FIRST DISTRICT; NATIONAL CAPITAL REGION (NCR); 1014"
"ADELO CONSTRUCTION SUPPLIES TRADING OPC","2025100222123-00","October 7, 2025","Registered","STO. NIO STREET ; Barangay Poblacion 2; MIDSAYAP; COTABATO; REGION XII (SOCCSKSARGEN); 9410"
"ALBAY PROROCK CONSTRUCTION SUPPLIES TRADING OPC","2025080213658-25","August 11, 2025","Registered","PUROK 7 ; Santa Misericordia; SANTO DOMINGO (LIBOG); ALBAY; REGION V (BICOL REGION); 4508"
"ATMP BUILDERS CONSTRUCTION SUPPLIES & TRADING CO.","PG201302424","February 12, 2013","Registered","PUROK 3 ; PAMPANGA; REGION III (CENTRAL LUZON)"
"GLORISUN CONSTRUCTION SUPPLIES TRADING CO.","2025010182207-50","January 2, 2025","Registered","PUROK 2 ; Majada Labas; CITY OF CALAMBA; LAGUNA; REGION IV-A (CALABARZON); 4027"
"JERNIZ CONSTRUCTION SUPPLIES TRADING OPC","2023070109460-20","July 25, 2023","Registered","UNIT G ; BANLAT ROAD ; Tandang Sora; QUEZON CITY; SECOND DISTRICT; NATIONAL CAPITAL REGION (NCR); 1116"
"LNS GREEN CORPORATION Doing business under the name/s and style/s of LNS Travel and Tours; LNS Construction Supplies Trading; LNS Oil and Petroleum","CS202102159","February 22, 2021","Registered","Block 4 Lot 4 ; Brighton St.; Somerset Place ; SECOND DISTRICT; NATIONAL CAPITAL REGION (NCR); 1611"
"METROSOUTH CONSTRUCTION SUPPLIES TRADING CORP.","2024040144115-02","April 2, 2024","Registered","GROUND FLOOR ; MLK COMMERCIAL BUILDING II ; FELIX REYES STREET ; Balibago; CITY OF SANTA ROSA; LAGUNA; REGION IV-A (CALABARZON); 4026"
"MINIEN CONSTRUCTION SUPPLIES TRADING CO.","2022110074130-03","November 3, 2022","Registered","Minien East; SANTA BARBARA; PANGASINAN; REGION I (ILOCOS REGION); 2419"
"REBUILDERS CONSTRUCTION SUPPLIES TRADING CO.","2025010185359-03","January 24, 2025","Registered","24K ; CALUBIHAN ; Marigondon; LAPU-LAPU CITY (OPON); CEBU; REGION VII (CENTRAL VISAYAS); 6015"
"2A CONSTRUCTION AND DEV'T CORP.","CS201718767","June 9, 2017","Registered","583 ; SAMPAGUITA ; BOCAUE; BULACAN; REGION III (CENTRAL LUZON)"
"ALMEDA BUILDER'S CONSTRUCTION AND DEV'T. CORP.","CS200515637","September 15, 2005","Revoked","81 ; RINCON ST. ; CITY OF VALENZUELA; THIRD DISTRICT; NATIONAL CAPITAL REGION (NCR)"
"ANTIPAS DT CONSTRUCTION AND DEV'T. CORP.","CS201702627","January 25, 2017","Registered","61 DAMA DE NOCHE ; LA COLINA SUBD. ; CITY OF MARIKINA; SECOND DISTRICT; NATIONAL CAPITAL REGION (NCR)"
"ASPEC JR. CONSTRUCTION AND DEV'T. CORP.","CS201805050","April 10, 2018","Registered","JUN PUNSALAN COMMERCIAL BLDG. L11-12 COR. DONA SOLEDAD AVE. EXTENSION ; RAFELI ; FOURTH DISTRICT; NATIONAL CAPITAL REGION (NCR); 1711"
"AVIA CONSTRUCTION AND DEV'T.; CORP.","AS94011101","December 7, 1994","Registered","SAN NARCISO; CAVITE; REGION IV-A (CALABARZON)"
"BELC CONSTRUCTION AND DEV'T. CORP.","CS200412714","August 16, 2004","Revoked","1923 BATANGAS COR. BORNEO STS. BRGY; SAN ISIDRO ; CITY OF MAKATI; FOURTH DISTRICT; NATIONAL CAPITAL REGION (NCR)"
"BUILD N STYLE CONSTRUCTION AND DEV'T Corp.","CS202000686","January 15, 2020","Registered","#4 ; MARCUS AURELLIUS STREET ; KINGSVILLE EXECUTIVE VILLAGE ; Mayamot; CITY OF ANTIPOLO; RIZAL; REGION IV-A (CALABARZON); 1870"
"DFB CONSTRUCTION AND DEV'T. CORP.","CS201806537","May 2, 2018","Delinquent","81 ; Mariveles ; SECOND DISTRICT; NATIONAL CAPITAL REGION (NCR); 1550"
"DRSM CONSTRUCTION AND DEV'T. CORP.","2022090068677-01","September 16, 2022","Registered","BLK 10 LOT 2 ; 2ND FLOOR UNIT F ; TAGAYTAY STA. ROSA ROAD ; Tartaria; SILANG; CAVITE; REGION IV-A (CALABARZON); 4118"
"DYG CONSTRUCTION AND DEV'T. CORP.","2025030192995-09","March 12, 2025","Registered","LOT 1 BLOCK 7 PHASE 1 ; OKLAHOMA ST. ; HIGHVIEW HILLS ; Sampaloc; DISTRICT 4 ; APALIT; PAMPANGA; REGION III (CENTRAL LUZON); 2016"
"MV SABALBURO CONSTRUCTION AND SUPPLY OPC","2025010185097-15","January 22, 2025","Registered","Sacuyya Sur; 2ND DISTRICT ; SANTA; ILOCOS SUR; REGION I (ILOCOS REGION); 2703"
"JANN-NORRIS CONSTRUCTION AND SUPPLIES; INC.","CS201605667","March 16, 2016","Registered","LT223 BLK18 ; 24TH ST. ; CITY OF VALENZUELA; THIRD DISTRICT; NATIONAL CAPITAL REGION (NCR)"
"JOZEN BUILDERS AND CONSTRUCTION SUPPLY Corporation","CS201907527","December 5, 2019","Registered","1 ; Bautista ; BADOC; ILOCOS NORTE; REGION I (ILOCOS REGION); 2904"
"STA ANA RAYCON CORP.","CS201628627","December 13, 2016","Registered","B13 L32 ; BELLEVUE SUBD. ; CAGAYAN DE ORO CITY (Capital); MISAMIS ORIENTAL; REGION X (NORTHERN MINDANAO); 9000"
"JTL KONSTRUCT CORPORATION","CS201612887","June 20, 2016","Registered","DOOR 5; COMM'L BLDG. ; KM.12 DIVERSION ROAD ; DAVAO CITY; DAVAO DEL SUR; REGION XI (DAVAO REGION); 8000"
"MGSR CONSTRUCTION CORP.","2022110076429-03","November 22, 2022","Registered","BALINAG ST. ; PUROK 4 ; Bulanao; CITY OF TABUK (Capital); KALINGA; CORDILLERA ADMINISTRATIVE REGION (CAR); 3800"
"ESQUIMO CONST. AND DEV'T. CORP.","CS201719849","June 20, 2017","Registered","36 ; ABAUAG EXTENSION ; CITY OF SANTIAGO; ISABELA; REGION II (CAGAYAN VALLEY)"
"PLD CONSTRUCTION AND DEVELOPMENT INC.","CS201332079","November 18, 2013","Registered","P.C. SUICO ST.; ; MANDAUE CITY; CEBU; REGION VII (CENTRAL VISAYAS)"
"VIRLO CONSTRUCTION DEV. CORP.","CS201025127","February 2, 2010","Registered","VIRLO CPD.; ; CEBU; REGION VII (CENTRAL VISAYAS)"
"ARAGDON AND CHAVEZ CONSTRUCTION SERVICES CORPORATION","2021070021043-51","July 28, 2021","Registered","MCS BULDING ADVINCULA AVENUE ALAPAN II-A ; Ligtasan; IMUS CITY; CAVITE; REGION IV-A (CALABARZON); 2300"
""JUST US" INDUSTRIAL & CONSTRUCTION SERVICES INC.","CS200802980","February 28, 2008","Suspended","OROVILLE ; CABUYAO CITY; LAGUNA; REGION IV-A (CALABARZON)"
"1-ETF Construction Services Opc","2024020137157-05","February 20, 2024","Registered","TABIANDO ST. ; AMUNTAY ROAD ; Zone III (Pob.); CITY OF DASMARIAS; CAVITE; REGION IV-A (CALABARZON); 4114"
"1427 TRADING & CONSTRUCTION SERVICES CO.","PG201431725","July 25, 2014","Registered","BLK 9 LOT 7 ; EQUALITY ST.; SGR VILLAGE ; DAVAO CITY; DAVAO DEL SUR; REGION XI (DAVAO REGION)"
"15O5 Construction Services Co.","2024030143530-04","April 2, 2024","Registered","UNIT 7 ; PLAZA ERLINDA BLDG. ; CORNER DON PEPE ST. AND MAGALANG AVENUE ; Ninoy Aquino (Marisol); ANGELES CITY; PAMPANGA; REGION III (CENTRAL LUZON); 2009"
"2D Construction Services Company","2023100119803-00","October 6, 2023","Registered","1 ; DAANGBAKAL ; DELOS ANGELES ; Dulong Bayan 2; 3RD ; SAN MATEO; RIZAL; REGION IV-A (CALABARZON); 1850"
"2G Construction Services Inc.","2025100223288-00","October 15, 2025","Registered","UNIT 3008 VINIA RESIDENCES ; VERSAFLATS CONDOMINIUM ; Phil-Am; QUEZON CITY; SECOND DISTRICT; NATIONAL CAPITAL REGION (NCR); 1104"
"3'S MACAPOBRE CONSTRUCTION SERVICES CORP.","2023070108262-36","July 17, 2023","Registered","BLK 10 LOT 50 ; CAMIA ST ; TS CRUZ SUBD. ; Almanza Dos; CITY OF LAS PIAS; FOURTH DISTRICT; NATIONAL CAPITAL REGION (NCR); 1750"
"3-A'S CONSTRUCTION SERVICES INC.","CS201418846","September 26, 2014","Delinquent","PUROK 5 ; CITY OF MASBATE (Capital); MASBATE; REGION V (BICOL REGION)"
"3AMR CONSTRUCTION SERVICES INC.","2024060156437-08","June 24, 2024","Registered","VI ; BATONGBAKAL ST ; Tabing Bakod; SANTA MARIA; BULACAN; REGION III (CENTRAL LUZON); 1900"
"RJR Calcon Corp.","CS202000068","January 3, 2020","Registered","Unit 302-B ; Silver City 1 ; Frontera Drive ; Ugong; Pasig ; CITY OF PASIG; SECOND DISTRICT; NATIONAL CAPITAL REGION (NCR); 1604"
"DMZ CONSTRUCTION CORPORATION","2024020134407-02","February 2, 2024","Registered","#199 ; San Jose; SANTO TOMAS; BATANGAS; REGION IV-A (CALABARZON); 4234"
"E. Y. MERCADO CONSTRUCTION CORPORATION doing business under the name and style of E Y MERCADO CONSTRUCTION","2021070020609-12","July 23, 2021","Registered","BLK 1 LOT 25 ; OLIVAREZ COMPOUND 2 ; San Roque; CITY OF SAN PEDRO; LAGUNA; REGION IV-A (CALABARZON); 4023"
"JMD8 CONSTRUCTION CORPORATION","2025040199061-05","April 25, 2025","Registered","85 ; KAPILIGAN STREET ; Doa Imelda; QUEZON CITY; SECOND DISTRICT; NATIONAL CAPITAL REGION (NCR); 1113"
"(PEC)PHIL. ELECTRIX CONSTRUCTION CORPORATION","CS200519897","December 5, 2005","Registered","_ ; _ ; RIZAL; REGION IV-A (CALABARZON)"
"0212 CONSTRUCTION Corporation","2023060103838-20","June 15, 2023","Registered","HOUSE NO. 388 ; R. DUTERTE STREET ; Guadalupe; CEBU CITY (Capital); CEBU; REGION VII (CENTRAL VISAYAS); 6000"
"10 FIELDS CONSTRUCTION CORPORATION","CS201604035","February 26, 2016","Registered","2507 CITYLAND 10 TOWER 1; ; H.V. DELA COSTA STREET; ; CITY OF MAKATI; FOURTH DISTRICT; NATIONAL CAPITAL REGION (NCR)"
"1013 CONSTRUCTION CORPORATION","CS200413479","September 2, 2004","Revoked","4-K COLUMBIAN INTERNATIONAL TOWERS 500 SANTOL ST.; STA. MESA; ; CITY OF MANILA; FIRST DISTRICT; NATIONAL CAPITAL REGION (NCR)"
"1064 CONSTRUCTION CORPORATION","CS201402037","February 3, 2014","Delinquent","VERBENA ; CITY OF MUNTINLUPA; FOURTH DISTRICT; NATIONAL CAPITAL REGION (NCR)"
"11 DIAMOND EAGLE CONSTRUCTION CORPORATION","CS201951436","March 26, 2019","Registered","35 ; A. MABINI ST. ; LAGUNA; REGION IV-A (CALABARZON); 4023"
"1128 Construction Corporation","2023050099725-04","May 18, 2023","Registered","LIGAO-SABLOYON ROAD ; Batang; CITY OF LIGAO; ALBAY; REGION V (BICOL REGION); 4504"
"TOPNOTCH CATALYST BUILDERS INC.","CS200814452","September 15, 2008","Registered","UNITS 1413-1415 ; ENTRATA TOWER 1 URBAN COMPLEX CONDOMINIUM ; CIVIC DRIVE CORNER CORPORATE AVENUE FILINVEST ; Alabang; CITY OF MUNTINLUPA; FOURTH DISTRICT; NATIONAL CAPITAL REGION (NCR); 1781"
"PILASTRO BUILDERS & DEV'T. INC.","CS201614531","July 7, 2016","Registered","Block 3 Lot 12 ; 2/F Unit 205 ; European Enterprises Corp. (ECC Complex) ; Honorable Cruz Street ; Soldiers Hills Subdivision ; Putatan; CITY OF MUNTINLUPA; FOURTH DISTRICT; NATIONAL CAPITAL REGION (NCR); 1772"
"M.G. SALAZAR CONS. CORP.","A200115858","October 17, 2001","Registered","371 STO. TOMAS STA. MARIA BULACAN ; BULACAN; REGION III (CENTRAL LUZON)"
"M.G. SALAZAR MARBLE CORP.","0000174108","February 27, 1990","Revoked","STA. MARIA; BULACAN ; BULACAN; REGION III (CENTRAL LUZON)"
"M.G. SALAZAR RESOURCE DEV. INC.","A199722339","December 17, 1997","Revoked","#183 TABING BAKOD STA.;MARIA; BULACAN ; BULACAN; REGION III (CENTRAL LUZON)"
"3JM SALAZAR BLDG INC.","CS201920325","December 27, 2019","Registered","KM21 MCARTHUR HIGHWAY ; MAGALANG ST.; ; MARILAO; BULACAN; REGION III (CENTRAL LUZON); 3019"
"4J SALAZAR BLDG. INC.","CS201503856","March 2, 2015","Registered","MAC ARTHUR HIGHWAY ; APALIT; PAMPANGA; REGION III (CENTRAL LUZON)"
"A. SALAZAR VENTURES INC.","CS201104983","March 24, 2011","Registered","Unit S;2/F 57E.Apt ; Karuhatan Rd. Cor ; CITY OF VALENZUELA; THIRD DISTRICT; NATIONAL CAPITAL REGION (NCR)"
"A.A. SALAZAR CONSTRUCTION; CO. AND TRADING INC.","CS201629688","December 22, 2016","Delinquent","#308 E DELA PAZ ST.; STO NINO; ; CITY OF MARIKINA; SECOND DISTRICT; NATIONAL CAPITAL REGION (NCR); 1800"
"A.G. SALAZAR ANGLO NUBIAN GOAT ENTREPRENEURS LIVELIHOOD INC.","0000113892","June 28, 1983","Revoked","137 BLUMENTRIRR ST; SAN JUAN; M.M. ; CITY OF MANILA; NATIONAL CAPITAL REGION (NCR)"
"A.L. SALAZAR CONSTRUCTION; INC.","0000089211","October 24, 1979","Registered","Unit 108 ; 3A's & E Building ; Mc Arthur Highway ; Borol 1st; BALAGTAS (BIGAA); BULACAN; REGION III (CENTRAL LUZON); 3016"
"AJPJ's Salazar Trading Corp.","2023090116144-10","September 12, 2023","Registered","Navotas; BALAYAN; BATANGAS; REGION IV-A (CALABARZON); 4213"
"ASIAN PEARL CONSTRUCTION & DEVELOPMENT CORP. DOING BUSINESS UNDER THE NAME AND STYLE OF PEARL HOMES ILOCOS","CS200503194","March 3, 2005","Registered","50 ; _ ; LAOAG CITY (Capital); ILOCOS NORTE; REGION I (ILOCOS REGION)"
"BLESSING BUILDERS AND CONSTRUCTION SUPPLY INC.","CS201730543","September 11, 2017","Registered","PUROK 4 ; Bulanao; CITY OF TABUK (Capital); KALINGA; CORDILLERA ADMINISTRATIVE REGION (CAR); 3800"
"BLESSING BUILDERS CO.","A199605021","August 28, 1996","Registered","136 MALHACAN; MEYCAUAYAN; BULACAN ; BULACAN; REGION III (CENTRAL LUZON); 3020"
"MAFIL BUILDERS; INC.","CS201131076","July 29, 2011","Registered","PUROK 2; ; VALENCIA; BUKIDNON; REGION X (NORTHERN MINDANAO)"
"ISOBEL CONCRETE CONSTRUCTOR CORPORATION","CS201512829","June 30, 2015","Registered","ANGAT; BULACAN; REGION III (CENTRAL LUZON)"
"Scout Builders Hardware Supply OPC","2024080166123-00","August 28, 2024","Registered","39 ; SCT. YBARDOLAZA ; Sacred Heart; SECOND DISTRICT - QUEZON CITY ; QUEZON CITY; SECOND DISTRICT; NATIONAL CAPITAL REGION (NCR); 1103"
"2A's HARDWARE SUPPLY INC.","2025090221022-00","September 30, 2025","Registered","PUROK 7 ; Tulogan; PADADA; DAVAO DEL SUR; REGION XI (DAVAO REGION); 8007"
"4 JEMS HARDWARE SUPPLY CO.","PG200601658","February 8, 2006","Registered","PAMPANGA; REGION III (CENTRAL LUZON)"
"4PILLARS-GROUP HARDWARE SUPPLY CORP.","2024010132907-01","January 24, 2024","Registered","5256 ; Balayong; BAUAN; BATANGAS; REGION IV-A (CALABARZON); 4201"
"5P HARDWARE SUPPLY Co. Ltd.","2025080215446-72","August 22, 2025","Registered","LOT 1 BLOCK 104 ; CAMARIN RD ; PHASE VI SITIO 3 ; Barangay 178; CALOOCAN CITY; THIRD DISTRICT; NATIONAL CAPITAL REGION (NCR); 1400"
"90'S HARDWARE SUPPLY Inc.","CS201913396","August 9, 2019","Registered","sitio ; putat ; BUENAVISTA; MARINDUQUE; REGION IV-B (MIMAROPA); 4904"
"A-cube Hardware Supply OPC","2024020134725-06","February 5, 2024","Registered","B11 L2 P2 ; PINAGSAMA VILLAGE ; Pinagsama; TAGUIG CITY; FOURTH DISTRICT; NATIONAL CAPITAL REGION (NCR); 1632"
"A.M.Y. METAL AND HARDWARE SUPPLY TRADING OPC","2023010080179-00","January 3, 2023","Registered","319 ; GEN. LUNA ST. ; Guitnang Bayan II (Pob.); SAN MATEO; RIZAL; REGION IV-A (CALABARZON); 1850"
"A.S.M. Hardware Supply Trading OPC","2024060153504-00","June 3, 2024","Registered","NO. 33 ; MIGUEL CRISTI ST. ; Ampid II; SAN MATEO; RIZAL; REGION IV-A (CALABARZON); 1850"
"AE CRUZ HARDWARE SUPPLY OPC","2021090026579-07","September 24, 2021","Registered","BLOCK 1; LOT 16 ; VILLARICA COUNTRY HOMES ; Patubig; MARILAO; BULACAN; REGION III (CENTRAL LUZON); 3019"
"2K8 BUILDERS & CONSTRUCTION SUPPLIES CORPORATION","CS200905161","April 13, 2009","Registered","San Sebastian (Balagbag); LIPA CITY; BATANGAS; REGION IV-A (CALABARZON); 4217"
"2RJM SAND; GRAVEL & CONSTRUCTION SUPPLIES CO.","PG200700304","January 12, 2007","Registered","111 ; CALAMBA; LAGUNA; REGION IV-A (CALABARZON)"
"3J ACTS Construction Supplies and Services Opc","2022060054561-04","June 2, 2022","Registered","K16 026 ; NUMBERS ST ; BF MARTINVILLE ; Manuyo Dos; FOURTH DISTRICT - CITY OF LAS PIAS ; CITY OF LAS PIAS; FOURTH DISTRICT; NATIONAL CAPITAL REGION (NCR); 1745"
"3S1D CONSTRUCTION SUPPLIES AND SERVICES CORPORATION","CS201327011","January 4, 2013","Suspended","NEGROS OCCIDENTAL; REGION VI (WESTERN VISAYAS)"
"4MS BUILDERS AND CONSTRUCTION SUPPLIES INC.","CS201914321","September 23, 2019","Delinquent","248 ; Dela Paz ; SECOND DISTRICT; NATIONAL CAPITAL REGION (NCR); 1606"
"5JB CONSTRUCTION & SUPPLIES CO.","2025060205764-06","June 19, 2025","Registered","206 ; Calzada; BALAYAN; BATANGAS; REGION IV-A (CALABARZON); 4213"
"5N BUILDER & CONSTRUCTION SUPPLIES OPC","2023030089730-04","March 9, 2023","Registered","#132 ; MAHARLIKA HIGHWAY ; PUROK 5 ; Salugan; CAMALIG; ALBAY; REGION V (BICOL REGION); 4502"
"77 STRONG-HOLD CONSTRUCTION SUPPLIES & SERVICES INC.","2022040050283-01","April 25, 2022","Registered","LOT 17 ; UNIT E ; MAIN ROAD ; Igulot; BOCAUE; BULACAN; REGION III (CENTRAL LUZON); 3018"
"888GREEN DRAGON CONSTRUCTION & SUPPLIES; INC.","2023050099052-13","May 15, 2023","Registered","C.L. MONTELIBANO COR. NARRA ST.; ; Villamonte; BACOLOD CITY (Capital); NEGROS OCCIDENTAL; REGION VI (WESTERN VISAYAS); 6100"
"988 CONSTRUCTION & SUPPLIES; INC.","CS200501063","January 26, 2005","Revoked","05 I ; REYES STREET ; PASAY CITY; FOURTH DISTRICT; NATIONAL CAPITAL REGION (NCR)"
"RITCHE-NATHALIE DEVELOPMENT CORPORATION DOING BUSINESS UNDER THE NAME EUPHORIA SOUND AND VISION","2021040011321-03","April 12, 2021","Registered","2nd South Street ; Barangay III- Market Kalubian (Pob.); TANGUB CITY; MISAMIS OCCIDENTAL; REGION X (NORTHERN MINDANAO); 7214"
"128 DRAGON CONSTRUCTION AND SUPPLIES; OPC","2022050052041-01","May 12, 2022","Registered","J. LUKBAN STREET; ; Barangay V (Pob.); DISTRICT II; ; DAET (Capital); CAMARINES NORTE; REGION V (BICOL REGION); 4600"
"AIDFELART CONST. CORP.","CS201408885","May 8, 2014","Registered","ORIENTAL MINDORO; REGION IV-B (MIMAROPA)"
"A.C. LAYSON & CO. INC.","0000032847","January 1, 1967","Revoked","DOMESTIC INSURANCE BLDGPORT AREA MANILA ; CITY OF MANILA; NATIONAL CAPITAL REGION (NCR)"
"ARCILLA SIA LAYSON TECHNOLOGIES INC.","CS200501224","January 27, 2005","Suspended","UNIT 737 CITYLAND CONDOMINIUM ; ESTACIO ST.; ; CITY OF MAKATI; FOURTH DISTRICT; NATIONAL CAPITAL REGION (NCR)"
"ESPINA AGUILAR LAYSON & ASSOCIATES","PP200715189","September 28, 2007","Registered","801 ; BENAVIDEZ ST ; CITY OF MANILA; FIRST DISTRICT; NATIONAL CAPITAL REGION (NCR)"
"J.S. LAYSON & CO. INC.","ES94000226","August 31, 1994","Registered","113-B ; ST. ELIZABETH CENTER ; VALERIA STREET ; ILOILO CITY (Capital); ILOILO; REGION VI (WESTERN VISAYAS)"
"J.S. LAYSON CONS. INC.","ES92000092","June 3, 1992","Registered","ILOILO CITY ; ILOILO; REGION VI (WESTERN VISAYAS)"
"LAYSON BONDOC INTL. INC.","0000133428","June 25, 1986","Registered","Old Airport Road ; ILOILO CITY (Capital); ILOILO; REGION VI (WESTERN VISAYAS); 5000"
"LAYSON BUILDERS CONS. CORP.","0000083918","January 15, 1979","Revoked","FUNDIDOR MOLO ILOILO CITY ; ILOILO; REGION VI (WESTERN VISAYAS)"
"LAYSON CONSTRUCTION & PROPERTY DEVELOPMENT INC.","2024070159665-06","July 15, 2024","Registered","J. S. LAYSON COMPOUND ; OLD AIRPORT ROAD ; Santa Rosa; MANDURRIAO ; ILOILO CITY (Capital); ILOILO; REGION VI (WESTERN VISAYAS); 5000"
"LAYSON ENTERPRISES INCORPORATED","0000032569","June 6, 1967","Revoked","ILOILO CITY (Capital); ILOILO; REGION VI (WESTERN VISAYAS)"
"LAYSON JV & CO.; INC.","CS201027881","May 26, 2010","Registered","OLD AIRPORT; ; Santa Rosa; MANDURRIAO ; ILOILO CITY (Capital); ILOILO; REGION VI (WESTERN VISAYAS)"
"AAGroup Construction & Development Corporation","2025020188273-00","February 13, 2025","Registered","71 ; JOSE ABAD SANTOS AVENUE ; Salawag; CITY OF DASMARIAS; CAVITE; REGION IV-A (CALABARZON); 4114"
"MBP SUNRISE CONSTRUCTION & DEVELOPMENT CORP.","2024060156943-01","June 27, 2024","Registered","#1 ; 2ND FLOOR ; JENMARK BLDG. ; PELICAN ; ST. FRANCIS SUBD ; Pandayan; SAN JUAN CITY ; CITY OF MEYCAUAYAN; BULACAN; REGION III (CENTRAL LUZON); 3020"
""AVRO" CONSTRUCTION & DEVELOPMENT CO.","P000031956","March 17, 1977","Registered","7868 ; MAKATI AVENUE ; CITY OF MAKATI; FOURTH DISTRICT; NATIONAL CAPITAL REGION (NCR)"
"1024 CONSTRUCTION & DEVELOPMENT CORPORATION","CS201223653","December 28, 2012","Registered","U8A ; GENSTAR PLAZA ; GENERAL TRIAS; CAVITE; REGION IV-A (CALABARZON)"
"1993 CITY CONSTRUCTION DEVELOPMENT CORPORATION","CS201103632","March 2, 2011","Delinquent","suite 508 5th floor west plaza bldg.; ; no 66 west avenue ; QUEZON CITY; SECOND DISTRICT; NATIONAL CAPITAL REGION (NCR)"
"1ST NORTH PACIFIC CONSTRUCTION & DEVELOPMENT CORP.","CS201410979","June 5, 2014","Registered","Rm. 1215 Robbinsdale Residences ; #14 G. Araneta Ave.; ; QUEZON CITY; SECOND DISTRICT; NATIONAL CAPITAL REGION (NCR)"
"21TH CONSTRUCTION DEVELOPMENT CORPORATION","CS200808436","May 29, 2008","Registered","NO. 28 LOT 12 BLOCK 94 PHASE VI AFPOVAIL VILLAGE ; R PAPA AVE COR P GARCIA ST ; TAGUIG CITY; FOURTH DISTRICT; NATIONAL CAPITAL REGION (NCR)"
"22 BUILDERS & CONSTRUCTION DEVELOPMENT INC. operating under the name of 22 BC DEVELOPMENT and CUIGO TRADING","2021110033411-10","November 22, 2021","Registered","UNIT 7 ; A. GESON BLDG ; D. JAKOSALEM ST. ; Zapatera; CEBU CITY (Capital); CEBU; REGION VII (CENTRAL VISAYAS); 6000"
"3-MJ CONSTRUCTION & DEVELOPMENT CORPORATION","CS201309559","May 21, 2013","Delinquent","24 ; MT VIEW ST ; BINANGONAN; RIZAL; REGION IV-A (CALABARZON)"
"379 International Construction Development Corporation","2023060105862-08","June 30, 2023","Registered","2C 2ND FLR ; NATIVIDAD P BLDG 2 ; ABLAN AVENUE COR PRIMO LAZARO ST ; Bgy. No. 4; San Guillermo (Pob.); LAOAG CITY (Capital); ILOCOS NORTE; REGION I (ILOCOS REGION); 2900"
"KRYPTONITE 6S BUILDERS INC.","CS201531233","August 27, 2015","Registered","ARINGAY; LA UNION; REGION I (ILOCOS REGION)"
"DMZ CONSTRUCTION CORPORATION","2024020134407-02","February 2, 2024","Registered","#199 ; San Jose; SANTO TOMAS; BATANGAS; REGION IV-A (CALABARZON); 4234"
"E. Y. MERCADO CONSTRUCTION CORPORATION doing business under the name and style of E Y MERCADO CONSTRUCTION","2021070020609-12","July 23, 2021","Registered","BLK 1 LOT 25 ; OLIVAREZ COMPOUND 2 ; San Roque; CITY OF SAN PEDRO; LAGUNA; REGION IV-A (CALABARZON); 4023"
"JMD8 CONSTRUCTION CORPORATION","2025040199061-05","April 25, 2025","Registered","85 ; KAPILIGAN STREET ; Doa Imelda; QUEZON CITY; SECOND DISTRICT; NATIONAL CAPITAL REGION (NCR); 1113"
"(PEC)PHIL. ELECTRIX CONSTRUCTION CORPORATION","CS200519897","December 5, 2005","Registered","_ ; _ ; RIZAL; REGION IV-A (CALABARZON)"
"0212 CONSTRUCTION Corporation","2023060103838-20","June 15, 2023","Registered","HOUSE NO. 388 ; R. DUTERTE STREET ; Guadalupe; CEBU CITY (Capital); CEBU; REGION VII (CENTRAL VISAYAS); 6000"
"10 FIELDS CONSTRUCTION CORPORATION","CS201604035","February 26, 2016","Registered","2507 CITYLAND 10 TOWER 1; ; H.V. DELA COSTA STREET; ; CITY OF MAKATI; FOURTH DISTRICT; NATIONAL CAPITAL REGION (NCR)"
"1013 CONSTRUCTION CORPORATION","CS200413479","September 2, 2004","Revoked","4-K COLUMBIAN INTERNATIONAL TOWERS 500 SANTOL ST.; STA. MESA; ; CITY OF MANILA; FIRST DISTRICT; NATIONAL CAPITAL REGION (NCR)"
"1064 CONSTRUCTION CORPORATION","CS201402037","February 3, 2014","Delinquent","VERBENA ; CITY OF MUNTINLUPA; FOURTH DISTRICT; NATIONAL CAPITAL REGION (NCR)"
"11 DIAMOND EAGLE CONSTRUCTION CORPORATION","CS201951436","March 26, 2019","Registered","35 ; A. MABINI ST. ; LAGUNA; REGION IV-A (CALABARZON); 4023"
"1128 Construction Corporation","2023050099725-04","May 18, 2023","Registered","LIGAO-SABLOYON ROAD ; Batang; CITY OF LIGAO; ALBAY; REGION V (BICOL REGION); 4504"
"JASA GD 2000 CONSTRUCTION CORPORATION","CS201904084","March 14, 2019","Registered","123 ; LA PERLA ; BOLINAO; PANGASINAN; REGION I (ILOCOS REGION); 2406"
"TM ABAD CONSTRUCTION CORP.","CS201817788","August 20, 2018","Registered","URBANO STREET; SITIO BIGA ; Alagao; SAN ILDEFONSO; BULACAN; REGION III (CENTRAL LUZON); 3010"
"INDUSTRIAL CONTROLS CORPORATION (ICC)","0000162101","April 10, 1989","Registered","3F ; ICC - MTC Building ; Old Balara ; Tandang Sora; QUEZON CITY; SECOND DISTRICT; NATIONAL CAPITAL REGION (NCR); 1116"
"Ankor Gaulle Construction and Supply Corporation","CS201970156","October 21, 2019","Registered","25 ; SAN JUAN ST. ; Centro Oriental (Pob.); POLANGUI; ALBAY; REGION V (BICOL REGION); 4501"
"G.D. BARLETA LINE CONSTRUCTION INC.","CS200302084","January 27, 2003","Revoked","LAGUNA; REGION IV-A (CALABARZON)"
"G.D. GARCIA DESIGNS CONSTRUCTION AND SUPPLIES CORP.","CS201804892","April 5, 2018","Delinquent","#26 ; SAN JUAN ST. ; NEGROS OCCIDENTAL; REGION VI (WESTERN VISAYAS); 6100"
"AAGroup Construction & Development Corporation","2025020188273-00","February 13, 2025","Registered","71 ; JOSE ABAD SANTOS AVENUE ; Salawag; CITY OF DASMARIAS; CAVITE; REGION IV-A (CALABARZON); 4114"
"ARAGDON AND CHAVEZ CONSTRUCTION SERVICES CORPORATION","2021070021043-51","July 28, 2021","Registered","MCS BULDING ADVINCULA AVENUE ALAPAN II-A ; Ligtasan; IMUS CITY; CAVITE; REGION IV-A (CALABARZON); 2300"
"BIG JC CONSTRUCTION CORP.","2022060056899-03","June 22, 2022","Registered","1013 S.TEODORO ST. ; Tondo I/II - Barangay 196; CITY OF MANILA; FIRST DISTRICT; NATIONAL CAPITAL REGION (NCR); 1013"
"CLJR CONSTRUCTION OPC","2023080111000-01","August 4, 2023","Registered","4C ; RAYMUNDO AVENUE ; Rosario; CITY OF PASIG; SECOND DISTRICT; NATIONAL CAPITAL REGION (NCR); 1609"
"DMZ CONSTRUCTION CORPORATION","2024020134407-02","February 2, 2024","Registered","#199 ; San Jose; SANTO TOMAS; BATANGAS; REGION IV-A (CALABARZON); 4234"
"DUX CONSTRUCTION INC.","2024100171818-03","October 4, 2024","Registered","BLK 12 LOT 28 ; SAINT PETER STREET ; SAN PEDRO VII ; San Bartolome; QUEZON CITY; SECOND DISTRICT; NATIONAL CAPITAL REGION (NCR); 1116"
"E. Y. MERCADO CONSTRUCTION CORPORATION doing business under the name and style of E Y MERCADO CONSTRUCTION","2021070020609-12","July 23, 2021","Registered","BLK 1 LOT 25 ; OLIVAREZ COMPOUND 2 ; San Roque; CITY OF SAN PEDRO; LAGUNA; REGION IV-A (CALABARZON); 4023"
"JMD8 CONSTRUCTION CORPORATION","2025040199061-05","April 25, 2025","Registered","85 ; KAPILIGAN STREET ; Doa Imelda; QUEZON CITY; SECOND DISTRICT; NATIONAL CAPITAL REGION (NCR); 1113"
"TBB CONSTRUCTION CORP.","CS201218428","October 3, 2012","Registered","841 ; PUROK II ; BULACAN; BULACAN; REGION III (CENTRAL LUZON)"
"2G Builders & Enterprises Company","2022050053523-51","May 25, 2022","Registered","GF ; JBL BUILDING ; JJ LINAO RD. NATIONAL HIGHWAY ; Poblacion; MORONG; BATAAN; REGION III (CENTRAL LUZON); 2108"
"A PLUS CONSTRUX BUILDERS & ENTERPRISES CORP.","CS201606779","April 5, 2016","Delinquent","27 VOLLEYBALL ; MARIQUITA SUBD. ; SANTA ROSA; LAGUNA; REGION IV-A (CALABARZON)"
"A-I-YU BUILDERS & ENTERPRISES; INC.","CS201640025","January 25, 2016","Delinquent","PUROK BOUGAINVILLEA ; ZAMBOANGA DEL NORTE; REGION IX (ZAMBOANGA PENINSULA); 7100"
"AL-PINES BUILDERS & ENTERPRISES CO.","BP95000035","October 25, 1995","Registered","33 C. TABORA BARANGAY; BAGUIO CITY ; BENGUET; CORDILLERA ADMINISTRATIVE REGION (CAR)"
"ALVELE ASIATIC BUILDERS ENTERPRISES INC.","CS201901913","February 6, 2019","Delinquent","84E ; BANAWE; UBAY CORNER SCOUT ALCARAZ STREET ; QUEZON CITY; SECOND DISTRICT; NATIONAL CAPITAL REGION (NCR); 1114"
"AMSL BUILDERS & ENTERPRISES CORP.","2023030091506-02","March 20, 2023","Registered","NAMKWANG ROAD ; PUROK DONA AURORA ; San Antonio; GERONA; TARLAC; REGION III (CENTRAL LUZON); 2302"
"APPE Crest Builders Enterprises OPC","2020120004338-00","December 16, 2020","Registered","PUROK 3 ; PUROK 3 ; PUROK 3 ; AGOHO ; ZONE 3 ; 2ND DISTRICT ; REGION II (CAGAYAN VALLEY); 3527"
"BADILLES BUILDERS ENTERPRISES INC.","CS201908526","May 24, 2019","Registered","langkaan 1 dasmarinas cavite ; blk 9 lot 5 pamela homes ; CAVITE; REGION IV-A (CALABARZON); 4114"
"CDO HAMMER BUILDERS ENTERPRISES CO.","PG201621559","September 21, 2016","Registered","ORO HI-Q WAREHOUSE 4 ; ZONE 3 ; OPOL; MISAMIS ORIENTAL; REGION X (NORTHERN MINDANAO); 9016"
"CREATIVE NATION BUILDERS ENTERPRISES CO.","PG200908279","June 3, 2009","Registered","Unit C19; Centro 1; Centropolis Communities; ; Villonco St. cor. Villasam St. ; CITY OF MUNTINLUPA; FOURTH DISTRICT; NATIONAL CAPITAL REGION (NCR)"
"HUMMING BIRD CONSTRUCTION & SUPPLY CORPORATION","CS201703681","-","Registered","CARLSBERG ROAD ; LOPEZ JAENA STREET ; BACOLOD CITY (Capital); NEGROS OCCIDENTAL; REGION VI (WESTERN VISAYAS); 6100"
"AL-REM KONSTRUCT INC.","CS201719004","June 9, 2017","Registered","221 APO ST. ; MAHARLIKA ; QUEZON CITY; SECOND DISTRICT; NATIONAL CAPITAL REGION (NCR)"
"GALFONS BUILDERS & SUPPLY; INC.","CS201736295","October 30, 2017","Delinquent","SAN PEDRO ST.; ; CALATRAVA; NEGROS OCCIDENTAL; REGION VI (WESTERN VISAYAS); 6126"
"DAV-LEY CONSTRUCTION SERVICES INC.","2021080023196-01","August 23, 2021","Registered","BLOCK 11 LOT 6 PUROK 16 ; 2H ; ST JOSEPH HOMES ; Sirawan; TORIL ; DAVAO CITY; DAVAO DEL SUR; REGION XI (DAVAO REGION); 8000"
"MARKBILT CONSTRUCTION TRADING & DEVELOPMENT CORP.","CS201106188","April 6, 2011","Registered","Purok 6 ; PALAUIG; ZAMBALES; REGION III (CENTRAL LUZON)"
"MARKBILT CONSTRUCTION/TOKWING CONSTRUCTION CORP.","CS201309033","May 9, 2013","Suspended","42E ; BANAHAW ST ; QUEZON CITY; SECOND DISTRICT; NATIONAL CAPITAL REGION (NCR)"
"WBX CONSTRUCTION INC.","CS201317876","September 13, 2013","Registered","201 ; BULACAN; REGION III (CENTRAL LUZON)"
"LUG KONSTRACT; INC.","CS201701865","January 18, 2017","Registered","ZONE 5-B UTAP ; TACLOBAN CITY (Capital); LEYTE; REGION VIII (EASTERN VISAYAS)"
"GLOBALCRETE BUILDERS INC.","CS201514041","July 15, 2015","Registered","620 ; CANDABA; PAMPANGA; REGION III (CENTRAL LUZON)"
"DONATO ? SAKIWAT CONSTRUCTION (D-SC) CO.","PG200631255","December 4, 2006","Registered","MADAYMEN ; MANKAYAN; BENGUET; CORDILLERA ADMINISTRATIVE REGION (CAR)"
"7879 RAD CONSTRUCTION INC.","2022120079534-11","December 21, 2022","Registered","BLOCK 20; LOT 7; PHASE 1 ; DECA HOMES SUBDIVISION ; Dumlog; CITY OF TALISAY; CEBU; REGION VII (CENTRAL VISAYAS); 6045"
"FIRST NORTHWAY DEVELOPMENT AND CONSTRUCTION CORPORATION","0000150635","April 27, 1988","Registered","NATIONAL HIGHWAY ; CITY OF CANDON; ILOCOS SUR; REGION I (ILOCOS REGION)"
"ALRO CONSTRUCTION & DEVELOPMENT CORPORATION","AS92005893","September 4, 1992","Registered","PENARANDA ST. BONOT; LEGAZPI CITY ; ALBAY; REGION V (BICOL REGION)"
"SO TRAM CONSTRUCTION AND CONSULTANCY INC.","CS202102210","February 22, 2021","Registered","BARANGAY ILI SUR ; UNIT 7C MUNICIPAL MARKET; ; LA UNION; REGION I (ILOCOS REGION); 2514"
"AAGroup Construction & Development Corporation","2025020188273-00","February 13, 2025","Registered","71 ; JOSE ABAD SANTOS AVENUE ; Salawag; CITY OF DASMARIAS; CAVITE; REGION IV-A (CALABARZON); 4114"
"ARAGDON AND CHAVEZ CONSTRUCTION SERVICES CORPORATION","2021070021043-51","July 28, 2021","Registered","MCS BULDING ADVINCULA AVENUE ALAPAN II-A ; Ligtasan; IMUS CITY; CAVITE; REGION IV-A (CALABARZON); 2300"
"BIG JC CONSTRUCTION CORP.","2022060056899-03","June 22, 2022","Registered","1013 S.TEODORO ST. ; Tondo I/II - Barangay 196; CITY OF MANILA; FIRST DISTRICT; NATIONAL CAPITAL REGION (NCR); 1013"
"CLJR CONSTRUCTION OPC","2023080111000-01","August 4, 2023","Registered","4C ; RAYMUNDO AVENUE ; Rosario; CITY OF PASIG; SECOND DISTRICT; NATIONAL CAPITAL REGION (NCR); 1609"
"DMZ CONSTRUCTION CORPORATION","2024020134407-02","February 2, 2024","Registered","#199 ; San Jose; SANTO TOMAS; BATANGAS; REGION IV-A (CALABARZON); 4234"
"DUX CONSTRUCTION INC.","2024100171818-03","October 4, 2024","Registered","BLK 12 LOT 28 ; SAINT PETER STREET ; SAN PEDRO VII ; San Bartolome; QUEZON CITY; SECOND DISTRICT; NATIONAL CAPITAL REGION (NCR); 1116"
"E. Y. MERCADO CONSTRUCTION CORPORATION doing business under the name and style of E Y MERCADO CONSTRUCTION","2021070020609-12","July 23, 2021","Registered","BLK 1 LOT 25 ; OLIVAREZ COMPOUND 2 ; San Roque; CITY OF SAN PEDRO; LAGUNA; REGION IV-A (CALABARZON); 4023"
"JMD8 CONSTRUCTION CORPORATION","2025040199061-05","April 25, 2025","Registered","85 ; KAPILIGAN STREET ; Doa Imelda; QUEZON CITY; SECOND DISTRICT; NATIONAL CAPITAL REGION (NCR); 1113"
"MARJETECH CONSTRUCTION & TRADING OPC","2023050101306-02","May 30, 2023","Registered","ZONE 7; ; Santo Domingo; BOMBON; CAMARINES SUR; REGION V (BICOL REGION); 4404"
"RED DIAMOND CONSTRUCTION AND SUPPLY CORPORATION","2023080112295-01","August 14, 2023","Registered","Purok 01 ; San Fernando; SANTO DOMINGO (LIBOG); ALBAY; REGION V (BICOL REGION); 4508"
"J. B. FELIPE CONSTRUCTION CORPORATION","CS201908901","May 31, 2019","Delinquent","7 ; A. G. Tupaz Ave. cor. D. Flor st ; ILOCOS NORTE; REGION I (ILOCOS REGION); 2900"
"Asper Creative Marketing Corporation","CS201907508","May 9, 2019","Registered","35/F & 36/F Penthouse units 1;2 ; 4 ECO Tower Building ; 32nd Street corner 9th Avenue ; Fort Bonifacio; TAGUIG CITY; FOURTH DISTRICT; NATIONAL CAPITAL REGION (NCR); 1630"
"APC Tech and Marketing Consulting Corp.","2024030141890-07","March 15, 2024","Registered","2361 ; M. DE LOS REYES ; Hen. T. De Leon; CITY OF VALENZUELA; THIRD DISTRICT; NATIONAL CAPITAL REGION (NCR); 1442"
"CADEG'S HARDWARE AND GENERAL MERCHANDISE MARKETING CORP.","2022030047067-09","March 23, 2022","Registered","CADEG'S BLDG. ; Tagmanocan; LAZI; SIQUIJOR; REGION VII (CENTRAL VISAYAS); 6228"
"CEBU UNIVERSAL MARKETING INC.","2025090220563-14","September 25, 2025","Registered","UNIT 1621 16TH FLOOR ; CITY SOHO CONDOMINIUM ; B. RODRIGUEZ ST. ; Capitol Site (Pob.); CEBU CITY (Capital); CEBU; REGION VII (CENTRAL VISAYAS); 6000"
"ENDEAVOUR MARKETING INCORPORATED","2022080063777-03","August 12, 2022","Registered","132 ; F.B HARRIZON ; CHINGKANG ST.; ; Barangay 75; PASAY CITY; FOURTH DISTRICT; NATIONAL CAPITAL REGION (NCR); 1300"
"NAHAL MARKETING CORPORATION","2023090115033-00","September 5, 2023","Registered","1710 ; BALTAZAR SUBD. ; Poblacion Norte; PANIQUI; TARLAC; REGION III (CENTRAL LUZON); 2307"
"NEW DELLI MARKETING AND TRADING CORPORATION","2023050099913-02","May 19, 2023","Registered","52 ; MERRIT ST. ; BETTERHOMES SUBD. ; Concepcion Uno; CITY OF MARIKINA; SECOND DISTRICT; NATIONAL CAPITAL REGION (NCR); 1807"
"NEWLAND 21 MARKETING AND DEVELOPMENT; INC.","A199701801","February 3, 1997","Registered","2ND FL. HGL BLDG.; 554 EDSA COR. BIGLANG-AWA ST.; KALOOKAN CITY ; CITY OF MANILA; NATIONAL CAPITAL REGION (NCR)"
"Paperlink Digital Marketing Services Co.","2022080064834-04","August 19, 2022","Registered","3F ; KHUZN'S BLDG. ; MC BRIONES HIGHWAY ; Ibabao-Estancia; MANDAUE CITY; CEBU; REGION VII (CENTRAL VISAYAS); 6014"
"RC TWINS MARKETING CORP.","2022110075950-01","November 17, 2022","Registered","PUROK CENTRO ; Caalibangbangan; CABANATUAN CITY; NUEVA ECIJA; REGION III (CENTRAL LUZON); 3100"
"INFINITUM 888 CONSTRUCTION AND DEVELOPMENT CORPORATION","CS201842826","December 27, 2018","Registered","101 ; Saint Vincent ferrer ; ANGADANAN; ISABELA; REGION II (CAGAYAN VALLEY); 1320"
"AMETHYST HORIZON BUILDERS AND GEN. CONTRACTOR AND DEVELOPMENT CORP.","CS202004122","June 5, 2020","Registered","792 ; 4TH FLOOR; ROOM 403 ; SGC EXECUTIVE BUILDING ; F. MANALO STREET ; Bambang; CITY OF PASIG; SECOND DISTRICT; NATIONAL CAPITAL REGION (NCR); 1600"
"3K BROS. BUILDERS CORP.","2022050054239-03","May 31, 2022","Registered","LOT 2 BLOCK 2 PHASE 2 ; TARLAC STREET ; VILLA ARSENIA SUBDIVISION ; Mambog III; BACOOR CITY; CAVITE; REGION IV-A (CALABARZON); 4102"
"ALDELP AND BROS. BUILDERS CORPORATION","CS201953200","June 17, 2019","Registered","Block 4; lot 28 ; Casamira ; MINGLANILLA; CEBU; REGION VII (CENTRAL VISAYAS); 6046"
"D' BROS. BUILDERS AND SERVICES CORP.","CS201219153","October 12, 2012","Suspended","lot 01 ; BATANGAS; REGION IV-A (CALABARZON)"
"FA-BROS BUILDERS AND TRADING Inc.","CS202004229","June 9, 2020","Registered","Blk. 6 Lot 32 ; Mountain View Subd. ; BULACAN; REGION III (CENTRAL LUZON); 3023"
"Forged Bros. Builders Corp.","2024110179272-59","November 30, 2024","Registered","STERLING COMPOUND ; Patubig; 4TH DISTRICT ; MARILAO; BULACAN; REGION III (CENTRAL LUZON); 3019"
"GUTIERREZ BROS BUILDERS CORP.","CS201627547","November 24, 2016","Delinquent","B26 L8 METROGATE ; DASMA ESTATE ; SAN NARCISO; CAVITE; REGION IV-A (CALABARZON)"
"MARIO BROS. BUILDERS & CONTRACTORS CORP.","A199800369","January 12, 1998","Suspended","NO. 18 IPIL ST.; NORTHVIEW II; FILINVEST; QUEZON CITY ; CITY OF MANILA; NATIONAL CAPITAL REGION (NCR)"
"MASINA BROS. BUILDERS & CONTRACTORS","P000010464","January 1, 1936","Dissolved",""
"THE J. BROS BUILDERS LTD. CO.","2024090169260-05","September 18, 2024","Registered","148 ; M. L. QUEZON AVENUE; ; San Isidro; ANGONO; RIZAL; REGION IV-A (CALABARZON); 1930"
"V-BROS BUILDERS CORPORATION","CS201969181","March 13, 2019","Registered","AMIGOS 3 ; Tinampa-an; CADIZ CITY; NEGROS OCCIDENTAL; REGION VI (WESTERN VISAYAS); 6121"
"DECKTOP BUILDERS CORPORATION","CS201328495","April 4, 2013","Registered","DARECOR BLDG; 2 DOOR 1; ; DAKILA DRIVE; MAGALLANES ST.; ; DAVAO CITY; DAVAO DEL SUR; REGION XI (DAVAO REGION)"
"STEVEN CONSTRUCTION AND SUPPLY J.V. 417 LP CONSTRUCTION Co.","2022050051472-30","May 5, 2022","Registered","PUROK 7 ; Gabon; 3RD ; POLANGUI; ALBAY; REGION V (BICOL REGION); 4506"
"STEVEN CONSTRUCTION AND SUPPLY/JMK BUILDERS CONSTRUCTION (JV) CO.","PG201309209","May 14, 2013","Registered","5 cosette ; dona petrona subd ; QUEZON CITY; SECOND DISTRICT; NATIONAL CAPITAL REGION (NCR)"
"SJAP CONSTRUCTION AND STEVEN CONSTRUCTION AND SUPPLY (JV) COMPANY","PG201970058","June 4, 2019","Registered","LOT 10 BLK 92 ; UNIT B ; REGALADO AVENUE ; Fairview; QUEZON CITY; SECOND DISTRICT; NATIONAL CAPITAL REGION (NCR); 1118"
"2A CONSTRUCTION AND DEV'T CORP.","CS201718767","June 9, 2017","Registered","583 ; SAMPAGUITA ; BOCAUE; BULACAN; REGION III (CENTRAL LUZON)"
"2M-V CONSTRUCTION & DEV'T. CORP.","CS200602126","February 10, 2006","Revoked",""
"2M-V CONSTRUCTION & DEV'T. CORP.","CS20062126","January 10, 2006","Revoked","_ ; H.RALCOM BUSINESS CENTER ; PAMPANGA; REGION III (CENTRAL LUZON)"
"2ND BATTALION MARKETING & DEV`T. CORP.","CS200802059","February 12, 2008","Suspended","428 ; BOCAUE RD. ; BULACAN; REGION III (CENTRAL LUZON)"
"3 J'S CONSTRUCTION & DEV'T. CORP.","CS201412715","July 1, 2014","Suspended","33 RUBY ST.; ; REGALADO AVE.; ; QUEZON CITY; SECOND DISTRICT; NATIONAL CAPITAL REGION (NCR)"
"3A&C REALTY & DEV'T. CORP.","CS201503717","February 27, 2015","Delinquent","Unit 1E; No. 27 ; Sta. Maria Compound 2 ; CITY OF PASIG; SECOND DISTRICT; NATIONAL CAPITAL REGION (NCR); 1610"
"3E INFINITE RESOURCES AND DEV'T. CORP.","CS201822652","October 11, 2018","Registered","197 ; F. MANALO EXTENSION; ; Onse; CITY OF SAN JUAN; SECOND DISTRICT; NATIONAL CAPITAL REGION (NCR); 1007"
"3K REALTY & DEV'T CORP.","CS200814715","September 17, 2008","Delinquent","2029 UNIT 1402 GLOBAL TOWER ; CAPT. REYES ST. ; CITY OF MAKATI; FOURTH DISTRICT; NATIONAL CAPITAL REGION (NCR)"
"3M2A CONSTRUCTION DEV'T. CORP.","CS201713725","April 26, 2017","Delinquent","SITIO CABUGAO ; EL NIDO (BACUIT); PALAWAN; REGION IV-B (MIMAROPA)"
"3MCL REALTY & DEV'T. CORP.","CS201513560","July 9, 2015","Delinquent","LT6 BLK1 C-3 RD ; NBBS ; CITY OF NAVOTAS; THIRD DISTRICT; NATIONAL CAPITAL REGION (NCR)"
"CANLAON BUILDERS AND DEVELOPMENT CORPORATION","CS201125335","February 21, 2011","Registered","ROJAS COMPOUND; ; ARANETA ST.; ; BACOLOD CITY (Capital); NEGROS OCCIDENTAL; REGION VI (WESTERN VISAYAS)"
"KPSL General Contractor Inc. doing business under the name and style of KPSL Gen. Cont.","2021080021666-06","August 3, 2021","Registered","L17 B11 A ; Brookside Lane ; San Francisco; GENERAL TRIAS; CAVITE; REGION IV-A (CALABARZON); 4107"
"JUCONS CONSTRUCTION & SUPPLY INC.","CS201533408","March 26, 2015","Registered","DULAG; LEYTE; REGION VIII (EASTERN VISAYAS)"
"GKMM CONSTRUCTION & SUPPLIES; INC.","CS201729050","August 29, 2017","Registered","UNIT 1801 ; 3TORRE LORENZO ; 966 P. OCAMPO ST. ; Malate - Barangay 719; CITY OF MANILA; FIRST DISTRICT; NATIONAL CAPITAL REGION (NCR); 1004"
"GENETIAN BUILDERS AND ENTERPRISES INCORPORATED","CS201818026","August 20, 2018","Registered","* ; TIGUMA NATIONAL HIGHWAY; BARANGAY ; ZAMBOANGA DEL SUR; REGION IX (ZAMBOANGA PENINSULA); 7016"
"DDC DONATO CONSTRUCTION CORPORATION","2023090114699-16","September 2, 2023","Registered","BLOCK 6; LOT 9; ; PATONG DRIVE CORNER BANGTAO ROAD ; PHUKET MANSIONS ; Inchican; SILANG; CAVITE; REGION IV-A (CALABARZON); 4118"
"6PASTEUR CONSTRUCTION WORKS & SUPPLY CORP.","CS201705013","January 10, 2017","Registered","793 ; HILLSIDE VILLAGE; ; CEBU; REGION VII (CENTRAL VISAYAS); 6045"
"ABEMEL CONSTRUCTION WORKS AND INDUSTRIES COMPANY; INC.","CS200918821","December 7, 2009","Suspended","244&144 ; CITY OF ANTIPOLO; RIZAL; REGION IV-A (CALABARZON)"
"AG CONSTRUCTION WORKS AND SUPPLY CORP.","2023060103090-14","June 9, 2023","Registered","793 ; ABORES ST. ; HILLSIDE VILLAGE ; Bulacao; CITY OF TALISAY; CEBU; REGION VII (CENTRAL VISAYAS); 6045"
"AJAGS ENTERPRISE AND CONSTRUCTION WORKS Company","PG201841530","November 15, 2018","Registered","Howard Subdivision ; Blk 3 Lot 7 Phase 1 ; LAGUNA; REGION IV-A (CALABARZON); 4026"
"AJD DEVELOPMENT; CONSTRUCTION WORKS AND SUPPLY INCORPORATED","CS201848761","December 28, 2018","Registered","PUROK 7 ; ESTOCADA ST. ; Poblacion; KAPATAGAN; LANAO DEL NORTE; REGION X (NORTHERN MINDANAO); 9214"
"BALAI NEHEMIAH CONSTRUCTION WORKS AND MANAGEMENT CORP.","CS201402067","February 3, 2014","Delinquent","B3 L17 ; DANDELION ST ; QUEZON CITY; SECOND DISTRICT; NATIONAL CAPITAL REGION (NCR)"
"CB CONSTRUCTION WORKS INC. doing business under the name/s and style/s of CBCW","2024020134856-00","February 6, 2024","Registered","DOOR 3; SECOND FLOOR ; MQAE BUILDING ; NORTH ROAD ; Poblacion; COMPOSTELA; CEBU; REGION VII (CENTRAL VISAYAS); 6003"
"CEBU PHIDA CONSTRUCTION WORKS INC.","CS20200001093","March 16, 2020","Registered","TCG CENTER ; ULDOG STREET ; Poblacion; CITY OF TALISAY; CEBU; REGION VII (CENTRAL VISAYAS); 6045"
"ENJINIA CONSTRUCTION WORKS; INC.","CS201704318","February 8, 2017","Registered","2F RP MENDOZA BLDG ; DONA SOLEDAD EXT ; CITY OF MANILA; NATIONAL CAPITAL REGION (NCR)"
"FIRSTPOINT CONSTRUCTION WORKS OPC","2023120128876-01","December 21, 2023","Registered","LOT 31 BLOCK 16 PHASE 2 ; KARLAVILLE PARKHOMES ; C. GARCIA ; Perez (Lucbanan); TRECE MARTIRES CITY (Capital); CAVITE; REGION IV-A (CALABARZON); 4109"
"NUEDA BUILDERS CONSTRUCTION & SUPPLY INC.","CS201512105","June 22, 2015","Registered","P. CRUZ ; CITY OF GAPAN; NUEVA ECIJA; REGION III (CENTRAL LUZON)"
"M.G. LUALHATI CONSTRUCTION CORP.","CS200612097","August 2, 2006","Registered","ROOM 406 ; PANAY AVE.; COR. TIMOG AVE.; ; QUEZON CITY; SECOND DISTRICT; NATIONAL CAPITAL REGION (NCR)"
"HUMMING BIRD CONSTRUCTION & SUPPLY CORPORATION","CS201703681","-","Registered","CARLSBERG ROAD ; LOPEZ JAENA STREET ; BACOLOD CITY (Capital); NEGROS OCCIDENTAL; REGION VI (WESTERN VISAYAS); 6100"
"PATRILA BUILDERS; INC.","ES96000050","February 6, 1996","Registered","Mali-ao; PAVIA; ILOILO; REGION VI (WESTERN VISAYAS); 5001"
"INCEP Construction and Development Corp. Doing business under the name and style of INCEP Builders","CS201909228","June 6, 2019","Registered","00 ; HERNAN CORTES ST. ; Banilad; MANDAUE CITY; CEBU; REGION VII (CENTRAL VISAYAS); 6014"
"LEGACY CONSTRUCTION CORPORATION","CS201615002","July 13, 2016","Registered","ROOM 1001 10TH FLOOR ; TEKTITE TOWER WEST ; EXCHANGE ROAD ; San Antonio; CITY OF PASIG; SECOND DISTRICT; NATIONAL CAPITAL REGION (NCR)"
"RB LEGACY CONSTRUCTION CORPORATION","2021120035901-00","December 15, 2021","Registered","BLK 10 LOT 28 ; LEAFBIRD CORNER SANTOL STREET ; ROSEWOOD SUBDIVISION ; Niog II; BACOOR CITY; CAVITE; REGION IV-A (CALABARZON); 1702"
"MWJ Construction Corporation","2021070019570-02","July 13, 2021","Registered","36 JUAN LUNA ST. ; Barangay 27; TACLOBAN CITY (Capital); LEYTE; REGION VIII (EASTERN VISAYAS); 6500"
"BHENLLABIEN BUILDERS CORPORATION","2020080001413-00","August 14, 2020","Registered","993 ; Purok 6 ; San Cristobal; SAN PABLO CITY; LAGUNA; REGION IV-A (CALABARZON); 4000"
"AAGroup Construction & Development Corporation","2025020188273-00","February 13, 2025","Registered","71 ; JOSE ABAD SANTOS AVENUE ; Salawag; CITY OF DASMARIAS; CAVITE; REGION IV-A (CALABARZON); 4114"
"ARAGDON AND CHAVEZ CONSTRUCTION SERVICES CORPORATION","2021070021043-51","July 28, 2021","Registered","MCS BULDING ADVINCULA AVENUE ALAPAN II-A ; Ligtasan; IMUS CITY; CAVITE; REGION IV-A (CALABARZON); 2300"
"BIG JC CONSTRUCTION CORP.","2022060056899-03","June 22, 2022","Registered","1013 S.TEODORO ST. ; Tondo I/II - Barangay 196; CITY OF MANILA; FIRST DISTRICT; NATIONAL CAPITAL REGION (NCR); 1013"
"CLJR CONSTRUCTION OPC","2023080111000-01","August 4, 2023","Registered","4C ; RAYMUNDO AVENUE ; Rosario; CITY OF PASIG; SECOND DISTRICT; NATIONAL CAPITAL REGION (NCR); 1609"
"DMZ CONSTRUCTION CORPORATION","2024020134407-02","February 2, 2024","Registered","#199 ; San Jose; SANTO TOMAS; BATANGAS; REGION IV-A (CALABARZON); 4234"
"DUX CONSTRUCTION INC.","2024100171818-03","October 4, 2024","Registered","BLK 12 LOT 28 ; SAINT PETER STREET ; SAN PEDRO VII ; San Bartolome; QUEZON CITY; SECOND DISTRICT; NATIONAL CAPITAL REGION (NCR); 1116"
"E. Y. MERCADO CONSTRUCTION CORPORATION doing business under the name and style of E Y MERCADO CONSTRUCTION","2021070020609-12","July 23, 2021","Registered","BLK 1 LOT 25 ; OLIVAREZ COMPOUND 2 ; San Roque; CITY OF SAN PEDRO; LAGUNA; REGION IV-A (CALABARZON); 4023"
"JMD8 CONSTRUCTION CORPORATION","2025040199061-05","April 25, 2025","Registered","85 ; KAPILIGAN STREET ; Doa Imelda; QUEZON CITY; SECOND DISTRICT; NATIONAL CAPITAL REGION (NCR); 1113"
"MARJETECH CONSTRUCTION & TRADING OPC","2023050101306-02","May 30, 2023","Registered","ZONE 7; ; Santo Domingo; BOMBON; CAMARINES SUR; REGION V (BICOL REGION); 4404"
"MARSUN CONSTRUCTION; INCORPORATED","2022060054431-02","June 1, 2022","Registered","PAYATAS ROAD CORNER MAHOGANY STREET ; Payatas; QUEZON CITY; SECOND DISTRICT; NATIONAL CAPITAL REGION (NCR); 1119"
"SNN BUILDERS AND CONSTRUCTION SUPPLY Corporation","CS201804679","April 3, 2018","Registered","AND GAZMEN STREET ; CORNER CIRCUMFERENTIAL ROAD ; DAVAO DEL NORTE; REGION XI (DAVAO REGION); 8100"
"ALMRIN BUILDERS CORPORATION","2021070021134-00","July 29, 2021","Registered","Panacan 2; NARRA; PALAWAN; REGION IV-B (MIMAROPA); 5303"
"ARAGDON AND CHAVEZ CONSTRUCTION SERVICES CORPORATION","2021070021043-51","July 28, 2021","Registered","MCS BULDING ADVINCULA AVENUE ALAPAN II-A ; Ligtasan; IMUS CITY; CAVITE; REGION IV-A (CALABARZON); 2300"
""JUST US" INDUSTRIAL & CONSTRUCTION SERVICES INC.","CS200802980","February 28, 2008","Suspended","OROVILLE ; CABUYAO CITY; LAGUNA; REGION IV-A (CALABARZON)"
"1-ETF Construction Services Opc","2024020137157-05","February 20, 2024","Registered","TABIANDO ST. ; AMUNTAY ROAD ; Zone III (Pob.); CITY OF DASMARIAS; CAVITE; REGION IV-A (CALABARZON); 4114"
"1427 TRADING & CONSTRUCTION SERVICES CO.","PG201431725","July 25, 2014","Registered","BLK 9 LOT 7 ; EQUALITY ST.; SGR VILLAGE ; DAVAO CITY; DAVAO DEL SUR; REGION XI (DAVAO REGION)"
"15O5 Construction Services Co.","2024030143530-04","April 2, 2024","Registered","UNIT 7 ; PLAZA ERLINDA BLDG. ; CORNER DON PEPE ST. AND MAGALANG AVENUE ; Ninoy Aquino (Marisol); ANGELES CITY; PAMPANGA; REGION III (CENTRAL LUZON); 2009"
"2D Construction Services Company","2023100119803-00","October 6, 2023","Registered","1 ; DAANGBAKAL ; DELOS ANGELES ; Dulong Bayan 2; 3RD ; SAN MATEO; RIZAL; REGION IV-A (CALABARZON); 1850"
"2G Construction Services Inc.","2025100223288-00","October 15, 2025","Registered","UNIT 3008 VINIA RESIDENCES ; VERSAFLATS CONDOMINIUM ; Phil-Am; QUEZON CITY; SECOND DISTRICT; NATIONAL CAPITAL REGION (NCR); 1104"
"3'S MACAPOBRE CONSTRUCTION SERVICES CORP.","2023070108262-36","July 17, 2023","Registered","BLK 10 LOT 50 ; CAMIA ST ; TS CRUZ SUBD. ; Almanza Dos; CITY OF LAS PIAS; FOURTH DISTRICT; NATIONAL CAPITAL REGION (NCR); 1750"
"3-A'S CONSTRUCTION SERVICES INC.","CS201418846","September 26, 2014","Delinquent","PUROK 5 ; CITY OF MASBATE (Capital); MASBATE; REGION V (BICOL REGION)"
"3AMR CONSTRUCTION SERVICES INC.","2024060156437-08","June 24, 2024","Registered","VI ; BATONGBAKAL ST ; Tabing Bakod; SANTA MARIA; BULACAN; REGION III (CENTRAL LUZON); 1900"
"ADAMANT DEVELOPMENT CORPORATION","2022080065907-01","August 29, 2022","Registered","SBTR CORNER A. MABINI ST. ; Tapon; DUMANJUG; CEBU; REGION VII (CENTRAL VISAYAS); 6035"
"FRONT NINE KONSTRUCT (BUILDERS & REALTY DEVELOPMENT) CORPORATION","CS201401727","January 28, 2014","Registered","LOT 26 ; CABANATUAN CITY; NUEVA ECIJA; REGION III (CENTRAL LUZON)"
"EINS HANA CONSTRUCTION CORPORATION","CS201618037","August 10, 2016","Registered","02 ; J.L. GUERERRO AVE. ; LAMBAYONG (MARIANO MARCOS); SULTAN KUDARAT; REGION XII (SOCCSKSARGEN)"
"MANCOL CONSTRUCTION CORPORATION","CS201735541","October 20, 2017","Registered","38 REGINA ST.; REGINA VILLAGE ; Pasong Tamo; QUEZON CITY; SECOND DISTRICT; NATIONAL CAPITAL REGION (NCR); 1107"
"DICA CONST. & DEVELOPMENT CORP.","CS201622941","September 30, 2016","Registered","PUROK 5 ; SOLSOGON ; CALBAYOG CITY; SAMAR; REGION VIII (EASTERN VISAYAS)"
"QG DEVELOPMENT CORPORATION","2022080063902-00","August 12, 2022","Registered","Basdiot; MOALBOAL; CEBU; REGION VII (CENTRAL VISAYAS); 6032"
"AAGroup Construction & Development Corporation","2025020188273-00","February 13, 2025","Registered","71 ; JOSE ABAD SANTOS AVENUE ; Salawag; CITY OF DASMARIAS; CAVITE; REGION IV-A (CALABARZON); 4114"
"Alpha Dragon Leisure and Development Corporation","2024010133312-12","January 26, 2024","Registered","5 ; ILANG ILANG ; Bahay Toro; QUEZON CITY; SECOND DISTRICT; NATIONAL CAPITAL REGION (NCR); 1106"
"E & D REALTY AND DEVELOPMENT CORPORATION","2022110075974-04","November 17, 2022","Registered","CARTAGENA STREET ; Ilaud Poblacion; 4TH ; BAROTAC NUEVO; ILOILO; REGION VI (WESTERN VISAYAS); 5007"
"FAMILY HOME REALTY AND DEVELOPMENT CORPORATION","2023070109265-47","July 24, 2023","Registered","PUROK 1 MAHARLIKA H WAY ; Osmea (Sinippil); ILAGAN CITY (Capital); ISABELA; REGION II (CAGAYAN VALLEY); 3300"
"NYKE DEVELOPMENT CORPORATION doing business under the name/s and style/s of Nyke Construction","2023030092748-00","March 28, 2023","Registered","BLOCK 31 LOTS 1 AND 2 ; PORTLAND STREET ; ROYALE CEBU ESTATES ; Poblacion Occidental; CONSOLACION; CEBU; REGION VII (CENTRAL VISAYAS); 6001"
"" PANGASINAN DEVELOPMENT CORPORATION"","0000026195","November 25, 1964","Revoked","DAGUPAN CITY; PANGASINAN; REGION I (ILOCOS REGION)"
""A & A AGRO DEVELOPMENT CORPORATION"","0000035869","July 24, 1968","Suspended","REAL STREET ; CITY OF LAS PIAS; FOURTH DISTRICT; NATIONAL CAPITAL REGION (NCR)"
""A.A. ALEDIA AGRO-FISHERIES DEVELOPMENT CORPORATION"","0000076032","October 7, 1977","Registered","GUERRERO ST. ; DAVAO CITY; DAVAO DEL SUR; REGION XI (DAVAO REGION)"
""BENILUZ DEVELOPMENT CORPORATION"","0000075623","September 13, 1977","Registered","J. RIZAL ST. ; CITY OF MAKATI; FOURTH DISTRICT; NATIONAL CAPITAL REGION (NCR)"
"ORANI CONSTRUCTION AND SUPPLY CORP.","CS201907423","May 8, 2019","Registered","103 ; District 1; Brgy. Talimundoc ; ORANI; BATAAN; REGION III (CENTRAL LUZON); 2112"
"GICAR CONSTRUCTION; INC.","CS201028396","June 9, 2010","Registered","00831; ; San Nicolas Street; ; SURIGAO CITY (Capital); SURIGAO DEL NORTE; REGION XIII (Caraga)"
"120 OVER CONSTRUCTION CO.","2023050098893-02","May 12, 2023","Registered","407 PUROK 2 ; Santa Ines; GUAGUA; PAMPANGA; REGION III (CENTRAL LUZON); 2003"
"JARGON CONSTRUCTION & SUPPLY CORPORATION","CS201735885","October 24, 2017","Registered","Magbanua St. ; ISULAN (Capital); SULTAN KUDARAT; REGION XII (SOCCSKSARGEN); 9808"
"Francisco Construction and Supply Corp. doing business under the name/s and style/s of INFRACONTRACO","2023060105236-04","June 26, 2023","Registered","LOT 8; BLOCK 1; PHASE 11 ; B & C BUILDING ; MALARIA ROAD ; MALARIA NHC VILLAGE ; Barangay 185; CALOOCAN CITY; THIRD DISTRICT; NATIONAL CAPITAL REGION (NCR); 1427"
"P.M. FRANCISCO CONSTRUCTION CO.","P000024288","March 26, 1973","Registered","36-A ; PAZ STREET ; CITY OF MALABON; THIRD DISTRICT; NATIONAL CAPITAL REGION (NCR)"
"CRJ CONST AND DEVELOPMENT Inc.","CS201961884","May 9, 2019","Registered","0 ; Ochoa Ave ; AGUSAN DEL NORTE; REGION XIII (Caraga); 9600"
"INDAYS FOOD INDUSTRIES PHILS. INC.","C200201218","October 28, 2002","Delinquent",""
"INDEPENDENT INDUSTRIES INC.","0000023862","January 1, 1963","Revoked","123 PIONEER ST.; MANDALUYONG; METRO MLA. ; CITY OF MANILA; NATIONAL CAPITAL REGION (NCR)"
"INDEX INDUSTRIES INC.","0000078129","February 14, 1978","Revoked","91 NEW YORK ST COR PURDUE CUBAO QUEZON CITY M-M ; CITY OF MANILA; NATIONAL CAPITAL REGION (NCR)"
"INDO PHIL. PHARMACEUTICAL INDUSTRIES INC.","0000184264","November 29, 1990","Revoked","2B 120 ALFARO ST SALCEDO VILLAGE MAKATI M-M ; CITY OF MANILA; NATIONAL CAPITAL REGION (NCR)"
"INDOFIL INDUSTRIES CO. LTD.","P000034740","June 28, 1979","Expired",""
"INDSOR METAL INDUSTRIES; CO.","PG201230526","June 26, 2012","Registered","EMRYS BUILDING; ; SUNNY LANE; ; ILIGAN CITY; LANAO DEL NORTE; REGION X (NORTHERN MINDANAO)"
"INDTRADE INDUSTRIES CORP.","A199715641","August 14, 1997","Revoked","18 MAGNOLIA ST.; PHASE 6 21 SAN PEDRO; LAGUNA ; LAGUNA; REGION IV-A (CALABARZON)"
"INDUSTRIES & BUSINESS SUPPORT INC.","A199715196","August 21, 1997","Revoked","BLK. 2 LOT 32 SOUTHWIND ESTATE SOREENS AVE. PARANAQUE MM ; CITY OF MANILA; NATIONAL CAPITAL REGION (NCR)"
"INDUSTRIES DEV. CORP.","0000019430","September 14, 1961","Registered","METRO MANILA ; CITY OF MANILA; NATIONAL CAPITAL REGION (NCR)"
"INDUSTRIES FOR A CLEAN ENVIRONMENT INC.","A200012697","October 9, 2000","Revoked","41 PANAY AVENUE QUEZON CITY METRO MANILA ; CITY OF MANILA; NATIONAL CAPITAL REGION (NCR)"
"MAVERICK BUILDERS INCORPORATED","CS200628707","July 27, 2006","Registered","22-A ; PARK AVENUE COR. BOUGAINVILLEA STREET ; DAVAO CITY; DAVAO DEL SUR; REGION XI (DAVAO REGION)"
"Aksum Contracting Corporation","CS201960507","May 14, 2019","Registered","JC10 ; Central Pico ; BENGUET; CORDILLERA ADMINISTRATIVE REGION (CAR); 2601"
"A PLUS CONSTRUCTION AND DEVELOPMENT CORP.","CS201815655","July 30, 2018","Registered","MAHARLIKA HIGHWAY ; Lusacan; TIAONG; QUEZON; REGION IV-A (CALABARZON); 4325"
"A PROPERTY DEVELOPMENT & CONSTRUCTION CORPORATION doing business under the names and styles of ISOBEL CONDOMINIUM AND DORMITORY and INDY & ANDO TWIN TOWERS","A200202650","February 15, 2002","Registered","HSO TOWER 1 ; PUROK 6 ; Poblacion IV; CLARIN; MISAMIS OCCIDENTAL; REGION X (NORTHERN MINDANAO); 7201"
"AAGroup Construction & Development Corporation","2025020188273-00","February 13, 2025","Registered","71 ; JOSE ABAD SANTOS AVENUE ; Salawag; CITY OF DASMARIAS; CAVITE; REGION IV-A (CALABARZON); 4114"
"ARAGDON AND CHAVEZ CONSTRUCTION SERVICES CORPORATION","2021070021043-51","July 28, 2021","Registered","MCS BULDING ADVINCULA AVENUE ALAPAN II-A ; Ligtasan; IMUS CITY; CAVITE; REGION IV-A (CALABARZON); 2300"
"BIG JC CONSTRUCTION CORP.","2022060056899-03","June 22, 2022","Registered","1013 S.TEODORO ST. ; Tondo I/II - Barangay 196; CITY OF MANILA; FIRST DISTRICT; NATIONAL CAPITAL REGION (NCR); 1013"
"CLJR CONSTRUCTION OPC","2023080111000-01","August 4, 2023","Registered","4C ; RAYMUNDO AVENUE ; Rosario; CITY OF PASIG; SECOND DISTRICT; NATIONAL CAPITAL REGION (NCR); 1609"
"DMZ CONSTRUCTION CORPORATION","2024020134407-02","February 2, 2024","Registered","#199 ; San Jose; SANTO TOMAS; BATANGAS; REGION IV-A (CALABARZON); 4234"
"DUX CONSTRUCTION INC.","2024100171818-03","October 4, 2024","Registered","BLK 12 LOT 28 ; SAINT PETER STREET ; SAN PEDRO VII ; San Bartolome; QUEZON CITY; SECOND DISTRICT; NATIONAL CAPITAL REGION (NCR); 1116"
"E. Y. MERCADO CONSTRUCTION CORPORATION doing business under the name and style of E Y MERCADO CONSTRUCTION","2021070020609-12","July 23, 2021","Registered","BLK 1 LOT 25 ; OLIVAREZ COMPOUND 2 ; San Roque; CITY OF SAN PEDRO; LAGUNA; REGION IV-A (CALABARZON); 4023"
"JMD8 CONSTRUCTION CORPORATION","2025040199061-05","April 25, 2025","Registered","85 ; KAPILIGAN STREET ; Doa Imelda; QUEZON CITY; SECOND DISTRICT; NATIONAL CAPITAL REGION (NCR); 1113"
"1 MERITUS GENERAL CONSTRUCTION CORP.","CS201329563","April 17, 2013","Registered","PUROK LIWAYWAY; ; ESPERANZA; SULTAN KUDARAT; REGION XII (SOCCSKSARGEN)"
"101 General Construction and Supply CO.","PG201970110","August 27, 2019","Registered","102 ; SAN JOSE STREET ; Pagatpat (San Jose); CALABANGA; CAMARINES SUR; REGION V (BICOL REGION); 4405"
"3032 GENERAL CONSTRUCTION CORP. Doing business under HaligueHomes","CS202106099","June 3, 2021","Registered","267 ; 8th Avenue 2nd Street ; CALOOCAN CITY; THIRD DISTRICT; NATIONAL CAPITAL REGION (NCR); 1403"
"3RBK GENERAL CONSTRUCTION AND SUPPLIES Corporation","CS201964998","September 16, 2019","Registered","UNIT NO. 5 ; LEON KILAT STREET ; Poblacion 4; BUENAVISTA; AGUSAN DEL NORTE; REGION XIII (Caraga); 8601"
"467 GENERAL CONSTRUCTION CORP.","2022110074636-01","November 7, 2022","Registered","YATI ROAD ; BAYONG ; Tayud; LILOAN; CEBU; REGION VII (CENTRAL VISAYAS); 6002"
"4WARD GENERAL CONSTRUCTION & SERVICES INC.","CS200419381","-","Registered","B17 L13 P3 ; VILLA DE CALAMBA ; CALAMBA; LAGUNA; REGION IV-A (CALABARZON)"
"5J TRADING AND GENERAL CONSTRUCTION CO.","PG200311530","May 23, 2003","Registered","UNIT6 1109 CITYLAND SHAW TOWER COR ST. FRANCIS ST. SHAW BLVD. ; CITY OF MANDALUYONG; SECOND DISTRICT; NATIONAL CAPITAL REGION (NCR)"
"A.D. Marrero General Construction Corp.","2025030193134-06","March 13, 2025","Registered","2250 ; CALIFORNIA ST. ; VILLASOL SUBD. ; Anunas; ANGELES CITY; PAMPANGA; REGION III (CENTRAL LUZON); 2009"
"A.P.O. GENERAL CONSTRUCTION OPC","2025090217338-27","September 5, 2025","Registered","APB 09 ; AMBIONG ROAD ; Ambiong; LA TRINIDAD (Capital); BENGUET; CORDILLERA ADMINISTRATIVE REGION (CAR); 2601"
"A.S PEREZ GENERAL CONSTRUCTION AND TRADING CO. LTD.","PL201539998","September 11, 2015","Registered","1362 ; SITIO BAGONG BARRIO ; CITY OF TARLAC (Capital); TARLAC; REGION III (CENTRAL LUZON)"
"T. GAMAYO CONSTRUCTION SUPPLY INC.","CS201607407","April 13, 2016","Registered","PINILI JUNCTION ; PINILI; ILOCOS NORTE; REGION I (ILOCOS REGION)"
"HEBREWS BUILDERS AND CONSTRUCTION CORP.","CS201918994","November 18, 2019","Registered","#01 ; OSMENA STREET ; BATAAN; REGION III (CENTRAL LUZON); 2100"
"ARTHIT CORPORATION","CS201531207","August 20, 2015","Registered","KM. 399; NATIONAL HIGHWAY ; Taleb; BANTAY; ILOCOS SUR; REGION I (ILOCOS REGION); 2727"
"CRIZEL CONSTRUCTION AND CONCRETE PRODUCTS CORPORATION","2022030045181-00","March 9, 2022","Registered","041 MARTINEZ ST.; ; Miputak (Pob.); DIPOLOG CITY (Capital); ZAMBOANGA DEL NORTE; REGION IX (ZAMBOANGA PENINSULA); 7100"
"KAUIE BUILDERS & SUPPLIES INC.","2024060154724-03","June 11, 2024","Registered","1 ; 1 ; TAN ; NATIONAL HIGHWAY COR. IMELDA LANE ; IMELDA ; Imelda; TOLOSA ; TOLOSA; LEYTE; REGION VIII (EASTERN VISAYAS); 6503"
"A.L. SALAZAR CONSTRUCTION; INC.","0000089211","October 24, 1979","Registered","Unit 108 ; 3A's & E Building ; Mc Arthur Highway ; Borol 1st; BALAGTAS (BIGAA); BULACAN; REGION III (CENTRAL LUZON); 3016"
"AAGroup Construction & Development Corporation","2025020188273-00","February 13, 2025","Registered","71 ; JOSE ABAD SANTOS AVENUE ; Salawag; CITY OF DASMARIAS; CAVITE; REGION IV-A (CALABARZON); 4114"
"1024 CONSTRUCTION & DEVELOPMENT CORPORATION","CS201223653","December 28, 2012","Registered","U8A ; GENSTAR PLAZA ; GENERAL TRIAS; CAVITE; REGION IV-A (CALABARZON)"
"1993 CITY CONSTRUCTION DEVELOPMENT CORPORATION","CS201103632","March 2, 2011","Delinquent","suite 508 5th floor west plaza bldg.; ; no 66 west avenue ; QUEZON CITY; SECOND DISTRICT; NATIONAL CAPITAL REGION (NCR)"
"21TH CONSTRUCTION DEVELOPMENT CORPORATION","CS200808436","May 29, 2008","Registered","NO. 28 LOT 12 BLOCK 94 PHASE VI AFPOVAIL VILLAGE ; R PAPA AVE COR P GARCIA ST ; TAGUIG CITY; FOURTH DISTRICT; NATIONAL CAPITAL REGION (NCR)"
"3-MJ CONSTRUCTION & DEVELOPMENT CORPORATION","CS201309559","May 21, 2013","Delinquent","24 ; MT VIEW ST ; BINANGONAN; RIZAL; REGION IV-A (CALABARZON)"
"379 International Construction Development Corporation","2023060105862-08","June 30, 2023","Registered","2C 2ND FLR ; NATIVIDAD P BLDG 2 ; ABLAN AVENUE COR PRIMO LAZARO ST ; Bgy. No. 4; San Guillermo (Pob.); LAOAG CITY (Capital); ILOCOS NORTE; REGION I (ILOCOS REGION); 2900"
"4JC1 CONSTRUCTION DEVELOPMENT CORPORATION","2023010083063-01","January 24, 2023","Registered","45 ; PROVINCIAL ROAD; ; Pallua Sur; TUGUEGARAO CITY (Capital); CAGAYAN; REGION II (CAGAYAN VALLEY); 3500"
"4TH MALDEN CONSTRUCTION & DEVELOPMENT CORPORATION","CS201501852","February 4, 2015","Delinquent","BLK3-D JASMINE ST. COR. RASPBERRY ; RUBY PARK; VICTORIA ; CITY OF MUNTINLUPA; FOURTH DISTRICT; NATIONAL CAPITAL REGION (NCR)"
"79 CORNERSTONE CONSTRUCTION DEVELOPMENT CORPORATION","CS201333933","December 13, 2013","Registered","BELTRAN-CORDERO BLDG.; ; DIAPO SUBD.; 51 TOTING REYES EXT. ; Buswang New; KALIBO (Capital); AKLAN; REGION VI (WESTERN VISAYAS)"
"7A CONSTRUCTION & DEVELOPMENT CORPORATION","CS200613252","August 23, 2006","Suspended","64 ; LUIS PALAD ST.; ; CITY OF TAYABAS; QUEZON; REGION IV-A (CALABARZON)"
"LUMEL GLENN CONSTRUCTION INC.","2024080165769-17","August 26, 2024","Registered","J P RIZAL ST ; Poblacion; MANSALAY; ORIENTAL MINDORO; REGION IV-B (MIMAROPA); 5213"
"E.R. RODRIGUEZ CONSTRUCTION CORPORATION","CS202004690","June 23, 2020","Registered","BATO; CATANDUANES; REGION V (BICOL REGION); 4801"
"J.C. RODRIGUEZ CONSTRUCTION CORPORATION","0000143030","July 31, 1987","Registered","167 RIZAL AVE; RODRIGUEZ; RIZAL ; RIZAL; REGION IV-A (CALABARZON)"
"L&M RODRIGUEZ CONSTRUCTION AND TRADING INC.","CS201619158","August 22, 2016","Registered","126 ABAD SANTOS ; RECAIDO SUBD. ; PUERTO PRINCESA CITY (Capital); PALAWAN; REGION IV-B (MIMAROPA)"
"NIRVANA CONSTRUCTION AND SUPPLIES L AND M RODRIGUEZ CONSTRUCTION AND TRADING INC. JOINT VENTURE CO.","PG202003963","May 28, 2020","Registered",". ; National Highway ; PALAWAN; REGION IV-B (MIMAROPA); 5323"
"RIVBROS CONSTRUCTION FACTORS AND DEVELOPMENT - L AND M RODRIGUEZ CONSTRUCTION AND TRADING INC. JOINT VENTURE CO.","PG202003897","May 26, 2020","Registered","National Highway ; PALAWAN; REGION IV-B (MIMAROPA); 5304"
"J-THREE BAGWIS CONSTRUCTION COMPANY","PG201701264","January 13, 2017","Registered","L. DE OCAMPO ; GUIMBA; NUEVA ECIJA; REGION III (CENTRAL LUZON)"
"SHEEN-SHEEN CONSTRUCTION CORPORATION","CS201701166","January 16, 2017","Registered","PLARIDEL STREET ; MAMBAJAO (Capital); CAMIGUIN; REGION X (NORTHERN MINDANAO); 9100"
"KYRO BUILDERS; INC.","CS201305876","March 21, 2013","Registered","14 ; ONGJIANGCO ST ; GUIMBA; NUEVA ECIJA; REGION III (CENTRAL LUZON)"
"LLM UNIFIED BUILDERS & TRADING CORP.","CS201430451","May 5, 2014","Registered","Prk. 5 ; KAPALONG; DAVAO DEL NORTE; REGION XI (DAVAO REGION); 8113"
"TOUGHBUILT CONSTRUCTION & TRADING; INC.","CS201115445","September 5, 2011","Registered","RM 316 ANITA BLDG.; ; 1300 QUEZON AVENUE ; QUEZON CITY; SECOND DISTRICT; NATIONAL CAPITAL REGION (NCR)"
"FIVE TRAVELLERS CONSTRUCTION INC.","CS201913899","August 19, 2019","Registered","64 ; BACOOD ; MARILAO; BULACAN; REGION III (CENTRAL LUZON); 3019"
"AGONG BUILDERS AND CONSTRUCTION SUPPLY INC.","CS201536530","June 28, 2015","Registered","285 ; CARNATION ; DAVAO CITY; DAVAO DEL SUR; REGION XI (DAVAO REGION); 8000"
"11 DIAMOND EAGLE CONSTRUCTION CORPORATION","CS201951436","March 26, 2019","Registered","35 ; A. MABINI ST. ; LAGUNA; REGION IV-A (CALABARZON); 4023"
"R.U. BUILDERS INC.","C200000141","February 3, 2000","Suspended","MABOLO CEBU CITY ; CEBU; REGION VII (CENTRAL VISAYAS)"
"3EJ BUILDERS AND FABRICATIONS COMPANY","2025040199739-14","May 2, 2025","Registered","BLOCK 7 ; OCAMPO STREET ; Ungot; CITY OF TARLAC (Capital); TARLAC; REGION III (CENTRAL LUZON); 2300"
"CHANCEUX BUILDERS DEPOT CORP.","2020090002043-07","September 14, 2020","Registered","47 ; . ; . ; ; ; VISAYAS AVE ; Vasra; . ; QUEZON CITY; SECOND DISTRICT; NATIONAL CAPITAL REGION (NCR); 1630"
"FIRST CHOICE BUILDERS CORP.","2025050200003-04","May 5, 2025","Registered","BLOCK 32 LOT 8 PHASE 2 ; TULIP ; SOLDIERS HILLS IV ; Molino IV; BACOOR CITY; CAVITE; REGION IV-A (CALABARZON); 4102"
"HI-TEMP BUILDERS CORPORATION","2022060055046-09","June 7, 2022","Registered","504 ; SAMPAGUITA ; Buhangin (Pob.); DAVAO CITY; DAVAO DEL SUR; REGION XI (DAVAO REGION); 8000"
"Scout Builders Hardware Supply OPC","2024080166123-00","August 28, 2024","Registered","39 ; SCT. YBARDOLAZA ; Sacred Heart; SECOND DISTRICT - QUEZON CITY ; QUEZON CITY; SECOND DISTRICT; NATIONAL CAPITAL REGION (NCR); 1103"
"Sinirangan Builders Corp.","2023100121813-00","October 19, 2023","Registered","Poblacion Ward 12; BUTAK ; GUIUAN; EASTERN SAMAR; REGION VIII (EASTERN VISAYAS); 6809"
"TaxMan Builders Corporation","2024100174086-14","October 21, 2024","Registered","NMTTI BUILDING ; ABELLANOSA ; RAMIRO COMPOUND ; Consolacion; CAGAYAN DE ORO CITY (Capital); MISAMIS ORIENTAL; REGION X (NORTHERN MINDANAO); 9015"
"THE KINGDOM BUILDERS ASSOCIATION ; INC.","2023010080114-00","January 3, 2023","Registered","BUILDERS COMPOUND; PUROK MAGINHAWA; ; Bagong Sikat; SCIENCE CITY OF MUOZ; NUEVA ECIJA; REGION III (CENTRAL LUZON); 3119"
""JECCA BUILDERS; INCORPORATED"","0000067245","April 26, 1976","Registered","CITY OF TARLAC (Capital); TARLAC; REGION III (CENTRAL LUZON)"
"EMSYM Construction Corp.","2022060055805-01","June 13, 2022","Registered","397 ; G/F ; EMSYM APT. ; TANGUILE ST. ; Cembo; CITY OF MAKATI; FOURTH DISTRICT; NATIONAL CAPITAL REGION (NCR); 1214"
"J.D. LEGASPI CONSTRUCTION CORP.","A200100839","January 23, 2001","Suspended","114 JOY ST.; BETTERLIVING; PARANAQUE; CITY ; CITY OF MANILA; NATIONAL CAPITAL REGION (NCR)"
"JD LEGASPI CONSTRUCTION ADASFA SDN BHD JOINT VENTURE LTD. COMPANY doing business under the name and style of JD LEGASPI CONSTRUCTION ADASFA SDN BHD JOINT VENTURE","2024040147723-14","April 26, 2024","Registered","3/F ; 116 LEGASPI BLDG. ; 116 AGUIRRE ST. ; LEGASPI VILLAGE ; San Lorenzo; CITY OF MAKATI; FOURTH DISTRICT; NATIONAL CAPITAL REGION (NCR); 1229"
"RE LEGASPI CONSTRUCTION CORP.","2022060055707-12","June 13, 2022","Registered","2574 ; PRINCESS FLORESCA ST. ZONE 94 ; Pandacan - Barangay 860; DISTRICT VI ; CITY OF MANILA; FIRST DISTRICT; NATIONAL CAPITAL REGION (NCR); 1011"
"A. DELA CRUZ BUILDERS INC.","CS201417819","September 12, 2014","Registered","# 12 ; E. Ramos ; QUEZON CITY; SECOND DISTRICT; NATIONAL CAPITAL REGION (NCR); 1101"
"A.L. CRUZ BUILDERS CONSTRUCTION CORP.","2023090118761-09","September 28, 2023","Registered","LOT6 BLOCK2 PH2 ; KISKADEE ST ; MONTEVERDE ROYALE ; San Juan; TAYTAY; RIZAL; REGION IV-A (CALABARZON); 1920"
"BALINBALITOC INC. DOING BUSINESS UNDER THE NAME AND STYLE OF ENGALBI LEASING AND STA. CRUZ BUILDERS INC.","CS201019209","December 13, 2010","Registered","L2 B7 VILLA LOURDES SUBD; ; CONGRESSIONAL AVE. ; QUEZON CITY; SECOND DISTRICT; NATIONAL CAPITAL REGION (NCR)"
"JAR CRUZ BUILDERS CORPORATION","CS20200000752","February 21, 2020","Registered","San Jose (Pob.); CITY OF NAVOTAS; THIRD DISTRICT; NATIONAL CAPITAL REGION (NCR); 1485"
"LBC CRUZ BUILDERS CORPORATION","CS201216434","September 7, 2012","Registered","42 ; VIOLETA VILLAGE ; GUIGUINTO; BULACAN; REGION III (CENTRAL LUZON)"
"MACABEO-CRUZ BUILDERS CO.","A200117664","November 23, 2001","Registered","ABI-102 HARDEN NG ROSAS U.P. CAMPUS QUEZON CITY ; CITY OF MANILA; NATIONAL CAPITAL REGION (NCR)"
"MARC S. CRUZ BUILDERS & TRADING INC.","CS201624555","October 20, 2016","Delinquent","26 NARRA RD.; ; L&S SUBDIVISION ; ANGELES CITY; PAMPANGA; REGION III (CENTRAL LUZON)"
"PLC P.L. CRUZ BUILDERS INC.","AS94005274","June 10, 1994","Revoked","43 VELASQUEZ ST. TAYTAY; RIZAL ; RIZAL; REGION IV-A (CALABARZON)"
"TOLENTINO-CRUZ BUILDERS CO.","P000040183","September 17, 1984","Registered","1040 ; G.G. CRUZ STREET ; CITY OF PARAAQUE; FOURTH DISTRICT; NATIONAL CAPITAL REGION (NCR)"
"TRI-CRUZ BUILDERS & DEV.; INC.","AS93007925","October 11, 1993","Revoked","#22 5TH ST. NEW MANILA Q.C. ; CITY OF MANILA; NATIONAL CAPITAL REGION (NCR)"
"C.L. CARANDANG ENTERPRISES; INC.","CS200810884","July 10, 2008","Suspended",""
"3KIB BUILDERS AND SUPPLY OPC","2023080110778-03","August 3, 2023","Registered","131 ; NATIONAL HIGHWAY ; Nancayasan; CITY OF URDANETA; PANGASINAN; REGION I (ILOCOS REGION); 2428"
"3R BUILDERS AND SUPPLY OPC","2021020006996-28","February 16, 2021","Registered","1-L ; TUDTUD STREET ; Mabolo; CEBU CITY (Capital); CEBU; REGION VII (CENTRAL VISAYAS); 6000"
"4MP Builders and Supply Corp.","2021100029029-10","October 14, 2021","Registered","2ND FLR. ; BELLEVUE SQUARE ; DIVERSION RD. ; Matina Pangi; DAVAO CITY; DAVAO DEL SUR; REGION XI (DAVAO REGION); 8000"
"5G BUILDERS AND SUPPLY TRADING CORP. Doing business under WYS BUILDERS AND CONSTRUCTION SUPPLY","CS202064882","December 1, 2020","Registered","SAN LORENZO DRIVE ; DEL PUERTO COMPOUND ; Macasandig; CAGAYAN DE ORO CITY (Capital); MISAMIS ORIENTAL; REGION X (NORTHERN MINDANAO); 9000"
"84 Builders and Supply Inc.","2022090067211-03","September 7, 2022","Registered","42 ; CHESTNUT ST. ; Fairview; QUEZON CITY; SECOND DISTRICT; NATIONAL CAPITAL REGION (NCR); 1118"
"ABM1 BUILDERS AND SUPPLY; INC.","2025040197558-01","April 11, 2025","Registered","PUROK UDAGRI ; Conel; GENERAL SANTOS CITY (DADIANGAS); SOUTH COTABATO; REGION XII (SOCCSKSARGEN); 9500"
"ACA ABSOLUTE BUILDERS AND SUPPLY; INC.","CS201607613","April 18, 2016","Registered","291 ; BANGA IST ; BULACAN; REGION III (CENTRAL LUZON)"
"AGRF Ecogreen Builders and Supply; Inc.","2023100121719-02","October 18, 2023","Registered","UNIT 2C; 2ND FLOOR; VG BUILDING ; KM. 5 ; CORNER STO. ROSARIO ; Buhangin (Pob.); DAVAO CITY; DAVAO DEL SUR; REGION XI (DAVAO REGION); 8000"
"AGUA NUEVO BUILDERS AND SUPPLY; INC.","CS202103059","March 15, 2021","Registered","LOT 18-A BLK 6 ; RUBY ST. ; QUEZON CITY; SECOND DISTRICT; NATIONAL CAPITAL REGION (NCR); 1118"
"AJB BIDAR BUILDERS AND SUPPLY CORP.","2021050015220-06","May 28, 2021","Registered","115 ; Purok 2 ; Barangay 13 (Pob.); BACACAY; ALBAY; REGION V (BICOL REGION); 4509"
"DMZ CONSTRUCTION CORPORATION","2024020134407-02","February 2, 2024","Registered","#199 ; San Jose; SANTO TOMAS; BATANGAS; REGION IV-A (CALABARZON); 4234"
"E. Y. MERCADO CONSTRUCTION CORPORATION doing business under the name and style of E Y MERCADO CONSTRUCTION","2021070020609-12","July 23, 2021","Registered","BLK 1 LOT 25 ; OLIVAREZ COMPOUND 2 ; San Roque; CITY OF SAN PEDRO; LAGUNA; REGION IV-A (CALABARZON); 4023"
"JMD8 CONSTRUCTION CORPORATION","2025040199061-05","April 25, 2025","Registered","85 ; KAPILIGAN STREET ; Doa Imelda; QUEZON CITY; SECOND DISTRICT; NATIONAL CAPITAL REGION (NCR); 1113"
"(PEC)PHIL. ELECTRIX CONSTRUCTION CORPORATION","CS200519897","December 5, 2005","Registered","_ ; _ ; RIZAL; REGION IV-A (CALABARZON)"
"0212 CONSTRUCTION Corporation","2023060103838-20","June 15, 2023","Registered","HOUSE NO. 388 ; R. DUTERTE STREET ; Guadalupe; CEBU CITY (Capital); CEBU; REGION VII (CENTRAL VISAYAS); 6000"
"10 FIELDS CONSTRUCTION CORPORATION","CS201604035","February 26, 2016","Registered","2507 CITYLAND 10 TOWER 1; ; H.V. DELA COSTA STREET; ; CITY OF MAKATI; FOURTH DISTRICT; NATIONAL CAPITAL REGION (NCR)"
"1013 CONSTRUCTION CORPORATION","CS200413479","September 2, 2004","Revoked","4-K COLUMBIAN INTERNATIONAL TOWERS 500 SANTOL ST.; STA. MESA; ; CITY OF MANILA; FIRST DISTRICT; NATIONAL CAPITAL REGION (NCR)"
"1064 CONSTRUCTION CORPORATION","CS201402037","February 3, 2014","Delinquent","VERBENA ; CITY OF MUNTINLUPA; FOURTH DISTRICT; NATIONAL CAPITAL REGION (NCR)"
"11 DIAMOND EAGLE CONSTRUCTION CORPORATION","CS201951436","March 26, 2019","Registered","35 ; A. MABINI ST. ; LAGUNA; REGION IV-A (CALABARZON); 4023"
"1128 Construction Corporation","2023050099725-04","May 18, 2023","Registered","LIGAO-SABLOYON ROAD ; Batang; CITY OF LIGAO; ALBAY; REGION V (BICOL REGION); 4504"
"YURICH BUILDERS AND CONSTRUCTION SUPPLY INC.","2024040144878-30","April 5, 2024","Registered","PAJO RIVER SITIO TATABYUNAN ; Campong Ulay; RIZAL (MARCOS); PALAWAN; REGION IV-B (MIMAROPA); 5323"
"MIGHTY HOK SUMMIT CONSTRUCTION & DEVELOPMENT CORP.","CS201732675","September 27, 2017","Registered","MARTINEZ STREET ; Poblacion; CITY OF BAYAWAN (TULONG); NEGROS ORIENTAL; REGION VII (CENTRAL VISAYAS); 6221"
"LOCSIN-DEL ROSARIO CONSTRUCTION CO.","A200016981","November 7, 2000","Registered","17 A. SORIANO HIGHWAY; TANZA; CAVITE ; CAVITE; REGION IV-A (CALABARZON)"
"O.A. DEL ROSARIO CONSTRUCTION AND DEVELOPMENT CORPORATION","CS200903200","March 4, 2009","Registered","#1 SAINT FRANCIS ST. ; PERPETUAL VILLAGE ; Tanyag (Bagong Tanyag); TAGUIG CITY; FOURTH DISTRICT; NATIONAL CAPITAL REGION (NCR); 1630"
"M.G. Samidan Construction and Development Corporation","CS201903662","March 7, 2019","Registered","MG Samidan Compound ; KM 100 ; BAUKO; MOUNTAIN PROVINCE; CORDILLERA ADMINISTRATIVE REGION (CAR); 2621"
"COLINA CONSTRUCTION DEVELOPMENT AND TRADING CORPORATION","2023040095092-05","April 14, 2023","Registered","PHASE 1; LOT 4 ; GRAGEDA SUBDIVISION ; Nursery; CITY OF MASBATE (Capital); MASBATE; REGION V (BICOL REGION); 5400"
"WIZARD CONCRETE SOLUTIONS AND CONSTRUCTION CORPORATION","CS201506278","March 27, 2015","Registered","Zone 6 ; LLANERA; NUEVA ECIJA; REGION III (CENTRAL LUZON)"
"TIBIAO-ANTIQUE N.K. ENTERPRISE; INC.","CS201126129","September 13, 2011","Registered","TIBIAO; ANTIQUE; REGION VI (WESTERN VISAYAS)"
"Churock Builders Inc.","2021050013264-78","May 7, 2021","Registered","888 ; Chu Compound ; NIA Road ; Barangay 82 (Marasbaras); TACLOBAN CITY (Capital); LEYTE; REGION VIII (EASTERN VISAYAS); 6500"
"OMICRON CONSTRUCTION INC.","CS201734262","October 10, 2017","Delinquent","753 ; GUAGUA; PAMPANGA; REGION III (CENTRAL LUZON)"
"KENZAI BUILDERS CORPORATION","CS200831033","September 23, 2008","Registered","* ; * ; ALBAY; REGION V (BICOL REGION)"
"GALENO CONSTRUCTION; INCORPORATED","0000095984","November 13, 1980","Registered","JUPITER ST. HENRIETA VIL. BACOLOD CITY ; NEGROS OCCIDENTAL; REGION VI (WESTERN VISAYAS)"
"IGWT-JAV CONSTRUCTION & DEVELOPMENT CORPORATION","CS201727651","August 17, 2017","Registered","GLASMATIC INDUSTRIAL INC. BUILDING ; 909 GREGORIO ARANETA AVENUE ; Santo Domingo (Matalahib); QUEZON CITY; SECOND DISTRICT; NATIONAL CAPITAL REGION (NCR); 1114"
"Al Chris Construction Corporation","2024060156012-14","June 20, 2024","Registered","PUROK 1 ; Camayaan; LOBOC; BOHOL; REGION VII (CENTRAL VISAYAS); 6316"
"FIVE TRAVELLERS CONSTRUCTION INC.","CS201913899","August 19, 2019","Registered","64 ; BACOOD ; MARILAO; BULACAN; REGION III (CENTRAL LUZON); 3019"
"WAY MAKER GENERAL CONTRACTOR OPC","2021050012700-06","May 4, 2021","Registered","0792 ; GF ; SGC EXECUTIVE BLDG ; F. MANALO ST.; ; F. MANALO ST ; Bambang; PASIG CITY ; CITY OF PASIG; SECOND DISTRICT; NATIONAL CAPITAL REGION (NCR); 1600"
"ANG YAP BUILDERS AND AGGREGATE SUPPLIES INC.","CS201725401","July 31, 2017","Registered","ZAMORA ST. ; CEBU; REGION VII (CENTRAL VISAYAS); 6541"
"SANDBANK CONSTRUCTION Corp.","CS202104734","April 20, 2021","Registered","0 ; CUETO ; ORIENTAL MINDORO; REGION IV-B (MIMAROPA); 5200"
"G. BANZ Builders Corp.","2022030047271-15","March 24, 2022","Registered","TIANSUY ROAD; NEW PUBLIC MARKET ; San Jose; PUERTO PRINCESA CITY (Capital); PALAWAN; REGION IV-B (MIMAROPA); 5300"
"1129 BUILDERS CORP.","CS201815511","July 27, 2018","Delinquent","878 ; Himlayan Rd.; ; QUEZON CITY; SECOND DISTRICT; NATIONAL CAPITAL REGION (NCR); 1107"
"E.C. MALLARI CONSTRUCTION CORPORATION","CS201518635","September 15, 2015","Delinquent","RM221 2/F SAULO BLG. ; VISAYAS AVENUE ; QUEZON CITY; SECOND DISTRICT; NATIONAL CAPITAL REGION (NCR)"
"N. A. MALLARI CONSTRUCTION; OPC","2022080063406-02","August 10, 2022","Registered","100 ; BAKAWAN STREET; ; Veterans Village; PROJECT 7 ; QUEZON CITY; SECOND DISTRICT; NATIONAL CAPITAL REGION (NCR); 1105"
"NUCUM; MALLARI CONSTRUCTION SERVICES Co. with business name/s Mallari Construction; Nucum","PP202004835","June 25, 2020","Registered","Patricia Ville ; Brgy Calulut; ; PAMPANGA; REGION III (CENTRAL LUZON); 2000"
"R.A. MALLARI CONSTRUCTION CORPORATION","2024070157730-02","July 2, 2024","Registered","B40 L5 ; HOLIDAY HOMES SUBD. ; Biclatan; GENERAL TRIAS; CAVITE; REGION IV-A (CALABARZON); 4107"
"P.C. VALENCIA CONSTRUCTION CORP.","2024030140366-28","March 7, 2024","Registered","#2 ; RIZAL ST. ; Rizal (Pob.); DINALUPIHAN; BATAAN; REGION III (CENTRAL LUZON); 2110"
"98 A.N. VALENCIA CONSTRUCTION AND DEVELOPMENT CORPORATION","CS201907827","May 14, 2019","Delinquent","Unit 1 Lot 1 A ; National Highway ; CONCEPCION; TARLAC; REGION III (CENTRAL LUZON); 2316"
"J.M.VALENCIA CONSTRUCTION CORP.","CS201105143","March 25, 2011","Suspended","3 ; Rd.1 ; QUEZON CITY; SECOND DISTRICT; NATIONAL CAPITAL REGION (NCR)"
"BOOMETRIX DEVELOPMENT CORP.","CS201326801","June 14, 2013","Registered","Room 202; 2nd Floor; Manuel Lim & Sons Building ; A.S. Fortuna St.; ; MANDAUE CITY; CEBU; REGION VII (CENTRAL VISAYAS); 6014"
"R.A. PAHATI CONST. & SUPPLY; INC.","CS201121087","December 1, 2011","Registered","283 ; payawal subd ; CITY OF GAPAN; NUEVA ECIJA; REGION III (CENTRAL LUZON)"
"ARCINUE COMM'L. CORPORATION","CS201325408","March 19, 2013","Registered","-- ; -- ; DAGUPAN CITY; PANGASINAN; REGION I (ILOCOS REGION)"
"HM BESIATA BUILDERS CO.","PG201706721","February 24, 2017","Registered","NATIONAL HI-WAY ; CUENCA; BATANGAS; REGION IV-A (CALABARZON)"
"LPO1 GROUP OF COMPANIES INC.","CS201333677","December 23, 2013","Suspended",". ; COCA-COLA WAREHOUSE ; CANTILAN; SURIGAO DEL SUR; REGION XIII (Caraga)"
"TRIPLE 8 CONST. & SUPPLY INC.","CS201306974","April 8, 2013","Registered","Ilang - Ilang Extension ; Santa Rosa II; MARILAO; BULACAN; REGION III (CENTRAL LUZON); 3019"
"ANIMAS BROS CONSTRUCTION CORPORATION","CS201808598","May 28, 2018","Registered","Purok Sampaguita ; SAPANG DALAGA; MISAMIS OCCIDENTAL; REGION X (NORTHERN MINDANAO); 7212"
"S. T. SALCEDO CONSTRUCTION CORP.","CS201428162","July 9, 2014","Registered","5059-D ; Dasal; SIBUNAG; GUIMARAS; REGION VI (WESTERN VISAYAS)"
"W.J. CONSTRUCTION OPC","2021090025315-31","September 15, 2021","Registered","61 ; 2ND FLOOR ; C.J. BUILDING ; ENRIQUEZ ST. ; Barangay 2 (Pob.); SECOND DISTRICT ; LUCENA CITY (Capital); QUEZON; REGION IV-A (CALABARZON); 4301"
"W.J.R. CONSTRUCTION CO.","PG201402372","February 6, 2014","Registered","41 ; VILL EAST AVE ; CAINTA; RIZAL; REGION IV-A (CALABARZON)"
"AAGroup Construction & Development Corporation","2025020188273-00","February 13, 2025","Registered","71 ; JOSE ABAD SANTOS AVENUE ; Salawag; CITY OF DASMARIAS; CAVITE; REGION IV-A (CALABARZON); 4114"
"ARAGDON AND CHAVEZ CONSTRUCTION SERVICES CORPORATION","2021070021043-51","July 28, 2021","Registered","MCS BULDING ADVINCULA AVENUE ALAPAN II-A ; Ligtasan; IMUS CITY; CAVITE; REGION IV-A (CALABARZON); 2300"
"BIG JC CONSTRUCTION CORP.","2022060056899-03","June 22, 2022","Registered","1013 S.TEODORO ST. ; Tondo I/II - Barangay 196; CITY OF MANILA; FIRST DISTRICT; NATIONAL CAPITAL REGION (NCR); 1013"
"CLJR CONSTRUCTION OPC","2023080111000-01","August 4, 2023","Registered","4C ; RAYMUNDO AVENUE ; Rosario; CITY OF PASIG; SECOND DISTRICT; NATIONAL CAPITAL REGION (NCR); 1609"
"DMZ CONSTRUCTION CORPORATION","2024020134407-02","February 2, 2024","Registered","#199 ; San Jose; SANTO TOMAS; BATANGAS; REGION IV-A (CALABARZON); 4234"
"DUX CONSTRUCTION INC.","2024100171818-03","October 4, 2024","Registered","BLK 12 LOT 28 ; SAINT PETER STREET ; SAN PEDRO VII ; San Bartolome; QUEZON CITY; SECOND DISTRICT; NATIONAL CAPITAL REGION (NCR); 1116"
"E. Y. MERCADO CONSTRUCTION CORPORATION doing business under the name and style of E Y MERCADO CONSTRUCTION","2021070020609-12","July 23, 2021","Registered","BLK 1 LOT 25 ; OLIVAREZ COMPOUND 2 ; San Roque; CITY OF SAN PEDRO; LAGUNA; REGION IV-A (CALABARZON); 4023"
"JMD8 CONSTRUCTION CORPORATION","2025040199061-05","April 25, 2025","Registered","85 ; KAPILIGAN STREET ; Doa Imelda; QUEZON CITY; SECOND DISTRICT; NATIONAL CAPITAL REGION (NCR); 1113"
"CAAB DEVELOPMENT CORP.","CS201722077","July 6, 2017","Registered","NO. 53 ; 15-24TH STS. ; CAGAYAN DE ORO CITY (Capital); MISAMIS ORIENTAL; REGION X (NORTHERN MINDANAO); 9000"
"BUILDERS CONSTRUCTION CORP.","0000074846","August 22, 1977","Registered","161 ; MARIA CLARA ; QUEZON CITY; SECOND DISTRICT; NATIONAL CAPITAL REGION (NCR)"
"'94 BUILDERS CONSTRUCTION AND SUPPLY CORP.","CS201966232","February 8, 2019","Registered","BLOCK 12; LOT 25 ; GREEN ORCHARD VILLAGE ; Cabantian; DAVAO CITY; DAVAO DEL SUR; REGION XI (DAVAO REGION); 8000"
"175 BUILDERS & CONSTRUCTION SUPPLY; INC.","CS200918874","December 4, 2009","Suspended","654 ; CAPT SAMANO ST AREA 4 ; CALOOCAN CITY; THIRD DISTRICT; NATIONAL CAPITAL REGION (NCR)"
"22 BUILDERS & CONSTRUCTION DEVELOPMENT INC. operating under the name of 22 BC DEVELOPMENT and CUIGO TRADING","2021110033411-10","November 22, 2021","Registered","UNIT 7 ; A. GESON BLDG ; D. JAKOSALEM ST. ; Zapatera; CEBU CITY (Capital); CEBU; REGION VII (CENTRAL VISAYAS); 6000"
"2K8 BUILDERS & CONSTRUCTION SUPPLIES CORPORATION","CS200905161","April 13, 2009","Registered","San Sebastian (Balagbag); LIPA CITY; BATANGAS; REGION IV-A (CALABARZON); 4217"
"2MJ BUILDERS & CONSTRUCTION CORP.","CS201512832","June 30, 2015","Delinquent","571 ; J. LUNA ST. ; CITY OF MANDALUYONG; SECOND DISTRICT; NATIONAL CAPITAL REGION (NCR)"
"2R BUILDERS CONSTRUCTION COMPANY","PG200401852","March 22, 2004","Registered","43 V. LLANES ST.; ; LAOAG CITY (Capital); ILOCOS NORTE; REGION I (ILOCOS REGION)"
"3 STAR STRUCTURAL BUILDERS & CONSTRUCTION CORP.","CS201017827","November 2, 2010","Suspended","LOT 19 BLK 24 ; LAGUNA; REGION IV-A (CALABARZON)"
"3N SOLID BUILDERS CONSTRUCTION CORPORATION","2022110075572-00","November 15, 2022","Registered","31-11 JOSE L. LEE ST. ; Bgy. 34 - Oro Site-Magallanes St. (Pob.); LEGAZPI CITY (Capital); ALBAY; REGION V (BICOL REGION); 4500"
"619 BUILDERS CONSTRUCTION CORPORATION","CS201401169","January 22, 2014","Registered","NATIONAL HIGHWAY; PUROK 2; BRGY. NUEVA ERA; ; ISABELA; REGION II (CAGAYAN VALLEY)"
"ALTACS CONSTRUCTION CORPORATION","2022100070537-01","October 3, 2022","Registered","PUROK 4 ; Itum; DUERO; BOHOL; REGION VII (CENTRAL VISAYAS); 6309"
"FRANDEL CONSTRUCTION AND DEVELOPMENT CORP.","CS200411412","July 26, 2004","Registered","LALAKHAN; ; BULACAN; REGION III (CENTRAL LUZON)"
"ATLANTA CONSTRUCTION COMPANY INC.","CS200258488","October 21, 2002","Registered","25th Floor; Atlanta Center; No.31 ; Annapolis Street; ; CITY OF MANILA; NATIONAL CAPITAL REGION (NCR)"
"R26 CONSTRUCTION; INC.","CS201409158","May 14, 2014","Registered","341 ALICANTE TOWER ; MARQUITON CONDO SUMULONG HIGHW ; CITY OF MARIKINA; SECOND DISTRICT; NATIONAL CAPITAL REGION (NCR)"
"MBAJRJC4 CONSTRUCTION AND TRADING CORPORATION","2022070061472-16","July 27, 2022","Registered","58 ; Batis; CITY OF SAN JUAN; SECOND DISTRICT; NATIONAL CAPITAL REGION (NCR); 1500"
"1 TIMOTHY CONSTRUCTION AND TRADING CORPORATION","A200107302","May 28, 2001","Suspended","B-7 L-31; IMPERIA ST.; CAMELLA MILAN; SAN PEDRO; LAGUNA ; LAGUNA; REGION IV-A (CALABARZON)"
"24/7 DYNAMIC CONSTRUCTION AND TRADING CORPORATION","CS201206744","April 27, 2012","Suspended","lot 6 ; palico ; IMUS CITY; CAVITE; REGION IV-A (CALABARZON)"
"88 NORTH CONSTRUCTION AND TRADING CORPORATION","CS201519748","September 30, 2015","Registered","BLOCK 11 LOT 8 ATHENA RESIDENCES ; 20 MERCEDEZ AVENUE ; CITY OF PASIG; SECOND DISTRICT; NATIONAL CAPITAL REGION (NCR)"
"A. CONDOR CONSTRUCTION AND TRADING CORPORATION","CS201956719","December 9, 2019","Registered","Zone ; 4 ; NUEVA ECIJA; REGION III (CENTRAL LUZON); 3133"
"A. MONTALBO CONSTRUCTION AND TRADING CORPORATION","CS201918821","November 14, 2019","Delinquent","99 ; Provincial Road ; IBAAN; BATANGAS; REGION IV-A (CALABARZON); 4230"
"A1 PRIME CONSTRUCTION AND TRADING Corporation","CS201849018","November 28, 2018","Registered","10 ; SORIANO ; Concepcion Grande; NAGA CITY; CAMARINES SUR; REGION V (BICOL REGION); 4400"
"ABRIC'S CONSTRUCTION AND TRADING CORPORATION","CS200430110","October 29, 2004","Suspended","ORMOC CITY; LEYTE; REGION VIII (EASTERN VISAYAS)"
"ACP KONSTRACT INTEGRATED CONSTRUCTION AND TRADING CORPORATION","CS202051807","September 15, 2020","Registered","#0462 ; Tozawamura Street ; GENERAL TRIAS; CAVITE; REGION IV-A (CALABARZON); 4107"
"ACUA TOP BUILDERS CONSTRUCTION AND TRADING CORPORATION","CS201712842","April 12, 2017","Registered","048 ; BATANGAS; REGION IV-A (CALABARZON)"
"ESR CONSTRUCTION & DEVELOPMENT CORPORATION","CS201330169","June 24, 2013","Registered","NATIONAL HIGHWAY; ; PAGADIAN CITY (Capital); ZAMBOANGA DEL SUR; REGION IX (ZAMBOANGA PENINSULA)"
"YU HAN GENERAL CONSTRUCTION INC.","2023020084524-07","February 3, 2023","Registered","BLK 22 LOT 22 ; STO. NIÑO STREET ; Barangay 195; PASAY CITY; FOURTH DISTRICT; NATIONAL CAPITAL REGION (NCR); 1300"
"AAGroup Construction & Development Corporation","2025020188273-00","February 13, 2025","Registered","71 ; JOSE ABAD SANTOS AVENUE ; Salawag; CITY OF DASMARIAS; CAVITE; REGION IV-A (CALABARZON); 4114"
"ARAGDON AND CHAVEZ CONSTRUCTION SERVICES CORPORATION","2021070021043-51","July 28, 2021","Registered","MCS BULDING ADVINCULA AVENUE ALAPAN II-A ; Ligtasan; IMUS CITY; CAVITE; REGION IV-A (CALABARZON); 2300"
"BIG JC CONSTRUCTION CORP.","2022060056899-03","June 22, 2022","Registered","1013 S.TEODORO ST. ; Tondo I/II - Barangay 196; CITY OF MANILA; FIRST DISTRICT; NATIONAL CAPITAL REGION (NCR); 1013"
"CLJR CONSTRUCTION OPC","2023080111000-01","August 4, 2023","Registered","4C ; RAYMUNDO AVENUE ; Rosario; CITY OF PASIG; SECOND DISTRICT; NATIONAL CAPITAL REGION (NCR); 1609"
"DMZ CONSTRUCTION CORPORATION","2024020134407-02","February 2, 2024","Registered","#199 ; San Jose; SANTO TOMAS; BATANGAS; REGION IV-A (CALABARZON); 4234"
"DUX CONSTRUCTION INC.","2024100171818-03","October 4, 2024","Registered","BLK 12 LOT 28 ; SAINT PETER STREET ; SAN PEDRO VII ; San Bartolome; QUEZON CITY; SECOND DISTRICT; NATIONAL CAPITAL REGION (NCR); 1116"
"E. Y. MERCADO CONSTRUCTION CORPORATION doing business under the name and style of E Y MERCADO CONSTRUCTION","2021070020609-12","July 23, 2021","Registered","BLK 1 LOT 25 ; OLIVAREZ COMPOUND 2 ; San Roque; CITY OF SAN PEDRO; LAGUNA; REGION IV-A (CALABARZON); 4023"
"JMD8 CONSTRUCTION CORPORATION","2025040199061-05","April 25, 2025","Registered","85 ; KAPILIGAN STREET ; Doa Imelda; QUEZON CITY; SECOND DISTRICT; NATIONAL CAPITAL REGION (NCR); 1113"
"MARJETECH CONSTRUCTION & TRADING OPC","2023050101306-02","May 30, 2023","Registered","ZONE 7; ; Santo Domingo; BOMBON; CAMARINES SUR; REGION V (BICOL REGION); 4404"
"ESCORR BUILDERS AND TRADERS; INC.","CS201723755","July 19, 2017","Registered","UNIT-6 ; YUSEPENG BLDG. ; GENERAL SANTOS CITY (DADIANGAS); SOUTH COTABATO; REGION XII (SOCCSKSARGEN)"
"BAMBOE CONSTRUCTION OPC","2024120179735-24","December 4, 2024","Registered","PUROK DAHLIA ; ESPINA EXTENSION ; Taft (Pob.); SURIGAO CITY (Capital); SURIGAO DEL NORTE; REGION XIII (Caraga); 8400"
"GACUTAN CONSTRUCTION INC.","CS201721664","July 3, 2017","Registered","TANGUILE ST. ; CAUAYAN; ISABELA; REGION II (CAGAYAN VALLEY); 3305"
"Anex Cosmetics Enterprises OPC","2021110031858-00","November 9, 2021","Registered","F3-11 8TH ST COR ; 23RD ST ; Barangay 183; PASAY CITY; FOURTH DISTRICT; NATIONAL CAPITAL REGION (NCR); 1309"
"GO 2 BIG HOMEDECOR ENTERPRISES and SUPPLIES INC.","2024010129835-72","January 3, 2024","Registered","UNIT ; 6- ; A. BRGY. ; Calzada; BALAYAN; BATANGAS; REGION IV-A (CALABARZON); 4213"
"IVORYSIGN BUSINESS ENTERPRISES CORP.","2024010129819-01","January 3, 2024","Registered","UNIT 8 ; C; ; BRGY. ; Calzada; BALAYAN; BATANGAS; REGION IV-A (CALABARZON); 4213"
"JVM Enterprises OPC","2023100121792-42","October 19, 2023","Registered","ZONE 5 ; Buntatala; JARO ; ILOILO CITY (Capital); ILOILO; REGION VI (WESTERN VISAYAS); 5000"
"OiLife DIRECT SELLING ENTERPRISES OPC","2025080214117-05","August 13, 2025","Registered","304 ; MEDALLA ; CUBAO ; EDSA GEN. MCARTHUR AVENUE ; Socorro; QUEZON CITY ; QUEZON CITY; SECOND DISTRICT; NATIONAL CAPITAL REGION (NCR); 1109"
"VLO Commerce Enterprises Corp.","2024020138765-00","February 28, 2024","Registered","BLK 16 LOT 06 ; ESTANZIA WEST HAKAYHAY ; Sahud Ulan; TANZA; CAVITE; REGION IV-A (CALABARZON); 4108"
"" VERTEC COMMERCIAL ENTERPRISES"","P000020934","January 26, 1971","Registered","CEBU CITY (Capital); CEBU; REGION VII (CENTRAL VISAYAS)"
""A. R. RIVA ENTERPRISES; INC.","0000019803","November 29, 1961","Revoked","4 ; TWIN ; QUEZON CITY; SECOND DISTRICT; NATIONAL CAPITAL REGION (NCR)"
""D" ENTERPRISES CO.; LTD.","P000039735","March 26, 1984","Registered","34 ; F. BLUMENTTRIT ST. ; CITY OF MANDALUYONG; SECOND DISTRICT; NATIONAL CAPITAL REGION (NCR)"
""FALEK ENTERPRISES; INC."","0000056026","May 16, 1974","Registered","CEBU CITY (Capital); CEBU; REGION VII (CENTRAL VISAYAS)"
"Benram Construction OPC","2021120036371-00","December 20, 2021","Registered","SLSI BUILDING ; SAN JOSE ROAD ; San Jose Cawa-cawa; DISTRICT 1 ; ZAMBOANGA CITY; ZAMBOANGA DEL SUR; REGION IX (ZAMBOANGA PENINSULA); 7000"
"J.H.R. ENTERPRISES CORP.","CS201971182","September 16, 2019","Registered","SAN JUAN ST. ; Lawy; CAPAS; TARLAC; REGION III (CENTRAL LUZON); 2315"
"Anex Cosmetics Enterprises OPC","2021110031858-00","November 9, 2021","Registered","F3-11 8TH ST COR ; 23RD ST ; Barangay 183; PASAY CITY; FOURTH DISTRICT; NATIONAL CAPITAL REGION (NCR); 1309"
"GO 2 BIG HOMEDECOR ENTERPRISES and SUPPLIES INC.","2024010129835-72","January 3, 2024","Registered","UNIT ; 6- ; A. BRGY. ; Calzada; BALAYAN; BATANGAS; REGION IV-A (CALABARZON); 4213"
"IVORYSIGN BUSINESS ENTERPRISES CORP.","2024010129819-01","January 3, 2024","Registered","UNIT 8 ; C; ; BRGY. ; Calzada; BALAYAN; BATANGAS; REGION IV-A (CALABARZON); 4213"
"JVM Enterprises OPC","2023100121792-42","October 19, 2023","Registered","ZONE 5 ; Buntatala; JARO ; ILOILO CITY (Capital); ILOILO; REGION VI (WESTERN VISAYAS); 5000"
"OiLife DIRECT SELLING ENTERPRISES OPC","2025080214117-05","August 13, 2025","Registered","304 ; MEDALLA ; CUBAO ; EDSA GEN. MCARTHUR AVENUE ; Socorro; QUEZON CITY ; QUEZON CITY; SECOND DISTRICT; NATIONAL CAPITAL REGION (NCR); 1109"
"VLO Commerce Enterprises Corp.","2024020138765-00","February 28, 2024","Registered","BLK 16 LOT 06 ; ESTANZIA WEST HAKAYHAY ; Sahud Ulan; TANZA; CAVITE; REGION IV-A (CALABARZON); 4108"
"" VERTEC COMMERCIAL ENTERPRISES"","P000020934","January 26, 1971","Registered","CEBU CITY (Capital); CEBU; REGION VII (CENTRAL VISAYAS)"
""A. R. RIVA ENTERPRISES; INC.","0000019803","November 29, 1961","Revoked","4 ; TWIN ; QUEZON CITY; SECOND DISTRICT; NATIONAL CAPITAL REGION (NCR)"
""D" ENTERPRISES CO.; LTD.","P000039735","March 26, 1984","Registered","34 ; F. BLUMENTTRIT ST. ; CITY OF MANDALUYONG; SECOND DISTRICT; NATIONAL CAPITAL REGION (NCR)"
"RISM BUILDERS AND CONSTRUCTION SERVICES; INC.","CS201327613","June 21, 2013","Registered","blk 2 lot 1;2;3 ; green acres subd; ; BACOLOD CITY (Capital); NEGROS OCCIDENTAL; REGION VI (WESTERN VISAYAS)"
"808 BUILDERS AND CONSTRUCTION SUPPLY Co.","PG201817027","August 10, 2018","Registered","35 ; Taft ; ILOILO; REGION VI (WESTERN VISAYAS); 5002"
"AFFILIANCE BUILDERS AND CONSTRUCTION SUPPLY; INC.","CS201630191","February 10, 2016","Delinquent","1 ; LAOAG CITY (Capital); ILOCOS NORTE; REGION I (ILOCOS REGION)"
"AGONG BUILDERS AND CONSTRUCTION SUPPLY INC.","CS201536530","June 28, 2015","Registered","285 ; CARNATION ; DAVAO CITY; DAVAO DEL SUR; REGION XI (DAVAO REGION); 8000"
"Alpha Dragon Builders and Construction Supply Inc.","2025020189641-01","February 21, 2025","Registered","14 ; CATTLEYA ST. ; Novaliches Proper; QUEZON CITY; SECOND DISTRICT; NATIONAL CAPITAL REGION (NCR); 1121"
"Ambok Builders and Construction Supply Opc","2022040051010-08","April 29, 2022","Registered","LOT 11 ; BLOCK 56 ; BOLILAO ; Bolilao; MANDURRIAO ; ILOILO CITY (Capital); ILOILO; REGION VI (WESTERN VISAYAS); 5000"
"ARBY'S BUILDERS AND CONSTRUCTION SUPPLY CORP.","CS201903828","March 8, 2019","Registered","PUROK SAN ISIDRO ; Saguing; MAKILALA; COTABATO; REGION XII (SOCCSKSARGEN); 9401"
"ARCSTONE BUILDERS AND CONSTRUCTION SUPPLY CORPORATION","CS201515879","August 10, 2015","Delinquent","41 DIAMOND ; EMERALD SUBD ; CITY OF MARIKINA; SECOND DISTRICT; NATIONAL CAPITAL REGION (NCR)"
"ASEALAND BUILDERS AND CONSTRUCTION SUPPLY; INC.","CS201334390","November 20, 2013","Delinquent","DAVAO ORIENTAL; REGION XI (DAVAO REGION); 8200"
"ASEROMA Builders and Construction Supply Inc.","2024070160529-06","July 19, 2024","Registered","SURIGAO-DAVAO COASTAL ROAD ; San Roque; SAN ISIDRO; DAVAO ORIENTAL; REGION XI (DAVAO REGION); 8209"
"BLACKTIP BUILDERS AND CONSTRUCTION SUPPLY CO.","PG201909320","June 13, 2019","Registered","72 ; LUIS DIZON DRIVE ; MAGALANG; PAMPANGA; REGION III (CENTRAL LUZON); 2011"
"HAMMERTIME CONSTRUCTION INC.","CS201621893","September 21, 2016","Registered","U-203-53 2/F FBR ARCADE BLDG.; ; 317 KATIPUNAN AVENUE ; QUEZON CITY; SECOND DISTRICT; NATIONAL CAPITAL REGION (NCR)"
"GDBS BUILDERS AND ENTERPRISE OPC","2021080021558-01","August 4, 2021","Registered","P2 ; LOS BAOS SUBDVISION ; Bgy. 37 - Bitano (Pob.); DISTRICT 2 ; LEGAZPI CITY (Capital); ALBAY; REGION V (BICOL REGION); 4500"
"NEN BUILDERS AND DEVELOPMENT SERVICES CORP.","CS201703186","January 30, 2017","Registered","PUROK BAYANIHAN ; CITY OF TAGUM (Capital); DAVAO DEL NORTE; REGION XI (DAVAO REGION); 8100"
"ALMRIN BUILDERS CORPORATION","2021070021134-00","July 29, 2021","Registered","Panacan 2; NARRA; PALAWAN; REGION IV-B (MIMAROPA); 5303"
"AJAN JEADA INC.","CS200527778","June 10, 2005","Registered","lakandula drive; gogon; ; LEGAZPI CITY (Capital); ALBAY; REGION V (BICOL REGION)"
"A.C. RIVERO DEVELOPMENT CORPORATION","AS92001908","March 16, 1992","Registered","2929 BURGOS EXT BACOLOD CITY ; NEGROS OCCIDENTAL; REGION VI (WESTERN VISAYAS)"
"J. H. PAJARA CONSTRUCTION CORPORATION","0000089524","November 12, 1979","Registered","6TH FLR STRATA CONDOMINIUM EMERALD AVE PASIG M-M ; CITY OF MANILA; NATIONAL CAPITAL REGION (NCR)"
"DJCM CONSTRUCTION CORPORATION DOING BUSINESS UNDER THE NAME AND STYLE OF DJCM FUEL SERVICE STATION","CS201322272","November 20, 2013","Registered","LAOAG CITY (Capital); ILOCOS NORTE; REGION I (ILOCOS REGION)"
"TOUGHBUILT CONSTRUCTION & TRADING; INC.","CS201115445","September 5, 2011","Registered","RM 316 ANITA BLDG.; ; 1300 QUEZON AVENUE ; QUEZON CITY; SECOND DISTRICT; NATIONAL CAPITAL REGION (NCR)"
"MJMARI BUILDERS AND DEVELOPMENT CORPORATION","CS201640261","October 7, 2016","Registered","088 ; NATIONAL HIGHWAY ; IPIL (Capital); ZAMBOANGA DEL SUR; REGION IX (ZAMBOANGA PENINSULA); 7001"
"EZJONES CONSTRUCTION INC.","CS200827680","June 20, 2008","Registered","Uy'S Apartment; Balite St.; ; CATARMAN; NORTHERN SAMAR; REGION VIII (EASTERN VISAYAS)"
"ROSAND BUILDERS CORPORATION","CS201424257","December 16, 2014","Registered","94 ; DOA ROSARIO EXTN.; ; QUEZON CITY; SECOND DISTRICT; NATIONAL CAPITAL REGION (NCR)"
"JGO BUILDERS INC. doing business under the name and style of JGO BUILDERS","2025060206253-03","June 23, 2025","Registered","MAHARLIKA HIGHWAY ; PUROK 6 ; Barangay 94 (Tigbao); TACLOBAN CITY (Capital); LEYTE; REGION VIII (EASTERN VISAYAS); 6500"
"CONSTECH ASIA CO. LTD.","A199722465","November 26, 1997","Registered","1339 SANCHEZ EXT.; TONDO; MANILA ; CITY OF MANILA; NATIONAL CAPITAL REGION (NCR)"
"CONSTECH ASIA CORPORATION","A200208391","May 23, 2002","Registered","256 ; Roosevelt Avenue; ; QUEZON CITY; SECOND DISTRICT; NATIONAL CAPITAL REGION (NCR)"
"CONSTECH DYNAMIC SOLUTIONS CORPORATION","CS201317331","September 6, 2013","Registered","BLK 13 LOT2 ; GOOD FAMILY HOMES ; IMUS CITY; CAVITE; REGION IV-A (CALABARZON)"
"CONSTECH INTERNATIONAL; INC.","C199900756","August 12, 1999","Suspended","141 RR LANDON ST. CEBU CITY ; CEBU; REGION VII (CENTRAL VISAYAS)"
"CONSTECH MANAGEMENT GROUP; INC.","0000195741","September 16, 1991","Registered",""
"CONSTECH STAR BUILDER CORPORATION","CS200404290","July 1, 2004","Revoked","RM. 208 A SORIANO ST.; INTRAMUROS ; CITY OF MANILA; FIRST DISTRICT; NATIONAL CAPITAL REGION (NCR)"
"CONSTECH SYSTEMS CORPORATION","CS200518160","October 26, 2005","Suspended","st. francis cor. shaw blvd. ; CITY OF MANDALUYONG; SECOND DISTRICT; NATIONAL CAPITAL REGION (NCR)"
"CORNERSTONE CONSTECH INC.","A199806064","May 21, 1998","Suspended","16-D MONTREAL ST.; CUBAO; Q.C. ; CITY OF MANILA; NATIONAL CAPITAL REGION (NCR)"
"I-CONSTECH CONSTRUCTION & GEN. SERVICES CORP.","CS200416019","October 8, 2004","Registered","110 SUMULONG HIGHWAY MAYAMOT ; CITY OF ANTIPOLO; RIZAL; REGION IV-A (CALABARZON)"
"MARIVALLEY CONSTECH & MAN. FOUNDATION INC.","A199911851","August 11, 1999","Suspended","G/F; IMMACON BLDG.; 12 WEST DRIVE; MARIKINA HEIGHTS; MARIKINA CITY ; CITY OF MANILA; NATIONAL CAPITAL REGION (NCR)"
"TMTC CONSTRUCTION AND SUPPLY CORPORATION","CS202069284","March 5, 2020","Registered","NAPOLEON D. GONZAGA ; Barangay 31 (Pob.); BACOLOD CITY (Capital); NEGROS OCCIDENTAL; REGION VI (WESTERN VISAYAS); 6100"
"R-GOLDEN DEPOT CONSTRUCTION SUPPLY CO.","2023060101926-28","June 2, 2023","Registered","MAHARLIKA HIGHWAY; ; La Torre; TALAVERA; NUEVA ECIJA; REGION III (CENTRAL LUZON); 3114"
"141 CONSTRUCTION SUPPLY & SERVICES; INC.","CS200613659","August 29, 2006","Suspended","9 ; PARINAS ST. ; QUEZON CITY; SECOND DISTRICT; NATIONAL CAPITAL REGION (NCR)"
"167 ELECTRICAL AND CONSTRUCTION SUPPLY CORP.","2023110124173-02","November 10, 2023","Registered","2ND FLOOR UNIT B ; NHA AVENUE ; Dela Paz (Pob.); CITY OF ANTIPOLO; RIZAL; REGION IV-A (CALABARZON); 1870"
"175 BUILDERS & CONSTRUCTION SUPPLY; INC.","CS200918874","December 4, 2009","Suspended","654 ; CAPT SAMANO ST AREA 4 ; CALOOCAN CITY; THIRD DISTRICT; NATIONAL CAPITAL REGION (NCR)"
"1ST J.E. ADLAWAN CONSTRUCTION & SUPPLY CORPORATION","CS201534844","November 17, 2015","Registered","173 ; MINGLANILLA; CEBU; REGION VII (CENTRAL VISAYAS); 6046"
"3 AND 1 CONSTRUCTION SUPPLY AND GENERAL MDSE INC. DOING BUSINESS UNDER THE NAMES AND STYLES OF 12-34 BUILDERS; A AND B CONTRACTING","CS201718847","June 8, 2017","Registered","367 ; JOSE RIZAL ; PADRE GARCIA; BATANGAS; REGION IV-A (CALABARZON)"
"3-ELEVEN CONSTRUCTION SUPPLY DEPOT OPC","2024020137477-07","February 21, 2024","Registered","RCD HOMES ; Sabang; TUY; BATANGAS; REGION IV-A (CALABARZON); 4214"
"3L Construction & Supply; Inc.","2022060056459-05","June 17, 2022","Registered","HDA. STA. MARIA ; Zone 15 (Pob.); CITY OF TALISAY; NEGROS OCCIDENTAL; REGION VI (WESTERN VISAYAS); 6115"
"3RV MURICO INC. DOING BUSINESS UNDER THE NAME AND STYLE OF MURICO TRADING AND CONSTRUCTION SUPPLY AND KYOTO2 AUTO SUPPLY","CS201722972","July 12, 2017","Registered","BLK.3 L53G EASTWOOD ; RESIDENCES PHASE 4B ; RODRIGUEZ (MONTALBAN); RIZAL; REGION IV-A (CALABARZON)"
"4CE'S CONSTRUCTION & SUPPLY CO.","PG201733779","October 5, 2017","Registered","_ ; _ ; POLANGUI; ALBAY; REGION V (BICOL REGION); 4506"
"RDEN CONSTRUCTION & SUPPLY; INC.","CS201636003","April 1, 2016","Registered","LIBUNGAN; 9411"
"FUENTABUILT CONSTRUCTION CORP.","CS201204970","March 12, 2012","Registered","416 ; CHAMPACA ST PHASE 4C ; CAINTA; RIZAL; REGION IV-A (CALABARZON)"
"NEWINGTON BUILDERS; INC.","CS201017007","October 15, 2010","Registered","UNIT D 3/F ONE FELICITY BLDG ; COMMONWEALTH AVE ; QUEZON CITY; SECOND DISTRICT; NATIONAL CAPITAL REGION (NCR)"
"A.A. DE VERA CONSTRUCTION AND DEVELOPMENT CORP.","CS201730920","September 14, 2017","Registered","MARIBOJOC; BOHOL; REGION VII (CENTRAL VISAYAS)"
"BERNABE DE VERA CONSTRUCTION Corporation","CS201952898","June 3, 2019","Registered","Blk.6 Lot 27 ; Rome ; LAGUNA; REGION IV-A (CALABARZON); 4023"
"JC DE VERA CONSTRUCTION SUPPLIES OPC doing business under the name and style of JC DE VERA CONSTRUCTION SUPPLIES; JC DE VERA HARDWARE and JC DE VERA HARDWARE AND CONSTRUCTION SUPPLIES","2020030000150-00","February 2, 2021","Registered","Lincod; MARIBOJOC; BOHOL; REGION VII (CENTRAL VISAYAS); 6336"
"Structura Vera Construction Corporation","2024120181436-14","December 18, 2024","Registered","FULGENCIO ST ; Krus Na Ligas; QUEZON CITY; SECOND DISTRICT; NATIONAL CAPITAL REGION (NCR); 1101"
"KLDS TRADING & CONSTRUCTION CORPORATION","2024080162462-13","August 2, 2024","Registered","JOSE ABAD SANTOS AVENUE; ; Salitran I; CITY OF DASMARIAS; CAVITE; REGION IV-A (CALABARZON); 4114"
"WOODLAND CONSTRUCTION & SUPPLY INC.","CS201233858","November 21, 2012","Registered","Apologista; SARA; ILOILO; REGION VI (WESTERN VISAYAS); 5014"
"PRIME MOVER'S PHILS. CONSTRUCTION AND SUPPLIES INC.","CS201419836","October 10, 2014","Delinquent","LIPA CITY; BATANGAS; REGION IV-A (CALABARZON)"
"T2B3 BUILDERS AND SUPPLIES CORP.","CS201737540","January 1, 2017","Registered","4140 GREYMAR ST. ; PHASE 3 ; CITY OF TARLAC (Capital); TARLAC; REGION III (CENTRAL LUZON)"
"A. ORETA & SIOCO MERCANTILE CO.","P000025922","December 5, 1973","Registered","CITY OF MANILA; FIRST DISTRICT; NATIONAL CAPITAL REGION (NCR)"
"A.C. ORETA AND CO. INC.","0000091993","March 24, 1980","Revoked","4195 PONTE ST.; MAKATI METRO MANILA ; CITY OF MANILA; NATIONAL CAPITAL REGION (NCR)"
"A.M. ORETA & CO. (INTL.) INC.","0000100794","September 8, 1981","Revoked","ERMITA BLDG. ARQUIZA COR. ALHAMBRA ST. ERMITA; MLA ; CITY OF MANILA; NATIONAL CAPITAL REGION (NCR)"
"A.M. ORETA & CO. (SRI LANKA) INC.","0000100795","September 8, 1981","Revoked","ERMITA BLDG. ARQUIZA COR. ALHAMBRA ST. ERMITA; MLA ; CITY OF MANILA; NATIONAL CAPITAL REGION (NCR)"
"A.M. ORETA & CO. (SUBIC); INC.","CS200251008","July 10, 2002","Suspended","SUBIC; ZAMBALES; REGION III (CENTRAL LUZON)"
"A.M. ORETA & CO. INC.","0000002346","December 13, 1946","Registered","U-801; 8/F ; 88 CORPORATE CENTER; 141 VALERO STREET; ; SALCEDO VILLAGE ; CITY OF MAKATI; FOURTH DISTRICT; NATIONAL CAPITAL REGION (NCR)"
"A.M. ORETA AND ALMERIA INTERNATIONAL CONSTRUCTION JOINT VENTURE INCORPORATED","2020120004137-03","December 7, 2020","Registered","8F; ; 88 CORPORATE CENTER; ; 141 VALERO COR. SEDENO STS. ; SALCEDO VILLAGE ; Bel-Air; CITY OF MAKATI; FOURTH DISTRICT; NATIONAL CAPITAL REGION (NCR); 1209"
"AMPIL; ORETA & FACTORAN LAW OFFICES","P000030195","January 5, 1976","Registered","CITY OF MAKATI; FOURTH DISTRICT; NATIONAL CAPITAL REGION (NCR)"
"ANTOLIN M. ORETA FOUNDATION INC.","CN200904165","April 28, 2009","Suspended","5TH FLR ERMITA BLDG ; ARQUIZA COR ALHAMBRA ST ; CITY OF MANILA; FIRST DISTRICT; NATIONAL CAPITAL REGION (NCR)"
"AQUINO & ORETA CONSTRUCTION COMPANY","P000029431","July 15, 1975","Registered","LA UNION; REGION I (ILOCOS REGION)"
"FIL-EURO CONSTRUCTION AND DEVELOPMENT CORPORATION","CS201219919","October 24, 2012","Suspended","K1 3 ; NATIONAL ROAD ; BUTUAN CITY (Capital); AGUSAN DEL NORTE; REGION XIII (Caraga)"
"SW EURO CONSTRUCTION AND DEVELOPMENT CORP.","CS200427573","July 15, 2004","Revoked","SANGI ; LAPU-LAPU CITY (OPON); CEBU; REGION VII (CENTRAL VISAYAS)"
"BLACK HARDHAT INC.","CS201842216","December 4, 2018","Registered","3691 ; BAUSTISTA STREET ; Palanan; CITY OF MAKATI; FOURTH DISTRICT; NATIONAL CAPITAL REGION (NCR); 1234"
"IBC INTERNATIONAL BUILDERS CORPORATION doing business under the name and style of GT Plaza Mall; and GT Town Center","0000125382","March 12, 1985","Registered","ILOILO CITY ; ILOILO; REGION VI (WESTERN VISAYAS)"
"TIBIAO-ANTIQUE N.K. ENTERPRISE; INC.","CS201126129","September 13, 2011","Registered","TIBIAO; ANTIQUE; REGION VI (WESTERN VISAYAS)"
"RICHFIELD BUILDERS; INC.","CS201620085","September 1, 2016","Registered","NANGCA ; CITY OF TANJAY; NEGROS ORIENTAL; REGION VII (CENTRAL VISAYAS); 6204"
"ANORE CONSTRUCTION CORPORATION","2024010129724-01","January 2, 2024","Registered","NO. 48 ; LANGKA STREET ; STA. URSULA VILLAGE ; Batingan; BINANGONAN; RIZAL; REGION IV-A (CALABARZON); 1940"
"AIDFELART CONST. CORP.","CS201408885","May 8, 2014","Registered","ORIENTAL MINDORO; REGION IV-B (MIMAROPA)"
"5J.B.P. PREMIUM CONSTRUCTION CORPORATION","CS201516954","August 25, 2015","Registered","4 ; SAN MANUEL ; CITY OF PASIG; SECOND DISTRICT; NATIONAL CAPITAL REGION (NCR)"
"JARO BUILDERS INC.","A200103825","March 15, 2001","Delinquent","HOLYWEEK COR. DONNAKY ST.; HOLIDAY SUBD.; BAYAN LUMA; IMUS; CAVITE ; CAVITE; REGION IV-A (CALABARZON)"
"STEELBEND CONSTRUCTION INC.","CS201607131","April 8, 2016","Registered","U-3D TOWER 4 ; LITTLEBAGUIOTERRACES ; CITY OF MANILA; NATIONAL CAPITAL REGION (NCR)"
"DGSARM BUILDERS INC.","CS201738768","November 23, 2017","Registered","23 ; FLOWER LANE ; CABANATUAN CITY; NUEVA ECIJA; REGION III (CENTRAL LUZON)"
"AMETHYST HORIZON BUILDERS AND GEN. CONTRACTOR AND DEVELOPMENT CORP.","CS202004122","June 5, 2020","Registered","792 ; 4TH FLOOR; ROOM 403 ; SGC EXECUTIVE BUILDING ; F. MANALO STREET ; Bambang; CITY OF PASIG; SECOND DISTRICT; NATIONAL CAPITAL REGION (NCR); 1600"
"Anex Cosmetics Enterprises OPC","2021110031858-00","November 9, 2021","Registered","F3-11 8TH ST COR ; 23RD ST ; Barangay 183; PASAY CITY; FOURTH DISTRICT; NATIONAL CAPITAL REGION (NCR); 1309"
"GO 2 BIG HOMEDECOR ENTERPRISES and SUPPLIES INC.","2024010129835-72","January 3, 2024","Registered","UNIT ; 6- ; A. BRGY. ; Calzada; BALAYAN; BATANGAS; REGION IV-A (CALABARZON); 4213"
"IVORYSIGN BUSINESS ENTERPRISES CORP.","2024010129819-01","January 3, 2024","Registered","UNIT 8 ; C; ; BRGY. ; Calzada; BALAYAN; BATANGAS; REGION IV-A (CALABARZON); 4213"
"JVM Enterprises OPC","2023100121792-42","October 19, 2023","Registered","ZONE 5 ; Buntatala; JARO ; ILOILO CITY (Capital); ILOILO; REGION VI (WESTERN VISAYAS); 5000"
"OiLife DIRECT SELLING ENTERPRISES OPC","2025080214117-05","August 13, 2025","Registered","304 ; MEDALLA ; CUBAO ; EDSA GEN. MCARTHUR AVENUE ; Socorro; QUEZON CITY ; QUEZON CITY; SECOND DISTRICT; NATIONAL CAPITAL REGION (NCR); 1109"
"VLO Commerce Enterprises Corp.","2024020138765-00","February 28, 2024","Registered","BLK 16 LOT 06 ; ESTANZIA WEST HAKAYHAY ; Sahud Ulan; TANZA; CAVITE; REGION IV-A (CALABARZON); 4108"
"" VERTEC COMMERCIAL ENTERPRISES"","P000020934","January 26, 1971","Registered","CEBU CITY (Capital); CEBU; REGION VII (CENTRAL VISAYAS)"
""A. R. RIVA ENTERPRISES; INC.","0000019803","November 29, 1961","Revoked","4 ; TWIN ; QUEZON CITY; SECOND DISTRICT; NATIONAL CAPITAL REGION (NCR)"
""D" ENTERPRISES CO.; LTD.","P000039735","March 26, 1984","Registered","34 ; F. BLUMENTTRIT ST. ; CITY OF MANDALUYONG; SECOND DISTRICT; NATIONAL CAPITAL REGION (NCR)"
""FALEK ENTERPRISES; INC."","0000056026","May 16, 1974","Registered","CEBU CITY (Capital); CEBU; REGION VII (CENTRAL VISAYAS)"
"BONDING ENG'G SERVICES & TRADING CORP.","CS201623723","October 11, 2016","Delinquent","PUROK MAUNLAD ; NATIONAL HIGHWAY ; GENERAL SANTOS CITY (DADIANGAS); SOUTH COTABATO; REGION XII (SOCCSKSARGEN)"
"CEMEA ENG'G SERVICES AND CONSULTANCY CO.","PG201327408","April 19, 2013","Registered","669 ; 4TH RD ; BACOLOD CITY (Capital); NEGROS OCCIDENTAL; REGION VI (WESTERN VISAYAS)"
"DAVAO UNITED 1 PRACTITIONERS IN ELECTRICAL ENG'G SERVICES (DURPEES); INC.","CN200626007","January 3, 2006","Delinquent","2/F Jaltan Food Centrum; ; Magallanes St. ; DAVAO CITY; DAVAO DEL SUR; REGION XI (DAVAO REGION); 8000"
"EFGE TRADE & GEN. ENG'G SERVICES CO.","PG200614951","September 15, 2006","Registered","BLK 44 LOT 3 CITYLAND ; _ ; SAN NARCISO; CAVITE; REGION IV-A (CALABARZON)"
"EVOLVA ENG'G. SERVICES CO.","PG200617335","November 7, 2006","Registered","#37 ; ROAD B PHASE 4 ; CITY OF ANTIPOLO; RIZAL; REGION IV-A (CALABARZON)"
"FREE AIR ENG'G SERVICES AND CONSULTANCY CO.","PG201708945","March 14, 2017","Registered","4927 ; VALENZUELA EXT. ; CITY OF MANILA; FIRST DISTRICT; NATIONAL CAPITAL REGION (NCR); 600"
"I N F I N I T E CONSTRUCTION & ENG'G. SERVICES CO.","PG201019921","December 8, 2010","Registered","RM 710 THERESA CONDOMINIUM ; P. TUAZON ; QUEZON CITY; SECOND DISTRICT; NATIONAL CAPITAL REGION (NCR)"
"J & R WORKSHOP ENG'G. SERVICES CO.","PG201405733","March 21, 2014","Registered","105 HEROES DEL ; 96 ST.; ; CALOOCAN CITY; THIRD DISTRICT; NATIONAL CAPITAL REGION (NCR)"
"JAPTECH ENG'G SERVICES Co.","PG202001330","January 28, 2020","Registered","110 ; Litlit ; SILANG; CAVITE; REGION IV-A (CALABARZON); 4118"
"JO MAR BUILDERS AND ENG'G SERVICES CO.","PG202008123","November 5, 2020","Registered","500 ; BONI AVENUE ; SECOND DISTRICT; NATIONAL CAPITAL REGION (NCR); 1550"
"ORIENT STAR CONSTRUCTION; INC.","CS200818420","November 26, 2008","Registered","1 ; dr. leon cusi ; ORIENTAL MINDORO; REGION IV-B (MIMAROPA)"
"GICAR CONSTRUCTION; INC.","CS201028396","June 9, 2010","Registered","00831; ; San Nicolas Street; ; SURIGAO CITY (Capital); SURIGAO DEL NORTE; REGION XIII (Caraga)"
"THREE W BUILDERS; INC.","0000118780","January 30, 1984","Registered","SAN JUAN; BATANGAS ; BATANGAS; REGION IV-A (CALABARZON)"
"ROBIG BUILDERS AND DEVELOPMENT AND THREE W BUILDERS INC.","CS201312421","July 3, 2013","Delinquent","UIT 810 AIC BURGUNDY ; ADB AVENUE ; CITY OF PASIG; SECOND DISTRICT; NATIONAL CAPITAL REGION (NCR)"
"Francisco Construction and Supply Corp. doing business under the name/s and style/s of INFRACONTRACO","2023060105236-04","June 26, 2023","Registered","LOT 8; BLOCK 1; PHASE 11 ; B & C BUILDING ; MALARIA ROAD ; MALARIA NHC VILLAGE ; Barangay 185; CALOOCAN CITY; THIRD DISTRICT; NATIONAL CAPITAL REGION (NCR); 1427"
"P.M. FRANCISCO CONSTRUCTION CO.","P000024288","March 26, 1973","Registered","36-A ; PAZ STREET ; CITY OF MALABON; THIRD DISTRICT; NATIONAL CAPITAL REGION (NCR)"
"HIGH CLIFF CONSTRUCTION AND SUPPLY CORP.","CS201803769","March 22, 2018","Delinquent","None ; None ; BATANGAS; REGION IV-A (CALABARZON); 4227"
"AGH CONSTRUCTION CORPORATION","CS201842042","November 26, 2018","Registered","RM. 315 ; ANITA BLDG. 1300; ; South Triangle; QUEZON CITY; SECOND DISTRICT; NATIONAL CAPITAL REGION (NCR); 1103"
"GEMMA CONSTRUCTION SUPPLY INC.","CS200906544","May 8, 2009","Registered","PANTUA VILL.; ; CITY OF KORONADAL (Capital); SOUTH COTABATO; REGION XII (SOCCSKSARGEN)"
"UNIMAX STEEL STRUCTURE AND CONSTRUCTION CORP.","CS202051761","September 9, 2020","Registered","Block 1 Lot 6; 7; 8 and 9 ; New Mexico Business Park; ; MEXICO; PAMPANGA; REGION III (CENTRAL LUZON); 2015"
"CHRIZMARIE BUILDERS AND CONSTRUCTION SUPPLY CORP.","CS201811040","June 22, 2018","Delinquent","8 A ; Cotabato Street; Luzviminda Village; ; QUEZON CITY; SECOND DISTRICT; NATIONAL CAPITAL REGION (NCR); 1126"
"YGS COCO TECHNOLOGIES CORPORATION","CS201203964","February 29, 2012","Delinquent","TANGUB CITY; MISAMIS OCCIDENTAL; REGION X (NORTHERN MINDANAO)"
"THE HUANG BUILDERS Inc.","CS202064105","January 23, 2020","Registered","19 ; Ubaldo Laya Avenue; ; ILIGAN CITY; LANAO DEL NORTE; REGION X (NORTHERN MINDANAO); 9200"
""LA ESTRELLA LUMBER ENTERPRISES; INCORPORATED"","0000034026","December 22, 1967","Revoked","ROOM 510 ROSARIO BUILDING ; ROSARIO ST. ; CITY OF MANILA; FIRST DISTRICT; NATIONAL CAPITAL REGION (NCR)"
""R.B. ENTERPRISES; INCORPORATED"","0000039518","September 24, 1969","Delinquent","710 ; A.E DELOS SANTOS AVENUE ; QUEZON CITY; SECOND DISTRICT; NATIONAL CAPITAL REGION (NCR)"
"1022-F GRAPHICS ENTERPRISES; INCORPORATED","CS200805160","April 8, 2008","Suspended","BLK 69 LOT 7 ; KAAYUSAN ST ; CAINTA; RIZAL; REGION IV-A (CALABARZON)"
"108 ENTERPRISES INCORPORATED","CS201606191","March 28, 2016","Delinquent","UNIT2204A EAST TOWER PSEC ; EXCHANGE ROAD ; CITY OF PASIG; SECOND DISTRICT; NATIONAL CAPITAL REGION (NCR)"
"168grocers Enterprises Incorporated","2024030141653-20","March 14, 2024","Registered","35 JP LAUREL SR ST ; MOUNTAINVIEW VILLAGE ; San Roque; CITY OF MARIKINA; SECOND DISTRICT; NATIONAL CAPITAL REGION (NCR); 1801"
"2850 ENTERPRISES Incorporated","CS202102549","March 8, 2021","Registered","PHIMCO Compound ; Felix Y. Manalo ; CITY OF MANILA; NATIONAL CAPITAL REGION (NCR); 1009"
"3 JJLA ENTERPRISES INCORPORATED","A200110921","July 25, 2001","Suspended","BO. STO. ROSARIO ZARAGOZA NUEVA ECIJA ; NUEVA ECIJA; REGION III (CENTRAL LUZON)"
"3MBS ENTERPRISES INCORPORATED","CS201953228","June 18, 2019","Registered","3B ISOSCELES BUSINESS CENTER ; 401 J.P. RIZAL ST. ; SECOND DISTRICT; NATIONAL CAPITAL REGION (NCR); 1550"
"5Rs Bedonia Enterprises Incorporated","2024110177124-21","November 14, 2024","Registered","B. SIAOTONG ST. ; Ilaud Poblacion; BAROTAC NUEVO; ILOILO; REGION VI (WESTERN VISAYAS); 5007"
"8 MOUNTAIN MOVERS ENTERPRISES INCORPORATED","CS201130931","August 16, 2011","Delinquent","ARINGAY; LA UNION; REGION I (ILOCOS REGION)"
"AAGroup Construction & Development Corporation","2025020188273-00","February 13, 2025","Registered","71 ; JOSE ABAD SANTOS AVENUE ; Salawag; CITY OF DASMARIAS; CAVITE; REGION IV-A (CALABARZON); 4114"
"ARAGDON AND CHAVEZ CONSTRUCTION SERVICES CORPORATION","2021070021043-51","July 28, 2021","Registered","MCS BULDING ADVINCULA AVENUE ALAPAN II-A ; Ligtasan; IMUS CITY; CAVITE; REGION IV-A (CALABARZON); 2300"
"BIG JC CONSTRUCTION CORP.","2022060056899-03","June 22, 2022","Registered","1013 S.TEODORO ST. ; Tondo I/II - Barangay 196; CITY OF MANILA; FIRST DISTRICT; NATIONAL CAPITAL REGION (NCR); 1013"
"CLJR CONSTRUCTION OPC","2023080111000-01","August 4, 2023","Registered","4C ; RAYMUNDO AVENUE ; Rosario; CITY OF PASIG; SECOND DISTRICT; NATIONAL CAPITAL REGION (NCR); 1609"
"DMZ CONSTRUCTION CORPORATION","2024020134407-02","February 2, 2024","Registered","#199 ; San Jose; SANTO TOMAS; BATANGAS; REGION IV-A (CALABARZON); 4234"
"DUX CONSTRUCTION INC.","2024100171818-03","October 4, 2024","Registered","BLK 12 LOT 28 ; SAINT PETER STREET ; SAN PEDRO VII ; San Bartolome; QUEZON CITY; SECOND DISTRICT; NATIONAL CAPITAL REGION (NCR); 1116"
"E. Y. MERCADO CONSTRUCTION CORPORATION doing business under the name and style of E Y MERCADO CONSTRUCTION","2021070020609-12","July 23, 2021","Registered","BLK 1 LOT 25 ; OLIVAREZ COMPOUND 2 ; San Roque; CITY OF SAN PEDRO; LAGUNA; REGION IV-A (CALABARZON); 4023"
"JMD8 CONSTRUCTION CORPORATION","2025040199061-05","April 25, 2025","Registered","85 ; KAPILIGAN STREET ; Doa Imelda; QUEZON CITY; SECOND DISTRICT; NATIONAL CAPITAL REGION (NCR); 1113"
"MARJETECH CONSTRUCTION & TRADING OPC","2023050101306-02","May 30, 2023","Registered","ZONE 7; ; Santo Domingo; BOMBON; CAMARINES SUR; REGION V (BICOL REGION); 4404"
"MARSUN CONSTRUCTION; INCORPORATED","2022060054431-02","June 1, 2022","Registered","PAYATAS ROAD CORNER MAHOGANY STREET ; Payatas; QUEZON CITY; SECOND DISTRICT; NATIONAL CAPITAL REGION (NCR); 1119"
"CEBU TOPSTRONG HARDWARE SUPPLIES INC.","CS201432110","July 23, 2014","Registered","33 ; C. PADILLA ST.; ; CEBU CITY (Capital); CEBU; REGION VII (CENTRAL VISAYAS)"
"Anex Cosmetics Enterprises OPC","2021110031858-00","November 9, 2021","Registered","F3-11 8TH ST COR ; 23RD ST ; Barangay 183; PASAY CITY; FOURTH DISTRICT; NATIONAL CAPITAL REGION (NCR); 1309"
"GO 2 BIG HOMEDECOR ENTERPRISES and SUPPLIES INC.","2024010129835-72","January 3, 2024","Registered","UNIT ; 6- ; A. BRGY. ; Calzada; BALAYAN; BATANGAS; REGION IV-A (CALABARZON); 4213"
"IVORYSIGN BUSINESS ENTERPRISES CORP.","2024010129819-01","January 3, 2024","Registered","UNIT 8 ; C; ; BRGY. ; Calzada; BALAYAN; BATANGAS; REGION IV-A (CALABARZON); 4213"
"JVM Enterprises OPC","2023100121792-42","October 19, 2023","Registered","ZONE 5 ; Buntatala; JARO ; ILOILO CITY (Capital); ILOILO; REGION VI (WESTERN VISAYAS); 5000"
"OiLife DIRECT SELLING ENTERPRISES OPC","2025080214117-05","August 13, 2025","Registered","304 ; MEDALLA ; CUBAO ; EDSA GEN. MCARTHUR AVENUE ; Socorro; QUEZON CITY ; QUEZON CITY; SECOND DISTRICT; NATIONAL CAPITAL REGION (NCR); 1109"
"VLO Commerce Enterprises Corp.","2024020138765-00","February 28, 2024","Registered","BLK 16 LOT 06 ; ESTANZIA WEST HAKAYHAY ; Sahud Ulan; TANZA; CAVITE; REGION IV-A (CALABARZON); 4108"
"" VERTEC COMMERCIAL ENTERPRISES"","P000020934","January 26, 1971","Registered","CEBU CITY (Capital); CEBU; REGION VII (CENTRAL VISAYAS)"
""A. R. RIVA ENTERPRISES; INC.","0000019803","November 29, 1961","Revoked","4 ; TWIN ; QUEZON CITY; SECOND DISTRICT; NATIONAL CAPITAL REGION (NCR)"
""D" ENTERPRISES CO.; LTD.","P000039735","March 26, 1984","Registered","34 ; F. BLUMENTTRIT ST. ; CITY OF MANDALUYONG; SECOND DISTRICT; NATIONAL CAPITAL REGION (NCR)"
""FALEK ENTERPRISES; INC."","0000056026","May 16, 1974","Registered","CEBU CITY (Capital); CEBU; REGION VII (CENTRAL VISAYAS)"
"FASTRACK HOME DEVELOPERS INC.","A200205788","April 12, 2002","Registered","33 ; Collantes St.; ; QUEZON CITY; SECOND DISTRICT; NATIONAL CAPITAL REGION (NCR)"
"PHILWORKS CONSTRUCTION AND SUPPLY; OPC","OPC20190000823","September 9, 2019","Registered","ENRILE SUBDIVISION ; Concepcion Grande; NAGA CITY; CAMARINES SUR; REGION V (BICOL REGION); 4400"
"CHINA GEO-ENG'G CORPORATION/PHILWORKS CONSTRUCTION AND SUPPLY-JOINT VENTURE CO.","PG201539144","March 23, 2015","Registered","_ ; ENRILE SUBD.; ; NAGA CITY; CAMARINES SUR; REGION V (BICOL REGION)"
"ALMRIN BUILDERS CORPORATION","2021070021134-00","July 29, 2021","Registered","Panacan 2; NARRA; PALAWAN; REGION IV-B (MIMAROPA); 5303"
"J.F. GABOTERO; INC.","CS20200001005","March 10, 2020","Registered","Araneta Ave. ; Doa Imelda; QUEZON CITY; SECOND DISTRICT; NATIONAL CAPITAL REGION (NCR); 1113"
"BCVILLASENOR CONSTRUCTION CORP.","CS201842340","November 28, 2018","Delinquent",". ; Barangay ; QUEZON; REGION IV-A (CALABARZON); 4327"
"'94 BUILDERS CONSTRUCTION AND SUPPLY CORP.","CS201966232","February 8, 2019","Registered","BLOCK 12; LOT 25 ; GREEN ORCHARD VILLAGE ; Cabantian; DAVAO CITY; DAVAO DEL SUR; REGION XI (DAVAO REGION); 8000"
"101 General Construction and Supply CO.","PG201970110","August 27, 2019","Registered","102 ; SAN JOSE STREET ; Pagatpat (San Jose); CALABANGA; CAMARINES SUR; REGION V (BICOL REGION); 4405"
"16EAST CONSTRUCTION AND SUPPLY CORPORATION","CS201812892","July 9, 2018","Delinquent","867 ; Washington Drive ; ALBAY; REGION V (BICOL REGION); 4500"
"1ST BALMON CONSTRUCTION AND SUPPLY Co.","PG201826301","December 28, 2018","Registered","Balete ; Balete ; BATANGAS; REGION IV-A (CALABARZON); 4200"
"249 CONSTRUCTION AND SUPPLY COMPANY","2024100171735-40","October 4, 2024","Registered","61 ; KAMUNING ROAD ; Kamuning; QUEZON CITY; SECOND DISTRICT; NATIONAL CAPITAL REGION (NCR); 1103"
"2X3 CONSTRUCTION AND SUPPLY CORP.","2021090025516-01","September 16, 2021","Registered","Jelicuon Lusaya; CABATUAN ; CABATUAN; ILOILO; REGION VI (WESTERN VISAYAS); 5033"
"3 K&C CONSTRUCTION AND SUPPLY CORPORATION","CS201642220","December 28, 2016","Delinquent","GOMEZ STREET ; SINDANGAN; ZAMBOANGA DEL NORTE; REGION IX (ZAMBOANGA PENINSULA); 7112"
"3K FHRANCIS CYRENE CONSTRUCTION AND SUPPLY CORP.","CS202051449","March 9, 2020","Registered","2/F REX HOTEL BLDG. ; AGUINALDO ST. ; ALBAY; REGION V (BICOL REGION); 4500"
"3KRIS CONSTRUCTION AND SUPPLY CORPORATION","CS201331356","September 27, 2013","Registered","165 ; SOLIVIO ; SULTAN KUDARAT; MAGUINDANAO; BANGSAMORO AUTONOMOUS REGION IN MUSLIM MINDANAO (BARMM); 9508"
"3R & G CONSTRUCTION AND SUPPLY CO.","2023040096834-01","April 28, 2023","Registered","Banga; TALISAY; BATANGAS; REGION IV-A (CALABARZON); 4220"
"CAGALAWAN ENTERPRISES INC. FORMERLY: A.P. CAGALAWAN ENTERPRISES INC.","CS201802379","March 6, 2018","Registered","ZONE 1 ; Igpit; OPOL; MISAMIS ORIENTAL; REGION X (NORTHERN MINDANAO); 9016"
"ALGIMAR CONSTRUCTION CORPORATION","2020110003584-01","November 17, 2020","Registered","#4 ; MEDINA ; Kalipay (Pob.); MASBATE ; CITY OF MASBATE (Capital); MASBATE; REGION V (BICOL REGION); 5400"
"M. MONTESCLAROS ENTERPRISES INC.","HS95000138","July 24, 1995","Registered","BAGONTAS; VALENCIA; BUKIDNON ; BUKIDNON; REGION X (NORTHERN MINDANAO)"
"FNR BUILDERS AND SONS SUPPLY INC.","CS201702322","January 23, 2017","Registered","PUROK CHAMPACA ; CABANATUAN CITY; NUEVA ECIJA; REGION III (CENTRAL LUZON)"
"EC SOLICON BUILDERS & SUPPLY; INC.","CS201331395","October 3, 2013","Registered","DDOR C NDTC CENTRUM ; LAPULAPU ; CITY OF TACURONG; SULTAN KUDARAT; REGION XII (SOCCSKSARGEN); 9800"
"R.G. DELA CRUZ CONSTRUCTION CORP.","2023070109897-13","July 27, 2023","Registered","PUROK 2; ; San Pablo; JAEN; NUEVA ECIJA; REGION III (CENTRAL LUZON); 3109"
"B. DELA CRUZ CONSTRUCTION CO.; INC.","0000051110","May 4, 1973","Registered","1930 ; M. Reyes Street ; CITY OF MAKATI; FOURTH DISTRICT; NATIONAL CAPITAL REGION (NCR)"
"CC DELA CRUZ CONSTRUCTION AND REALTY DEVELOPMENT CORPORATION","2025070208140-00","July 4, 2025","Registered","PUROK 9 ; CALDERON STREET ; Santolan; PALAYAN CITY (Capital); NUEVA ECIJA; REGION III (CENTRAL LUZON); 3132"
"FC DELA CRUZ CONSTRUCTION & CONCEPTS INC.","CS201523370","November 27, 2015","Delinquent","G/F L2 B9 POLO DRIVE ; MENZYLAND ; CITY OF MALOLOS (Capital); BULACAN; REGION III (CENTRAL LUZON)"
"Genesis Dela Cruz Construction Inc.","2025070208118-15","July 4, 2025","Registered","UNIT 214-215 ; 2ND FLOOR ; COMMERCENTER ; EAST ASIA DRIVE; FILINVEST CORPORATE CITY ; Alabang; CITY OF MUNTINLUPA; FOURTH DISTRICT; NATIONAL CAPITAL REGION (NCR); 1780"
"HILARIO & DELA CRUZ CONSTRUCTION CO.","PG200810411","July 4, 2008","Registered","UNIT 425 FEMII ; A. SORIANO JR. ST. ; CITY OF MANILA; FIRST DISTRICT; NATIONAL CAPITAL REGION (NCR)"
"M R VARGAS CONSTRUCTION CORPORATION","CS201716519","May 23, 2017","Registered","10 ; ALIAGA; NUEVA ECIJA; REGION III (CENTRAL LUZON)"
"Martin Development Corporation","2022030045580-19","March 11, 2022","Registered","3F EMILIA BUILDING ; Bgy. No. 51-A; Nangalisan East; LAOAG CITY ; LAOAG CITY (Capital); ILOCOS NORTE; REGION I (ILOCOS REGION); 2900"
"NEGROS SAN MARTIN DEVELOPMENT CORPORATION","CS200728376","August 8, 2007","Registered","H. ABELLANA ST. ; MANDAUE CITY; CEBU; REGION VII (CENTRAL VISAYAS)"
"NOVANNE VENTURES CONSTRUCTION CORPORATION","CS200728529","September 26, 2007","Registered","JUPITER ST. ; BACOLOD CITY (Capital); NEGROS OCCIDENTAL; REGION VI (WESTERN VISAYAS)"
"RUPLINO SEISMUNDO CONSTRUCTION CORPORATION","2022050052897-02","May 19, 2022","Registered","NATIONAL HIGHWAY ; PUROK CACAO ; Visayan Village; CITY OF TAGUM (Capital); DAVAO DEL NORTE; REGION XI (DAVAO REGION); 8100"
"MAC BUILDERS CONSTRUCTION DEVELOPMENT AND ENTERPRISE CORP.","CS201964908","August 20, 2019","Registered","73 ; YACAPIN ; Barangay 32 (Pob.); CAGAYAN DE ORO CITY (Capital); MISAMIS ORIENTAL; REGION X (NORTHERN MINDANAO); 9000"
"MAC BUILDERS CORP.","CS201227098","January 25, 2012","Registered","Purok 8 ; Linao; ORMOC CITY; LEYTE; REGION VIII (EASTERN VISAYAS)"
"MAC BUILDERS/UBAS CONSTRUCTION (JV) CO. LTD.","PL200830052","August 12, 2008","Registered","NO. 23 ; AVILES ST. ; ORMOC CITY; LEYTE; REGION VIII (EASTERN VISAYAS)"
"RCM MAC BUILDERS COMPANY","PG202100109","January 6, 2021","Registered","2ND FLOOR; 2915 C ; E Rodriguez; ; PASAY CITY; FOURTH DISTRICT; NATIONAL CAPITAL REGION (NCR); 1300"
"ROPRIM CONSTRUCTION CORPORATION","CS201969997","November 6, 2019","Registered","L3 B5 ; VILLA LAS PALMAS ; Quintin Salas; ILOILO CITY (Capital); ILOILO; REGION VI (WESTERN VISAYAS); 5000"
"DOUBLE 12 CONSTRUCTION & SUPPLY CO.","PG201209653","May 23, 2012","Registered","1270 ; C Intruccion St ; CITY OF MANILA; FIRST DISTRICT; NATIONAL CAPITAL REGION (NCR)"
"BRYAN PAUL P. PACHECO CONST. CORP.","2023070110031-12","July 28, 2023","Registered","45 SITIO BOUNDARY ; Caalibangbangan; CABANATUAN CITY; NUEVA ECIJA; REGION III (CENTRAL LUZON); 3100"
"ROCK DIWATA BUILDERS; INC.","CS201729376","August 31, 2017","Registered","PUROK 4 ; Alegria; SAN FRANCISCO; AGUSAN DEL SUR; REGION XIII (Caraga); 8501"
"LARSEN-DUTCHER CONSTRACTOR CORPORATION","CS201521012","October 16, 2015","Registered","U-20 ; MASAYA ; QUEZON CITY; SECOND DISTRICT; NATIONAL CAPITAL REGION (NCR)"
"1 BEATUS BUILDERS CORP.","CS201723265","July 13, 2017","Registered","Duyanduyan; SANTA BARBARA; ILOILO; REGION VI (WESTERN VISAYAS); 5002"
"B. VICENCIO BUILDERS (BVB); INC.","CS200409375","June 18, 2004","Registered","CAGSALAOSAO ; CALBAYOG CITY; SAMAR; REGION VIII (EASTERN VISAYAS)"
"A. D. PENDON CONSTRUCTION & SUPPLY; INC.","CS201538418","September 9, 2015","Registered","AVANCENA SUBD ; ILOILO CITY (Capital); ILOILO; REGION VI (WESTERN VISAYAS)"
"JTC CRUZ CONSTRUCTION CO. INC.","CS200608608","June 5, 2006","Registered",""
"HIGH ROCK CONSTRUCTION AND SUPPLIES INCORPORATED","CS201735020","October 18, 2017","Registered","FELIPE O PERALTA ; BALUNGAO; PANGASINAN; REGION I (ILOCOS REGION)"
"ABMJ CONSTRUCTION AND AGGREGATES CORP.","2021060016598-07","June 15, 2021","Registered","PUROK 4 ; Bulanao; CITY OF TABUK (Capital); KALINGA; CORDILLERA ADMINISTRATIVE REGION (CAR); 3800"
"2L3 CONSTRUCTION AND SUPPLIES CORP.","CS202066098","January 23, 2020","Delinquent","door 8 ; tiongko street ; DAVAO CITY; DAVAO DEL SUR; REGION XI (DAVAO REGION); 8000"
"888 CONSTRUCTION AND SUPPLIES CORP.","2022100073604-05","October 26, 2022","Registered","BLOCK 15 LOT 47 ; CHINA ; SAN MARINO ; Salawag; CITY OF DASMARIAS; CAVITE; REGION IV-A (CALABARZON); 4114"
"C.F. TRINIDAD CONSTRUCTION AND SUPPLIES CORP.","CS200812330","August 8, 2008","Registered","296 ; Natividad ; MORONG; RIZAL; REGION IV-A (CALABARZON)"
"Conrad Construction and Supplies Corp.","2023110124639-16","November 14, 2023","Registered","142 ; MANALILI ST. ; Central (Pob.); CEBU CITY (Capital); CEBU; REGION VII (CENTRAL VISAYAS); 6000"
"CORD CONSTRUCTION AND SUPPLIES CORP.","2023100119534-02","October 4, 2023","Registered","FIRST FLOOR ; SANDY'S BLDG ; MCLL HIGHWAY ; Guiwan; DISTRICT 2 ; ZAMBOANGA CITY; ZAMBOANGA DEL SUR; REGION IX (ZAMBOANGA PENINSULA); 7000"
"COREDEV CONSTRUCTION AND SUPPLIES CORP.","2022120077869-40","December 6, 2022","Registered","Lapayon; LEGANES; ILOILO; REGION VI (WESTERN VISAYAS); 5003"
"DURN CONSTRUCTION AND SUPPLIES CORP.","2024010132683-07","January 23, 2024","Registered","1069 3 ; KALUBIHAN ; Talamban; CEBU CITY (Capital); CEBU; REGION VII (CENTRAL VISAYAS); 6000"
"ECAB CONSTRUCTION AND SUPPLIES CORP.","2022110075567-07","November 15, 2022","Registered","3 ; STO NINO EXTENSION ; Holy Spirit; QUEZON CITY; SECOND DISTRICT; NATIONAL CAPITAL REGION (NCR); 1127"
"EN HILUTIN CONSTRUCTION AND SUPPLIES CORP.","CS201901868","January 31, 2019","Registered","239 PLUTO STREET ; Centro Occidental (Pob.); POLANGUI; ALBAY; REGION V (BICOL REGION); 4506"
"FEILONG CONSTRUCTION AND SUPPLIES CORP.","CS201812989","July 9, 2018","Delinquent","2023 ; ABAD SANTOS AVE.; ; CITY OF MANILA; NATIONAL CAPITAL REGION (NCR); 1013"
"IVY MICHELLE CONSTRUCTION AND TRADING INC.","CS201629733","December 21, 2016","Registered","NATIONAL HIGHWAY ; NARRA; PALAWAN; REGION IV-B (MIMAROPA)"
"NFH CONSTRUCTION & SUPPLY INC. doing business under the name and style of NFH CHEMICALS","CS201639142","April 12, 2016","Registered","135 ; _ ; MILAOR; CAMARINES SUR; REGION V (BICOL REGION)"
"A. J. TAYLAN CONSTRUCTION CORPORATION","0000085641","April 11, 1979","Registered","DINGRAS ILOCOS NORTE ; ILOCOS NORTE; REGION I (ILOCOS REGION)"
"BAYTORR CONSTRUCTION AND DEVELOPMENT CORPORATION","CS201803677","March 27, 2018","Registered","LOT NO. 413-D ; ALDEVINCO ST. ; SARANGANI; REGION XII (SOCCSKSARGEN); 9501"
"M.M. SERRANO CONSTRUCTION COMPANY","PG201220798","November 12, 2012","Registered","110 ; BATISAN ST ; CABANATUAN CITY; NUEVA ECIJA; REGION III (CENTRAL LUZON)"
"A.G. SERRANO CONSTRUCTION COMPANY","P000039599","February 9, 1984","Registered","2ND FLOOR OF LIM BLDG.; ATOP MIYAKO TEMPURAL RESTAURANT; NO. 1675-G ; QUEZON AVE. ; QUEZON CITY; SECOND DISTRICT; NATIONAL CAPITAL REGION (NCR)"
"A.L. SALAZAR CONSTRUCTION; INC.","0000089211","October 24, 1979","Registered","Unit 108 ; 3A's & E Building ; Mc Arthur Highway ; Borol 1st; BALAGTAS (BIGAA); BULACAN; REGION III (CENTRAL LUZON); 3016"
"MEGA QSN CONSTRUCTION AND SUPPLY Inc.","CS201961302","February 15, 2019","Registered","RIZAL STREET; PUROK 1A ; Poblacion; CORTES; SURIGAO DEL SUR; REGION XIII (Caraga); 8300"
"MAVI Construction Inc.","CS202061830","October 23, 2020","Registered","RM. NO. 1 BLDG. NO. 1 J AND E TAN BUILDING; LILIA AVENUE ; Cogon Combado; ORMOC CITY; LEYTE; REGION VIII (EASTERN VISAYAS); 6532"
"FIRST OMB CONSTRUCTION AND DEVELOPMENT CORP.","CS201539269","June 4, 2015","Registered","B.S. IMPERIAL ST.; ALTERNATE ROAD ; LEGAZPI CITY (Capital); ALBAY; REGION V (BICOL REGION); 4500"
"REDSON CONSTRUCTION AND SUPPLIES; INC.","CS201737517","November 13, 2017","Registered","CFC BLDG.; ; RIZAL LACSON STS.; ; BACOLOD CITY (Capital); NEGROS OCCIDENTAL; REGION VI (WESTERN VISAYAS); 6100"
"PREMIUM MEGASTRUCTURES INC.","CS201227489","April 17, 2012","Registered","Purok 8 ; ORMOC CITY; LEYTE; REGION VIII (EASTERN VISAYAS)"
"BONIFACIO M. CARLOS CONSTRUCTION CORP.","CS200918344","November 24, 2009","Registered","SOUTH NATIONAL ; PUERTO PRINCESA CITY (Capital); PALAWAN; REGION IV-B (MIMAROPA)"
"CARLOS CONSTRUCTION DEVELOPMENT COMPANY","P000046889","June 4, 1990","Registered","3-B BARANGAY RD VILLA ANGELA ANGELES CITY ; PAMPANGA; REGION III (CENTRAL LUZON)"
"R.E.CARLOS CONSTRUCTION & DEVELOPMENT CORPORATION","CS201500665","January 23, 2015","Delinquent","NIA VILLAGE ; 65 AGNO ST ; QUEZON CITY; SECOND DISTRICT; NATIONAL CAPITAL REGION (NCR)"
"SAN CARLOS CONSTRUCTION SOLUTIONS INC.","CS201606693","April 4, 2016","Registered","EMERALD ARCADE ; FC LEDESMA ; NEGROS OCCIDENTAL; REGION VI (WESTERN VISAYAS)"
"KIT UBIADAS CONSTRUCTION CORPORATION","CS201220667","November 13, 2012","Registered","082 ; NATIONAL ROAD ; BINANGONAN; RIZAL; REGION IV-A (CALABARZON)"
"SANRHO BUILDERS INC.","CS201129012","March 3, 2011","Registered","KARANGAHAN BLVD.; ; CITY OF TABACO; ALBAY; REGION V (BICOL REGION)"
"Algamon Construction Corporation","2021110034268-13","November 29, 2021","Registered","00126 ; TAMAYO BUILDING ; RIZAL STREET ; Washington (Pob.); SURIGAO CITY ; SURIGAO CITY (Capital); SURIGAO DEL NORTE; REGION XIII (Caraga); 8400"
"ESJ AND SONS CONSTRUCTION AND CONSTRUCTION SUPPLY; INC.","E200200066","February 7, 2002","Registered","ROOM 106 ; BACOLOD CITY (Capital); NEGROS OCCIDENTAL; REGION VI (WESTERN VISAYAS)"
"JACH CONSTRUCTION AND CONSTRUCTION SUPPLY Inc. JACH PROPERTY VENTURE; JCCS","CS201918120","October 28, 2019","Delinquent","; 1 GRAHAM AVENUE ; BOHOL; REGION VII (CENTRAL VISAYAS); 6300"
"MMJ Construction and Construction Supply Inc.","2024040147912-00","April 26, 2024","Registered","LEVEL 1 ; JTL BLDG. ; B.S. AQUINO DRIVE ; Barangay 5 (Pob.); BACOLOD CITY (Capital); NEGROS OCCIDENTAL; REGION VI (WESTERN VISAYAS); 6100"
"Silvergraces Construction and Construction Supply Incorporated","2022080064981-00","August 22, 2022","Registered","BURGOS ; 2-257 ; Barangay II (Pob.); PONTEVEDRA; NEGROS OCCIDENTAL; REGION VI (WESTERN VISAYAS); 6105"
"SILVERRIA CONSTRUCTION AND CONSTRUCTION SUPPLY COMPANY; OPC","OPC20200000001","January 7, 2020","Registered","Burgos St.; ; Barangay II (Pob.); PONTEVEDRA; NEGROS OCCIDENTAL; REGION VI (WESTERN VISAYAS); 6105"
"SJ MILLENNIUM CONSTRUCTION AND CONSTRUCTION SUPPLY CORPORATION","CS201960687","June 18, 2019","Registered","168 ; Barangay Road ; BANTAY; ILOCOS SUR; REGION I (ILOCOS REGION); 2727"
"RT 58 HOME BUILDERS CORP.","CS201405710","March 20, 2014","Registered","2 ST. JUDE COR. ; ST. ANDREW STS. ; CITY OF MUNTINLUPA; FOURTH DISTRICT; NATIONAL CAPITAL REGION (NCR)"
"RT CRISMAN BUILDERS AND CONSTRUCTION SUPPLY INC.","CS201602871","February 11, 2016","Delinquent","PUROK 3 ; PORAC; PAMPANGA; REGION III (CENTRAL LUZON)"
"3EJ BUILDERS AND FABRICATIONS COMPANY","2025040199739-14","May 2, 2025","Registered","BLOCK 7 ; OCAMPO STREET ; Ungot; CITY OF TARLAC (Capital); TARLAC; REGION III (CENTRAL LUZON); 2300"
"CHANCEUX BUILDERS DEPOT CORP.","2020090002043-07","September 14, 2020","Registered","47 ; . ; . ; ; ; VISAYAS AVE ; Vasra; . ; QUEZON CITY; SECOND DISTRICT; NATIONAL CAPITAL REGION (NCR); 1630"
"FIRST CHOICE BUILDERS CORP.","2025050200003-04","May 5, 2025","Registered","BLOCK 32 LOT 8 PHASE 2 ; TULIP ; SOLDIERS HILLS IV ; Molino IV; BACOOR CITY; CAVITE; REGION IV-A (CALABARZON); 4102"
"HI-TEMP BUILDERS CORPORATION","2022060055046-09","June 7, 2022","Registered","504 ; SAMPAGUITA ; Buhangin (Pob.); DAVAO CITY; DAVAO DEL SUR; REGION XI (DAVAO REGION); 8000"
"Scout Builders Hardware Supply OPC","2024080166123-00","August 28, 2024","Registered","39 ; SCT. YBARDOLAZA ; Sacred Heart; SECOND DISTRICT - QUEZON CITY ; QUEZON CITY; SECOND DISTRICT; NATIONAL CAPITAL REGION (NCR); 1103"
"Sinirangan Builders Corp.","2023100121813-00","October 19, 2023","Registered","Poblacion Ward 12; BUTAK ; GUIUAN; EASTERN SAMAR; REGION VIII (EASTERN VISAYAS); 6809"
"TaxMan Builders Corporation","2024100174086-14","October 21, 2024","Registered","NMTTI BUILDING ; ABELLANOSA ; RAMIRO COMPOUND ; Consolacion; CAGAYAN DE ORO CITY (Capital); MISAMIS ORIENTAL; REGION X (NORTHERN MINDANAO); 9015"
"THE KINGDOM BUILDERS ASSOCIATION ; INC.","2023010080114-00","January 3, 2023","Registered","BUILDERS COMPOUND; PUROK MAGINHAWA; ; Bagong Sikat; SCIENCE CITY OF MUOZ; NUEVA ECIJA; REGION III (CENTRAL LUZON); 3119"
"AAGroup Construction & Development Corporation","2025020188273-00","February 13, 2025","Registered","71 ; JOSE ABAD SANTOS AVENUE ; Salawag; CITY OF DASMARIAS; CAVITE; REGION IV-A (CALABARZON); 4114"
"ARAGDON AND CHAVEZ CONSTRUCTION SERVICES CORPORATION","2021070021043-51","July 28, 2021","Registered","MCS BULDING ADVINCULA AVENUE ALAPAN II-A ; Ligtasan; IMUS CITY; CAVITE; REGION IV-A (CALABARZON); 2300"
"BIG JC CONSTRUCTION CORP.","2022060056899-03","June 22, 2022","Registered","1013 S.TEODORO ST. ; Tondo I/II - Barangay 196; CITY OF MANILA; FIRST DISTRICT; NATIONAL CAPITAL REGION (NCR); 1013"
"CLJR CONSTRUCTION OPC","2023080111000-01","August 4, 2023","Registered","4C ; RAYMUNDO AVENUE ; Rosario; CITY OF PASIG; SECOND DISTRICT; NATIONAL CAPITAL REGION (NCR); 1609"
"DMZ CONSTRUCTION CORPORATION","2024020134407-02","February 2, 2024","Registered","#199 ; San Jose; SANTO TOMAS; BATANGAS; REGION IV-A (CALABARZON); 4234"
"DUX CONSTRUCTION INC.","2024100171818-03","October 4, 2024","Registered","BLK 12 LOT 28 ; SAINT PETER STREET ; SAN PEDRO VII ; San Bartolome; QUEZON CITY; SECOND DISTRICT; NATIONAL CAPITAL REGION (NCR); 1116"
"E. Y. MERCADO CONSTRUCTION CORPORATION doing business under the name and style of E Y MERCADO CONSTRUCTION","2021070020609-12","July 23, 2021","Registered","BLK 1 LOT 25 ; OLIVAREZ COMPOUND 2 ; San Roque; CITY OF SAN PEDRO; LAGUNA; REGION IV-A (CALABARZON); 4023"
"JMD8 CONSTRUCTION CORPORATION","2025040199061-05","April 25, 2025","Registered","85 ; KAPILIGAN STREET ; Doa Imelda; QUEZON CITY; SECOND DISTRICT; NATIONAL CAPITAL REGION (NCR); 1113"
"MARJETECH CONSTRUCTION & TRADING OPC","2023050101306-02","May 30, 2023","Registered","ZONE 7; ; Santo Domingo; BOMBON; CAMARINES SUR; REGION V (BICOL REGION); 4404"
"MARSUN CONSTRUCTION; INCORPORATED","2022060054431-02","June 1, 2022","Registered","PAYATAS ROAD CORNER MAHOGANY STREET ; Payatas; QUEZON CITY; SECOND DISTRICT; NATIONAL CAPITAL REGION (NCR); 1119"
"ENGINEERING AND DEVELOPMENT CORPORATION OF THE PHILIPPINES","0000009598","February 23, 1955","Registered","10TH FLOR JELP BLDG.; ; 409 SHAW BLVD. ; CITY OF MANDALUYONG; SECOND DISTRICT; NATIONAL CAPITAL REGION (NCR)"
"ENGINEERING AND MANAGEMENT CONSULTANCY COMPANY","P000042813","April 7, 1987","Registered","CITY OF MAKATI; FOURTH DISTRICT; NATIONAL CAPITAL REGION (NCR)"
"ENGINEERING BAR & RESTAURANT CO.","PG200715121","September 27, 2007","Registered","365 PLAZA ; NATIONAL HIGHWAY ; ILOCOS NORTE; REGION I (ILOCOS REGION)"
"ENGINEERING CLASS OF NUEVA CACERES 1990 INC.","2023090116681-00","September 15, 2023","Registered","KM7 ZONE 3 ; SITIO ALMEDA ; Pacol; NAGA CITY; CAMARINES SUR; REGION V (BICOL REGION); 4400"
"Engineering Heads Association INC.","2024060154375-03","June 7, 2024","Registered","UNIT 20 ; IPARK CENTER ; 401 AMANG RODRIGUEZ AVE.; MANGGAHAN; PASIG CITY ; Manggahan; CITY OF PASIG; SECOND DISTRICT; NATIONAL CAPITAL REGION (NCR); 1611"
"ENGINEERING MANAGEMENT & PLANNING SERVICES CORPORATION","AF95000114","September 12, 1995","Delinquent",""
"ENGINEERING MARKETING SERVICES CORPORATION","0000035316","May 17, 1968","Revoked","RM 202-B P&M BUILDING ; 2129 PASONG TAMO ST. ; CITY OF MAKATI; FOURTH DISTRICT; NATIONAL CAPITAL REGION (NCR)"
"ENGINEERING SUPPORT DISTRIBUTORS","P000022080","December 8, 1971","Registered","CITY OF MANILA; NATIONAL CAPITAL REGION (NCR)"
"ENGINEERING SYSTEM REVIEW CENTER CO.","P000039860","June 28, 1984","Registered","204; 2ND FLOOR; VIP BUILDING ; ROXAS BOULEVARD ; CITY OF MANILA; FIRST DISTRICT; NATIONAL CAPITAL REGION (NCR)"
"ENGINEERING TECHNICAL SERVICES S. R. L. Doing business under Elettra Consultancy Philippines Branch Office; Engineering Technical Services Philippines Branch Office","FS202000319","January 10, 2020","Registered","5th Floor Gateway Tower ; Gen. Roxas Ave. cor. Gen. Aguinaldo Ave. ; QUEZON CITY; SECOND DISTRICT; NATIONAL CAPITAL REGION (NCR); 1109"
"RADIANS BUILDERS AND SUPPLY CORPORATION","CS201621545","September 16, 2016","Registered","VENTURA ; VILLA VICTORIA ; PAMPANGA; REGION III (CENTRAL LUZON)"
"JV LAGON ENTERPRISES; INCORPORATED","DEO0001528","November 9, 1988","Registered","Poblacion; CITY OF TACURONG; SULTAN KUDARAT; REGION XII (SOCCSKSARGEN); 9800"
"JV PEAFLOR ENTERPRISES CO.","PG201318196","September 17, 2013","Registered","B2 L5 ; NATIONAL RD ; LAGUNA; REGION IV-A (CALABARZON)"
"Anex Cosmetics Enterprises OPC","2021110031858-00","November 9, 2021","Registered","F3-11 8TH ST COR ; 23RD ST ; Barangay 183; PASAY CITY; FOURTH DISTRICT; NATIONAL CAPITAL REGION (NCR); 1309"
"GO 2 BIG HOMEDECOR ENTERPRISES and SUPPLIES INC.","2024010129835-72","January 3, 2024","Registered","UNIT ; 6- ; A. BRGY. ; Calzada; BALAYAN; BATANGAS; REGION IV-A (CALABARZON); 4213"
"IVORYSIGN BUSINESS ENTERPRISES CORP.","2024010129819-01","January 3, 2024","Registered","UNIT 8 ; C; ; BRGY. ; Calzada; BALAYAN; BATANGAS; REGION IV-A (CALABARZON); 4213"
"JVM Enterprises OPC","2023100121792-42","October 19, 2023","Registered","ZONE 5 ; Buntatala; JARO ; ILOILO CITY (Capital); ILOILO; REGION VI (WESTERN VISAYAS); 5000"
"OiLife DIRECT SELLING ENTERPRISES OPC","2025080214117-05","August 13, 2025","Registered","304 ; MEDALLA ; CUBAO ; EDSA GEN. MCARTHUR AVENUE ; Socorro; QUEZON CITY ; QUEZON CITY; SECOND DISTRICT; NATIONAL CAPITAL REGION (NCR); 1109"
"VLO Commerce Enterprises Corp.","2024020138765-00","February 28, 2024","Registered","BLK 16 LOT 06 ; ESTANZIA WEST HAKAYHAY ; Sahud Ulan; TANZA; CAVITE; REGION IV-A (CALABARZON); 4108"
"" VERTEC COMMERCIAL ENTERPRISES"","P000020934","January 26, 1971","Registered","CEBU CITY (Capital); CEBU; REGION VII (CENTRAL VISAYAS)"
""A. R. RIVA ENTERPRISES; INC.","0000019803","November 29, 1961","Revoked","4 ; TWIN ; QUEZON CITY; SECOND DISTRICT; NATIONAL CAPITAL REGION (NCR)"
"MASTERSTONE DEVELOPMENT AND CONSTRUCTION CORPORATION","CS201501584","February 2, 2015","Registered","CABANATUAN CITY; NUEVA ECIJA; REGION III (CENTRAL LUZON)"
"KYRO BUILDERS; INC.","CS201305876","March 21, 2013","Registered","14 ; ONGJIANGCO ST ; GUIMBA; NUEVA ECIJA; REGION III (CENTRAL LUZON)"
"RNMK CONSTRUCTION; SUPPLY AND DEVELOPMENT CORPORATION ALSO KNOWN AS (A.K.A.) RCSDC","CS201424505","December 18, 2014","Registered","MENDIOLA ST. COR. ; CAPITOL ROAD; ; CATARMAN; NORTHERN SAMAR; REGION VIII (EASTERN VISAYAS)"
"R-GOLDEN DEPOT CONSTRUCTION SUPPLY CO.","2023060101926-28","June 2, 2023","Registered","MAHARLIKA HIGHWAY; ; La Torre; TALAVERA; NUEVA ECIJA; REGION III (CENTRAL LUZON); 3114"
"141 CONSTRUCTION SUPPLY & SERVICES; INC.","CS200613659","August 29, 2006","Suspended","9 ; PARINAS ST. ; QUEZON CITY; SECOND DISTRICT; NATIONAL CAPITAL REGION (NCR)"
"167 ELECTRICAL AND CONSTRUCTION SUPPLY CORP.","2023110124173-02","November 10, 2023","Registered","2ND FLOOR UNIT B ; NHA AVENUE ; Dela Paz (Pob.); CITY OF ANTIPOLO; RIZAL; REGION IV-A (CALABARZON); 1870"
"175 BUILDERS & CONSTRUCTION SUPPLY; INC.","CS200918874","December 4, 2009","Suspended","654 ; CAPT SAMANO ST AREA 4 ; CALOOCAN CITY; THIRD DISTRICT; NATIONAL CAPITAL REGION (NCR)"
"1ST J.E. ADLAWAN CONSTRUCTION & SUPPLY CORPORATION","CS201534844","November 17, 2015","Registered","173 ; MINGLANILLA; CEBU; REGION VII (CENTRAL VISAYAS); 6046"
"3 AND 1 CONSTRUCTION SUPPLY AND GENERAL MDSE INC. DOING BUSINESS UNDER THE NAMES AND STYLES OF 12-34 BUILDERS; A AND B CONTRACTING","CS201718847","June 8, 2017","Registered","367 ; JOSE RIZAL ; PADRE GARCIA; BATANGAS; REGION IV-A (CALABARZON)"
"3-ELEVEN CONSTRUCTION SUPPLY DEPOT OPC","2024020137477-07","February 21, 2024","Registered","RCD HOMES ; Sabang; TUY; BATANGAS; REGION IV-A (CALABARZON); 4214"
"3L Construction & Supply; Inc.","2022060056459-05","June 17, 2022","Registered","HDA. STA. MARIA ; Zone 15 (Pob.); CITY OF TALISAY; NEGROS OCCIDENTAL; REGION VI (WESTERN VISAYAS); 6115"
"3RV MURICO INC. DOING BUSINESS UNDER THE NAME AND STYLE OF MURICO TRADING AND CONSTRUCTION SUPPLY AND KYOTO2 AUTO SUPPLY","CS201722972","July 12, 2017","Registered","BLK.3 L53G EASTWOOD ; RESIDENCES PHASE 4B ; RODRIGUEZ (MONTALBAN); RIZAL; REGION IV-A (CALABARZON)"
"4CE'S CONSTRUCTION & SUPPLY CO.","PG201733779","October 5, 2017","Registered","_ ; _ ; POLANGUI; ALBAY; REGION V (BICOL REGION); 4506"
"HENSO CONSTRUCTION; INC.","CS200931551","October 28, 2009","Registered","A.J. Saavedra Road; ; ZAMBOANGA CITY; ZAMBOANGA DEL SUR; REGION IX (ZAMBOANGA PENINSULA); 7000"
"R.A. MATIAS CONSTRUCTION AND DEVELOPERS Inc.","CS201960126","February 4, 2019","Registered","749 ; GARDENIA ST.; DIOR VILLAGE ; DAGUPAN CITY; PANGASINAN; REGION I (ILOCOS REGION); 2440"
"R-GOLDEN DEPOT CONSTRUCTION SUPPLY CO.","2023060101926-28","June 2, 2023","Registered","MAHARLIKA HIGHWAY; ; La Torre; TALAVERA; NUEVA ECIJA; REGION III (CENTRAL LUZON); 3114"
"141 CONSTRUCTION SUPPLY & SERVICES; INC.","CS200613659","August 29, 2006","Suspended","9 ; PARINAS ST. ; QUEZON CITY; SECOND DISTRICT; NATIONAL CAPITAL REGION (NCR)"
"167 ELECTRICAL AND CONSTRUCTION SUPPLY CORP.","2023110124173-02","November 10, 2023","Registered","2ND FLOOR UNIT B ; NHA AVENUE ; Dela Paz (Pob.); CITY OF ANTIPOLO; RIZAL; REGION IV-A (CALABARZON); 1870"
"175 BUILDERS & CONSTRUCTION SUPPLY; INC.","CS200918874","December 4, 2009","Suspended","654 ; CAPT SAMANO ST AREA 4 ; CALOOCAN CITY; THIRD DISTRICT; NATIONAL CAPITAL REGION (NCR)"
"1ST J.E. ADLAWAN CONSTRUCTION & SUPPLY CORPORATION","CS201534844","November 17, 2015","Registered","173 ; MINGLANILLA; CEBU; REGION VII (CENTRAL VISAYAS); 6046"
"3 AND 1 CONSTRUCTION SUPPLY AND GENERAL MDSE INC. DOING BUSINESS UNDER THE NAMES AND STYLES OF 12-34 BUILDERS; A AND B CONTRACTING","CS201718847","June 8, 2017","Registered","367 ; JOSE RIZAL ; PADRE GARCIA; BATANGAS; REGION IV-A (CALABARZON)"
"3-ELEVEN CONSTRUCTION SUPPLY DEPOT OPC","2024020137477-07","February 21, 2024","Registered","RCD HOMES ; Sabang; TUY; BATANGAS; REGION IV-A (CALABARZON); 4214"
"3L Construction & Supply; Inc.","2022060056459-05","June 17, 2022","Registered","HDA. STA. MARIA ; Zone 15 (Pob.); CITY OF TALISAY; NEGROS OCCIDENTAL; REGION VI (WESTERN VISAYAS); 6115"
"3RV MURICO INC. DOING BUSINESS UNDER THE NAME AND STYLE OF MURICO TRADING AND CONSTRUCTION SUPPLY AND KYOTO2 AUTO SUPPLY","CS201722972","July 12, 2017","Registered","BLK.3 L53G EASTWOOD ; RESIDENCES PHASE 4B ; RODRIGUEZ (MONTALBAN); RIZAL; REGION IV-A (CALABARZON)"
"4CE'S CONSTRUCTION & SUPPLY CO.","PG201733779","October 5, 2017","Registered","_ ; _ ; POLANGUI; ALBAY; REGION V (BICOL REGION); 4506"
"CAJUGOTAN BUILDERS AND DEVELOPMENT CORP.","2021030009695-24","March 25, 2021","Registered","UNIT 1 ; PUROK 1 ; Cajogutan; BACACAY; ALBAY; REGION V (BICOL REGION); 4509"
"JOMARCANN GENERAL CONSTRUCTION OPC","2021050013442-01","May 10, 2021","Registered","Taloy Sur; TUBA; BENGUET; CORDILLERA ADMINISTRATIVE REGION (CAR); 2603"
"AD LOPEZ CONSTRUCTION DEVELOPMENT AND SUPPLY CORPORATION","CS201730201","September 7, 2017","Registered","U-3203-D3 SUMMIT1 ; TOWER;530 SHAW BLVD. ; CITY OF MANDALUYONG; SECOND DISTRICT; NATIONAL CAPITAL REGION (NCR)"
"E. S. LOPEZ CONSTRUCTION AND TRADING CORPORATION","CS201115250","August 31, 2011","Suspended","UNIT 102 LOTO BLDG. ; SALUD HIWAY ; NOVELETA; CAVITE; REGION IV-A (CALABARZON)"
"JAIME LOPEZ CONSTRUCTION SERVICES OPC","OPC20200000347","February 7, 2020","Registered","#1 ; Doa Aurora St. ; Parang; CITY OF MARIKINA; SECOND DISTRICT; NATIONAL CAPITAL REGION (NCR); 1809"
"K.C. LOPEZ CONSTRUCTION & DEVELOPMENT CORP.","CS200312544","June 2, 2003","Revoked","38 ; ZODIAC ST. ; CITY OF LAS PIAS; FOURTH DISTRICT; NATIONAL CAPITAL REGION (NCR)"
"LOPEZ CONSTRUCTION AND DEVELOPMENT OPC","2023090115717-07","September 8, 2023","Registered","NATIONAL HIGHWAY ; San Felipe; CUENCA; BATANGAS; REGION IV-A (CALABARZON); 4222"
"M.D. LOPEZ CONSTRUCTION CORPORATION","CS200416698","October 20, 2004","Revoked","19UG CITYLAND DELAROS A CONDO DELA ROSA ST. PIODELPILAR ; CITY OF MAKATI; FOURTH DISTRICT; NATIONAL CAPITAL REGION (NCR)"
"R.L. LOPEZ CONSTRUCTION SERVICES OPC","2025020186796-03","February 4, 2025","Registered","816 ; ST. BERNARD ST.; ; CARDINAL VILLAGE; ; Sampiruhan; CITY OF CALAMBA; LAGUNA; REGION IV-A (CALABARZON); 4027"
"Senga Cruz Lopez Construction Management and Builders Inc.","2022080063973-02","August 14, 2022","Registered","2ND FLOOR ; V.V. TINIO BUILDING ; Santo Rosario; CAPAS; TARLAC; REGION III (CENTRAL LUZON); 1506"
"TAN LOPEZ CONSTRUCTION & DEVELOPMENT CORPORATION","CS201407087","April 7, 2014","Registered","DJPMM ST.; NEW MARKET ROAD; ; BATANGAS CITY (Capital); BATANGAS; REGION IV-A (CALABARZON)"
"3-SIDES BUILDERS & TRADING CORP.","CS201601400","January 25, 2016","Registered","B2 Lot 1 Atis St.; Lanzones Corner Trinidad Village; ; Phase 1 & 2 ; BACOLOR; PAMPANGA; REGION III (CENTRAL LUZON)"
"7C TAGALA CONSTRUCTION COMPANY","PG201726270","August 7, 2017","Registered","B29A; L3; BROOKSIDE ; LANE; ARNALDO HI-WAY ; GENERAL TRIAS; CAVITE; REGION IV-A (CALABARZON)"
"ITP CONSTRUCTION/R.C. TAGALA CONSTRUCTION CO.","PG201205402","March 19, 2012","Registered","179 ; autralia st ; QUEZON CITY; SECOND DISTRICT; NATIONAL CAPITAL REGION (NCR)"
"LD MD ONLINE DEVELOPERS INC. doing business under the name and style of ONLINEDOC","2020060000362-14","June 2, 2020","Delinquent","73A4 ; Bugallon St.; ; Aurora Hill; South Central; BAGUIO CITY; BENGUET; CORDILLERA ADMINISTRATIVE REGION (CAR); 2600"
"SUNTECH BUSINESS DEVELOPERS OPC","2025020186701-05","February 3, 2025","Registered","75 ; DONA FRANCESCA ; FILINVEST HOMES 2 ; Bagong Silangan; QUEZON CITY; SECOND DISTRICT; NATIONAL CAPITAL REGION (NCR); 1119"
"101 PROPERTY PLANNERS & DEVELOPERS CORPORATION","CS200800602","January 16, 2008","Registered","UNIT 202 TOPAZ BLDG. ; QUEZON CITY; SECOND DISTRICT; NATIONAL CAPITAL REGION (NCR)"
"101 REALTY DEVELOPERS INC.","CS201216040","August 30, 2012","Registered","120 ; J DE MESA ; CITY OF MANILA; NATIONAL CAPITAL REGION (NCR)"
"157 DEVELOPERS INC.","CS200729771","September 5, 2007","Revoked","157 RAMON DUTERTE ST. ; BANAWA ; CEBU CITY (Capital); CEBU; REGION VII (CENTRAL VISAYAS)"
"25TH CENTURY PROPERTY DEVELOPERS CORP.","A199611084","January 15, 1997","Revoked","NO. 79 PANAY AVENUE QUEZON CITY METRO MANILA ; CITY OF MANILA; NATIONAL CAPITAL REGION (NCR)"
"4RS DEVELOPERS UNLIMITED; INC.","CS200409324","June 30, 2004","Revoked","317 ROOSEVELT AVENUE; SAN FRANCISCO DEL MONTE ; QUEZON CITY; SECOND DISTRICT; NATIONAL CAPITAL REGION (NCR)"
"577 PROPERTY DEVELOPERS INC.","CS200811428","July 18, 2008","Registered","unit 211 ridgeway cond 70 ; dansalan st ; CITY OF MANDALUYONG; SECOND DISTRICT; NATIONAL CAPITAL REGION (NCR)"
"7 SEAS BUILDERS AND DEVELOPERS INC.","CS201601283","January 21, 2016","Delinquent","33-C EMERALD AVE. ; EMERALD COURT SUBD. ; PATEROS; FOURTH DISTRICT; NATIONAL CAPITAL REGION (NCR)"
"830 BUILDERS & DEVELOPERS CORP.","A200100811","January 2, 2001","Registered","ILUSRE AVE.; LEMERY; BATANGAS ; BATANGAS; REGION IV-A (CALABARZON)"
"'94 BUILDERS CONSTRUCTION AND SUPPLY CORP.","CS201966232","February 8, 2019","Registered","BLOCK 12; LOT 25 ; GREEN ORCHARD VILLAGE ; Cabantian; DAVAO CITY; DAVAO DEL SUR; REGION XI (DAVAO REGION); 8000"
"101 General Construction and Supply CO.","PG201970110","August 27, 2019","Registered","102 ; SAN JOSE STREET ; Pagatpat (San Jose); CALABANGA; CAMARINES SUR; REGION V (BICOL REGION); 4405"
"16EAST CONSTRUCTION AND SUPPLY CORPORATION","CS201812892","July 9, 2018","Delinquent","867 ; Washington Drive ; ALBAY; REGION V (BICOL REGION); 4500"
"1ST BALMON CONSTRUCTION AND SUPPLY Co.","PG201826301","December 28, 2018","Registered","Balete ; Balete ; BATANGAS; REGION IV-A (CALABARZON); 4200"
"249 CONSTRUCTION AND SUPPLY COMPANY","2024100171735-40","October 4, 2024","Registered","61 ; KAMUNING ROAD ; Kamuning; QUEZON CITY; SECOND DISTRICT; NATIONAL CAPITAL REGION (NCR); 1103"
"2X3 CONSTRUCTION AND SUPPLY CORP.","2021090025516-01","September 16, 2021","Registered","Jelicuon Lusaya; CABATUAN ; CABATUAN; ILOILO; REGION VI (WESTERN VISAYAS); 5033"
"3 K&C CONSTRUCTION AND SUPPLY CORPORATION","CS201642220","December 28, 2016","Delinquent","GOMEZ STREET ; SINDANGAN; ZAMBOANGA DEL NORTE; REGION IX (ZAMBOANGA PENINSULA); 7112"
"3K FHRANCIS CYRENE CONSTRUCTION AND SUPPLY CORP.","CS202051449","March 9, 2020","Registered","2/F REX HOTEL BLDG. ; AGUINALDO ST. ; ALBAY; REGION V (BICOL REGION); 4500"
"3KRIS CONSTRUCTION AND SUPPLY CORPORATION","CS201331356","September 27, 2013","Registered","165 ; SOLIVIO ; SULTAN KUDARAT; MAGUINDANAO; BANGSAMORO AUTONOMOUS REGION IN MUSLIM MINDANAO (BARMM); 9508"
"3R & G CONSTRUCTION AND SUPPLY CO.","2023040096834-01","April 28, 2023","Registered","Banga; TALISAY; BATANGAS; REGION IV-A (CALABARZON); 4220"
"PRIME PAVE CONSTRUCTION AND ASPHALT CORPORATION","CS201213820","July 26, 2012","Registered","PORAC; PAMPANGA; REGION III (CENTRAL LUZON)"
"ALADIN M. TORRES CONSTRUCTION CO.","PG200259751","November 11, 2002","Registered","269A ; BOBADILLA COMPOUND ; TANZA; CAVITE; REGION IV-A (CALABARZON)"
"ALDEN T. TORRES CONSTRUCTION OPC doing business under the name and style of ATT CONST.","OPC20190000263","July 8, 2019","Registered","6675 ; TAYLO STREET ; Pio Del Pilar; CITY OF MAKATI; FOURTH DISTRICT; NATIONAL CAPITAL REGION (NCR); 1230"
"E.L. TORRES CONSTRUCTION AND TRADING INC.","CS201406489","March 31, 2014","Registered","LOT 15 BLK 136 ; MINDANAO AVE.; ; QUEZON CITY; SECOND DISTRICT; NATIONAL CAPITAL REGION (NCR)"
"F A TORRES CONSTRUCTION AND GENERAL MERCHANDISE; INC.","CS201423877","December 9, 2014","Registered","0326 ; C. LIBORO ST.; ; OCCIDENTAL MINDORO; REGION IV-B (MIMAROPA)"
"F. A. TORRES CONSTRUCTION INC.","CS201734403","October 11, 2017","Registered","0326 ; C.LIBORO ; OCCIDENTAL MINDORO; REGION IV-B (MIMAROPA)"
"FLORENTINO ROQUE TORRES CONSTRUCTION & MAINTENANCE SERVICES CORP.","CS201513147","July 3, 2015","Registered","No. 2207 ; Ugbo St.; ; CITY OF MANILA; FIRST DISTRICT; NATIONAL CAPITAL REGION (NCR)"
"TWIN TORRES CONSTRUCTION CORP.","2022010037119-30","January 3, 2022","Registered","UNIT 305; ; PACIFIC CENTURY TOWER; ; QUEZON AVENUE; ; South Triangle; QUEZON CITY; SECOND DISTRICT; NATIONAL CAPITAL REGION (NCR); 1103"
"ROVILLA CONSTRUCTION AND LAND DEVELOPMENT CORPORATION doing business under the name and style of ROVILLA CONSTRUCTION AND ROVILLA LAND DEVELOPMENT","2021100028624-03","October 12, 2021","Registered","293 ; TRES DE ABRIL ; CALINAWAN COMPOUND ; Punta Princesa; CEBU CITY (Capital); CEBU; REGION VII (CENTRAL VISAYAS); 6000"
"DIADEMA CONSTRUCTION AND ENTERPRISES INC.","CS202009314","November 3, 2020","Registered","40; ; MATULUNGIN ST.; ; QUEZON CITY; SECOND DISTRICT; NATIONAL CAPITAL REGION (NCR); 1101"
"R. E. ORLINA CONSTRUCTION CORPORATION","AS96001332","February 7, 1996","Registered","3163 A MABINI ST POBLACION MAKATI CITY ; CITY OF MANILA; NATIONAL CAPITAL REGION (NCR)"
"NALE CONSTRUCTION AND DEVELOPMENT CORP.","CS201025796","July 7, 2010","Delinquent","LARENA; SIQUIJOR; REGION VII (CENTRAL VISAYAS)"
"SILVERRIA CONSTRUCTION AND CONSTRUCTION SUPPLY COMPANY; OPC","OPC20200000001","January 7, 2020","Registered","Burgos St.; ; Barangay II (Pob.); PONTEVEDRA; NEGROS OCCIDENTAL; REGION VI (WESTERN VISAYAS); 6105"
"OIC CONZTRUCT AND SUPPLY CORPORATION","CS201110527","June 17, 2011","Registered","NATIONAL HIWAY ; BATANGAS CITY (Capital); BATANGAS; REGION IV-A (CALABARZON)"
"A. DE GUIA CONSTRUCTION AND DEV'T. CO.","PG201524637","December 17, 2015","Dissolved","ALICIA; ISABELA; REGION II (CAGAYAN VALLEY)"
"A. DE GUIA CONSTRUCTION AND DEVELOPMENT CORPORATION","CS201821802","September 27, 2018","Registered","79 ; Burgos ; ALICIA; ISABELA; REGION II (CAGAYAN VALLEY); 3311"
"INCEP Construction and Development Corp. Doing business under the name and style of INCEP Builders","CS201909228","June 6, 2019","Registered","00 ; HERNAN CORTES ST. ; Banilad; MANDAUE CITY; CEBU; REGION VII (CENTRAL VISAYAS); 6014"
"ESCORR BUILDERS AND TRADERS; INC.","CS201723755","July 19, 2017","Registered","UNIT-6 ; YUSEPENG BLDG. ; GENERAL SANTOS CITY (DADIANGAS); SOUTH COTABATO; REGION XII (SOCCSKSARGEN)"
"CENTERWAYS CONSTRUCTION AND DEVELOPMENT INC.","CS200926069","February 6, 2009","Registered","_ ; SITIO SIP-AC ; CITY OF SORSOGON (Capital); SORSOGON; REGION V (BICOL REGION)"
"B. BERNARDO CONST.; INC.","CS201618965","August 19, 2016","Registered","233 ; BULACAN; REGION III (CENTRAL LUZON)"
"P.L. SEBASTIAN CONSTRUCTION INC.","CS200926618","January 13, 2009","Registered","LOT. 18 BLK. 21 ; KM. 6; UNION AVE. ; DAVAO CITY; DAVAO DEL SUR; REGION XI (DAVAO REGION)"
"GONZALES + SEBASTIAN CONSTRUCTION & TRADING CORP.","CS200316501","July 23, 2003","Revoked","201-B ; SEBASTIAN ST.; ; JAEN; NUEVA ECIJA; REGION III (CENTRAL LUZON)"
"SAN SEBASTIAN CONSTRUCTION COMPANY; INC.","0000023381","July 12, 1963","Revoked","CITY OF VALENZUELA; THIRD DISTRICT; NATIONAL CAPITAL REGION (NCR)"
"TMT CONSTRUCTION AND DEVELOPMENT Corporation","CS201822673","October 11, 2018","Delinquent","176 ; Roosevelt Avenue; San Francisco ; QUEZON CITY; SECOND DISTRICT; NATIONAL CAPITAL REGION (NCR); 1105"
"BRE CONSTRUCTION CORPORATION doing business under the name and style of BRECON","2023110126336-01","November 28, 2023","Registered","1001 ; ENGRACIA STREET ; Marulas; DISTRICT 2 ; CITY OF VALENZUELA; THIRD DISTRICT; NATIONAL CAPITAL REGION (NCR); 1440"
"CONRADO B. BAUTISTA CONST. & SUPPLY CORP.","CS200818535","November 26, 2008","Registered",""
"A AND A TRADING CHB; HARDWARE AND CONST. SUPPLY CO. LTD.","PL201716994","May 25, 2017","Registered","PUROK6 ; FLORIDABLANCA; PAMPANGA; REGION III (CENTRAL LUZON)"
"A.D.A N' SONS HARDWARE AND CONST. SUPPLY; INC.","CS201723174","July 12, 2017","Registered","F.P FELIX AVENUE ; TATLONG KAWAYAN ; CAINTA; RIZAL; REGION IV-A (CALABARZON)"
"AB2 BUILDERS AND CONST. SUPPLY CORPORATION","CS201212518","July 5, 2012","Suspended","26 ; rachelle lane ; QUEZON CITY; SECOND DISTRICT; NATIONAL CAPITAL REGION (NCR)"
"ACTSBUILT CONST. SUPPLY CORPORATION","CS201966617","April 10, 2019","Registered","BLK. 2 #270 ; SIR NEW MATINA PHS. 1 ABELLANO ; Bucana; DAVAO CITY; DAVAO DEL SUR; REGION XI (DAVAO REGION); 8000"
"ANCLAR LUMBER & CONST. SUPPLY CORP.","CS200602102","February 14, 2006","Registered","106-A ; BATO STREET ; CALOOCAN CITY; THIRD DISTRICT; NATIONAL CAPITAL REGION (NCR)"
"ARM CONST. SUPPLY ENTERPRISE CO.","PG201428412","September 11, 2014","Registered","BACOLOD CITY (Capital); NEGROS OCCIDENTAL; REGION VI (WESTERN VISAYAS)"
"AVB CONST. & SUPPLY INC.","DS96000146","May 3, 1996","Revoked","KM.9 SASA; DAVAO CITY ; DAVAO DEL SUR; REGION XI (DAVAO REGION)"
"BAILEN CONST. SUPPLY & TRUCKING SERVICES CORP.","2025020188499-21","February 14, 2025","Registered","Castaos Cerca; POBLACION II ; GENERAL EMILIO AGUINALDO; CAVITE; REGION IV-A (CALABARZON); 4124"
"BCV CONST. SUPPLY CORP.","CS201717278","May 26, 2017","Delinquent","LOT 9; BLK. 1 ; CARMELA VALLEY SUBD. ; NEGROS OCCIDENTAL; REGION VI (WESTERN VISAYAS); 6115"
"Bell Construction Corp.","2024090168816-16","September 16, 2024","Registered","10 ; MOTHER IGNACIA AVE. ; Paligsahan; QUEZON CITY; SECOND DISTRICT; NATIONAL CAPITAL REGION (NCR); 1103"
"D' CORE BELL CONSTRUCTION CO.","PG200815502","October 3, 2008","Registered",""
"E.F. CHUA CONSTRUCTION; INC.","CS201014082","October 4, 2010","Registered","LOT 8-B-3 ; MAGSAYSAY ROAD ; CITY OF SAN PEDRO; LAGUNA; REGION IV-A (CALABARZON)"
"JT CHUA CONSTRUCTION; INC.","CS200613848","August 31, 2006","Registered","L20 B1 EMPLOYEES HOUSING ; JENNYS AVE.; ; CITY OF PASIG; SECOND DISTRICT; NATIONAL CAPITAL REGION (NCR)"
"515 LIFE CONSTRUCTION; CORP.","CS201405329","March 21, 2014","Registered","Banadero; CITY OF TANAUAN; BATANGAS; REGION IV-A (CALABARZON)"
"K construction & DEVELOPERS CORPORATION","2020120004093-00","December 4, 2020","Registered","2 ; MAHOGANY ; WOODLAND HILLS ; Silangan; SAN MATEO ; SAN MATEO; RIZAL; REGION IV-A (CALABARZON); 1850"
"GR FEVIDAL CONSTRUCTION DEVELOPERS CORPORATION","CS201111299","July 5, 2011","Registered","808-C ; DR FABELLA ST ; CITY OF MANDALUYONG; SECOND DISTRICT; NATIONAL CAPITAL REGION (NCR)"
"PALAWAN NARRA COMMERCIAL; INC.","CS201603806","February 23, 2016","Delinquent","NARRA AVE. ; NARRA; PALAWAN; REGION IV-B (MIMAROPA)"
"GASAT BUILDERS AND SUPPLIES INC.","CS202009228","December 3, 2020","Registered","DIPACULAO; AURORA; REGION III (CENTRAL LUZON); 3203"
"G.F. Fabian Construction Corp.","2024010132478-00","January 22, 2024","Registered","772 ; F HALILI AVENUE ; Turo; BOCAUE; BULACAN; REGION III (CENTRAL LUZON); 3018"
"GOODVIBE BUILDERS INC.","CS200727088","April 26, 2007","Registered","7 ; MAMARADLO ST. ; CALASIAO; PANGASINAN; REGION I (ILOCOS REGION)"
"FERDSTAR BUILDERS INC.","CS200811981","July 31, 2008","Registered","VILLA ROSEMARIE ; San Miguel (Betis); GUAGUA; PAMPANGA; REGION III (CENTRAL LUZON)"
"B. DELA CRUZ CONSTRUCTION CO.; INC.","0000051110","May 4, 1973","Registered","1930 ; M. Reyes Street ; CITY OF MAKATI; FOURTH DISTRICT; NATIONAL CAPITAL REGION (NCR)"
"CC DELA CRUZ CONSTRUCTION AND REALTY DEVELOPMENT CORPORATION","2025070208140-00","July 4, 2025","Registered","PUROK 9 ; CALDERON STREET ; Santolan; PALAYAN CITY (Capital); NUEVA ECIJA; REGION III (CENTRAL LUZON); 3132"
"FC DELA CRUZ CONSTRUCTION & CONCEPTS INC.","CS201523370","November 27, 2015","Delinquent","G/F L2 B9 POLO DRIVE ; MENZYLAND ; CITY OF MALOLOS (Capital); BULACAN; REGION III (CENTRAL LUZON)"
"Genesis Dela Cruz Construction Inc.","2025070208118-15","July 4, 2025","Registered","UNIT 214-215 ; 2ND FLOOR ; COMMERCENTER ; EAST ASIA DRIVE; FILINVEST CORPORATE CITY ; Alabang; CITY OF MUNTINLUPA; FOURTH DISTRICT; NATIONAL CAPITAL REGION (NCR); 1780"
"HILARIO & DELA CRUZ CONSTRUCTION CO.","PG200810411","July 4, 2008","Registered","UNIT 425 FEMII ; A. SORIANO JR. ST. ; CITY OF MANILA; FIRST DISTRICT; NATIONAL CAPITAL REGION (NCR)"
"R.G. DELA CRUZ CONSTRUCTION CORP.","2023070109897-13","July 27, 2023","Registered","PUROK 2; ; San Pablo; JAEN; NUEVA ECIJA; REGION III (CENTRAL LUZON); 3109"
"DANYSONS CONSTRUCTION AND DEV'T. CO.","PG201601231","January 21, 2016","Registered","1 ; DR. BASILIO REYES ; CAUAYAN; ISABELA; REGION II (CAGAYAN VALLEY)"
"DANYSONS CONSTRUCTION AND DEVELOPMENT CORPORATION","CS201822196","October 10, 2018","Registered","1 ; DR. BASILLIO REYES ; ISABELA; REGION II (CAGAYAN VALLEY); 3311"
"ZION CONSTRUCTION COMPANY","P000028648","February 21, 1975","Registered","ECHEVERRI STREET ; ILIGAN CITY; LANAO DEL NORTE; REGION X (NORTHERN MINDANAO)"
"6 ZION Construction Corporation","2024020136130-01","February 13, 2024","Registered","B1 L34 ; LOVELY HOMES ; Mohon; CITY OF TALISAY; CEBU; REGION VII (CENTRAL VISAYAS); 6045"
"Ark & Zion Construction Opc","2022120079415-05","December 20, 2022","Registered","CLUSTER 23 ; TAGUPO ; Tatalon; QUEZON CITY; SECOND DISTRICT; NATIONAL CAPITAL REGION (NCR); 1113"
"HERD OF ZION CONSTRUCTION AND DEVELOPMENT CORP.","CS201332038","November 5, 2013","Registered","Z4 1516 Spillway ; CEBU; REGION VII (CENTRAL VISAYAS); 6045"
"MT.ZION CONSTRUCTION DEVELOPMENT & SUPPLIES; (MZCDSC) CORP.","2023010082850-15","January 23, 2023","Registered","G01 ; ALEN CONDO; ; 92 GIL PUYAT AVE.; ; Barangay 9; PASAY CITY; FOURTH DISTRICT; NATIONAL CAPITAL REGION (NCR); 1300"
"CIRCLE Z VENTURES AND DEVELOPMENT CORP.","CS201227675","May 22, 2012","Registered","# 566 ; CAPT. VILBAR STREET; ; HILONGOS; LEYTE; REGION VIII (EASTERN VISAYAS)"
"R.V. CONSTRUCTION & DEVELOPMENT CORP.","2022030045136-65","March 9, 2022","Registered","MAHARLIKA HIGHWAY PUROK III ; Cagsalaosao; CALBAYOG CITY; SAMAR; REGION VIII (EASTERN VISAYAS); 6710"
"R.V. Rey Matias Construction OPC","2022060055640-00","June 11, 2022","Registered","271 A MABINI STREET ; Sabang; BALIUAG; BULACAN; REGION III (CENTRAL LUZON); 3006"
"AAGroup Construction & Development Corporation","2025020188273-00","February 13, 2025","Registered","71 ; JOSE ABAD SANTOS AVENUE ; Salawag; CITY OF DASMARIAS; CAVITE; REGION IV-A (CALABARZON); 4114"
"ARAGDON AND CHAVEZ CONSTRUCTION SERVICES CORPORATION","2021070021043-51","July 28, 2021","Registered","MCS BULDING ADVINCULA AVENUE ALAPAN II-A ; Ligtasan; IMUS CITY; CAVITE; REGION IV-A (CALABARZON); 2300"
"BIG JC CONSTRUCTION CORP.","2022060056899-03","June 22, 2022","Registered","1013 S.TEODORO ST. ; Tondo I/II - Barangay 196; CITY OF MANILA; FIRST DISTRICT; NATIONAL CAPITAL REGION (NCR); 1013"
"CLJR CONSTRUCTION OPC","2023080111000-01","August 4, 2023","Registered","4C ; RAYMUNDO AVENUE ; Rosario; CITY OF PASIG; SECOND DISTRICT; NATIONAL CAPITAL REGION (NCR); 1609"
"DMZ CONSTRUCTION CORPORATION","2024020134407-02","February 2, 2024","Registered","#199 ; San Jose; SANTO TOMAS; BATANGAS; REGION IV-A (CALABARZON); 4234"
"DUX CONSTRUCTION INC.","2024100171818-03","October 4, 2024","Registered","BLK 12 LOT 28 ; SAINT PETER STREET ; SAN PEDRO VII ; San Bartolome; QUEZON CITY; SECOND DISTRICT; NATIONAL CAPITAL REGION (NCR); 1116"
"E. Y. MERCADO CONSTRUCTION CORPORATION doing business under the name and style of E Y MERCADO CONSTRUCTION","2021070020609-12","July 23, 2021","Registered","BLK 1 LOT 25 ; OLIVAREZ COMPOUND 2 ; San Roque; CITY OF SAN PEDRO; LAGUNA; REGION IV-A (CALABARZON); 4023"
"JMD8 CONSTRUCTION CORPORATION","2025040199061-05","April 25, 2025","Registered","85 ; KAPILIGAN STREET ; Doa Imelda; QUEZON CITY; SECOND DISTRICT; NATIONAL CAPITAL REGION (NCR); 1113"
"NEZIAH BUILDERS AND TRADING CORP.","2021110032271-13","November 11, 2021","Registered","BLK 5 LOT 24-25 ; FIL-AM HIGHWAY ; Santo Domingo; ANGELES CITY; PAMPANGA; REGION III (CENTRAL LUZON); 2009"
"AF3 CONSTRUCTION CORPORATION","CS202010714","December 7, 2020","Registered","12 Unit B ; E. Ramos ; QUEZON CITY; SECOND DISTRICT; NATIONAL CAPITAL REGION (NCR); 1101"
"417 LP CONSTRUCTION CORPORATION","CS201904203","March 15, 2019","Registered","228 ; Purok 7 ; POLANGUI; ALBAY; REGION V (BICOL REGION); 4501"
"C.F. TRINIDAD CONSTRUCTION AND SUPPLIES CORP.","CS200812330","August 8, 2008","Registered","296 ; Natividad ; MORONG; RIZAL; REGION IV-A (CALABARZON)"
"DELA TRINIDAD CONSTRUCTION Corp.","CS201918938","November 15, 2019","Delinquent","1441-A ; Anacleto St. ; CITY OF MANILA; NATIONAL CAPITAL REGION (NCR); 1003"
"ROCK DIWATA BUILDERS; INC.","CS201729376","August 31, 2017","Registered","PUROK 4 ; Alegria; SAN FRANCISCO; AGUSAN DEL SUR; REGION XIII (Caraga); 8501"
"MEGA M BUILDERS CORPORATION","CS201910700","July 12, 2019","Registered","75 ; LAGUNA; REGION IV-A (CALABARZON); 4000"
"LD MD ONLINE DEVELOPERS INC. doing business under the name and style of ONLINEDOC","2020060000362-14","June 2, 2020","Delinquent","73A4 ; Bugallon St.; ; Aurora Hill; South Central; BAGUIO CITY; BENGUET; CORDILLERA ADMINISTRATIVE REGION (CAR); 2600"
"SUNTECH BUSINESS DEVELOPERS OPC","2025020186701-05","February 3, 2025","Registered","75 ; DONA FRANCESCA ; FILINVEST HOMES 2 ; Bagong Silangan; QUEZON CITY; SECOND DISTRICT; NATIONAL CAPITAL REGION (NCR); 1119"
"101 PROPERTY PLANNERS & DEVELOPERS CORPORATION","CS200800602","January 16, 2008","Registered","UNIT 202 TOPAZ BLDG. ; QUEZON CITY; SECOND DISTRICT; NATIONAL CAPITAL REGION (NCR)"
"101 REALTY DEVELOPERS INC.","CS201216040","August 30, 2012","Registered","120 ; J DE MESA ; CITY OF MANILA; NATIONAL CAPITAL REGION (NCR)"
"157 DEVELOPERS INC.","CS200729771","September 5, 2007","Revoked","157 RAMON DUTERTE ST. ; BANAWA ; CEBU CITY (Capital); CEBU; REGION VII (CENTRAL VISAYAS)"
"25TH CENTURY PROPERTY DEVELOPERS CORP.","A199611084","January 15, 1997","Revoked","NO. 79 PANAY AVENUE QUEZON CITY METRO MANILA ; CITY OF MANILA; NATIONAL CAPITAL REGION (NCR)"
"4RS DEVELOPERS UNLIMITED; INC.","CS200409324","June 30, 2004","Revoked","317 ROOSEVELT AVENUE; SAN FRANCISCO DEL MONTE ; QUEZON CITY; SECOND DISTRICT; NATIONAL CAPITAL REGION (NCR)"
"577 PROPERTY DEVELOPERS INC.","CS200811428","July 18, 2008","Registered","unit 211 ridgeway cond 70 ; dansalan st ; CITY OF MANDALUYONG; SECOND DISTRICT; NATIONAL CAPITAL REGION (NCR)"
"7 SEAS BUILDERS AND DEVELOPERS INC.","CS201601283","January 21, 2016","Delinquent","33-C EMERALD AVE. ; EMERALD COURT SUBD. ; PATEROS; FOURTH DISTRICT; NATIONAL CAPITAL REGION (NCR)"
"830 BUILDERS & DEVELOPERS CORP.","A200100811","January 2, 2001","Registered","ILUSRE AVE.; LEMERY; BATANGAS ; BATANGAS; REGION IV-A (CALABARZON)"
"STEVEN CONSTRUCTION; SUPPLY; AND DEVELOPMENT CORPORATION","2022030046461-00","March 17, 2022","Registered","1130 ; CENTRAL CITY SUBDIVISION ; Bgy. 40 - Cruzada (Bgy. 52); LEGAZPI CITY (Capital); ALBAY; REGION V (BICOL REGION); 4500"
"525 Construction OPC","2025050200911-01","May 10, 2025","Registered","50 ; KABATUHAN ; Caysio; SANTA MARIA; BULACAN; REGION III (CENTRAL LUZON); 3022"
"R.A. MATIAS CONSTRUCTION AND DEVELOPERS Inc.","CS201960126","February 4, 2019","Registered","749 ; GARDENIA ST.; DIOR VILLAGE ; DAGUPAN CITY; PANGASINAN; REGION I (ILOCOS REGION); 2440"
"L.R. TIQUI BUILDERS INC.","A199916015","October 7, 1999","Registered","4TH FLOOR ; LRT BUILDING ; 165 NEW BYPASS ROAD ; Bagbaguin; SANTA MARIA; BULACAN; REGION III (CENTRAL LUZON); 3022"
"BOLTRON BUILDERS CORPORATION","CS201820567","September 25, 2018","Registered","0 ; 0 ; APALIT; PAMPANGA; REGION III (CENTRAL LUZON); 2016"
"EIRISH BUILDERS & SUPPLY CO.","PG200808591","June 3, 2008","Registered","242 ; BULACAN; REGION III (CENTRAL LUZON)"
"EIRISH BUILDERS & SUPPLY INC.","CS201403447","March 18, 2014","Registered","242 ; BULACAN; REGION III (CENTRAL LUZON)"
"AFAJI BUILDERS AND TRADING CORPORATION","2021110032564-02","November 15, 2021","Registered","ROMAN HIGHWAY ; Mulawin; FIRST DISTRICT ; ORANI; BATAAN; REGION III (CENTRAL LUZON); 2112"
"1081 TAILOR & GEN. MERCHANDISE","P000023479","November 29, 1972","Registered","CITY OF PARAAQUE; FOURTH DISTRICT; NATIONAL CAPITAL REGION (NCR)"
"15th Construction & Gen. Merchandise; OPC","2024080165181-45","August 20, 2024","Registered","BLOCK 20; LOT 3 ; DECA HOMES MACTAN 1 ; Agus; LAPU-LAPU CITY (OPON); CEBU; REGION VII (CENTRAL VISAYAS); 6015"
"168 JUNK SHOP & GEN. MERCHANDISE CO.","PG200602442","February 21, 2006","Registered","_ ; _ ; LAGUNA; REGION IV-A (CALABARZON)"
"168 PALM TRADE & GEN. MERCHANDISE; INC.","CS201405705","March 21, 2014","Registered","007 ; NATIONAL HIGHWAY; ; CARMONA; CAVITE; REGION IV-A (CALABARZON)"
"3 A'S VENZON PHARMACY'S AND GEN MERCHANDISE CO. LTD.","PL201411537","June 16, 2014","Registered","14 ; JM ESPINO ST ; ARAYAT; PAMPANGA; REGION III (CENTRAL LUZON)"
"38 BASKETS N BROOMS GEN. MERCHANDISE CO.","PG201319373","October 3, 2013","Registered","270 ; LAVEZARES COR BARCELONA ; CITY OF MANILA; FIRST DISTRICT; NATIONAL CAPITAL REGION (NCR)"
"3J'S_AND OP GEN. MERCHANDISE CO.","PG200801976","February 6, 2008","Registered","B2 L20 ; ALABAMA ST. ; LAGUNA; REGION IV-A (CALABARZON)"
"3RDGIE & RGIE GEN. MERCHANDISE CO.","PG200610426","July 3, 2006","Registered",""
"5J EMMAN GEN. MERCHANDISE CO.","PG201534079","July 21, 2015","Registered","BESIDES MACTAN OASIS GARDEN ; SOONG 1 ; LAPU-LAPU CITY (OPON); CEBU; REGION VII (CENTRAL VISAYAS)"
"7-24 CONCRETE PRODUCTS & GEN. MERCHANDISE CO.","PG201539835","June 23, 2015","Registered","012 ; PURA; TARLAC; REGION III (CENTRAL LUZON)"
"Jocson Construction and Management Corporation","2022010037861-00","January 10, 2022","Registered","B14L14 ; SANCIANGCO STREET EXTENSION ; CECILIA VILLAGE 1 ; M. S. Garcia; CABANATUAN CITY; NUEVA ECIJA; REGION III (CENTRAL LUZON); 3100"
"F.P. DE GUZMAN CONSTRUCTION; INC.","0000143192","August 5, 1987","Registered","4 ; GOVERNOR F. HALILI AVENUE ; Bagbaguin; SANTA MARIA; BULACAN; REGION III (CENTRAL LUZON); 3022"
"JR DE GUZMAN CONSTRUCTION OPC","OPC20190001470","November 14, 2019","Registered","NO. 5 MOUNTAIN VIEW ST. ; NO. 5 MOUNTAIN VIEW ST. MOUNTAIN VIEW VILLAGE; PH 2 ; Catalunan Grande; DAVAO CITY; DAVAO DEL SUR; REGION XI (DAVAO REGION); 8000"
"L.R. DE GUZMAN CONSTRUCTION CORPORATION","CS201600698","January 14, 2016","Registered","110 ; NARRA ST.; ; CITY OF BALANGA (Capital); BATAAN; REGION III (CENTRAL LUZON)"
"St. Dominic de Guzman Construction & Development Corp.","2025040198132-14","April 16, 2025","Registered","82 GEN. NATIVIDAD STREET ; Palingon; TAGUIG CITY; FOURTH DISTRICT; NATIONAL CAPITAL REGION (NCR); 1630"
"SUNWEST; INC. doing business under the name and style of SUNWEST TRADING AND MANUFACTURING; SUNWEST MATERIALS TESTING LABORATORY","I199700399","November 25, 1997","Registered","_ ; _ ; ALBAY; REGION V (BICOL REGION)"
"A.D. Marrero General Construction Corp.","2025030193134-06","March 13, 2025","Registered","2250 ; CALIFORNIA ST. ; VILLASOL SUBD. ; Anunas; ANGELES CITY; PAMPANGA; REGION III (CENTRAL LUZON); 2009"
"MSB VITUG CONSTRUCTION INC.","2024100174490-07","October 23, 2024","Registered","13 ; San Antonio; LUBAO; PAMPANGA; REGION III (CENTRAL LUZON); 2005"
"12-30.CONSTRUCTION AND DEVELOPMENT Corporation","CS201821762","September 28, 2018","Delinquent","#48 ; National Highway ; PALAWAN; REGION IV-B (MIMAROPA); 5300"
"MBAJRJC4 CONSTRUCTION AND TRADING CORPORATION","2022070061472-16","July 27, 2022","Registered","58 ; Batis; CITY OF SAN JUAN; SECOND DISTRICT; NATIONAL CAPITAL REGION (NCR); 1500"
"R. Rivera Construction and Services OPC","2023050098532-00","May 10, 2023","Registered","B36 L54 ; ROAD 11 ; MARILAO GRAND VILLAS ; Loma de Gato; MARILAO; BULACAN; REGION III (CENTRAL LUZON); 3019"
"VONTREX CONSTRUCTION AND SERVICES OPC","2024090170103-05","September 24, 2024","Registered","PHASE 1A BLK 5 LOT1 ; UNIT 3C ; OJCCC BLDG.; ; ONE ASIA; ; Platero; CITY OF BIAN; LAGUNA; REGION IV-A (CALABARZON); 4024"
""PAVE CONSTRUCTION AND SALES CORPORATION"","0000054910","February 28, 1974","Revoked","720-C ; SHAW BLVD. ; CITY OF MANDALUYONG; SECOND DISTRICT; NATIONAL CAPITAL REGION (NCR)"
""TOWA CONSTRUCTION AND DEVELOPMENT CORPORATION"","0000074132","June 17, 1977","Revoked","1317 ; SUNSET DRIVE BROOKSIDE HILLS ; CAINTA; RIZAL; REGION IV-A (CALABARZON)"
""V.P. MANCAO CONSTRUCTION AND COMPANY; INC."","0000073245","April 27, 1977","Registered","50 ; S CABAHUG ST. ; CEBU CITY (Capital); CEBU; REGION VII (CENTRAL VISAYAS)"
"'94 BUILDERS CONSTRUCTION AND SUPPLY CORP.","CS201966232","February 8, 2019","Registered","BLOCK 12; LOT 25 ; GREEN ORCHARD VILLAGE ; Cabantian; DAVAO CITY; DAVAO DEL SUR; REGION XI (DAVAO REGION); 8000"
"(A.D) ANNO DOMINI CONSTRUCTION AND DEVELOPMENT CORP.","2021060015921-04","June 8, 2021","Registered","PUROK 5A CROSSING ; Barangay 1 (Pob.); LONE DISTRICT ; CITY OF CALAMBA; LAGUNA; REGION IV-A (CALABARZON); 4027"
"0213 CONSTRUCTION AND SUPPLIES OPC","2024070158331-10","July 5, 2024","Registered","LOT 39; BLOCK 12 ; VILLANUEVA PLAINS ; Libertad (Pob.); SURALLAH; SOUTH COTABATO; REGION XII (SOCCSKSARGEN); 9512"
"12-30.CONSTRUCTION AND DEVELOPMENT Corporation","CS201821762","September 28, 2018","Delinquent","#48 ; National Highway ; PALAWAN; REGION IV-B (MIMAROPA); 5300"
"MBAJRJC4 CONSTRUCTION AND TRADING CORPORATION","2022070061472-16","July 27, 2022","Registered","58 ; Batis; CITY OF SAN JUAN; SECOND DISTRICT; NATIONAL CAPITAL REGION (NCR); 1500"
"R. Rivera Construction and Services OPC","2023050098532-00","May 10, 2023","Registered","B36 L54 ; ROAD 11 ; MARILAO GRAND VILLAS ; Loma de Gato; MARILAO; BULACAN; REGION III (CENTRAL LUZON); 3019"
"VONTREX CONSTRUCTION AND SERVICES OPC","2024090170103-05","September 24, 2024","Registered","PHASE 1A BLK 5 LOT1 ; UNIT 3C ; OJCCC BLDG.; ; ONE ASIA; ; Platero; CITY OF BIAN; LAGUNA; REGION IV-A (CALABARZON); 4024"
""PAVE CONSTRUCTION AND SALES CORPORATION"","0000054910","February 28, 1974","Revoked","720-C ; SHAW BLVD. ; CITY OF MANDALUYONG; SECOND DISTRICT; NATIONAL CAPITAL REGION (NCR)"
""TOWA CONSTRUCTION AND DEVELOPMENT CORPORATION"","0000074132","June 17, 1977","Revoked","1317 ; SUNSET DRIVE BROOKSIDE HILLS ; CAINTA; RIZAL; REGION IV-A (CALABARZON)"
""V.P. MANCAO CONSTRUCTION AND COMPANY; INC."","0000073245","April 27, 1977","Registered","50 ; S CABAHUG ST. ; CEBU CITY (Capital); CEBU; REGION VII (CENTRAL VISAYAS)"
"'94 BUILDERS CONSTRUCTION AND SUPPLY CORP.","CS201966232","February 8, 2019","Registered","BLOCK 12; LOT 25 ; GREEN ORCHARD VILLAGE ; Cabantian; DAVAO CITY; DAVAO DEL SUR; REGION XI (DAVAO REGION); 8000"
"(A.D) ANNO DOMINI CONSTRUCTION AND DEVELOPMENT CORP.","2021060015921-04","June 8, 2021","Registered","PUROK 5A CROSSING ; Barangay 1 (Pob.); LONE DISTRICT ; CITY OF CALAMBA; LAGUNA; REGION IV-A (CALABARZON); 4027"
"0213 CONSTRUCTION AND SUPPLIES OPC","2024070158331-10","July 5, 2024","Registered","LOT 39; BLOCK 12 ; VILLANUEVA PLAINS ; Libertad (Pob.); SURALLAH; SOUTH COTABATO; REGION XII (SOCCSKSARGEN); 9512"
"12-30.CONSTRUCTION AND DEVELOPMENT Corporation","CS201821762","September 28, 2018","Delinquent","#48 ; National Highway ; PALAWAN; REGION IV-B (MIMAROPA); 5300"
"MBAJRJC4 CONSTRUCTION AND TRADING CORPORATION","2022070061472-16","July 27, 2022","Registered","58 ; Batis; CITY OF SAN JUAN; SECOND DISTRICT; NATIONAL CAPITAL REGION (NCR); 1500"
"R. Rivera Construction and Services OPC","2023050098532-00","May 10, 2023","Registered","B36 L54 ; ROAD 11 ; MARILAO GRAND VILLAS ; Loma de Gato; MARILAO; BULACAN; REGION III (CENTRAL LUZON); 3019"
"VONTREX CONSTRUCTION AND SERVICES OPC","2024090170103-05","September 24, 2024","Registered","PHASE 1A BLK 5 LOT1 ; UNIT 3C ; OJCCC BLDG.; ; ONE ASIA; ; Platero; CITY OF BIAN; LAGUNA; REGION IV-A (CALABARZON); 4024"
""PAVE CONSTRUCTION AND SALES CORPORATION"","0000054910","February 28, 1974","Revoked","720-C ; SHAW BLVD. ; CITY OF MANDALUYONG; SECOND DISTRICT; NATIONAL CAPITAL REGION (NCR)"
""TOWA CONSTRUCTION AND DEVELOPMENT CORPORATION"","0000074132","June 17, 1977","Revoked","1317 ; SUNSET DRIVE BROOKSIDE HILLS ; CAINTA; RIZAL; REGION IV-A (CALABARZON)"
""V.P. MANCAO CONSTRUCTION AND COMPANY; INC."","0000073245","April 27, 1977","Registered","50 ; S CABAHUG ST. ; CEBU CITY (Capital); CEBU; REGION VII (CENTRAL VISAYAS)"
"'94 BUILDERS CONSTRUCTION AND SUPPLY CORP.","CS201966232","February 8, 2019","Registered","BLOCK 12; LOT 25 ; GREEN ORCHARD VILLAGE ; Cabantian; DAVAO CITY; DAVAO DEL SUR; REGION XI (DAVAO REGION); 8000"
"(A.D) ANNO DOMINI CONSTRUCTION AND DEVELOPMENT CORP.","2021060015921-04","June 8, 2021","Registered","PUROK 5A CROSSING ; Barangay 1 (Pob.); LONE DISTRICT ; CITY OF CALAMBA; LAGUNA; REGION IV-A (CALABARZON); 4027"
"0213 CONSTRUCTION AND SUPPLIES OPC","2024070158331-10","July 5, 2024","Registered","LOT 39; BLOCK 12 ; VILLANUEVA PLAINS ; Libertad (Pob.); SURALLAH; SOUTH COTABATO; REGION XII (SOCCSKSARGEN); 9512"
"ALPEBEL BUILDERS AND SUPPLY CORPORATION","CS201624860","October 25, 2016","Registered","PUROK 10 ; KAPALONG; DAVAO DEL NORTE; REGION XI (DAVAO REGION); 8113"
"MAC BUILDERS CORP.","CS201227098","January 25, 2012","Registered","Purok 8 ; Linao; ORMOC CITY; LEYTE; REGION VIII (EASTERN VISAYAS)"
"RAIK CONSTRUCTION AND DEVELOPMENT CORPORATION","2022110076207-01","November 21, 2022","Registered","LINUSUNGAN ROAD ; Nagbunga; SAN MARCELINO; ZAMBALES; REGION III (CENTRAL LUZON); 2207"
"DREAMWORX BUILDER & TRADING; INC.","CS200909126","June 17, 2009","Registered","RM. 316 ANITA BLDG.; ; 1300 QUEZON AVENUE; ; QUEZON CITY; SECOND DISTRICT; NATIONAL CAPITAL REGION (NCR)"
"EVEN PAR CONST. CO. INC.","CS202064351","March 5, 2020","Registered","1 ; Purok ; BUENAVISTA; AGUSAN DEL NORTE; REGION XIII (Caraga); 8601"
"B. BERNARDO CONST.; INC.","CS201618965","August 19, 2016","Registered","233 ; BULACAN; REGION III (CENTRAL LUZON)"
"DEVELOPER 2000 SCHOLARSHIP ASSN. INC.","AN94002348","June 21, 1994","Revoked","SAN AGUSTIN; HAGONOY; BULACAN ; BULACAN; REGION III (CENTRAL LUZON)"
"DEVELOPER GLASS AND ALUMINUM CORPORATION","2022120077690-09","December 4, 2022","Registered","P3 A ; Bunawan (Pob.); DAVAO CITY; DAVAO DEL SUR; REGION XI (DAVAO REGION); 8000"
"DEVELOPER HANULSO CONSULTING SERVICES CORP.","CS200412375","August 11, 2004","Revoked","11-A ELIZABETH PLACE #332 DELACOSTA ST. SALCEDO ; CITY OF MAKATI; FOURTH DISTRICT; NATIONAL CAPITAL REGION (NCR)"
"DEVELOPER OF ELECTRIC CONVEYANCES CORPORATION","CS201732546","September 28, 2017","Registered","MARTIN BLDG. ; ROXAS ST. ; CAUAYAN; ISABELA; REGION II (CAGAYAN VALLEY)"
"DEVELOPER SOFT AND TECHNICAL SUPPORT SEA INC.","CS201902051","February 1, 2019","Registered","265 ; MON TANG AVE. ; ANGELES CITY; PAMPANGA; REGION III (CENTRAL LUZON); 2009"
"DEVELOPER STYLE CONSTRUCTION INC.","2023120126804-07","December 4, 2023","Registered","B5 L1 ; ARGRINIO ; BELLAZONA-CASTILLE ; Molino III; BACOOR CITY; CAVITE; REGION IV-A (CALABARZON); 4102"
"DEVELOPER'S COUNSEL LAW FIRM","PP200919104","December 9, 2009","Registered",""
"3M DEVELOPER CORPORATION","2022040050646-03","April 27, 2022","Registered","Gomot; SAN FABIAN; PANGASINAN; REGION I (ILOCOS REGION); 2433"
"4 STAR BUILDERS AND DEVELOPER CORPORATION","CS202071351","September 23, 2020","Registered","2/F ; VQA BUILDING ; ROMULO BLVD. ; San Vicente; CITY OF TARLAC (Capital); TARLAC; REGION III (CENTRAL LUZON); 2300"
"4RIVERS DEVELOPER INC.","CS201318617","September 24, 2013","Suspended","5 D. ; Munoz ; QUEZON CITY; SECOND DISTRICT; NATIONAL CAPITAL REGION (NCR)"
"EZJONES CONSTRUCTION INC.","CS200827680","June 20, 2008","Registered","Uy'S Apartment; Balite St.; ; CATARMAN; NORTHERN SAMAR; REGION VIII (EASTERN VISAYAS)"
"N.D.M. SANCHEZ BUILDERS & DEVELOPMENT CORPORATION","CS201011193","July 20, 2010","Registered","BATANGAS; REGION IV-A (CALABARZON)"
"VICMAR CONSTRUCTION; INC.","AS93009827","December 17, 1993","Registered","#1 NATIONAL HIGHWAY ; Calicanto; BATANGAS CITY (Capital); BATANGAS; REGION IV-A (CALABARZON); 4200"
"VM BUILDERS CONSTRUCTION Corporation Doing business under VM Builders Construction","CS201822538","October 11, 2018","Registered","G-916 ; Olongapo-Bugallon Road ; ZAMBALES; REGION III (CENTRAL LUZON); 2201"
"3N SOLID BUILDERS CONSTRUCTION CORPORATION","2022110075572-00","November 15, 2022","Registered","31-11 JOSE L. LEE ST. ; Bgy. 34 - Oro Site-Magallanes St. (Pob.); LEGAZPI CITY (Capital); ALBAY; REGION V (BICOL REGION); 4500"
"619 BUILDERS CONSTRUCTION CORPORATION","CS201401169","January 22, 2014","Registered","NATIONAL HIGHWAY; PUROK 2; BRGY. NUEVA ERA; ; ISABELA; REGION II (CAGAYAN VALLEY)"
"AA MODERN BUILDERS CONSTRUCTION CORPORATION","CS201106193","April 7, 2011","Registered","BLK.26 LOT 18 ; MANGOVILLE SUBDIVISION ; Salitran IV; CITY OF DASMARIAS; CAVITE; REGION IV-A (CALABARZON)"
"ABC PRO BUILDERS CONSTRUCTION CORPORATION","2022040049244-00","April 12, 2022","Registered","47 ; LIWAYWAY ; Santa Ana; TAGUIG CITY; FOURTH DISTRICT; NATIONAL CAPITAL REGION (NCR); 1637"
"ALGO BUILDERS CONSTRUCTION CORPORATION","2022060054472-15","June 2, 2022","Registered","401 ; FSS 1 BUILDING ; SCOUT CASTOR COR SCOUT TUASON ; Laging Handa; QUEZON CITY; SECOND DISTRICT; NATIONAL CAPITAL REGION (NCR); 1103"
"BROER BUILDERS CONSTRUCTION CORPORATION","CS201111388","July 5, 2011","Registered","LOT 3 ; Toclong; KAWIT; CAVITE; REGION IV-A (CALABARZON); 4104"
"CEMENTRAL BUILDERS CONSTRUCTION CORPORATION","CS202066487","March 20, 2020","Registered","PUROK 4 AGO ; Tabon-tabon; SIBAGAT; AGUSAN DEL SUR; REGION XIII (Caraga); 8503"
"Dream Design Builders Construction Corporation","2022020043233-42","April 21, 2022","Registered","2921 ; 101 ; DBC ; ROAD 3 BEATA STREET ; BO. OBRERO ZONE 91 ; Pandacan - Barangay 837; PANDACAN ; CITY OF MANILA; FIRST DISTRICT; NATIONAL CAPITAL REGION (NCR); 1011"
"FRONT9 BUILDERS CONSTRUCTION CORPORATION","CS202002794","February 24, 2020","Registered","LOT 26; ; FORTALEZA RD. ; Bangad; CABANATUAN CITY; NUEVA ECIJA; REGION III (CENTRAL LUZON)"
"A. DE GUIA CONSTRUCTION AND DEV'T. CO.","PG201524637","December 17, 2015","Dissolved","ALICIA; ISABELA; REGION II (CAGAYAN VALLEY)"
"A. DE GUIA CONSTRUCTION AND DEVELOPMENT CORPORATION","CS201821802","September 27, 2018","Registered","79 ; Burgos ; ALICIA; ISABELA; REGION II (CAGAYAN VALLEY); 3311"
"PASCAL CONSTRUCTION CORPORATION Doing business under PASCAL CONSTRUCTION","CS202004949","September 18, 2020","Registered","Dona Maria Subdivision ; Valle Verde Street ; BATAAN; REGION III (CENTRAL LUZON); 2100"
"R-GOLDEN DEPOT CONSTRUCTION SUPPLY CO.","2023060101926-28","June 2, 2023","Registered","MAHARLIKA HIGHWAY; ; La Torre; TALAVERA; NUEVA ECIJA; REGION III (CENTRAL LUZON); 3114"
"141 CONSTRUCTION SUPPLY & SERVICES; INC.","CS200613659","August 29, 2006","Suspended","9 ; PARINAS ST. ; QUEZON CITY; SECOND DISTRICT; NATIONAL CAPITAL REGION (NCR)"
"167 ELECTRICAL AND CONSTRUCTION SUPPLY CORP.","2023110124173-02","November 10, 2023","Registered","2ND FLOOR UNIT B ; NHA AVENUE ; Dela Paz (Pob.); CITY OF ANTIPOLO; RIZAL; REGION IV-A (CALABARZON); 1870"
"175 BUILDERS & CONSTRUCTION SUPPLY; INC.","CS200918874","December 4, 2009","Suspended","654 ; CAPT SAMANO ST AREA 4 ; CALOOCAN CITY; THIRD DISTRICT; NATIONAL CAPITAL REGION (NCR)"
"1ST J.E. ADLAWAN CONSTRUCTION & SUPPLY CORPORATION","CS201534844","November 17, 2015","Registered","173 ; MINGLANILLA; CEBU; REGION VII (CENTRAL VISAYAS); 6046"
"3 AND 1 CONSTRUCTION SUPPLY AND GENERAL MDSE INC. DOING BUSINESS UNDER THE NAMES AND STYLES OF 12-34 BUILDERS; A AND B CONTRACTING","CS201718847","June 8, 2017","Registered","367 ; JOSE RIZAL ; PADRE GARCIA; BATANGAS; REGION IV-A (CALABARZON)"
"3-ELEVEN CONSTRUCTION SUPPLY DEPOT OPC","2024020137477-07","February 21, 2024","Registered","RCD HOMES ; Sabang; TUY; BATANGAS; REGION IV-A (CALABARZON); 4214"
"3L Construction & Supply; Inc.","2022060056459-05","June 17, 2022","Registered","HDA. STA. MARIA ; Zone 15 (Pob.); CITY OF TALISAY; NEGROS OCCIDENTAL; REGION VI (WESTERN VISAYAS); 6115"
"3RV MURICO INC. DOING BUSINESS UNDER THE NAME AND STYLE OF MURICO TRADING AND CONSTRUCTION SUPPLY AND KYOTO2 AUTO SUPPLY","CS201722972","July 12, 2017","Registered","BLK.3 L53G EASTWOOD ; RESIDENCES PHASE 4B ; RODRIGUEZ (MONTALBAN); RIZAL; REGION IV-A (CALABARZON)"
"4CE'S CONSTRUCTION & SUPPLY CO.","PG201733779","October 5, 2017","Registered","_ ; _ ; POLANGUI; ALBAY; REGION V (BICOL REGION); 4506"
"C. SANTOS CONSTRUCTION AND TRADING OPC","2022020041695-02","February 11, 2022","Registered","PUROK 3 ; Santa Rita; CONCEPCION; TARLAC; REGION III (CENTRAL LUZON); 2316"
"Cortez Santos Construction and Supply Corp.","2021030008490-00","March 10, 2021","Registered","92 ; M.H. DEL PILAR ST. ; Guitnang Bayan II (Pob.); SAN MATEO; RIZAL; REGION IV-A (CALABARZON); 1850"
"DE-LEON-SANTOS CONSTRUCTION COMPANY","P000029627","January 1, 1936","Registered","475 ; C. ALMEDA ; CITY OF MANILA; FIRST DISTRICT; NATIONAL CAPITAL REGION (NCR)"
"GENEVA MANUZON SANTOS CONSTRUCTION COMPANY","PG201402509","February 7, 2014","Registered","BULACAN; REGION III (CENTRAL LUZON)"
"GERAWA; MANUEL AND SANTOS CONSTRUCTION Corp.","CS201956071","October 28, 2019","Delinquent","B1 L4 P1 Fatima Heights Subd. ; B1 L4 P1 Fatima Heights Subd.; ; CAVITE; REGION IV-A (CALABARZON); 4114"
"IMF SANTOS CONSTRUCTION COMPANY","P000039658","March 7, 1984","Registered","1418 ; SISA ST. ; CITY OF MANILA; NATIONAL CAPITAL REGION (NCR)"
"J & G SANTOS CONSTRUCTION COMPANY","P000016669","December 19, 1967","Registered","38 ; 15TH AVENUE ; QUEZON CITY; SECOND DISTRICT; NATIONAL CAPITAL REGION (NCR)"
"J SANTOS CONSTRUCTION; INC.","AS92000377","January 21, 1992","Registered","BLK 9 LOT 5 ; ST. THOMAS ; SANTA ROSA; LAGUNA; REGION IV-A (CALABARZON)"
"J. E. SANTOS CONSTRUCTION CORP.","CS201906753","April 17, 2019","Registered","No. 20 ; Saint Mary St.; San Jose Village ; FOURTH DISTRICT; NATIONAL CAPITAL REGION (NCR); 1770"
"J.A. SANTOS CONSTRUCTION OPC","2021110031441-01","November 4, 2021","Registered","B7 L2 ; SANTAN ST. ; Malamig; BINAN ; CITY OF BIAN; LAGUNA; REGION IV-A (CALABARZON); 4024"
"EBUILDERS CONSTRUCTION & DEVELOPMENT CORP.","CS201220437","November 7, 2012","Registered","2713 ; DIA LEYCO SUBDIVISION ; CITY OF SANTA ROSA; LAGUNA; REGION IV-A (CALABARZON)"
"EQUI-PARCO CONSTRUCTION COMPANY","PG200307029","March 27, 2003","Registered","purok 3; ambangan ambago; ; BUTUAN CITY (Capital); AGUSAN DEL NORTE; REGION XIII (Caraga)"
"FRAMECON BUILDERS/JMK BUILDERS CONSTRUCTION (JV) CO.","PG201407801","April 22, 2014","Registered","5 COSETTE ST.; ; DOA PETRONA SUBD.; ; QUEZON CITY; SECOND DISTRICT; NATIONAL CAPITAL REGION (NCR)"
"UNITED FRAMECON BUILDERS CORPORATION","2024080163387-15","August 8, 2024","Registered","625 ; MAHARLIKA HIGHWAY ; San Anton; SAN LEONARDO; NUEVA ECIJA; REGION III (CENTRAL LUZON); 3102"
"REMCO SIMON CONSTRUCTION CORP.","A200115086","October 4, 2001","Registered","SUITE 705 CHANELAY TOWER PASAY CITY ; CITY OF MANILA; NATIONAL CAPITAL REGION (NCR)"
"CELSO C FERRER CONSTRUCTION CORP.","2022060056757-02","June 21, 2022","Registered","0756 ; NARRA ; MAMPULOG ; Bitas; CABANATUAN CITY; NUEVA ECIJA; REGION III (CENTRAL LUZON); 3100"
"R.A. MENDIOLA CONSTRUCTION & DEVELOPER CORP.","2022060056796-07","June 21, 2022","Registered","9044 ; ILANG-ILANG ST. ZABALLERO SUBD. ; Gulang-gulang; LUCENA CITY (Capital); QUEZON; REGION IV-A (CALABARZON); 4301"
"ONE FRAME CONSTRUCTION INC.","2024010133080-28","January 25, 2024","Registered","2nd Floor Port Area Building ; National Road ; Tunasan; CITY OF MUNTINLUPA; FOURTH DISTRICT; NATIONAL CAPITAL REGION (NCR); 1773"
"VF LABAO CONSTRUCTION CORP.","0000131813","April 2, 1986","Registered","312 E.A. FERNANDEZ BLDG.TAFT AVE.; MALATE; MANILA ; CITY OF MANILA; NATIONAL CAPITAL REGION (NCR)"
"AAGroup Construction & Development Corporation","2025020188273-00","February 13, 2025","Registered","71 ; JOSE ABAD SANTOS AVENUE ; Salawag; CITY OF DASMARIAS; CAVITE; REGION IV-A (CALABARZON); 4114"
"ARAGDON AND CHAVEZ CONSTRUCTION SERVICES CORPORATION","2021070021043-51","July 28, 2021","Registered","MCS BULDING ADVINCULA AVENUE ALAPAN II-A ; Ligtasan; IMUS CITY; CAVITE; REGION IV-A (CALABARZON); 2300"
"BIG JC CONSTRUCTION CORP.","2022060056899-03","June 22, 2022","Registered","1013 S.TEODORO ST. ; Tondo I/II - Barangay 196; CITY OF MANILA; FIRST DISTRICT; NATIONAL CAPITAL REGION (NCR); 1013"
"CLJR CONSTRUCTION OPC","2023080111000-01","August 4, 2023","Registered","4C ; RAYMUNDO AVENUE ; Rosario; CITY OF PASIG; SECOND DISTRICT; NATIONAL CAPITAL REGION (NCR); 1609"
"DMZ CONSTRUCTION CORPORATION","2024020134407-02","February 2, 2024","Registered","#199 ; San Jose; SANTO TOMAS; BATANGAS; REGION IV-A (CALABARZON); 4234"
"DUX CONSTRUCTION INC.","2024100171818-03","October 4, 2024","Registered","BLK 12 LOT 28 ; SAINT PETER STREET ; SAN PEDRO VII ; San Bartolome; QUEZON CITY; SECOND DISTRICT; NATIONAL CAPITAL REGION (NCR); 1116"
"E. Y. MERCADO CONSTRUCTION CORPORATION doing business under the name and style of E Y MERCADO CONSTRUCTION","2021070020609-12","July 23, 2021","Registered","BLK 1 LOT 25 ; OLIVAREZ COMPOUND 2 ; San Roque; CITY OF SAN PEDRO; LAGUNA; REGION IV-A (CALABARZON); 4023"
"JMD8 CONSTRUCTION CORPORATION","2025040199061-05","April 25, 2025","Registered","85 ; KAPILIGAN STREET ; Doa Imelda; QUEZON CITY; SECOND DISTRICT; NATIONAL CAPITAL REGION (NCR); 1113"
"MARJETECH CONSTRUCTION & TRADING OPC","2023050101306-02","May 30, 2023","Registered","ZONE 7; ; Santo Domingo; BOMBON; CAMARINES SUR; REGION V (BICOL REGION); 4404"
"MBAJRJC4 CONSTRUCTION AND TRADING CORPORATION","2022070061472-16","July 27, 2022","Registered","58 ; Batis; CITY OF SAN JUAN; SECOND DISTRICT; NATIONAL CAPITAL REGION (NCR); 1500"
"1 TIMOTHY CONSTRUCTION AND TRADING CORPORATION","A200107302","May 28, 2001","Suspended","B-7 L-31; IMPERIA ST.; CAMELLA MILAN; SAN PEDRO; LAGUNA ; LAGUNA; REGION IV-A (CALABARZON)"
"1787 CONSTRUCTION AND TRADING CO.","PG200602040","February 14, 2006","Registered","_ ; _ ; CITY OF MANILA; NATIONAL CAPITAL REGION (NCR)"
"19 JCR CONSTRUCTION AND TRADING CO.","PG200802369","February 19, 2008","Registered","BLK 55 LOT 20 ; 19TH ST. ; CITY OF MEYCAUAYAN; BULACAN; REGION III (CENTRAL LUZON)"
"24/7 DYNAMIC CONSTRUCTION AND TRADING CORPORATION","CS201206744","April 27, 2012","Suspended","lot 6 ; palico ; IMUS CITY; CAVITE; REGION IV-A (CALABARZON)"
"2CRC CONSTRUCTION AND TRADING INC.","CS201714887","May 10, 2017","Delinquent","14D ATHERTON PLACE ; TOMAS MORATO ; QUEZON CITY; SECOND DISTRICT; NATIONAL CAPITAL REGION (NCR)"
"2L 5D CONSTRUCTION AND TRADING; INC.","CS201717097","May 25, 2017","Registered","BULACAN; REGION III (CENTRAL LUZON)"
"3A GOLDEN DRAGON CONSTRUCTION AND TRADING CORP.","CS201116846","September 23, 2011","Registered","UNIT 6 8878 URBANEST CONDOMINIUMS V&G SUBDIVISION ; DON JULIO ST ; TACLOBAN CITY (Capital); LEYTE; REGION VIII (EASTERN VISAYAS)"
"3J R AND A CONSTRUCTION AND TRADING CORP.","CS202003251","March 10, 2020","Registered","CAVITE; REGION IV-A (CALABARZON); 4109"
"3X3 ALLIANCE CONSTRUCTION AND TRADING CORP.","CS201627942","December 1, 2016","Registered","6TH STREET ; HAPPY VALLEY SUBD. ; CEBU CITY (Capital); CEBU; REGION VII (CENTRAL VISAYAS); 6000"
"GREENLAND BUILDERS 2013 CORPORATION","CS201427653","February 10, 2014","Registered","2ND FLR.ENCARNACION BLDG.; ; ROXAS AVENUE; ; KALIBO (Capital); AKLAN; REGION VI (WESTERN VISAYAS)"
"GREENLAND BUILDERS; INC.","AS92005010","August 5, 1992","Revoked","JAEN; NUEVA ECIJA ; NUEVA ECIJA; REGION III (CENTRAL LUZON)"
"ASIA GREENLAND BUILDERS INC.","E199700308","April 23, 1997","Revoked","ILOILO CITY ; ILOILO; REGION VI (WESTERN VISAYAS); 5000"
"E.M. CUERPO INC.","A200110661","July 26, 2001","Registered","SAMPAGUITA ST LORES EXECUTIVE HOMES ANTIPOLO CITY ; RIZAL; REGION IV-A (CALABARZON)"
"FFJJ CONSTRUCTION CORP. DOING BUSINESS UNDER THE NAME AND STYLE OF FFJJ RASUL RICHY CONSTRUCTION","CS201719070","June 9, 2017","Registered","NO. 12 2ND BATCH; BLK XI; NOTRE DAME VILLAGE ; CITY OF COTABATO; MAGUINDANAO DEL SUR; BANGSAMORO AUTONOMOUS REGION IN MUSLIM MINDANAO (BARMM); 9600"
"IVY MICHELLE AND PULSAR CONSTRUCTION & TRADING CO. LTD.","PL201411123","June 9, 2014","Registered","NARRA; PALAWAN; REGION IV-B (MIMAROPA)"
"JLL PULSAR CONSTRUCTION CORPORATION","CS200909967","June 30, 2009","Registered","PULSAR COMPLEX ; CAGAYAN; REGION II (CAGAYAN VALLEY)"
"PRIME PACIFIC MARINE & INDUSTRIAL SERVICES CORP.","A200002023","February 23, 2000","Registered","819 A.M. NAVAL ST.; NAVOTAS; M.M. ; CITY OF MANILA; NATIONAL CAPITAL REGION (NCR)"
"'94 BUILDERS CONSTRUCTION AND SUPPLY CORP.","CS201966232","February 8, 2019","Registered","BLOCK 12; LOT 25 ; GREEN ORCHARD VILLAGE ; Cabantian; DAVAO CITY; DAVAO DEL SUR; REGION XI (DAVAO REGION); 8000"
"101 General Construction and Supply CO.","PG201970110","August 27, 2019","Registered","102 ; SAN JOSE STREET ; Pagatpat (San Jose); CALABANGA; CAMARINES SUR; REGION V (BICOL REGION); 4405"
"16EAST CONSTRUCTION AND SUPPLY CORPORATION","CS201812892","July 9, 2018","Delinquent","867 ; Washington Drive ; ALBAY; REGION V (BICOL REGION); 4500"
"1ST BALMON CONSTRUCTION AND SUPPLY Co.","PG201826301","December 28, 2018","Registered","Balete ; Balete ; BATANGAS; REGION IV-A (CALABARZON); 4200"
"249 CONSTRUCTION AND SUPPLY COMPANY","2024100171735-40","October 4, 2024","Registered","61 ; KAMUNING ROAD ; Kamuning; QUEZON CITY; SECOND DISTRICT; NATIONAL CAPITAL REGION (NCR); 1103"
"2X3 CONSTRUCTION AND SUPPLY CORP.","2021090025516-01","September 16, 2021","Registered","Jelicuon Lusaya; CABATUAN ; CABATUAN; ILOILO; REGION VI (WESTERN VISAYAS); 5033"
"3 K&C CONSTRUCTION AND SUPPLY CORPORATION","CS201642220","December 28, 2016","Delinquent","GOMEZ STREET ; SINDANGAN; ZAMBOANGA DEL NORTE; REGION IX (ZAMBOANGA PENINSULA); 7112"
"3K FHRANCIS CYRENE CONSTRUCTION AND SUPPLY CORP.","CS202051449","March 9, 2020","Registered","2/F REX HOTEL BLDG. ; AGUINALDO ST. ; ALBAY; REGION V (BICOL REGION); 4500"
"3KRIS CONSTRUCTION AND SUPPLY CORPORATION","CS201331356","September 27, 2013","Registered","165 ; SOLIVIO ; SULTAN KUDARAT; MAGUINDANAO; BANGSAMORO AUTONOMOUS REGION IN MUSLIM MINDANAO (BARMM); 9508"
"3R & G CONSTRUCTION AND SUPPLY CO.","2023040096834-01","April 28, 2023","Registered","Banga; TALISAY; BATANGAS; REGION IV-A (CALABARZON); 4220"
"DEVEX INCORPORATED","CS201117648","October 6, 2011","Registered","29 ; pilar ; CITY OF MANILA; NATIONAL CAPITAL REGION (NCR)"
"TACLOBAN 6500 INC.","CS201533633","May 12, 2015","Registered","MAHARLIKA HIGHWAY ; Barangay 91 (Abucay); TACLOBAN CITY (Capital); LEYTE; REGION VIII (EASTERN VISAYAS)"
"EM HERNANDEZ CONSTRUCTION AND SUPPLY CORP.","2022090066317-06","September 1, 2022","Registered","Santa Cruz; AGONCILLO; BATANGAS; REGION IV-A (CALABARZON); 4211"
"ISABELA WJC HARDWARE AND GENERAL MERCHANDISE; INC.","CS201401270","January 24, 2014","Registered","CAUAYAN; ISABELA; REGION II (CAGAYAN VALLEY)"
"DRAGONSTONE CONSOLIDATED INDUSTRIES Corp.","CS201815463","July 27, 2018","Registered","Cahilig Residences ; Teresa St. ; CITY OF MANILA; NATIONAL CAPITAL REGION (NCR); 1016"
"JJC CONSTRUCTION SUPPLY AND AGGREGATES TRADING CORPORATION","2022080066112-19","August 31, 2022","Registered","NAT'L HIGHWAY NEAR LINGASAD ELEMENTARY SCHOOL ; Lingasad; POLANCO; ZAMBOANGA DEL NORTE; REGION IX (ZAMBOANGA PENINSULA); 7106"
"SBMAC CONSTRUCTION SUPPLY AND AGGREGATES INCORPORATED","2021040011522-90","April 15, 2021","Registered","Polong Sur; MALASIQUI; PANGASINAN; REGION I (ILOCOS REGION); 2421"
"INFINITI CONSTRUCTION AND DEVELOPMENT CORPORATION","CS201008891","June 10, 2010","Registered","101 ; ST. VINCENT STREET ; ANGADANAN; ISABELA; REGION II (CAGAYAN VALLEY)"
"DICON BUILDERS CORP.","H200200061","February 18, 2002","Registered","Zone 2; Panul-iran; ; ILIGAN CITY; LANAO DEL NORTE; REGION X (NORTHERN MINDANAO)"
"Cutting Edge Builders and Trading; Inc.","2022060057693-26","June 28, 2022","Registered","PANACAN ROAD ; Panacan; NARRA; PALAWAN; REGION IV-B (MIMAROPA); 5303"
"DAV-LEY CONSTRUCTION SERVICES INC.","2021080023196-01","August 23, 2021","Registered","BLOCK 11 LOT 6 PUROK 16 ; 2H ; ST JOSEPH HOMES ; Sirawan; TORIL ; DAVAO CITY; DAVAO DEL SUR; REGION XI (DAVAO REGION); 8000"
"AL-NAJIM CONSTRUCTION CORPORATION","CS201624552","October 24, 2016","Registered","FORTICH; SAYRE HWY. ; CITY OF MALAYBALAY (Capital); BUKIDNON; REGION X (NORTHERN MINDANAO)"
"DRAGONACE CONST. CORP.","CS200818838","December 4, 2008","Registered",""
"K construction & DEVELOPERS CORPORATION","2020120004093-00","December 4, 2020","Registered","2 ; MAHOGANY ; WOODLAND HILLS ; Silangan; SAN MATEO ; SAN MATEO; RIZAL; REGION IV-A (CALABARZON); 1850"
"GR FEVIDAL CONSTRUCTION DEVELOPERS CORPORATION","CS201111299","July 5, 2011","Registered","808-C ; DR FABELLA ST ; CITY OF MANDALUYONG; SECOND DISTRICT; NATIONAL CAPITAL REGION (NCR)"
"A. INTERIOR RAMOS REALTY & CO. INC.","0000014868","January 1, 1959","Expired","MANILA ; CITY OF MANILA; NATIONAL CAPITAL REGION (NCR)"
"A. RAMOS CONSULAR AREA ESTATE RESIDENTS ASSOCIATION INC.","CN200309916","May 5, 2003","Suspended","TAGUIG CITY; FOURTH DISTRICT; NATIONAL CAPITAL REGION (NCR)"
"A. RAMOS MANUFACTURING CORPORATION","CS201730022","September 6, 2017","Delinquent","2434 S DEL ROSARIO ; BRGY175 GAGALANGIN ; CITY OF MANILA; FIRST DISTRICT; NATIONAL CAPITAL REGION (NCR)"
"A.M. NAVARRO F. RAMOS VARIETY STORE CO.","P000036377","November 25, 1980","Expired","FRISCO MARKET; QUEZO CITY"
"A.M. RAMOS TRADING; INC.","CS201310421","May 31, 2013","Registered","31 ; ST LUIS CMPD 7 ; QUEZON CITY; SECOND DISTRICT; NATIONAL CAPITAL REGION (NCR)"
"A.R. RAMOS INSTITUTE OF SCIENCE & TECHNOLOGY INC.","CS200312144","May 30, 2003","Revoked","19 NARRA AVE.; PANGARAP VILLAGE ; CALOOCAN CITY; THIRD DISTRICT; NATIONAL CAPITAL REGION (NCR)"
"A.S. RAMOS LINER INC.","A199707721","July 30, 1997","Suspended","31 MALVAR ST. PUERTO PRINCESA CITY ; PALAWAN; REGION IV-B (MIMAROPA)"
"ABAC; BAARES; BERNABE; ARQUILLO; RAMOS & ASSOCIATES","PP200600950","January 26, 2006","Registered","2415 ; felix huertas ; CITY OF MANILA; FIRST DISTRICT; NATIONAL CAPITAL REGION (NCR)"
"ABELLERA-MAGALIT/RAMOS DENTAL CLINIC CO.","PG200504350","June 14, 2005","Registered","_ ; _ ; QUEZON CITY; SECOND DISTRICT; NATIONAL CAPITAL REGION (NCR)"
"ADRIANO & RAMOS GEN. PARTNERSHIP CO.","AP91001047","December 23, 1991","Registered",""
"JAI BUILDERS CORPORATION","2021040011606-05","April 16, 2021","Registered","Lucod; BAGANGA; DAVAO ORIENTAL; REGION XI (DAVAO REGION); 8204"
"'94 BUILDERS CONSTRUCTION AND SUPPLY CORP.","CS201966232","February 8, 2019","Registered","BLOCK 12; LOT 25 ; GREEN ORCHARD VILLAGE ; Cabantian; DAVAO CITY; DAVAO DEL SUR; REGION XI (DAVAO REGION); 8000"
"101 General Construction and Supply CO.","PG201970110","August 27, 2019","Registered","102 ; SAN JOSE STREET ; Pagatpat (San Jose); CALABANGA; CAMARINES SUR; REGION V (BICOL REGION); 4405"
"16EAST CONSTRUCTION AND SUPPLY CORPORATION","CS201812892","July 9, 2018","Delinquent","867 ; Washington Drive ; ALBAY; REGION V (BICOL REGION); 4500"
"1ST BALMON CONSTRUCTION AND SUPPLY Co.","PG201826301","December 28, 2018","Registered","Balete ; Balete ; BATANGAS; REGION IV-A (CALABARZON); 4200"
"249 CONSTRUCTION AND SUPPLY COMPANY","2024100171735-40","October 4, 2024","Registered","61 ; KAMUNING ROAD ; Kamuning; QUEZON CITY; SECOND DISTRICT; NATIONAL CAPITAL REGION (NCR); 1103"
"2X3 CONSTRUCTION AND SUPPLY CORP.","2021090025516-01","September 16, 2021","Registered","Jelicuon Lusaya; CABATUAN ; CABATUAN; ILOILO; REGION VI (WESTERN VISAYAS); 5033"
"3 K&C CONSTRUCTION AND SUPPLY CORPORATION","CS201642220","December 28, 2016","Delinquent","GOMEZ STREET ; SINDANGAN; ZAMBOANGA DEL NORTE; REGION IX (ZAMBOANGA PENINSULA); 7112"
"3K FHRANCIS CYRENE CONSTRUCTION AND SUPPLY CORP.","CS202051449","March 9, 2020","Registered","2/F REX HOTEL BLDG. ; AGUINALDO ST. ; ALBAY; REGION V (BICOL REGION); 4500"
"3KRIS CONSTRUCTION AND SUPPLY CORPORATION","CS201331356","September 27, 2013","Registered","165 ; SOLIVIO ; SULTAN KUDARAT; MAGUINDANAO; BANGSAMORO AUTONOMOUS REGION IN MUSLIM MINDANAO (BARMM); 9508"
"3R & G CONSTRUCTION AND SUPPLY CO.","2023040096834-01","April 28, 2023","Registered","Banga; TALISAY; BATANGAS; REGION IV-A (CALABARZON); 4220"
"CASTLEROCK ASPHALT CORPORATION","CS200716480","October 17, 2007","Registered","726 ; BATANGAS CITY (Capital); BATANGAS; REGION IV-A (CALABARZON)"
"PRIME PAVE CONSTRUCTION AND ASPHALT CORPORATION","CS201213820","July 26, 2012","Registered","PORAC; PAMPANGA; REGION III (CENTRAL LUZON)"
"RIZAL MILLEX ASPHALT CORPORATION","A200016619","October 27, 2000","Registered","MILLEX ROAD ; RODRIGUEZ (MONTALBAN); RIZAL; REGION IV-A (CALABARZON)"
"ASIAN PEARL CONSTRUCTION & DEVELOPMENT CORP. DOING BUSINESS UNDER THE NAME AND STYLE OF PEARL HOMES ILOCOS","CS200503194","March 3, 2005","Registered","50 ; _ ; LAOAG CITY (Capital); ILOCOS NORTE; REGION I (ILOCOS REGION)"
"NVR CONSTRUCTION INC.","2023080111107-00","August 5, 2023","Registered","181 ; 8TH AVENUE ; Barangay 120; CALOOCAN CITY; THIRD DISTRICT; NATIONAL CAPITAL REGION (NCR); 1406"
"12-30.CONSTRUCTION AND DEVELOPMENT Corporation","CS201821762","September 28, 2018","Delinquent","#48 ; National Highway ; PALAWAN; REGION IV-B (MIMAROPA); 5300"
"AAGroup Construction & Development Corporation","2025020188273-00","February 13, 2025","Registered","71 ; JOSE ABAD SANTOS AVENUE ; Salawag; CITY OF DASMARIAS; CAVITE; REGION IV-A (CALABARZON); 4114"
"ARAGDON AND CHAVEZ CONSTRUCTION SERVICES CORPORATION","2021070021043-51","July 28, 2021","Registered","MCS BULDING ADVINCULA AVENUE ALAPAN II-A ; Ligtasan; IMUS CITY; CAVITE; REGION IV-A (CALABARZON); 2300"
"BIG JC CONSTRUCTION CORP.","2022060056899-03","June 22, 2022","Registered","1013 S.TEODORO ST. ; Tondo I/II - Barangay 196; CITY OF MANILA; FIRST DISTRICT; NATIONAL CAPITAL REGION (NCR); 1013"
"CLJR CONSTRUCTION OPC","2023080111000-01","August 4, 2023","Registered","4C ; RAYMUNDO AVENUE ; Rosario; CITY OF PASIG; SECOND DISTRICT; NATIONAL CAPITAL REGION (NCR); 1609"
"DMZ CONSTRUCTION CORPORATION","2024020134407-02","February 2, 2024","Registered","#199 ; San Jose; SANTO TOMAS; BATANGAS; REGION IV-A (CALABARZON); 4234"
"DUX CONSTRUCTION INC.","2024100171818-03","October 4, 2024","Registered","BLK 12 LOT 28 ; SAINT PETER STREET ; SAN PEDRO VII ; San Bartolome; QUEZON CITY; SECOND DISTRICT; NATIONAL CAPITAL REGION (NCR); 1116"
"E. Y. MERCADO CONSTRUCTION CORPORATION doing business under the name and style of E Y MERCADO CONSTRUCTION","2021070020609-12","July 23, 2021","Registered","BLK 1 LOT 25 ; OLIVAREZ COMPOUND 2 ; San Roque; CITY OF SAN PEDRO; LAGUNA; REGION IV-A (CALABARZON); 4023"
"JMD8 CONSTRUCTION CORPORATION","2025040199061-05","April 25, 2025","Registered","85 ; KAPILIGAN STREET ; Doa Imelda; QUEZON CITY; SECOND DISTRICT; NATIONAL CAPITAL REGION (NCR); 1113"
"MARJETECH CONSTRUCTION & TRADING OPC","2023050101306-02","May 30, 2023","Registered","ZONE 7; ; Santo Domingo; BOMBON; CAMARINES SUR; REGION V (BICOL REGION); 4404"
"A.V. BERNAL CONSTRUCTION & TRADING CORP.","CS200614384","September 8, 2006","Delinquent","No. 404 ; Corona Subd.; ; KAWIT; CAVITE; REGION IV-A (CALABARZON)"
"AESTHETIC JEM CONSTRUCTION INC.","2024030140559-07","March 8, 2024","Registered","San Miguel; JORDAN ; JORDAN (Capital); GUIMARAS; REGION VI (WESTERN VISAYAS); 5045"
"JEM CONSTRUCTION AND HARDWARE SUPPLIES CORPORATION","2024110176908-11","November 13, 2024","Registered","ROOM 317 ; MENDOZA BLDG ; PILAR STREET ; Barangay Zone IV (Pob.); DISTRICT 2 ; ZAMBOANGA CITY; ZAMBOANGA DEL SUR; REGION IX (ZAMBOANGA PENINSULA); 7000"
"JEM CONSTRUCTION INCORPORATED","0000073355","May 4, 1977","Registered","SUITE 211 PUZON BUILDING ; E. RODRIGUEZ AVE. ; QUEZON CITY; SECOND DISTRICT; NATIONAL CAPITAL REGION (NCR)"
"GOLDSTAR MARKETING & CONSTRUCTION SERVICES; INC.","CS201428172","July 10, 2014","Registered","3/F N&M BLDG. ; LACSON ; BACOLOD CITY (Capital); NEGROS OCCIDENTAL; REGION VI (WESTERN VISAYAS)"
"ARN BUILDERS; INC.","CS200417997","November 12, 2004","Registered","RIVERGATE COMMERCIAL COMPLEX MANGO AVE.; ; CEBU CITY (Capital); CEBU; REGION VII (CENTRAL VISAYAS)"
"ELITE GENERAL CONTRACTOR AND DEVELOPMENT CORP.","CS202004295","June 10, 2020","Registered","792 ; 5TH FLOOR ROOM 507 ; SGC EXECUTIVE BLDG. ; F. Manalo ; Bambang; CITY OF PASIG; SECOND DISTRICT; NATIONAL CAPITAL REGION (NCR); 1600"
"EMR BUILDERS AND DEVELOPMENT CORPORATION","CS201903831","March 8, 2019","Registered","Negros Movers Bldg. ; Bangga Celita ; NEGROS OCCIDENTAL; REGION VI (WESTERN VISAYAS); 6100"
"MJ TIONGSON CONSTRUCTION CORPORATION","CS201728424","August 23, 2017","Registered","PUROK 2 ; CIRCUMFERENTIAL RD. ; GENERAL SANTOS CITY (DADIANGAS); SOUTH COTABATO; REGION XII (SOCCSKSARGEN)"
"EDDMARI CONSTRUCTION AND TRADING CORPORATION","2020100003186-36","October 27, 2020","Registered","86 ; PUROK 1 ; San Juan; SAN LUIS; PAMPANGA; REGION III (CENTRAL LUZON); 2014"
"Interior Construction Services Corp.","2023100123036-00","October 30, 2023","Registered","17 ; F. PASCO AVENUE ; Santolan; CITY OF PASIG; SECOND DISTRICT; NATIONAL CAPITAL REGION (NCR); 1610"
"JMT MODULAR INTERIOR CONSTRUCTION INC.","CS201500686","January 20, 2015","Registered","11 ; FAITH ST.; M. DELOS REYES ; Hen. T. De Leon; CITY OF VALENZUELA; THIRD DISTRICT; NATIONAL CAPITAL REGION (NCR); 1442"
"MDCC INTERIOR & CONSTRUCTION MANAGEMENT INC.","CS200713635","August 30, 2007","Suspended","1125 ; ANTIPOLO ; CITY OF MAKATI; FOURTH DISTRICT; NATIONAL CAPITAL REGION (NCR)"
"SEWON INTERIOR CONSTRUCTION INC.","CS201822285","October 8, 2018","Registered","Penthouse 1 One Corporate Center ; Julia Vargas ; SECOND DISTRICT; NATIONAL CAPITAL REGION (NCR); 1603"
"SPECIFIED INTERIOR CONSTRUCTION COMPANY","P000037613","February 22, 1982","Registered","III ; L. EDSA ; CITY OF MANDALUYONG; SECOND DISTRICT; NATIONAL CAPITAL REGION (NCR)"
"TOUCH POINT INTERIOR CONSTRUCTION INC.","CS200511231","June 29, 2005","Registered","#1 Claudio cor. Kalaw St. ; Phase IV-B Bahayang ; IMUS CITY; CAVITE; REGION IV-A (CALABARZON)"
"VW INTERIOR CONSTRUCTION SKILLED SERVICES; CO.","PG201735827","October 26, 2017","Registered","19 sto. nino ; villa espana subd. ; QUEZON CITY; SECOND DISTRICT; NATIONAL CAPITAL REGION (NCR)"
"AGGREGATES & CONCRETE ASSN. OF THE PHIL. INC.","0000067135","January 1, 1976","Revoked","PASIG RIZAL ; CITY OF MANILA; NATIONAL CAPITAL REGION (NCR)"
"AGGREGATES 838 Inc.","CS201903372","February 28, 2019","Registered","567 ; # ; NUEVA ECIJA; REGION III (CENTRAL LUZON); 3105"
"AGGREGATES AND MINERALS CORP.","0000093469","June 17, 1980","Revoked","GENERAL TINIO NUEVA ECIJA ; NUEVA ECIJA; REGION III (CENTRAL LUZON)"
"AGGREGATES BUILDERS CORP.","AS93002248","March 19, 1993","Revoked","TABLON CAGAYAN DE ORO CITY ; MISAMIS ORIENTAL; REGION X (NORTHERN MINDANAO)"
"AGGREGATES EXPRESS & DEV'T. CORP.","CS201627840","November 29, 2016","Registered","PUROK6 ; PORAC; PAMPANGA; REGION III (CENTRAL LUZON)"
"AGGREGATES INC.","CS201908491","May 27, 2019","Registered","South Blvd. ; South Forbes Golf City ; Inchican; SILANG; CAVITE; REGION IV-A (CALABARZON); 4118"
"AGGREGATES NEW TECH INC. DOING BUSINESS UNDER THE NAME AND STYLE OF AGGREGATES NEW TECH","CS201840511","October 11, 2018","Registered","40K ORIENT PEARL TOWER ; 1240 ROXAS BLVD. ; ERMITA; FIRST DISTRICT; NATIONAL CAPITAL REGION (NCR); 1000"
"AGGREGATES PLUS CONCRETE TESTING INC.","A199900959","February 3, 1999","Suspended","MUNTINLUPA CITY ; CITY OF MANILA; NATIONAL CAPITAL REGION (NCR)"
"AGGREGATES PRODUCTS CO.","P000009633","August 29, 1960","Expired","MONTALBAN; RIZAL ; RIZAL; REGION IV-A (CALABARZON)"
"AGGREGATES REALTY VENTURES INCORPORATED","CS200319482","September 4, 2003","Revoked","INTL FOOD AND ENTERTAINMENT CT ; PASAY CITY; FOURTH DISTRICT; NATIONAL CAPITAL REGION (NCR)"
"ABRIGHT BUILDERS CORPORATION","CS201814187","July 18, 2018","Registered","Lot # 2 ; Atabayan ; TIGBAUAN; ILOILO; REGION VI (WESTERN VISAYAS); 5021"
"VICMAR CONSTRUCTION; INC.","AS93009827","December 17, 1993","Registered","#1 NATIONAL HIGHWAY ; Calicanto; BATANGAS CITY (Capital); BATANGAS; REGION IV-A (CALABARZON); 4200"
"CROWNWORKS CONSTRUCTION INC.","CS202008217","October 8, 2020","Registered","Door 1; 2nd Floor; Jinyi Bldg. II ; Barrio Panacan ; DAVAO CITY; DAVAO DEL SUR; REGION XI (DAVAO REGION); 8000"
"4VC BUILDERS & DEVELOPMENT CORP.","CS201419005","September 29, 2014","Registered","19 ARMSTRONG ST. ; DOA FAUSTINA 1 ; QUEZON CITY; SECOND DISTRICT; NATIONAL CAPITAL REGION (NCR)"
"SANG KAI CONSTRUCTION AND DEVELOPMENT PARTNER INC.","CS201633392","March 15, 2016","Delinquent","door 3 ; salve's townhouse ; MANDAUE CITY; CEBU; REGION VII (CENTRAL VISAYAS); 6014"
"E.R. RODRIGUEZ CONSTRUCTION CORPORATION","CS202004690","June 23, 2020","Registered","BATO; CATANDUANES; REGION V (BICOL REGION); 4801"
"J.C. RODRIGUEZ CONSTRUCTION CORPORATION","0000143030","July 31, 1987","Registered","167 RIZAL AVE; RODRIGUEZ; RIZAL ; RIZAL; REGION IV-A (CALABARZON)"
"NAHARO BUILDERS; INC.","CS201706763","February 23, 2017","Registered",". ; ZONE 7; BALAOS; ; Iponan; CAGAYAN DE ORO CITY (Capital); MISAMIS ORIENTAL; REGION X (NORTHERN MINDANAO); 9000"
"GREAT PACIFIC BUILDERS & REALTY CORP.","A199611781","December 20, 1996","Revoked","RM. 201; NAYAN BLDG. DANSALAN ST. COR. MAKATURING ST.; MANDALUYONG CITY ; CITY OF MANILA; NATIONAL CAPITAL REGION (NCR)"
"GREAT PACIFIC BUILDERS AND GEN. CONTRACTOR Inc.","CS201810612","June 19, 2018","Registered","785 ; J. Pueblo ; SECOND DISTRICT; NATIONAL CAPITAL REGION (NCR); 1600"
"JERRY R. SANTIAGO CONSTRUCTION CORP.","CS202105593","May 18, 2021","Registered","No. 888 ; Barangay ; BONGABON; NUEVA ECIJA; REGION III (CENTRAL LUZON); 3128"
"AJ LAVA BUILDERS CORP.","CS201216970","September 17, 2012","Registered","LOT 19 BLOCK 5; ; CONGRESSIONAL AVENUE EXTENSION; ; Culiat; QUEZON CITY; SECOND DISTRICT; NATIONAL CAPITAL REGION (NCR)"
"A.A. DE VERA CONSTRUCTION AND DEVELOPMENT CORP.","CS201730920","September 14, 2017","Registered","MARIBOJOC; BOHOL; REGION VII (CENTRAL VISAYAS)"
"BERNABE DE VERA CONSTRUCTION Corporation","CS201952898","June 3, 2019","Registered","Blk.6 Lot 27 ; Rome ; LAGUNA; REGION IV-A (CALABARZON); 4023"
"JC DE VERA CONSTRUCTION SUPPLIES OPC doing business under the name and style of JC DE VERA CONSTRUCTION SUPPLIES; JC DE VERA HARDWARE and JC DE VERA HARDWARE AND CONSTRUCTION SUPPLIES","2020030000150-00","February 2, 2021","Registered","Lincod; MARIBOJOC; BOHOL; REGION VII (CENTRAL VISAYAS); 6336"
"Structura Vera Construction Corporation","2024120181436-14","December 18, 2024","Registered","FULGENCIO ST ; Krus Na Ligas; QUEZON CITY; SECOND DISTRICT; NATIONAL CAPITAL REGION (NCR); 1101"
"NISMALS' CORPORATION","CS201327769","July 24, 2013","Registered","LAMBERTO STREET; ; MIAGAO; ILOILO; REGION VI (WESTERN VISAYAS)"
"ACCELERATED METAL TECHNOLOGY & CONSTRUCTION; INC.","CS200418370","November 23, 2004","Registered","36 FILINVEST II ; MOSES ST ; QUEZON CITY; SECOND DISTRICT; NATIONAL CAPITAL REGION (NCR)"
"M. MONTESCLAROS ENTERPRISES INC.","HS95000138","July 24, 1995","Registered","BAGONTAS; VALENCIA; BUKIDNON ; BUKIDNON; REGION X (NORTHERN MINDANAO)"
