🚀 Starting JV-aware SEC contractor data processing...
📁 Found 1334 SEC result files
📖 Processing: JASA_BUILDER_S.txt
   Found 0 companies
📖 Processing: LCTING_CONSTRUCTION_AND_DEVELOPMENT_CORPORATION.txt
   Found 1 companies
📖 Processing: ARCONIC_INC.txt
   Found 1 companies
📖 Processing: DAVAO_CONCRETE_PRODUCTS_CONSTRUCTION.txt
   Found 1 companies
📖 Processing: JEADA_CONSTRUCTION_ALRO_CONSTRUCTION_DEVELOPMENT_CORP.txt
   Found 0 companies
📖 Processing: DE_JESUS_CONSTRUCTION.txt
   Found 3 companies
📖 Processing: DZEE_BUILDERS.txt
   Found 1 companies
📖 Processing: HONY_TRADING.txt
   Found 0 companies
📖 Processing: AQUATERRA_KONSTRUKT_INC.txt
   Found 1 companies
📖 Processing: GOLDSTAR_MARKETING.txt
   Found 1 companies
📖 Processing: JLP_CONSTRUCTION__SUPPLY.txt
   Found 0 companies
📖 Processing: MAR-VEL_CONSTRUCTION__SUPPLY.txt
   Found 0 companies
📖 Processing: 128_DRAGON_CONSTRUCTION.txt
   Found 1 companies
📖 Processing: INFINITUM_888_CONSTRUCTION.txt
   Found 1 companies
📖 Processing: ANKOR_GAULLE_CONSTRUCTION.txt
   Found 1 companies
📖 Processing: 3DIAMONDS_CONSTRUCTION_CORPORATION.txt
   Found 1 companies
📖 Processing: CHAMPION_BUILDERS.txt
   Found 1 companies
📖 Processing: B_VALENCERINA_TRADING.txt
   Found 0 companies
📖 Processing: E_L_ANOLIN_CONSTRUCTION.txt
   Found 1 companies
📖 Processing: JVC_TOUGH_CORE_CONSTRUCTION_BUILDERS_CORP.txt
   Found 1 companies
📖 Processing: ALPXR_CONST_BLDRS_CORP.txt
   Found 1 companies
📖 Processing: CHARIFER_BUILDERS_INC.txt
   Found 1 companies
📖 Processing: PHILSOUTH_BUILDERS_INC.txt
   Found 1 companies
📖 Processing: GENETIAN_BUILDERS_AND_ENTERPRISES_INCORPORATED.txt
   Found 0 companies
📖 Processing: D_DOLOR_CONSTRUCTION.txt
   Found 0 companies
📖 Processing: AR_ADLAWAN_CONSTRUCTION.txt
   Found 1 companies
📖 Processing: J-NAC_CONSTRUCTION.txt
   Found 0 companies
📖 Processing: ERRA_CONSTRUCTION_ROIM_BUILDERS_CONSTRUCTION_SUPPLY.txt
   Found 0 companies
📖 Processing: AMP_723_CONSTRUCTION_CORPORATION.txt
   Found 0 companies
📖 Processing: ACIER_BETON_CONSTRUCTION.txt
   Found 0 companies
📖 Processing: AL-ALAWI_CONSTRUCTION.txt
   Found 0 companies
📖 Processing: EFREN_RAMIREZ_CONSTRUCTION_AND_GENERAL_SERVICES_CORPORATION.txt
   Found 1 companies
📖 Processing: JP_ESPIRITU_CONSTRUCTION_SERVICES.txt
   Found 0 companies
📖 Processing: D_T_TIZON_CONSTRUCTION.txt
   Found 0 companies
📖 Processing: DINGO_BUILDERS_AND_SUPPLY.txt
   Found 0 companies
📖 Processing: FAJR_CONSTRUCTION_PARTS.txt
   Found 1 companies
📖 Processing: HI-TONE_CONSTRUCTION_DEVELOPMENT_CORP_FORMERLY.txt
   Found 0 companies
📖 Processing: ADP_CONSTRUCTION_AND_SUPPLY.txt
   Found 0 companies
📖 Processing: DEACONS_TEMPLE_CONSTRUCTION.txt
   Found 0 companies
📖 Processing: AL_HUSSEIN_CONSTRUCTION.txt
   Found 0 companies
📖 Processing: ECO_BUILDERS.txt
   Found 1 companies
📖 Processing: CATTECORYLL_CONSTRUCTION.txt
   Found 1 companies
📖 Processing: LEDA_CONSTRUCTION_INCORPORATED.txt
   Found 1 companies
📖 Processing: JEJAN_CONSTRUCT_STEVEN_CONSTRUCTION_SUPPLY.txt
   Found 0 companies
📖 Processing: JEUSMACK_BUILDERS.txt
   Found 0 companies
📖 Processing: DRAGON_TWELVE_BUILDERS__CONSTRUCTION_SUPPLY.txt
   Found 0 companies
📖 Processing: STEVEN_CONSTRUCTION_SUPPLY.txt
   Found 1 companies
📖 Processing: DOUBLE_12_CONSTRUCTION.txt
   Found 1 companies
📖 Processing: TRIPLE_8_CONSTRUCTION__SUPPLY_INC_(FORMERLY_TRIPLE_8_CONST__SUPPLY).txt
   Found 0 companies
📖 Processing: DALCON_CONSTRUCTION.txt
   Found 0 companies
📖 Processing: HERCULES_VENTURES_INC.txt
   Found 0 companies
📖 Processing: AGGREGATE_SUPPLIES_INC.txt
   Found 1 companies
📖 Processing: JUAN_ANTONIO_CONSTRUCTION.txt
   Found 0 companies
📖 Processing: ARCA_BUILDERS.txt
   Found 1 companies
📖 Processing: B_VICENCIO_CONSTRUCTION_ALPHAHAWK_CONSTRUCTION_CORP.txt
   Found 0 companies
📖 Processing: RS_RODRIGUEZ_CONSTRUCTION__SUPPLIES.txt
   Found 0 companies
📖 Processing: L_B_LEONCIO_TRADING_AND_CONSTRUCTION_CORPORATION.txt
   Found 1 companies
📖 Processing: FLUSSKREBS_CONSTRUCTORS.txt
   Found 0 companies
📖 Processing: CONSTRUCTION_WORKS.txt
   Found 0 companies
📖 Processing: ISECURE_BUILDER_AND_CONSTRUCTION_SUPPLIES.txt
   Found 10 companies
📖 Processing: J_C_TAMAYO_ENTERPRISES.txt
   Found 0 companies
📖 Processing: JMSKI_CONSTRUCTION.txt
   Found 0 companies
📖 Processing: CS_CONST_AND_SUPPLY_INC.txt
   Found 7 companies
📖 Processing: STO_CRISTO_CONSTRUCTION__TRADING_INC.txt
   Found 0 companies
📖 Processing: JEJORS_CONSTRUCTION_CORPORATION.txt
   Found 0 companies
📖 Processing: J_C_PINON_CONST_WAWAO_BUILDERS.txt
   Found 0 companies
📖 Processing: GREEN_WORLD_CONSTRUCTION.txt
   Found 1 companies
📖 Processing: ISHIZAKI_CONSTRUCTION_DEVELOPMENT_CORPORATION.txt
   Found 1 companies
📖 Processing: 1199S_CONSTRUCTION.txt
   Found 0 companies
📖 Processing: THREE_W_BUILDERS.txt
   Found 0 companies
📖 Processing: MRB11_CONSTRUCTION_CORPORATION_FORMERLY_MRB_CONS.txt
   Found 0 companies
📖 Processing: ADVANCED_FOUNDATION_CONSTRUCTION_SYSTEMS_CORP.txt
   Found 0 companies
📖 Processing: ROYAL_CROWN_MONARCH_CONSTRUCTION_SUPPLIES_CORP.txt
   Found 0 companies
📖 Processing: CT_LEONCIO_CONSTRUCTION_AND_TRADING.txt
   Found 0 companies
📖 Processing: FOUR_J_JASMIG_CONSTRUCTION_CORPORATION_FORMERLY_JASMIG_CONSTRUCTION_SUPPLY.txt
   Found 0 companies
📖 Processing: ALPHA_&_OMEGA_GEN._CONTRACTOR_&_DEVELOPMENT_CORP..txt
   Found 0 companies
📖 Processing: COFEJOK_CONSTRUCTION_AND_SUPPLY_CORPORATION_FORME.txt
   Found 0 companies
📖 Processing: JARGON_CONSTRUCTION__SUPPLY.txt
   Found 1 companies
📖 Processing: NFH_CONSTRUCTION__SUPPLY.txt
   Found 1 companies
📖 Processing: JA_ACHACOSO_ENTERPRISES.txt
   Found 1 companies
📖 Processing: B_M_K_CONSTRUCTION_ROYAL_CROWN_MONARCH_CONSTRUCTION_SUPPLIES_CORP.txt
   Found 0 companies
📖 Processing: 739_BUILDERS.txt
   Found 0 companies
📖 Processing: RD8_BUILDERS_CORPORATION_UNDER_THE_NAME_OF_RD8_BUILDERS.txt
   Found 0 companies
📖 Processing: JUGA_BUILDERS.txt
   Found 0 companies
📖 Processing: CS_CONSTRUCTION_AND_SUPPLY_DALANON_CONSTRUCTION_CORPORATION_FORMERLY_DALANON_CONSTRUCTION_REF_SUPPLY_SERVICE.txt
   Found 0 companies
📖 Processing: AJA_BUILDERS.txt
   Found 0 companies
📖 Processing: E_S_L_BUILDERS.txt
   Found 9 companies
📖 Processing: IRON_WORKS.txt
   Found 0 companies
📖 Processing: PANAY_EAST_COAST_CONSTRUCTION__SUPPLY.txt
   Found 0 companies
📖 Processing: ANG_YAP_BUILDERS.txt
   Found 1 companies
📖 Processing: DEVELOPERS_CORPORATION.txt
   Found 10 companies
📖 Processing: ADROIT_CONSTRUCTION_DGSARM_BUILDERS_INC_FORMERLY_D_G_SARMENTA_CONSTRUCTION.txt
   Found 0 companies
📖 Processing: KEVIN_PAUL_CONSTRUCTION.txt
   Found 0 companies
📖 Processing: CONCEPCION_BASIC_BUILDERS_INC.txt
   Found 0 companies
📖 Processing: A_M_SALONG_CONSTRUCTION.txt
   Found 0 companies
📖 Processing: VEN_RAY_CONSTRUCTION_CORPORATION.txt
   Found 0 companies
📖 Processing: EARTHWORK_BUILDERS_INC.txt
   Found 1 companies
📖 Processing: JEFF_ENTERPRISES.txt
   Found 0 companies
📖 Processing: STO_CRISTO_CONSTRUCTION_AND_TRADING.txt
   Found 0 companies
📖 Processing: RELY_CONSTRUCTION__SUPPLY_INC.txt
   Found 0 companies
📖 Processing: GREAT_PACIFIC_BUILDERS_AND_GEN_CONTRACTOR_INC.txt
   Found 0 companies
📖 Processing: JT_GAMOLO_CONSTRUCTION_INCORPORATION.txt
   Found 0 companies
📖 Processing: KEY_GENERAL_MERCHANDISE_AND_CONSTRUCTION_SERVICES.txt
   Found 0 companies
📖 Processing: MAR-DEB_CONSTRUCTION__DEVELOPMENT_CORP.txt
   Found 1 companies
📖 Processing: I_E_CONSTRUCTION_CORPORATION_FORMERLY_I_E_CONSTR.txt
   Found 0 companies
📖 Processing: DANYSONS_CONSTRUCTION_JWU_CONSTRUCTION_AND_SUPPLY.txt
   Found 0 companies
📖 Processing: KARANGYAN_BUILDERS.txt
   Found 1 companies
📖 Processing: DUKHEA_CONSTRUCTION.txt
   Found 0 companies
📖 Processing: AQUALINE_CONSTRUCTION.txt
   Found 0 companies
📖 Processing: ADB_DYNAMIC_BUILDERS_SUPPLY.txt
   Found 0 companies
📖 Processing: RUDHIL_CONSTRUCTION_ENTERPRISES_INC_FORMERLY_R.txt
   Found 0 companies
📖 Processing: 121_CONSTRUCTION_CORPORATION_FORMERLY_121_CONSTUC.txt
   Found 0 companies
📖 Processing: FIRST_NORTHWAY_DEVELOPMENT__CONSTRUCTION_CORP.txt
   Found 0 companies
📖 Processing: JCML_BUILDERS.txt
   Found 0 companies
📖 Processing: KEJAMARENIK_CONSTRUCTION.txt
   Found 1 companies
📖 Processing: ALEXANDRIA_CONSTRUCTION.txt
   Found 1 companies
📖 Processing: SANRHO_CONST_AND_SUPPL_SISBRO_CONSTRUCTION_CORPORATION_FORMERLY_SISBRO_CONSTRUCTION_SUPPLY.txt
   Found 0 companies
📖 Processing: CARTESIAN_BUILDERS.txt
   Found 1 companies
📖 Processing: NORTHERN_BUILDERS.txt
   Found 2 companies
📖 Processing: 820_BUILDERS_AND_SUPPLIES.txt
   Found 0 companies
📖 Processing: 3AMR_CONSTRUCTION_SERVICES_INC.txt
   Found 1 companies
📖 Processing: JAS_MIXER_CONSTRUCTION_AND_DEVELOPMENT_CORPORATION.txt
   Found 1 companies
📖 Processing: JG_NORA_BUILDERS.txt
   Found 0 companies
📖 Processing: HUMMING_BIRD_CONSTRUCTION.txt
   Found 0 companies
📖 Processing: JERRY_R_SANTIAGO_CONSTRUCTION_CORP.txt
   Found 1 companies
📖 Processing: NORJOHN_CONSTRUCTION.txt
   Found 0 companies
📖 Processing: E_GARDIOLA_CONSTRUC.txt
   Found 0 companies
📖 Processing: J_M_LACORTE_CONSTRUCTION.txt
   Found 0 companies
📖 Processing: DESIGN.txt
   Found 8 companies
📖 Processing: ST_MATTHEW_GEN_CONTRACTOR__DEVELOPMENT_CORP.txt
   Found 0 companies
📖 Processing: A_S_T_BUILDERS.txt
   Found 0 companies
📖 Processing: CHUCON_BUILDERS_CORPORATION.txt
   Found 1 companies
📖 Processing: JANN-NORRIS_CONSTRUCTION_AND_SUPPLIES_INC.txt
   Found 1 companies
📖 Processing: 1FC_DIZON_CORP.txt
   Found 0 companies
📖 Processing: DAUNGAN_CONSTRUCTION_DEV_T.txt
   Found 0 companies
📖 Processing: JUDAN_BUILDERS.txt
   Found 0 companies
📖 Processing: GDBS_BUILDERS_AND_ENTERPRISE.txt
   Found 1 companies
📖 Processing: J_A_BUILDERS.txt
   Found 10 companies
📖 Processing: F_R_MAPILISAN_CONSTRUCTION.txt
   Found 0 companies
📖 Processing: SYMS_CONSTRUCTION_TRADING.txt
   Found 0 companies
📖 Processing: DAHL_CONSTRUCTION_CORP.txt
   Found 1 companies
📖 Processing: EIGHT_JS_CONSTRUCTION_SERVICES.txt
   Found 0 companies
📖 Processing: KING_EIGHT_BUILDERS_AND_SUPPLY.txt
   Found 0 companies
📖 Processing: DD_ROSAL_CONSTRUCTION.txt
   Found 2 companies
📖 Processing: HERBERT_MALMIS_GENERAL_MERCHANDISING_CONTRACTOR.txt
   Found 0 companies
📖 Processing: JOSE_RUBI_CONSTRUCTION.txt
   Found 0 companies
📖 Processing: FILCAN_UNITED_CONSTRUCTION_GENERAL_MERCHANDISE_CORP.txt
   Found 1 companies
📖 Processing: EQUI-PARCO_CONSTRUCTION_COMPANY.txt
   Found 1 companies
📖 Processing: FOUR_J.txt
   Found 10 companies
📖 Processing: BJMJB_CONSTRUCTION.txt
   Found 1 companies
📖 Processing: GLASS_SUPPLY_INC.txt
   Found 10 companies
📖 Processing: E_S_JOSEFA_CONSTRUCTION.txt
   Found 0 companies
📖 Processing: CEBU_HAYDTER_CONSTRUCTION.txt
   Found 0 companies
📖 Processing: HVC_SAGITTARIUS_COMMERCIAL_CONSTRUCTION.txt
   Found 1 companies
📖 Processing: L_B_LEONCIO_TRADING_CONSTRUCTION_ONE_HUNDRED_PERCENT_CONSTRUCTION_AND_DEVELOPMENT_CORPORATION_FORMERLY_BCT_TRADING_CONSTRUCTION.txt
   Found 0 companies
📖 Processing: FIRST_NORTHWAY_DEVELOPMENT_AND_CONSTRUCTION_CORPORATION.txt
   Found 1 companies
📖 Processing: KOUKEN_CONSTRUCTION.txt
   Found 0 companies
📖 Processing: JOAN_AND_JOHN_CONSTRUCTION_AND_TRADING.txt
   Found 0 companies
📖 Processing: J_A_DEVELOPERS.txt
   Found 0 companies
📖 Processing: M_G_SALAZAR_CONSTRUCTION_CORP_FOR_M_G_SALAZAR.txt
   Found 0 companies
📖 Processing: SKYLINE_CONSTRUCTION_EQUIPMENT_AND_DEVELOPMENT_CORPORATION_FORMERLY_EDDIE_G_GUILLEN_BUILDERS_INC.txt
   Found 0 companies
📖 Processing: DUROS_DEVELOPMENT_CORP.txt
   Found 0 companies
📖 Processing: L_C_TING_CONSTRUCTION.txt
   Found 2 companies
📖 Processing: H-ROYAL_CONSTRUCTION.txt
   Found 3 companies
📖 Processing: AB_APONESTO_CONSTRUCTION_PARTS_AND_SUPPLY_INC.txt
   Found 1 companies
📖 Processing: ALOJA_BUILDERS_AND_REALTY.txt
   Found 1 companies
📖 Processing: FRANZCOR_TRADING_CONSTRUCTION.txt
   Found 0 companies
📖 Processing: HUMMING_BIRD_CONSTRUCTION_SUPPLY_CORPORATION.txt
   Found 0 companies
📖 Processing: DINAH_JANE_CONSTRUCTION_AND_SUPPLY.txt
   Found 0 companies
📖 Processing: ALLEN_CONSTRUCTION.txt
   Found 1 companies
📖 Processing: 3RB_CONSTRUCTION__SUPPLY.txt
   Found 0 companies
📖 Processing: JB_DANTE_BUILDERS_SUPPLY.txt
   Found 0 companies
📖 Processing: A_J_LAVA_BUIL.txt
   Found 2 companies
📖 Processing: A2C_ENTERPRISES_INC.txt
   Found 1 companies
📖 Processing: BERTO_LUCCI_BUILDERS.txt
   Found 1 companies
📖 Processing: CONTE_BUILDERS.txt
   Found 0 companies
📖 Processing: B_VICENCIO_CONSTRUCTION_ZLREJ_TRADING_AND_CONSTRUCTION_CORPORATION.txt
   Found 0 companies
📖 Processing: NICLEDON_CONSTRUCTION.txt
   Found 0 companies
📖 Processing: CENTERWAYS_CONSTRUCTION_AND_DEVELOPMENT_INC.txt
   Found 1 companies
📖 Processing: HI-TRI_DEVELOPMENT_CORPORATION.txt
   Found 0 companies
📖 Processing: GIOVANNI_CONSTRUCTION.txt
   Found 1 companies
📖 Processing: RAMARPLUS_INCORPORATED.txt
   Found 0 companies
📖 Processing: DCD_BUILDERS_ENTERPISES.txt
   Found 0 companies
📖 Processing: JAYKRIS_ENTERPRISES_CONSTRUCTION.txt
   Found 0 companies
📖 Processing: AL-B_DEVELOPMENT_CORPORATION.txt
   Found 10 companies
📖 Processing: JLP_CONSTRUCT.txt
   Found 0 companies
📖 Processing: K84_CONSTRUCTION.txt
   Found 1 companies
📖 Processing: J_SQUARE_BUILDERS.txt
   Found 8 companies
📖 Processing: AQUALINE_CONSTRUCTION_EVERBUILT_CONSTRUCTION.txt
   Found 0 companies
📖 Processing: MAKAPA_CORPORATION.txt
   Found 1 companies
📖 Processing: JAM_KONSTRUCT_CONSTRUCTION.txt
   Found 1 companies
📖 Processing: HAUSLAND_CONSTRUCTION.txt
   Found 0 companies
📖 Processing: COFEJOK_CONSTRUCTION.txt
   Found 1 companies
📖 Processing: FE_S_REYES_GENERAL_CONTRACTOR_CORP.txt
   Found 1 companies
📖 Processing: L_BUILDERS.txt
   Found 10 companies
📖 Processing: KNJ_CONSTRUCTION_AND_SUPPLY.txt
   Found 0 companies
📖 Processing: AC_SOLIVEN_CONSTRUCTION_AND_GENERAL_MERCHANDISE.txt
   Found 0 companies
📖 Processing: PRIME_PACIFIC_MARINE_INDUSTRIAL_SERVICES_CORP.txt
   Found 1 companies
📖 Processing: CONCRETE_PRODUCTS.txt
   Found 9 companies
📖 Processing: FAMILY_CIRCLE_CONSTRUCTION.txt
   Found 0 companies
📖 Processing: JOBEL_ENTERPRISES.txt
   Found 0 companies
📖 Processing: C_L_MORALES_CONSTRUCTION.txt
   Found 2 companies
📖 Processing: A_R_T_DWELL_LIFESTYLE_STORE.txt
   Found 0 companies
📖 Processing: E_R_DELA_CRUZ_CONSTRUCTION.txt
   Found 6 companies
📖 Processing: AC_RIVERO_DEVELOPMENT_CORPORATION.txt
   Found 1 companies
📖 Processing: AGONG_BUILDERS.txt
   Found 1 companies
📖 Processing: TRADING.txt
   Found 0 companies
📖 Processing: BNYU_ENTERPRISES_CONSTRUCTION.txt
   Found 0 companies
📖 Processing: OMNICON_BUILDERS.txt
   Found 0 companies
📖 Processing: BADOC_BUILDERS_SUPPLY_INC_FORMERLY_BADOC_BUILDER_SUPPLY.txt
   Found 0 companies
📖 Processing: ALBANO_CONSTRUCTION.txt
   Found 0 companies
📖 Processing: GLOBALCRETE_BUILDERS_INC.txt
   Found 1 companies
📖 Processing: 3-SIDES_BUILDERS.txt
   Found 1 companies
📖 Processing: ASC_CONSTRUCTION_CONCRETE_PRODUCTS.txt
   Found 0 companies
📖 Processing: ADFIL_CORPORATION.txt
   Found 1 companies
📖 Processing: DHEN_Z_CONSTRUCTION.txt
   Found 0 companies
📖 Processing: INNOVATI_CONSTRUCTION.txt
   Found 1 companies
📖 Processing: BJMJB_CONSTRUCTION__SUPPLY.txt
   Found 0 companies
📖 Processing: EC_SOLICON_BUILDERS.txt
   Found 1 companies
📖 Processing: PYRAMID_CONSOLIDATED_BUILDERS__GEN_MDSE.txt
   Found 0 companies
📖 Processing: F_P_DE_GUZMAN_CONSTRUCTION_INC.txt
   Found 1 companies
📖 Processing: FLORDES_CONSTRUCTION_AND_TRADING_CORP.txt
   Found 1 companies
📖 Processing: MUANA_CONSTRUCTION_AND_DEVELOPMENT_CORP.txt
   Found 1 companies
📖 Processing: KANAWAY_BUILDERS_CORPORATION.txt
   Found 0 companies
📖 Processing: LANOY_CONSTRUCTION.txt
   Found 1 companies
📖 Processing: CIRCLE_Z_VENTURES_DEVELOPMENT_CORP.txt
   Found 1 companies
📖 Processing: MONOLITHIC_CONSTRUCTION__CONCRETE_PRODUCTS_INC.txt
   Found 0 companies
📖 Processing: DIADEMA_ENTERPRISES_A_DELA_CRUZ_BUILDERS_INC.txt
   Found 0 companies
📖 Processing: ALTA_NEGROS_INDUSTRIAL_SUPPLY_CORPORATION.txt
   Found 1 companies
📖 Processing: HHH_DEVELOPER_AND_CONSTRUCTION.txt
   Found 0 companies
📖 Processing: J_E_G_CONSTRUCTION_FIRM_CORPORATION.txt
   Found 2 companies
📖 Processing: L_N_SALVADOR_CONSTRUCTION_CORP.txt
   Found 1 companies
📖 Processing: KAUIE_BUILDERS.txt
   Found 1 companies
📖 Processing: J_T_GAMOLO_CONSTRUCTION.txt
   Found 1 companies
📖 Processing: BIG_G_BUILDERS.txt
   Found 1 companies
📖 Processing: KGB_ENGINEERING.txt
   Found 0 companies
📖 Processing: ED1SON_DEVELOPMENT__CONSTRUCTION_INC.txt
   Found 0 companies
📖 Processing: EQUIPMENT_SERVICES_INC.txt
   Found 10 companies
📖 Processing: DENNREY_CONSTRUCTION.txt
   Found 1 companies
📖 Processing: R_A_PAHATI_CONST_SUPPLY_INC.txt
   Found 1 companies
📖 Processing: EJIEV_CONSTRUCTION_SERVICES.txt
   Found 0 companies
📖 Processing: DAVHEZ_TRADING.txt
   Found 0 companies
📖 Processing: BOSH_MEGATRADE_AND_SERVICES_CO.txt
   Found 0 companies
📖 Processing: GRAC-TA_BUILDERS.txt
   Found 0 companies
📖 Processing: JAGONBUILD_CONSTRUCTION_CORP.txt
   Found 1 companies
📖 Processing: ROAD_EDGE_TRADING__DEVELOPMENT_SERVICES.txt
   Found 0 companies
📖 Processing: CANLAON_BUILDERS.txt
   Found 2 companies
📖 Processing: AFEW_CONSTRUCTION.txt
   Found 0 companies
📖 Processing: HGG_BUILDERS_SUPPLY.txt
   Found 0 companies
📖 Processing: ABADA_CONSTRUCTION.txt
   Found 0 companies
📖 Processing: DIADEMA_CONSTRUCTION.txt
   Found 1 companies
📖 Processing: FORTUNE_RDC_ENTERPRISES.txt
   Found 0 companies
📖 Processing: IA_FERRER_CONSTRUCTION.txt
   Found 1 companies
📖 Processing: BUILDZONE_CONSTRUCTION.txt
   Found 1 companies
📖 Processing: L_L_MARRON_CONSTRUCTION.txt
   Found 0 companies
📖 Processing: JCL86_BUILDERS_INC.txt
   Found 0 companies
📖 Processing: JAMPAT_BUILDERS.txt
   Found 1 companies
📖 Processing: NB_AVILA_CONSTRUCTION.txt
   Found 3 companies
📖 Processing: 5S_DEVELOPMENT_CORPORATION.txt
   Found 10 companies
📖 Processing: DANSBURG_MACRO-BUILDERS_INC.txt
   Found 1 companies
📖 Processing: JAMJLE_PROPERTIES.txt
   Found 1 companies
📖 Processing: CHRISHUA_CONSTRUCTION_SERVICES.txt
   Found 0 companies
📖 Processing: ARM-ASIA_CONSTRUCTION.txt
   Found 0 companies
📖 Processing: EC_BUILDERS.txt
   Found 10 companies
📖 Processing: BADOC_BUILDER_SUPPLY_ST_GERRARD_CONSTRUCTION_GEN_CONTRACTOR_DEVELOPMENT_CORP_FORMERLY_ST_GERRARD_CONSTRUCTION.txt
   Found 0 companies
📖 Processing: JBERNARDO_CONSTRUCTION.txt
   Found 0 companies
📖 Processing: L_BROS_CONSTRUCTION_AND_SUPPLY_INC_FORMERLY_L_BROS_CONSTRUCTION_SUPPLY.txt
   Found 0 companies
📖 Processing: GOLDEN_CONSTRUCTION.txt
   Found 7 companies
📖 Processing: FRANZCOR_TRADING.txt
   Found 0 companies
📖 Processing: C_B_GARAY_PHILWIDE_BUILDERS.txt
   Found 2 companies
📖 Processing: BIGA_CONSTRUCTION.txt
   Found 1 companies
📖 Processing: JASMIN_CONSTRUCTION.txt
   Found 1 companies
📖 Processing: RA_PAHATI_CONST__SUPPLY_INC.txt
   Found 0 companies
📖 Processing: SUNWEST.txt
   Found 0 companies
📖 Processing: CONST_SUPPLY_COMPANY_INC.txt
   Found 0 companies
📖 Processing: WTG_CONSTRUCTION__DEVELOPMENT_CORPORATION.txt
   Found 0 companies
📖 Processing: TWO_DEGREES_CONSTRUCTION_AND_SUPPLY.txt
   Found 0 companies
📖 Processing: ALZEN_ENGINEERING_CONSTRUCTION_SUPPLIES.txt
   Found 0 companies
📖 Processing: HONEYVILLECONST_AND_DEVELOPMENT_CORPORATION.txt
   Found 0 companies
📖 Processing: DQT_BUILDERS_AND_SUPPLY.txt
   Found 0 companies
📖 Processing: CABUGUIASAN_BUILDERS.txt
   Found 4 companies
📖 Processing: ALEXANDER_BUILDERS.txt
   Found 0 companies
📖 Processing: MURIELEVEN_BUILDERS_AND_CONSTRUCTION_SUPPLY_CORP.txt
   Found 0 companies
📖 Processing: J_A_OLIVAR_ENGINEERING_DESIGN_CONSTRUCTION.txt
   Found 10 companies
📖 Processing: BALINTUGAN_CONSTRUCTION.txt
   Found 0 companies
📖 Processing: CHEEREL_CONSTRUCTION_SUPPLY.txt
   Found 0 companies
📖 Processing: MORTAR_MASTERS__CONCRETE_BUILDERS.txt
   Found 0 companies
📖 Processing: CARTESIAN_BUILDERS_CORPORATION.txt
   Found 0 companies
📖 Processing: JAICA_CONST_CORP.txt
   Found 1 companies
📖 Processing: ZEDIK_BUILDERS.txt
   Found 1 companies
📖 Processing: LUCKY_EIGHTY-THREE_CONSTRUCTION_AND_SUPPLY_FOR_VRP.txt
   Found 0 companies
📖 Processing: 647_CONSTRUCTION_AND_DEVELOPMENT_CORPORATION.txt
   Found 1 companies
📖 Processing: 22_PRIME_CONSTRUCTION_AND_REALTY_DEVELOPMENT_INC.txt
   Found 1 companies
📖 Processing: E_S_L_BUILDERS_PARTS_SUPPLY.txt
   Found 0 companies
📖 Processing: BERSON_S_CONSTRUCTION_TRADING.txt
   Found 0 companies
📖 Processing: AYESHIA_GENERAL_TRADING_CONSTRUCTION_AND_MAINTENANCE.txt
   Found 0 companies
📖 Processing: CAGALAWAN_ENTERPRISES.txt
   Found 1 companies
📖 Processing: ALFAHAD_BUILDERS.txt
   Found 0 companies
📖 Processing: HAPPY_ALL3_BUILDERS_CORPORATION.txt
   Found 0 companies
📖 Processing: JUNMICMARC_CONSTRUCTION.txt
   Found 0 companies
📖 Processing: DMGR_BUILDERS.txt
   Found 0 companies
📖 Processing: MAMSAR_CONSTRUCTION_AND_INDUSTRIAL_CORPORATION.txt
   Found 1 companies
📖 Processing: M_T_MALIUANAG_CONSTRUCTION_SERVICES.txt
   Found 0 companies
📖 Processing: CAANA_CONSTRUCTION_CORPORATION.txt
   Found 4 companies
📖 Processing: DRAGON_TWELVE_BUILDERS.txt
   Found 0 companies
📖 Processing: IKM_BUILDERS_CONSTRUCTION_SUPPLY_T_SOLOMON_CONSTRUCTION_AND_DEVELOPMENT_CORPORATIO.txt
   Found 0 companies
📖 Processing: A_R_LUSTRE_JR_CONSTRUCTION.txt
   Found 1 companies
📖 Processing: RUDHIL_CONSTRUCTION__ENTERPRISES_INC.txt
   Found 0 companies
📖 Processing: ACD_ASTROBUILT_CONSTRUCTION_DEVELOPMENT_INC.txt
   Found 1 companies
📖 Processing: 1HB_CONSTRUCTION_CORP_.txt
   Found 1 companies
📖 Processing: JAMRAY_BUILDERS.txt
   Found 0 companies
📖 Processing: 4_DOUBLERS_TRADING.txt
   Found 0 companies
📖 Processing: DQT_BUILDERS.txt
   Found 2 companies
📖 Processing: DINAH_RBS_CONSTRUCTION.txt
   Found 1 companies
📖 Processing: GONZALODO_ENTERPRISES.txt
   Found 1 companies
📖 Processing: ALMRIN_BUILDERS_CORPORATION.txt
   Found 0 companies
📖 Processing: BHENLLABIEN_BUILDERS_CONSTRUCTION.txt
   Found 0 companies
📖 Processing: AB_DIAMOND23_CONSTRUCTION.txt
   Found 0 companies
📖 Processing: TONKA_CONSTRUCTION.txt
   Found 0 companies
📖 Processing: SOLFIO_P_JACINTO_CONSTRUCTION_INC.txt
   Found 1 companies
📖 Processing: JB_DANTE_BUILDERS.txt
   Found 0 companies
📖 Processing: JAYKRIS_ENTERPRISES.txt
   Found 0 companies
📖 Processing: AGONG_BUILDERS_AND_CONSTRUCTION_SUPPLY_INC.txt
   Found 1 companies
📖 Processing: GREAT_WALL_ENGINEERING.txt
   Found 0 companies
📖 Processing: JIMWELL_BUILDERS.txt
   Found 1 companies
📖 Processing: DMDANAN_CONSTRUCTION.txt
   Found 0 companies
📖 Processing: SANRHO_CONST_AND_SUPPL_3RB_CONSTRUCTION_SUPPLY.txt
   Found 0 companies
📖 Processing: 1ST_J_E_ADLAWAN_CONSTRUCTION.txt
   Found 1 companies
📖 Processing: KURDZ_CONSTRUCTION.txt
   Found 0 companies
📖 Processing: CONCRETE_BUILDERS.txt
   Found 1 companies
📖 Processing: DANRICH_BUILDERS_CORPORATION.txt
   Found 1 companies
📖 Processing: DEVELOPMENT_CORPORATIO.txt
   Found 0 companies
📖 Processing: BELCONSTRUCT_CORPORATION.txt
   Found 1 companies
📖 Processing: AARJG_BUILDERS_CORPORATION.txt
   Found 1 companies
📖 Processing: CM_TAN_CONSTRUCTION.txt
   Found 0 companies
📖 Processing: JONOR_DC_CONSTRUCTION.txt
   Found 0 companies
📖 Processing: T2B3_BUILDERS_AND_SUPPLIES_CORP.txt
   Found 1 companies
📖 Processing: M_S_RAMOS_CONSTRUCTION_INC_FORMERLY_M_S_RAMOS.txt
   Found 0 companies
📖 Processing: 4RMCONSTRUCTION_SUPPLIES.txt
   Found 0 companies
📖 Processing: A_Y_U_ENGINEERING_CONSTRUCTION.txt
   Found 10 companies
📖 Processing: DEVELOPMENT_CORPORAT.txt
   Found 0 companies
📖 Processing: O_G_SANTOS_CONSTRUCTION.txt
   Found 10 companies
📖 Processing: WAWAO_BUILDERS.txt
   Found 1 companies
📖 Processing: D_C_SANDIL_CONSTRUCTION.txt
   Found 0 companies
📖 Processing: JASMIG_CONSTRUCTION_CORPORATION.txt
   Found 1 companies
📖 Processing: QUIRANTE_CONSTRUCTION_CORPORATION.txt
   Found 1 companies
📖 Processing: VRP_LUCKY_EIGHTY-THREE_CONSTRUCTION_AND_SUPPLY_FOR_VRP.txt
   Found 0 companies
📖 Processing: FERDSTAR_BUILDERS_INC.txt
   Found 1 companies
📖 Processing: GACT_ENTERPRISES.txt
   Found 0 companies
📖 Processing: JANN-NORRIS_CONSTRUCTION.txt
   Found 1 companies
📖 Processing: E_R_RODRIGUEZ_CONSTRUCTION_CORPORATION.txt
   Found 2 companies
📖 Processing: B_P_CRUZ_BUILDERS.txt
   Found 10 companies
📖 Processing: DEBRIS_ENTERPRISES.txt
   Found 0 companies
📖 Processing: GENERAL_MAINTENANCE_OPC.txt
   Found 1 companies
📖 Processing: J_C_PINON_CONSTRUCTION_INC.txt
   Found 0 companies
📖 Processing: LR_TIQUI_BUILDERS_INC.txt
   Found 0 companies
📖 Processing: LARD_BUILDERS.txt
   Found 0 companies
📖 Processing: FLEURDELIS_CONSTRUCTION_AND_SUPPLY.txt
   Found 0 companies
📖 Processing: ARL_CONSTRUCTION.txt
   Found 0 companies
📖 Processing: 3R3M_CONSTRUCTION_AND_SUPPLY_CORPORATION.txt
   Found 1 companies
📖 Processing: EQUIPMENT_RENTAL.txt
   Found 0 companies
📖 Processing: HVC_SAGITTARIUS_COMMERCIAL.txt
   Found 1 companies
📖 Processing: E_V_INTERIOR_CONSTRUCTION.txt
   Found 7 companies
📖 Processing: D_T_RECIO_INCORPORATED.txt
   Found 0 companies
📖 Processing: ST_GERRARD_CONSTRUCTION.txt
   Found 3 companies
📖 Processing: ETVR_TRADING.txt
   Found 0 companies
📖 Processing: GIBUILD_DEVELOPMENT_CORP.txt
   Found 0 companies
📖 Processing: CAMBERWELL_CONSTRUCTION.txt
   Found 0 companies
📖 Processing: G_O_C_BUILDERS.txt
   Found 10 companies
📖 Processing: CASAN_CONSTRUCTION.txt
   Found 1 companies
📖 Processing: CONRADO_B_BAUTISTA_CONST.txt
   Found 0 companies
📖 Processing: GVDPM_CONSTRUCTION_CORP_FORMERLY_ZM_CONSTRUCTIO.txt
   Found 0 companies
📖 Processing: RITCHE-NATHALIE_DEVELOPMENT_CORPORATION.txt
   Found 1 companies
📖 Processing: J_M_L_R_CONSTRUCTION_AND_SUPPLY.txt
   Found 10 companies
📖 Processing: G2XD_CONSTRUCTION_SERVICES.txt
   Found 0 companies
📖 Processing: DRJY_CONSTRUCTION.txt
   Found 1 companies
📖 Processing: DJSEVILLA_CONSOLIDATED_BUILDERS_CORPORATION.txt
   Found 0 companies
📖 Processing: JABEN_GENERAL_CONTRACTING.txt
   Found 0 companies
📖 Processing: GENERAL_MARKETING.txt
   Found 10 companies
📖 Processing: CITYWEST_BUILDERS.txt
   Found 0 companies
📖 Processing: C_ZARLES_CONSTRUCTION_SUPPLY.txt
   Found 0 companies
📖 Processing: HANNA_VIA_CONSTRUCTION_INC.txt
   Found 1 companies
📖 Processing: DANILORSO_CORP_OPERATING_UNDER_THE_NAME_OF_DRS_BUILDERS.txt
   Found 0 companies
📖 Processing: A_Y_U_ENGINEERING.txt
   Found 10 companies
📖 Processing: CR_DOMINGO_CONSTRUCTION_AND_POWER_DEVELOPMENT_INC.txt
   Found 1 companies
📖 Processing: ST._TIMOTHY_CONSTRUCTION_CORPORATION.txt
   Found 1 companies
📖 Processing: A_L_ACHARON_CONSTRUCTION.txt
   Found 0 companies
📖 Processing: DD_LIKIGAN_CONSTRUCTION.txt
   Found 0 companies
📖 Processing: ALPHARD_PRIMECON_CONSTRUCTION.txt
   Found 1 companies
📖 Processing: CROSMAK_CONSTRUCTION_WORKS_INCORPORATED.txt
   Found 0 companies
📖 Processing: AEJ_HARDWARE_CONSTRUCTION.txt
   Found 0 companies
📖 Processing: KRYPTONITE_6S_BUILDERS_INC.txt
   Found 1 companies
📖 Processing: A_J_LAVA_BUIL_R_O_BUILDERS_DEVELOPMENT_CORPORATION.txt
   Found 2 companies
📖 Processing: DSB_CONSTRUCTION_SUPPLY_INC_FORMERLY_DSB_CO.txt
   Found 0 companies
📖 Processing: ASTROBUILT_CONSTRUCTION_DEVELOPMENT_ABU_CONSTRUCTION.txt
   Found 0 companies
📖 Processing: CHIU_BUILDERS.txt
   Found 0 companies
📖 Processing: INDUSTRIAL_SERVICES_CORP.txt
   Found 10 companies
📖 Processing: BENJOSH_CONSTRUCTION_SUPPLY.txt
   Found 0 companies
📖 Processing: I_F_CLEMENTE_CONSTRUCTION_CORPORATION.txt
   Found 1 companies
📖 Processing: JAPUZ-JANSOL_ENTERPRISES.txt
   Found 1 companies
📖 Processing: 3K_ROCK_ENGINEERING.txt
   Found 0 companies
📖 Processing: ER_VENZON_CONSTRUCTION.txt
   Found 0 companies
📖 Processing: JOHN-JANN_CONST_AND_SUPPLIES_CORP.txt
   Found 1 companies
📖 Processing: 121_CONSTUC.txt
   Found 0 companies
📖 Processing: CMSEL_CONSTRUCTION_DEVELOPER.txt
   Found 0 companies
📖 Processing: ED1SON_DEVELOPMENT_CONSTRUCTION_INC.txt
   Found 1 companies
📖 Processing: ENGINEERS.txt
   Found 8 companies
📖 Processing: WAYCON_BUILDERS_AND_CONSTRUCTION_SUPPLY_CORP.txt
   Found 1 companies
📖 Processing: FEREST_DWAYNE_CONSTRUCTION.txt
   Found 0 companies
📖 Processing: LA_PRUEBA_CONSTRUCTION.txt
   Found 0 companies
📖 Processing: C_F_TRINIDAD_CONSTRUCTION_AND_SUPPLIES_CORP_FOR.txt
   Found 0 companies
📖 Processing: JIAN_ARMEL_RICHARD_CHRISTERSON_CONSTRUCTION.txt
   Found 0 companies
📖 Processing: HIGH_STRENGTH_DEV_CORPORATION.txt
   Found 0 companies
📖 Processing: C_F_TRINIDAD_CONSTRUCTION_AND_SUPPLIES_CORP.txt
   Found 1 companies
📖 Processing: NES-SAN_BUILDERS.txt
   Found 0 companies
📖 Processing: BICOL_GOLDROCK_CONSTRUCTION_CORPORATION.txt
   Found 0 companies
📖 Processing: ALFREGO_BUILDERS.txt
   Found 1 companies
📖 Processing: CEFF_TRADING_ENGINEERING_SERVICES.txt
   Found 0 companies
📖 Processing: DMLC_BUILDERS.txt
   Found 0 companies
📖 Processing: ST_TIMOTHY_CONSTRUCTION_CORPORATION.txt
   Found 1 companies
📖 Processing: IM_CONSTRUCTION_CORPORATION.txt
   Found 0 companies
📖 Processing: ALEBON_GENUINE_MERCHANDISING_INCORPORATED.txt
   Found 1 companies
📖 Processing: TOUGHBUILT_CONSTRUCTION__TRADING_INC.txt
   Found 1 companies
📖 Processing: NUMERICAL_GATE_CONSTRUCTION_SUPPLY_CORPORATION.txt
   Found 0 companies
📖 Processing: JEMAK_CONSTRUCTION_SUPPLY.txt
   Found 0 companies
📖 Processing: DSB_CONSTRUCTION__SUPPLY_INC.txt
   Found 1 companies
📖 Processing: VILLAR_GENERAL_CONSTRUCTION_AND_SUPPLIES.txt
   Found 0 companies
📖 Processing: 830_BUILDERS_DEVELOPERS_CORP.txt
   Found 1 companies
📖 Processing: FULLEROS_BOTOX_BUILDERS_AND_DESIGN.txt
   Found 0 companies
📖 Processing: RAPID_FOREMOST_CONST_CO.txt
   Found 0 companies
📖 Processing: OLSIM_CONSTRUCTION.txt
   Found 0 companies
📖 Processing: G_C_I_CONSTRUCTION_AND_DEV_T_CORP.txt
   Found 10 companies
📖 Processing: JEICCA_BUILDERS.txt
   Found 0 companies
📖 Processing: ANN-GIE_BUILDERS.txt
   Found 0 companies
📖 Processing: GKMM_CONSTRUCTION_SUPPLIES_INC.txt
   Found 1 companies
📖 Processing: SUPREME_ABF_CONST_CONST_SUPPLY_COMPANY_INC.txt
   Found 0 companies
📖 Processing: J_LINGAT_CONSTRUCTION.txt
   Found 0 companies
📖 Processing: B_VICENCIO_CONSTRUCTION.txt
   Found 0 companies
📖 Processing: CAMBERWELL_CONSTRUCTION_AND_SUPPLIES.txt
   Found 0 companies
📖 Processing: ERIC_VAN_P_SESBRENO_CONSTRUCTION.txt
   Found 10 companies
📖 Processing: AC_SOLIVEN_CONSTRUCTION__GENERAL_MERCHANDISE.txt
   Found 0 companies
📖 Processing: DAJ_BUILDERS.txt
   Found 0 companies
📖 Processing: EDCELCON_CONSTRUCTION_INC.txt
   Found 1 companies
📖 Processing: NTL_BUILDERS_AND_DEVELOPER.txt
   Found 0 companies
📖 Processing: C_T_LEONCIO_CONSTRUCTION_TRADING.txt
   Found 4 companies
📖 Processing: GAWIS_CONSTRUCTION_SERVICES.txt
   Found 0 companies
📖 Processing: ALPHA__OMEGA_GEN_CONTRACTOR__DEVELOPMENT_CORP.txt
   Found 0 companies
📖 Processing: QM_BUILDERS.txt
   Found 0 companies
📖 Processing: CASTILLANES_CONSTRUCTION.txt
   Found 0 companies
📖 Processing: C_S_GARCIA_CONSTRUCTION.txt
   Found 10 companies
📖 Processing: RUDHIL_CONSTRUCTION_AMP;_ENTERPRISES.txt
   Found 0 companies
📖 Processing: A_V_LAYNES_TRADING_AND_CONSTRUCTION.txt
   Found 0 companies
📖 Processing: 3_K_S_INDUSTRIAL_MAINTENANCE_AND_SERVICES_INC.txt
   Found 1 companies
📖 Processing: IVS_BUILDERS.txt
   Found 0 companies
📖 Processing: BLUE_M.txt
   Found 1 companies
📖 Processing: KALAHAN_GENERAL_CONSTRUCTION_AND_SUPPLIES.txt
   Found 0 companies
📖 Processing: THREE_W_BUILDERS_INC.txt
   Found 2 companies
📖 Processing: JAGONBUILD_CONSTRUCTION_CORP_FOR_JAGON_BUILDERS.txt
   Found 0 companies
📖 Processing: JC_PALOMO_CONSTRUCTION.txt
   Found 0 companies
📖 Processing: ROTAFLEX_CONSTRUCTION_AND_DEVELOPMENT_CORP.txt
   Found 0 companies
📖 Processing: STAR_WILLIAM_CONSTRUCTION.txt
   Found 0 companies
📖 Processing: DQT_BUILDERS_G_T_J_CONSTRUCTION.txt
   Found 0 companies
📖 Processing: JUST_SAFE_LEADING_JSL_INNOVATIVE_CREATION_CORPORATION.txt
   Found 0 companies
📖 Processing: TOPMOST_DEVELOPMENT_MKTG_CORP.txt
   Found 0 companies
📖 Processing: JEDIDIAH_CONSTRUCTION.txt
   Found 0 companies
📖 Processing: A_C_RIVERO_DEVELOPMENT_CORPORATION.txt
   Found 2 companies
📖 Processing: CHIARA2300_INCORPORATED.txt
   Found 1 companies
📖 Processing: V_R_PATRON_BUILDERS_DEVELOPERS_CORP_PREVIOUSL.txt
   Found 0 companies
📖 Processing: ADP_CONSTRUCTION_SUPPLY.txt
   Found 0 companies
📖 Processing: DANYSONS_CONSTRUCTION_AND_DEVELOPMENT_CORPORATION.txt
   Found 0 companies
📖 Processing: RAMISES_CONSTRUCTION.txt
   Found 0 companies
📖 Processing: E_L_TORRES_CONSTRUCTION_TRADING.txt
   Found 0 companies
📖 Processing: HIGH_ROAD_CONSTRUCTION_SERVICES.txt
   Found 0 companies
📖 Processing: DOUBLE_J_CONSTRUCTION_AND_SUPPLY.txt
   Found 0 companies
📖 Processing: DELPAR_CONSTRUCTION.txt
   Found 0 companies
📖 Processing: DUMAGUETE_ZENITH_COMMERCIAL.txt
   Found 0 companies
📖 Processing: STRONGLANE_BUILDERS_AND_TRADING_CORPORATION.txt
   Found 1 companies
📖 Processing: 1C4M_BUILDERS_INC.txt
   Found 1 companies
📖 Processing: BSKP_CONSTRUCTION.txt
   Found 0 companies
📖 Processing: EIRISH_BUILDERS__SUPPLY_INC.txt
   Found 1 companies
📖 Processing: J_M_LUCIANO_CONSTRUCTION_INC.txt
   Found 0 companies
📖 Processing: A_M_P_CONSTRUCTION_RPP_928_CONSTRUCTION_CORPORATION.txt
   Found 0 companies
📖 Processing: ABIB_BUILDERS_ENTERPRISE.txt
   Found 1 companies
📖 Processing: STO__CRISTO_CONSTRUCTION.txt
   Found 0 companies
📖 Processing: ARCINUE_COMM_L_CORPORATION.txt
   Found 1 companies
📖 Processing: ARMED_BUILDERS_SUPPLY.txt
   Found 0 companies
📖 Processing: THREE_CM_BUILDERS.txt
   Found 0 companies
📖 Processing: R_A_G_CORONA_CONSTRUCTION_AND_AGGREGATES_SUPPLY.txt
   Found 0 companies
📖 Processing: FORTHRIGHT_CONSTRUCTION.txt
   Found 0 companies
📖 Processing: KOUZBARY_BUILDERS.txt
   Found 0 companies
📖 Processing: INFRASERVE_BUILDERS.txt
   Found 0 companies
📖 Processing: MRK-SQUARE_CONSTRUCTION_AND_SUPPLY.txt
   Found 0 companies
📖 Processing: R_R_RICAFORT_CONSTRUCTION_AND_SUPPLIES.txt
   Found 0 companies
📖 Processing: DAUNGAN_CONSTRUCTION_DEV_T_GEN_SUPPLIES_CO_INC.txt
   Found 0 companies
📖 Processing: C_ZARLES_CONSTRUCTION.txt
   Found 0 companies
📖 Processing: QUATRIX_CONSTRUCTION_AND_SUPPLY_INC.txt
   Found 1 companies
📖 Processing: VICENTE_T_LAO_CONSTRUCTION.txt
   Found 0 companies
📖 Processing: JAI_BUILDERS_AND_SUPPLY.txt
   Found 0 companies
📖 Processing: YZK_BUILDERS.txt
   Found 0 companies
📖 Processing: GJE_BUILDERS_CORPORATION.txt
   Found 1 companies
📖 Processing: BADOC_BUILDERS.txt
   Found 1 companies
📖 Processing: CRJ_CONST.txt
   Found 1 companies
📖 Processing: E_D_LIBUNAO_CONSTRUCTION.txt
   Found 0 companies
📖 Processing: B_VICENCIO_CONSTRUCTION_VHITS_D_G_BUILDERS_ENTERPRISES.txt
   Found 0 companies
📖 Processing: 888_ACY_ENTERPRISES.txt
   Found 0 companies
📖 Processing: BUILDERS_EXPONENT_ENTERPRISE.txt
   Found 0 companies
📖 Processing: A_R_CASTILLO_CONSTRUCTION_ENTERPRISES.txt
   Found 0 companies
📖 Processing: 747_BUILDERS.txt
   Found 1 companies
📖 Processing: J_S_GENERAL_CONTRACTOR.txt
   Found 10 companies
📖 Processing: BEGAL_DESIGN_CONSTRUCTION.txt
   Found 0 companies
📖 Processing: BAHRAMLEY_CONSTRUCTION.txt
   Found 0 companies
📖 Processing: TUCHAR_CONSTRUCTION_CORP_FORMERLY_TUCHAR_CONSTRU.txt
   Found 0 companies
📖 Processing: EGB_CONSTRUCTION.txt
   Found 0 companies
📖 Processing: GENETIAN_BUILDERS.txt
   Found 1 companies
📖 Processing: IVY_MICHELLE_TRADING_CONTRUCTION_C_T_LEONCIO_CONSTRUCTION_TRADING.txt
   Found 0 companies
📖 Processing: JJ_PALACIO_CONSTRUCTION.txt
   Found 0 companies
📖 Processing: A_J_LAVA_BUIL_BELL_CONSTRUCTION.txt
   Found 2 companies
📖 Processing: JAYLOT_TRADING.txt
   Found 0 companies
📖 Processing: HI-TONE_CONSTRUCTION__DEVELOPMENT_CORP_(FORMERLY.txt
   Found 0 companies
📖 Processing: CELSO_C_FERRER_CONSTRUCTION_CORP.txt
   Found 0 companies
📖 Processing: 721_BUILDERS_CORPORATION.txt
   Found 1 companies
📖 Processing: J_V_SARIGNAYA_CONSTRUCTION_CORPORATION.txt
   Found 0 companies
📖 Processing: DAYBREAK_ENTERPRISES_-_ENGINEERING.txt
   Found 0 companies
📖 Processing: C_B_TAMPENGCO_CONSTRUCTION.txt
   Found 1 companies
📖 Processing: 11-16_CONSTRUCTION___BOLTRON_BUILDERS_CORPORATION.txt
   Found 0 companies
📖 Processing: HONEYVILLECONST.txt
   Found 1 companies
📖 Processing: FROMARC_BUILDERS.txt
   Found 2 companies
📖 Processing: MUNTOPAR_BUILDERS_CORP.txt
   Found 1 companies
📖 Processing: DEVELOPMENT_CORP.txt
   Found 10 companies
📖 Processing: HEKLER_BUILDERS_CORP.txt
   Found 1 companies
📖 Processing: BALLESTEROS_CONSTRUCTION.txt
   Found 0 companies
📖 Processing: ALOJA_BUILDERS.txt
   Found 0 companies
📖 Processing: 11-16_CONSTRUCTION.txt
   Found 0 companies
📖 Processing: BEEROCK_ENTERPRISES_INCORPORATED.txt
   Found 1 companies
📖 Processing: ABAYCER_CONSTRUCTION_SUPPLIES_AND_GENERAL_MERCHANDISE.txt
   Found 0 companies
📖 Processing: CS_CONSTRUCTION_AND_SUPPLY_GIBUILD_DEVELOPMENT_CORP.txt
   Found 0 companies
📖 Processing: SUNRISE_BUILDERS.txt
   Found 4 companies
📖 Processing: CHAO-MING_CONSTRUCTION_SERVICES.txt
   Found 0 companies
📖 Processing: SIXTEEN_ENTERPRISES-CALAPAN_BRANCH.txt
   Found 0 companies
📖 Processing: CMG_JR_BUILDERS.txt
   Found 0 companies
📖 Processing: 729_CONSTRUCTION_INC.txt
   Found 1 companies
📖 Processing: E_F_CHUA_CONSTRUCTION_INC.txt
   Found 2 companies
📖 Processing: JALENZ_CONSTRUCTION.txt
   Found 0 companies
📖 Processing: SISBRO_CONSTRUCTION_CORPORATION.txt
   Found 0 companies
📖 Processing: GERRA_CONSTRUCTION_JOHN_DEE_B_BUSTAMANTE_CONSTRUCTION.txt
   Found 0 companies
📖 Processing: J_G_MENDOZA_BUILDERS.txt
   Found 4 companies
📖 Processing: 1FC_DIZON_CORP_.txt
   Found 1 companies
📖 Processing: MONOLITHIC_CONSTRUCTION_CONCRETE_PRODUCTS_INC.txt
   Found 0 companies
📖 Processing: UNIVERSAL_DE_LEON_CONSTRUCTION_AND_AGGREGATES.txt
   Found 0 companies
📖 Processing: A_M_P_CONSTRUCTION_IJK_MAE_CONSTRUCTION_INC.txt
   Found 0 companies
📖 Processing: DELOUKRIS_BUILDERS.txt
   Found 0 companies
📖 Processing: EQUALYZ_TRADING.txt
   Found 1 companies
📖 Processing: DINAH_RBS_CONSTRUCTION_AND_SUPPLY_INCORPORATED.txt
   Found 1 companies
📖 Processing: HI-DENSITY_INTERNATIONAL_CONSTRUCTION.txt
   Found 0 companies
📖 Processing: G_M_PAJARILLAGA_CONSTRUCTION.txt
   Found 0 companies
📖 Processing: CARESYSTEM_TECHNOLOGY_SOLUTION_CO_INC.txt
   Found 1 companies
📖 Processing: ARN_BUILDERS.txt
   Found 1 companies
📖 Processing: ASIA_STRUCTURAL_DEVELOPER_CORPORATION.txt
   Found 0 companies
📖 Processing: DL_ENTERPRISES.txt
   Found 10 companies
📖 Processing: DREIRICH_BUILDERS.txt
   Found 0 companies
📖 Processing: MS_RAMOS_CONSTRUCTION_INC.txt
   Found 3 companies
📖 Processing: RA_PAHATI_CONST_SUPPLY.txt
   Found 0 companies
📖 Processing: BAMM_BUSINESS_VENTURES_INC.txt
   Found 1 companies
📖 Processing: J_M_DAPING_CONSTRUCTION_SERVICES.txt
   Found 0 companies
📖 Processing: JM_COLLERA_KONSTRACT.txt
   Found 0 companies
📖 Processing: 11_DIAMOND_EAGLE_CONSTRUCTION.txt
   Found 1 companies
📖 Processing: CHRIZMARIE_BUILDERS.txt
   Found 1 companies
📖 Processing: CELJEM_CONSTRUCTION.txt
   Found 1 companies
📖 Processing: CHARLZ_CONSTRUCTION_INC.txt
   Found 1 companies
📖 Processing: HOMEWORLD_CONSTRUCTION_CORP_FORMERLY_HOMEWORLD_E.txt
   Found 0 companies
📖 Processing: EJ_CANTORIA_CONSTRUCTION.txt
   Found 0 companies
📖 Processing: FROMARC_BUILDERS_GEN_MERCHANDISE.txt
   Found 0 companies
📖 Processing: CLIFF_CONSTRUCTION_AGGREGATES.txt
   Found 0 companies
📖 Processing: EL_KAPITAN_CONSTRUCTION_SERVICES.txt
   Found 0 companies
📖 Processing: FJ_MIRANDA_CONSTRUCTION.txt
   Found 0 companies
📖 Processing: MIGHTY_HOK_SUMMIT_CONSTRUCTION__DEVELOPMENT_CORP.txt
   Found 1 companies
📖 Processing: DATREBIL_CONSTRUCTION.txt
   Found 0 companies
📖 Processing: AZARRAGA_CONSTRUCTION.txt
   Found 0 companies
📖 Processing: FLORDES_CONSTRUCTION__TRADING_CORP.txt
   Found 0 companies
📖 Processing: B_VICENCIO_BUILDERS_INC.txt
   Found 0 companies
📖 Processing: GO_SOLID_BUILDERS_INC.txt
   Found 1 companies
📖 Processing: ADDED_CONSTRUCTION_SERVICES.txt
   Found 0 companies
📖 Processing: D_B_RAVELO_CONSTRUCTION_SUPPLY_RELY_CONSTRUCTION_SUPPLY_INC_FORMERLY_RELY_CONSTRUCTION_AND_SUPPLY.txt
   Found 0 companies
📖 Processing: LONG_ISLAND_BUILDERS_CONSTRUCTION.txt
   Found 0 companies
📖 Processing: F_GURREA_CONSTRUCTION_INCORPORATED.txt
   Found 1 companies
📖 Processing: JTC_CRUZ_CONSTRUCTION_CO_INC.txt
   Found 0 companies
📖 Processing: JAM-C_BUILDERS.txt
   Found 0 companies
📖 Processing: 22_PRIME_CONSTRUCTION.txt
   Found 10 companies
📖 Processing: BOOMETRIX_DEVELOPMENT_CORP.txt
   Found 1 companies
📖 Processing: CAAB_DEVELOPMENT_CORP.txt
   Found 4 companies
📖 Processing: 816_EMBER_CONSTRUCTION_CORPORATION.txt
   Found 0 companies
📖 Processing: KILUSANG_MAGKAIBIG.txt
   Found 0 companies
📖 Processing: PERSAN_CONSTRUCTION_INC.txt
   Found 1 companies
📖 Processing: RAM_BUILDERS.txt
   Found 2 companies
📖 Processing: BHENLLABIEN_BUILDERS_CORPORATION.txt
   Found 0 companies
📖 Processing: V_B_MANUBAY_CONSTRUCTION.txt
   Found 2 companies
📖 Processing: RF_FLORES_CONSTRUCTION.txt
   Found 0 companies
📖 Processing: BQPC_CORPORATION.txt
   Found 0 companies
📖 Processing: AJ_LAVA_BUILDERS_CORP.txt
   Found 1 companies
📖 Processing: ANIMAS_BROS_CONSTRUCTION_CORPORATION.txt
   Found 1 companies
📖 Processing: EDISON_C_BUILDERS.txt
   Found 0 companies
📖 Processing: CEBU_7H_TECHNOCHEM_INDUSTRIES_INC.txt
   Found 1 companies
📖 Processing: TOPNOTCH_CATALYST_BUILDERS_INC.txt
   Found 0 companies
📖 Processing: DAVAO_CONCRETE_PRODUCTS.txt
   Found 2 companies
📖 Processing: FR_ESPIRITU_BUILDERS.txt
   Found 2 companies
📖 Processing: ADAD_ENGINEERING_SERVICES_SUPPLY.txt
   Found 0 companies
📖 Processing: HMM_BUILDERS.txt
   Found 0 companies
📖 Processing: GENETIAN_BUILDERS_ZMS_CONST_DEV_CORP_FORMERLY_ZMS_CONSTRUCTION.txt
   Found 1 companies
📖 Processing: ILFREO_CONSTRUCTION_TRADING_CORP.txt
   Found 0 companies
📖 Processing: FULLEROS_BOTOX_BUILDERS.txt
   Found 0 companies
📖 Processing: JB_KONSTRUKTURA_COMPANY.txt
   Found 1 companies
📖 Processing: 830_BUILDERS.txt
   Found 1 companies
📖 Processing: VR_PATRON_BUILDERS__DEVELOPERS_CORP.txt
   Found 1 companies
📖 Processing: JEJAN_CONSTRUCTION.txt
   Found 1 companies
📖 Processing: FS_CO_BUILDERS.txt
   Found 10 companies
📖 Processing: KOMICHOV_GENERAL_CONSTRUCTION.txt
   Found 0 companies
📖 Processing: CDU_CONSTRUCTION.txt
   Found 0 companies
📖 Processing: 5G_GALVEZ_CONSTRUCTION_AND_SUPPLY.txt
   Found 0 companies
📖 Processing: ESJ_AND_SONS_CONSTRUCTION_CONSTRUCTION_SUPPLY_INC.txt
   Found 0 companies
📖 Processing: KENNETH_CONSTRUCTION_AND_GENERAL_MERCHANDISE.txt
   Found 0 companies
📖 Processing: DAVAO_ROCK_MIXER_ENTERPRISES_CHARIFER_BUILDERS_INC.txt
   Found 0 companies
📖 Processing: 888RV_CONSTRUCTION.txt
   Found 0 companies
📖 Processing: ADB_DYNAMIC_BUILDERS.txt
   Found 0 companies
📖 Processing: QM_BUILDERS_INC.txt
   Found 1 companies
📖 Processing: FIRST_GRANDEUR_BUILDERS.txt
   Found 1 companies
📖 Processing: A_V_LAYNES_TRADING.txt
   Found 0 companies
📖 Processing: BENDIMIL_CONSTRUCTION_DEVELOPMENT_CORP.txt
   Found 0 companies
📖 Processing: ALBERTO_UY_CONSTRUCTION.txt
   Found 0 companies
📖 Processing: AKN_CONSTRUCTION_CORPORATION.txt
   Found 0 companies
📖 Processing: CHOLO_CONSTRUCTION.txt
   Found 0 companies
📖 Processing: GENESIS88_CONSTRUCTION_INC.txt
   Found 0 companies
📖 Processing: POLYMER-VIC_CONSTRUCTION.txt
   Found 1 companies
📖 Processing: I_E_CONSTR_MOTIONTRADE_DEVELOPMENT_CORPORATION.txt
   Found 1 companies
📖 Processing: CREST92_CONSTRUCTION_DEVELOPMENT_CORPORATION.txt
   Found 10 companies
📖 Processing: M3_KONSTRACT_CORPORATION.txt
   Found 3 companies
📖 Processing: SILVERGRACES_CONSTRUCTION_AND_CONSTRUCTION_SUPPLY.txt
   Found 1 companies
📖 Processing: BORDERLINE_CONSTRUCTION_SUPPLY.txt
   Found 0 companies
📖 Processing: BJMJB_CONSTRUCTION_SUPPLY.txt
   Found 0 companies
📖 Processing: D_M_MALIWANAG_BUILDERS.txt
   Found 0 companies
📖 Processing: GMP_BUILDERS.txt
   Found 1 companies
📖 Processing: CMMJ_CONSTRUCTION.txt
   Found 0 companies
📖 Processing: BETTER_WORK_CONSTRUCTION.txt
   Found 1 companies
📖 Processing: AKC_BUILDERS.txt
   Found 1 companies
📖 Processing: KIRSKAT_VENTURE.txt
   Found 2 companies
📖 Processing: BADOC_BUILDER_SUPPLY.txt
   Found 0 companies
📖 Processing: DAVAO_ROCK_MIXER_ENTERPRISES.txt
   Found 0 companies
📖 Processing: AL-NOORWAY_CORPORATION.txt
   Found 1 companies
📖 Processing: BUILDERS_EXPONENT_EMPIRE_CORP.txt
   Found 0 companies
📖 Processing: ORANI_BUILDERS_SUPPLY.txt
   Found 0 companies
📖 Processing: ELKANKONSTRAK_DEVELOPMENT_CORPORATION.txt
   Found 1 companies
📖 Processing: JFR_CONSTRUCTION_INC.txt
   Found 1 companies
📖 Processing: HAWK_KEY_CONSTRUCTION_AND_GENERAL_MERCHANDISE_CORPORATION.txt
   Found 0 companies
📖 Processing: VSP_STRUCTURE_VENTURES_CORP.txt
   Found 1 companies
📖 Processing: JSONS_BUILDERS.txt
   Found 0 companies
📖 Processing: SONPRO_CONSTRUCTION.txt
   Found 0 companies
📖 Processing: DRAGON_TWELVE_BUILDERS_CONSTRUCTION_SUPPLY.txt
   Found 0 companies
📖 Processing: J-NINE-INFINITY_BUILDERS_AND_SUPPLIES.txt
   Found 0 companies
📖 Processing: CHRISTIAN_IAN_CONSTRUCTION_CORPORATION.txt
   Found 0 companies
📖 Processing: CREST92_CONSTRUCTION.txt
   Found 10 companies
📖 Processing: CPR_CONSTRUCTION_AND_SUPPLY_417_LP_CONSTRUCTION_CORPORATION.txt
   Found 10 companies
📖 Processing: BAQPRINCE_CONSTRUCTION.txt
   Found 1 companies
📖 Processing: CZARLES_CONSTRUCTION__SUPPLY.txt
   Found 0 companies
📖 Processing: BADOC_BUILDER_SUPPLY_ST_MATTHEW_GEN_CONTRACTOR_DEVELOPMENT_CORP.txt
   Found 0 companies
📖 Processing: DARCY_ANNA_BUILDERS_TRADING.txt
   Found 0 companies
📖 Processing: J_F_GABOTERO_INC.txt
   Found 1 companies
📖 Processing: EDDIE_G_GUILLEN_BUILDERS_INC.txt
   Found 1 companies
📖 Processing: CZMAC_CONSTRUCTION_SERVICES.txt
   Found 0 companies
📖 Processing: G_F_ROVERO_MERCHANDISING.txt
   Found 0 companies
📖 Processing: STEVEN_CONSTRUCTION__SUPPLY.txt
   Found 0 companies
📖 Processing: EMQ_DESIGN.txt
   Found 0 companies
📖 Processing: JUNTEREAL_INDUSTRIAL.txt
   Found 0 companies
📖 Processing: AQUILA_CONSTRUCTION_CO.txt
   Found 1 companies
📖 Processing: HI-TONE_CONSTRUCTION__DEVELOPMENT_CORP.txt
   Found 0 companies
📖 Processing: TRIPLE_8_CONSTRUCTION__SUPPLY_INC.txt
   Found 0 companies
📖 Processing: DEVELOPMENT_OPC.txt
   Found 10 companies
📖 Processing: JAY_ARCIE_CONSTRUCTION_AND_SUPPLY.txt
   Found 0 companies
📖 Processing: PRECIOUS_CONSTRUCTION.txt
   Found 0 companies
📖 Processing: DIADEMA_ENTERPRISES_AF3_CONSTRUCTION_CORPORATION.txt
   Found 0 companies
📖 Processing: 2-R_CONSTRUCTION_SUPPLY.txt
   Found 10 companies
📖 Processing: THREE-IN-ONE_CONSTRUCTION__TRADING.txt
   Found 0 companies
📖 Processing: MRRM_TRADING__CONSTRUCTION.txt
   Found 0 companies
📖 Processing: ZLREJ_TRADING_AND_CONSTRUCTION_CORPORATION.txt
   Found 1 companies
📖 Processing: RNN_CONSTRUCTION_CORPORATION.txt
   Found 1 companies
📖 Processing: GATEWAY_21-25_CONSTRUCTION_CORP.txt
   Found 1 companies
📖 Processing: 3R3M_CONSTRUCTION_AND_SUPPLY.txt
   Found 1 companies
📖 Processing: 8-10_NEHEMIAH_CONSTRUCTION.txt
   Found 1 companies
📖 Processing: SUNWEST_CONSTRUCTION.txt
   Found 0 companies
📖 Processing: BUILDERS_EXPONENT_ENTERPRISE_ORANI_CONSTRUCTION_AND_SUPPLY_CORPORATION_FORMERLY_ORANI_BUILDERS_SUPPLY.txt
   Found 0 companies
📖 Processing: BORONGAN_MBC_MERCHANDISING.txt
   Found 0 companies
📖 Processing: F_A_M_E_CONSTRUCTION_TRADING.txt
   Found 9 companies
📖 Processing: DANILORSO_CORP_OPERATING_UNDER_THE_NAME_OF_DRS_BUILDERS_AND_CONSTRUCTION_SUPPLIES.txt
   Found 0 companies
📖 Processing: A_M_P_CONSTRUCTION_BRYAN_PAUL_P_PACHECO_CONST_CORP.txt
   Found 0 companies
📖 Processing: KATHA_BUILDERS.txt
   Found 1 companies
📖 Processing: CALIFORNIAROCK_CONSTRUCTION.txt
   Found 0 companies
📖 Processing: HARDROCKPLATINUM_DEVELOPMENT_CORPORATION.txt
   Found 1 companies
📖 Processing: YPR_GEN_CONTRACTOR_AND_CONSTRUCTION_SUPPLY_INC.txt
   Found 1 companies
📖 Processing: NEWBIG_FOUR_J_CONSTRUCTION_INC_FORMERLY_FOUR_J.txt
   Found 0 companies
📖 Processing: FEDERAL_AGGREGATES.txt
   Found 1 companies
📖 Processing: N_D_M_SANCHEZ_BUILDERS_DEVELOPMENT_CORPORATION.txt
   Found 1 companies
📖 Processing: ROCK-WBL_CONSTRUCTION_CORP.txt
   Found 1 companies
📖 Processing: FIT_CONSTRUCTION.txt
   Found 0 companies
📖 Processing: GREEN_ISLAND_ENTERPRISES.txt
   Found 0 companies
📖 Processing: ESCORR_BUILDERS_AND_TRADERS_INC.txt
   Found 1 companies
📖 Processing: EL_TORRES_CONSTRUCTION_AND_TRADING_INC.txt
   Found 1 companies
📖 Processing: MUANA_CONSTRUCTION_AND_DEVELOPMENT_CORP_FORMERLY.txt
   Found 0 companies
📖 Processing: 1_BEATUS_BUILDERS_CORP.txt
   Found 0 companies
📖 Processing: A_DE_GUIA_CONSTRUCTION_AND_DEVELOPMENT_CORPORATION.txt
   Found 2 companies
📖 Processing: JAMA88_BUILDERS_INC.txt
   Found 1 companies
📖 Processing: HI-TONE_CONSTRUCTION_DEVELOPMENT_CORPORATION.txt
   Found 0 companies
📖 Processing: STX_ENTERPRISES.txt
   Found 1 companies
📖 Processing: RITCHE-NATHALIE_BUILDERS__GENERAL_MERCHANDISE.txt
   Found 0 companies
📖 Processing: D_C_SANDIL_CONSTRUCTION_AND_REALTY_DEVELOPMENT_I.txt
   Found 0 companies
📖 Processing: ISHIZAKI_CONSTRUCTION.txt
   Found 10 companies
📖 Processing: BLESSING_BUILDERS_AND_CONSTRUCTION_SUPPLY.txt
   Found 1 companies
📖 Processing: PERSAN_CONSTRUCTION_INC_FORMERLY_PERSAN_CONST.txt
   Found 0 companies
📖 Processing: DONATO_-_SAKIWAT_CONSTRUCTION.txt
   Found 1 companies
📖 Processing: GCLT_CONSTRUCTION.txt
   Found 1 companies
📖 Processing: WJP_CONSTRUCTION_AND_SUPPLY.txt
   Found 1 companies
📖 Processing: CTC_BUILDER_AND_SUPPLIES_INCORPORATED.txt
   Found 1 companies
📖 Processing: JAY_ARCIE_CONSTRUCTION.txt
   Found 0 companies
📖 Processing: GMR_CONSTRUCTION_AND_SUPPLY.txt
   Found 0 companies
📖 Processing: AMP_CONSTRUCTION.txt
   Found 0 companies
📖 Processing: CT_LEONCIO_CONSTRUCTION__TRADING.txt
   Found 0 companies
📖 Processing: CAMCU_CONSTRUCTION_AND_SUPPLIES.txt
   Found 0 companies
📖 Processing: ALEXI_LOUISSE_CONSTRUCTION.txt
   Found 1 companies
📖 Processing: GEOHEART_CONSTRUCTION.txt
   Found 1 companies
📖 Processing: GOOD_FORTUNE_INTERNATIONAL_INC.txt
   Found 0 companies
📖 Processing: ROLCO_CONSTRUCTION__DEVELOPMENT_CORPORATION.txt
   Found 0 companies
📖 Processing: BARR_STEEL_CONSTRUCTION.txt
   Found 0 companies
📖 Processing: E_T_LATAWAN_CONSTRUCTION.txt
   Found 0 companies
📖 Processing: EF_CHUA_CONSTRUCTION.txt
   Found 4 companies
📖 Processing: SJ_MILLENNIUM_CONSTRUCTION_AND_CONSTRUCTION_SUPPLY_CORPORATION.txt
   Found 1 companies
📖 Processing: KING_S_BUILDERS.txt
   Found 0 companies
📖 Processing: EVENPAR_CONSTRUCTION_AND_DEVELOPMENT_CORPORATION.txt
   Found 0 companies
📖 Processing: PABLO_S_LABASBAS_CONSTRUCTION_CORPORATION.txt
   Found 1 companies
📖 Processing: AQUINO-DELA_CRUZ_ENGINEERING_CONSTRUCTION.txt
   Found 0 companies
📖 Processing: HOR-VERT_ENTERPRISES.txt
   Found 0 companies
📖 Processing: BEAM_TEAM_DEVELOPER_SPECIALIST_INC.txt
   Found 1 companies
📖 Processing: CEY_BUILDERS.txt
   Found 0 companies
📖 Processing: GEN_SUPPLIES_CO_INC.txt
   Found 0 companies
📖 Processing: ISNAG_BUILDERS_DEV_T_CORPORATION.txt
   Found 1 companies
📖 Processing: BADOC_BUILDERS__SUPPLY_INC.txt
   Found 0 companies
📖 Processing: KING_EIGHT_BUILDERS.txt
   Found 0 companies
📖 Processing: A_C_SOLIVEN_CONSTRUCTION_GENERAL_MERCHANDISE.txt
   Found 0 companies
📖 Processing: GIZA_BUILDERS_CORPORATION.txt
   Found 1 companies
📖 Processing: THE_STEADFAST_BUILDERS.txt
   Found 1 companies
📖 Processing: ALRO_CONSTRUCTION__DEVELOPMENT_CORP.txt
   Found 0 companies
📖 Processing: KMCM_BUILDERS_AND_DEVELOPMENT_CORPORATION.txt
   Found 1 companies
📖 Processing: GEMMA_CON.txt
   Found 0 companies
📖 Processing: LR_TIQUI_BUILDERS.txt
   Found 1 companies
📖 Processing: JANRA8_BUILDERS.txt
   Found 1 companies
📖 Processing: ALEXI_LOUISSE_CONSTRUCTION_GENERAL_MERCHANDISE.txt
   Found 0 companies
📖 Processing: GOLDSTAR_MARKETING_CONSTRUCTION_SERVICES_INC.txt
   Found 1 companies
📖 Processing: JG_GARCIA_CONSTRUCTION__SUPPLY.txt
   Found 0 companies
📖 Processing: J_C_ALBASON_BUILDERS.txt
   Found 10 companies
📖 Processing: RR_RICAFORT_CONSTRUCTION_AND_SUPPLIES.txt
   Found 0 companies
📖 Processing: JAN-REAL_CONSTRUCTION_SERVICES.txt
   Found 0 companies
📖 Processing: ALGO_CONSTRUCTION_AND_POWER_DEVELOPMENT_INC.txt
   Found 1 companies
📖 Processing: ED1SON_DEVELOPMENT.txt
   Found 1 companies
📖 Processing: LOUREL_DEVELOPMENT_CORPORATION_FORMERLY_LOUREL_D.txt
   Found 0 companies
📖 Processing: ABU_CONSTRUCTION.txt
   Found 0 companies
📖 Processing: CALCON_ENGINEERING.txt
   Found 0 companies
📖 Processing: JIIK_CONSTRUCTION_SERVICES.txt
   Found 0 companies
📖 Processing: BOSH_MEGATRADE.txt
   Found 0 companies
📖 Processing: HB_CONSTRUCTION_DAHL_CONSTRUCTION_CORP_FORMERLY_DAHL_CONSTRUCTION.txt
   Found 0 companies
📖 Processing: PHESCO_INCORPORATED.txt
   Found 1 companies
📖 Processing: GEN_MDSE.txt
   Found 9 companies
📖 Processing: DINAH_JANE_CONSTRUCTION_AND_SUPPLY_JUGA_BUILDERS_CONSTRUCTION_SUPPLY.txt
   Found 0 companies
📖 Processing: CHRISTFER_CONSTRUCTION.txt
   Found 0 companies
📖 Processing: PLL_BUILDERS_INC.txt
   Found 1 companies
📖 Processing: ABELARDE_BUILDERS.txt
   Found 0 companies
📖 Processing: ROCKSTEEL_CONSTRUCTION_AND_DEV_T_CORPORATION.txt
   Found 1 companies
📖 Processing: BET_CONSTRUCTION_SUPPLY.txt
   Found 0 companies
📖 Processing: JWU_CONSTRUCTION_AND_SUPPLY.txt
   Found 0 companies
📖 Processing: EVERBUILT_CONSTRUCTION.txt
   Found 1 companies
📖 Processing: ACCELERATED_METAL_TECHNOLOGY.txt
   Found 1 companies
📖 Processing: INFRA_BUILDERS.txt
   Found 10 companies
📖 Processing: AQUINO-DELA_CRUZ_ENGINEERING.txt
   Found 0 companies
📖 Processing: WEISENWORK_CONSTRUCTION.txt
   Found 0 companies
📖 Processing: INFRASERVE_BUILDERS_AND_SUPPLIES.txt
   Found 0 companies
📖 Processing: ALL_EML_CONSTRUCTION_CORPORATION.txt
   Found 1 companies
📖 Processing: ALPHA_OMEGA_GEN_CONTRACTOR_DEVELOPMENT_CORP.txt
   Found 1 companies
📖 Processing: BIG_BEN_CONSTRUCTION.txt
   Found 1 companies
📖 Processing: ANCHORVILLE_REALTY_DEV_T_CONSTRUCTION_CORP.txt
   Found 1 companies
📖 Processing: HOMEWORLD_CONSTRUCTION_CORP.txt
   Found 0 companies
📖 Processing: GJE_BUILDERS.txt
   Found 1 companies
📖 Processing: GREENPLAINS_CONSTRUCTION.txt
   Found 0 companies
📖 Processing: BONIMAR_CONSTRUCTION_ENTERPRISES.txt
   Found 0 companies
📖 Processing: HEXAMINDZ_CORPORATION.txt
   Found 0 companies
📖 Processing: E_R_RODRIGUEZ_CONSTRUCTION.txt
   Found 5 companies
📖 Processing: ADROIT_CONSTRUCTION.txt
   Found 0 companies
📖 Processing: BET_CONSTRUCTION__SUPPLY.txt
   Found 0 companies
📖 Processing: INSTA_BUILDERS_SUPPLIES_CORP.txt
   Found 1 companies
📖 Processing: ARQ_BUILDERS.txt
   Found 0 companies
📖 Processing: JAYSABB_CONSTRUCTION.txt
   Found 0 companies
📖 Processing: KATHA_BUILDERS_SUPPLIES_INC.txt
   Found 0 companies
📖 Processing: BLUE_MOUNTAIN_BUILDERS.txt
   Found 0 companies
📖 Processing: C_N_E_CONSTRUCTION.txt
   Found 10 companies
📖 Processing: ALPHA_VECTOR_CONSTRUCTION_AND_SUPPLY.txt
   Found 1 companies
📖 Processing: ACCELERATED_METAL_TECHNOLOGY_CONSTRUCTION_INC.txt
   Found 0 companies
📖 Processing: D_B_RAVELO_CONSTRUCTION_SUPPLY.txt
   Found 0 companies
📖 Processing: GREENFIELD_CONSTRUCTION.txt
   Found 2 companies
📖 Processing: INDUSTRIAL_CORPORATION.txt
   Found 10 companies
📖 Processing: DREAMWORX_BUILDER.txt
   Found 1 companies
📖 Processing: 1ST_J_E_ADLAWAN_CONSTRUCTION_SUPPLY_CORPORATION.txt
   Found 1 companies
📖 Processing: LUCKY_EIGHTY-THREE_CONSTRUCTION_AND_SUPPLY.txt
   Found 0 companies
📖 Processing: EARTHWORK_MOVERS.txt
   Found 1 companies
📖 Processing: A_M_P_CONSTRUCTION_KEVIN_PAUL_CONSTRUCTION.txt
   Found 0 companies
📖 Processing: EDELSONS_BUILDERS_INC.txt
   Found 1 companies
📖 Processing: ALMAKAR_BUILDERS_METAL_WORKS.txt
   Found 0 companies
📖 Processing: ISECURE_BUILDER.txt
   Found 0 companies
📖 Processing: AKV_BUILDERS.txt
   Found 0 companies
📖 Processing: DYLAN_EQUIPMENT_CONSTRUCTION_AND_SUPPLIES.txt
   Found 0 companies
📖 Processing: ROVING_PREMIER_CONTRACTORS_INC.txt
   Found 1 companies
📖 Processing: J_SIMEON_CONSTRUCTION.txt
   Found 0 companies
📖 Processing: EGB_CONSTRUCTION_CORPORATION.txt
   Found 0 companies
📖 Processing: HI-TONE_CONSTRUCTION.txt
   Found 0 companies
📖 Processing: GEMMA_CONSTRUCTION_SUPPLY_INC_FORMERLY_GEMMA_CON.txt
   Found 0 companies
📖 Processing: A_M_P_CONSTRUCTION_R_G_DELA_CRUZ_CONSTRUCTION.txt
   Found 0 companies
📖 Processing: MA_TESORO_CONSTRUCTION.txt
   Found 1 companies
📖 Processing: RM30_PSG_CONSTRUCTION_CORPORATION.txt
   Found 1 companies
📖 Processing: HOMEWORLD_E.txt
   Found 0 companies
📖 Processing: ESD_CRUZ_CONSTRUCTION_SUPPLY.txt
   Found 0 companies
📖 Processing: ECOSENSE_CONSTRUCTION.txt
   Found 1 companies
📖 Processing: GALFONS_BUILDERS_SUPPLY_INC.txt
   Found 1 companies
📖 Processing: CAVDEAL-CAVITE_IDEAL_INT_L_CONST.txt
   Found 0 companies
📖 Processing: FILCAN_UNITED_CONSTRUCTION.txt
   Found 1 companies
📖 Processing: HERBERT_MALMIS_GENERAL_MERCHANDISING.txt
   Found 0 companies
📖 Processing: REYDAN_BUILDERS.txt
   Found 0 companies
📖 Processing: CAJUGOTAN_BUILDERS.txt
   Found 1 companies
📖 Processing: ATHENA_CONSTRUCTION.txt
   Found 0 companies
📖 Processing: JARGON_CONSTRUCTION.txt
   Found 1 companies
📖 Processing: FLORIANE_CONSTRUCTION_SUPPLY.txt
   Found 0 companies
📖 Processing: E_D_DE.txt
   Found 0 companies
📖 Processing: CS_CONSTRUCTION_AND_SUPPLY_ALPXR_CONST_BLDRS_CORP.txt
   Found 0 companies
📖 Processing: C_A_BETALAC_CONSTRUCTION.txt
   Found 1 companies
📖 Processing: JCHARDHAT_INC.txt
   Found 0 companies
📖 Processing: GRAIA_CONSTRUCTION_CORPORATION.txt
   Found 0 companies
📖 Processing: AA_PAHATI_CONSTRUCTION.txt
   Found 1 companies
📖 Processing: LLABAN_CONSTRUCTION_SUPPLY_FORMERLY_LLABAN_CON.txt
   Found 0 companies
📖 Processing: INSTA_BUILDERS.txt
   Found 1 companies
📖 Processing: KLDS_TRADING_CONSTRUCTION.txt
   Found 1 companies
📖 Processing: C-BROS_CONSTRUCTION.txt
   Found 9 companies
📖 Processing: BNYU_DEVELOPMENT_CORPORATION.txt
   Found 1 companies
📖 Processing: IJK_MAE_CONSTRUCTION_INC.txt
   Found 1 companies
📖 Processing: ABUBAKAR_ENGINEERING_EXPONENT.txt
   Found 0 companies
📖 Processing: CONSTRUCTION_SUPPLY_INCORPORAT.txt
   Found 0 companies
📖 Processing: GC_BUILDERS.txt
   Found 10 companies
📖 Processing: GTM_BUILDERS_SUPPLY.txt
   Found 0 companies
📖 Processing: A_R_LUSTRE_JR_CONSTRUCTION_A_R_L_CONSTRUCTION.txt
   Found 0 companies
📖 Processing: HGG_BUILDERS.txt
   Found 0 companies
📖 Processing: ST_GERRARD_CONSTRUCTION_GEN_CONTRACTOR__DEVELOPMENT_CORP.txt
   Found 0 companies
📖 Processing: AGDCON_BUILDERS.txt
   Found 1 companies
📖 Processing: GASAT_BUILDERS_AND_SUPPLIES_INC.txt
   Found 1 companies
📖 Processing: ALPHAHAWK_CONSTRUCTION_CORP.txt
   Found 1 companies
📖 Processing: BDA_JR_CONSTRUCTION.txt
   Found 1 companies
📖 Processing: AG_CHUNGALAN_CONSTRUCTION.txt
   Found 0 companies
📖 Processing: A_R_L_CONSTRUCTION.txt
   Found 10 companies
📖 Processing: JEUSMACK_BUILDERS__CONSTRUCTION_SUPPLY.txt
   Found 0 companies
📖 Processing: GREEN_BUILDER.txt
   Found 3 companies
📖 Processing: UNIMAX_STEEL_STRUCTURE_AND_CONSTRUCTION_CORP.txt
   Found 1 companies
📖 Processing: AD_PENDON_CONSTRUCTION__SUPPLY_INC.txt
   Found 1 companies
📖 Processing: E_GARCIA_CONSTRUCTION_CORP_FOR_E_GARCIA_CONST.txt
   Found 0 companies
📖 Processing: JUCONS_CONSTRUCTION_SUPPLY_EZJONES_CONSTRUCTION_INC.txt
   Found 0 companies
📖 Processing: ASC_CONSTRUCTION__CONCRETE_PRODUCTS.txt
   Found 0 companies
📖 Processing: 4_DOUBLERS_TRADING_AND_CONTRACTOR.txt
   Found 0 companies
📖 Processing: GOLDRICH_CONSTRUCTION.txt
   Found 2 companies
📖 Processing: SILVER_DRAGON_CONSTRUCTION_LUMBER_GLASS_SUPPLY_INC.txt
   Found 1 companies
📖 Processing: M_C_J_VALENZUELA_CONSTRUCTION_ENTERPRISES.txt
   Found 0 companies
📖 Processing: HGG_BUILDERS__SUPPLY.txt
   Found 0 companies
📖 Processing: JORENZ_BUILDERS_DEVELOPMENT_CORP.txt
   Found 1 companies
📖 Processing: VB_MANUBAY_CONSTRUCTION.txt
   Found 0 companies
📖 Processing: JELSIE_CONSTRUCTION__SUPPLY.txt
   Found 0 companies
📖 Processing: GF_ROVERO_MERCHANDISING.txt
   Found 0 companies
📖 Processing: GSIXTY_CONSTRUCTION_SERVICES.txt
   Found 0 companies
📖 Processing: TRIPLE_8_CONST_SUPPLY_INC.txt
   Found 1 companies
📖 Processing: ME_3_CONSTRUCTION.txt
   Found 0 companies
📖 Processing: JHI_CONSTRUCTION__SUPPLY.txt
   Found 0 companies
📖 Processing: B_VICENCIO_CONSTRUCTION_C_N_E_CONSTRUCTION.txt
   Found 0 companies
📖 Processing: C_F_TRINIDAD_CONSTRUCTION.txt
   Found 2 companies
📖 Processing: AMB_ENTERPRISES.txt
   Found 0 companies
📖 Processing: JHARKHA_CONSTRUCTION.txt
   Found 0 companies
📖 Processing: L_B_LEONCIO_TRADING.txt
   Found 1 companies
📖 Processing: DEV_T_CORPORATION.txt
   Found 10 companies
📖 Processing: CLIFFORD_CONSTRUCTION_CORPORATION.txt
   Found 1 companies
📖 Processing: BORONGAN_MBC_MERCHANDISING_AND_CONSTRUCTION.txt
   Found 0 companies
📖 Processing: ECOMIXED_CONSTRUCTION.txt
   Found 1 companies
📖 Processing: AVECS_CORPORATION.txt
   Found 1 companies
📖 Processing: ANNA_BUILDERS.txt
   Found 0 companies
📖 Processing: FREPA_BUILDER_AND_CONSTRUCTION_SUPPLY.txt
   Found 0 companies
📖 Processing: AJJ_STRUKTURE_BUILDERS_INC.txt
   Found 1 companies
📖 Processing: JLL_PULSAR_CONSTRUCTION_CORPORATION.txt
   Found 1 companies
📖 Processing: A_COLOMA_CONSTRUCTION.txt
   Found 0 companies
📖 Processing: CBC_SQUARE_BUILDERS_CO.txt
   Found 1 companies
📖 Processing: UYMATIAO_TRADING_CORPORATION.txt
   Found 0 companies
📖 Processing: AVE-MIRA_CONSTRUCTION.txt
   Found 1 companies
📖 Processing: EXTENSIVE_STEEL_WORKS_AND_CONSTRUCTION.txt
   Found 0 companies
📖 Processing: MIGHTYWAY_CONSTRUCTION_AND_SUPPLY.txt
   Found 0 companies
📖 Processing: DJY_CONSTRUCTION.txt
   Found 0 companies
📖 Processing: BAYTORR_CONSTRUCTION.txt
   Found 1 companies
📖 Processing: F_F_GALANG_CONSTRUCTION.txt
   Found 2 companies
📖 Processing: NEXT_GENERATION_CONSTRUCTION_AND_SUPPLY_CORPORATION.txt
   Found 0 companies
📖 Processing: JIMWELL_BUILDERS_AND_SUPPLIES_CORPORATION.txt
   Found 1 companies
📖 Processing: JB_FELIPE_CONSTRUCTION.txt
   Found 1 companies
📖 Processing: UBS_UNITED_BUILDERS_AND_SUPPLY_INC.txt
   Found 1 companies
📖 Processing: KWIKBUILT_DEVELOPMENT_CORPORATION.txt
   Found 1 companies
📖 Processing: E_M_CUERPO_INC.txt
   Found 1 companies
📖 Processing: FAIRCHILD_BUILDERS.txt
   Found 1 companies
📖 Processing: TCSC_CORP.txt
   Found 1 companies
📖 Processing: CONSTRUCTION_SERVICES_INCORPORATED.txt
   Found 10 companies
📖 Processing: APEIRON_CONSTRUCTION_SOLUTIONS.txt
   Found 0 companies
📖 Processing: J3P_CONSTRUCTION_AND_DEVELOPER_CORPORATION.txt
   Found 1 companies
📖 Processing: J_C_UYECIO_CONSTRUCTION_AND_DEVELOPMENT_COMPANY.txt
   Found 1 companies
📖 Processing: COSMAN_BUILDERS.txt
   Found 10 companies
📖 Processing: J_C_PINON_CONST.txt
   Found 0 companies
📖 Processing: AAA_ROCK_CONSTRUCTION_CORPORATION.txt
   Found 1 companies
📖 Processing: RJIR_ENTERPRISES_CORPORATION.txt
   Found 0 companies
📖 Processing: 4DOVE_BUILDERS_CORPORATION.txt
   Found 1 companies
📖 Processing: KENT_MARKETING_GROUP_OF_COMPANIES_INC.txt
   Found 1 companies
📖 Processing: 5J_AND_G_CONSTRUCTION_AND_SUPPLY.txt
   Found 1 companies
📖 Processing: ALEPHNORTH_PEAK_CONSTRUCTION.txt
   Found 1 companies
📖 Processing: EIGHT_J_S_CONSTRUCTION_SERVICES.txt
   Found 0 companies
📖 Processing: CJEP_BUILDERS.txt
   Found 0 companies
📖 Processing: SUPPLY.txt
   Found 10 companies
📖 Processing: TOKWING_CONSTRUCTION_CORP_FOR;_TOKWING_CONSTRUC.txt
   Found 0 companies
📖 Processing: 820_BUILDERS.txt
   Found 1 companies
📖 Processing: RD_TALENS_CONSTRUCTION_AND_TRADING.txt
   Found 0 companies
📖 Processing: AARCON_BUILDERS.txt
   Found 1 companies
📖 Processing: HI-TONE_CONSTRUCTION_DEVELOPMENT_CORP.txt
   Found 0 companies
📖 Processing: GOLDEN_VISION_CONSTRUCTION_AND_SUPPLY.txt
   Found 0 companies
📖 Processing: GENUINE_BUILDERS.txt
   Found 1 companies
📖 Processing: CS_CONST.txt
   Found 10 companies
📖 Processing: MAER_SUMMIT_KONSTRUKT_CO.txt
   Found 1 companies
📖 Processing: BLACER_CONSTRUCTION_CORP.txt
   Found 1 companies
📖 Processing: TJMT_CONSTRUCTION.txt
   Found 0 companies
📖 Processing: F316_CONSTRUCTION_CORP.txt
   Found 1 companies
📖 Processing: JMJD_CONSTRUCTION_AND_AGGREGATES.txt
   Found 0 companies
📖 Processing: ROLCO_CONSTRUCTION_DEVELOPMENT_CORPORATION_FOR.txt
   Found 0 companies
📖 Processing: VCD_CONSTRUCTION.txt
   Found 1 companies
📖 Processing: A_DE_GUIA_CONSTRUCTION.txt
   Found 0 companies
📖 Processing: JAYMAR_BUILDERS.txt
   Found 0 companies
📖 Processing: CEFF_TRADING.txt
   Found 0 companies
📖 Processing: CYRUS_JAMES_BUILDERS_AND_SUPPLIES.txt
   Found 0 companies
📖 Processing: 3AMR_CONSTRUCTION_SERVICES.txt
   Found 0 companies
📖 Processing: GOWIL_BUILDERS.txt
   Found 0 companies
📖 Processing: JTL_KONSTRUCT_CORPORATION.txt
   Found 1 companies
📖 Processing: ADAD_ENGINEERING_SERVICES.txt
   Found 0 companies
📖 Processing: DECERIE_S_CONSTRUCTION.txt
   Found 0 companies
📖 Processing: M_G_SALAZAR_525_CONSTRUCTION.txt
   Found 0 companies
📖 Processing: 4_J_S_CONSTRUCTION_SERVICES.txt
   Found 10 companies
📖 Processing: JUNTEREAL_INDUSTRIAL_AND_DEVELOPMENT_CORPORATION.txt
   Found 0 companies
📖 Processing: LANAO_BUILDER_AND_ENTERPRISES.txt
   Found 0 companies
📖 Processing: ASIAN_PEARL_CONSTRUCTION.txt
   Found 1 companies
📖 Processing: ROYAL_CROWN_MONARCH_CONSTRUCTION.txt
   Found 0 companies
📖 Processing: E._E._MADAYAG_CONSTRUCTION.txt
   Found 0 companies
📖 Processing: ROAD_EDGE_TRADING_AND_DEVELOPMENT_SERVICES.txt
   Found 0 companies
📖 Processing: BLESSING_BUILDERS.txt
   Found 2 companies
📖 Processing: ISOBEL_CONCRETE_CONSTRUCTOR_CORPORATION.txt
   Found 1 companies
📖 Processing: HARDWARE_SUPPLY.txt
   Found 10 companies
📖 Processing: RAMARPLUS_INCORPORATED_FORMERLY_RAMAR_ENTERPRISES.txt
   Found 0 companies
📖 Processing: 128_DRAGON_CONSTRUCTION_AND_SUPPLIES.txt
   Found 1 companies
📖 Processing: J_S_LAYSON.txt
   Found 10 companies
📖 Processing: JAIME_B_CHING_ENTERPRISES.txt
   Found 0 companies
📖 Processing: REMAR_CONSTRUCTION.txt
   Found 0 companies
📖 Processing: JASA_GD_2000_CONSTRUCTION_CORPORATION.txt
   Found 1 companies
📖 Processing: A3_CONSTRUCTION__SUPPLY.txt
   Found 0 companies
📖 Processing: AL-AMEN_BUILDERS.txt
   Found 0 companies
📖 Processing: APAKLO_KIN_CONSTRUCTION.txt
   Found 0 companies
📖 Processing: ELITE_GENERAL_CONTRACTOR_AND_DEVELOPMENT_CORP.txt
   Found 0 companies
📖 Processing: INDUSTRIAL_CONTROLS_CORPORATION.txt
   Found 1 companies
📖 Processing: ANKOR_GAULLE_CONSTRUCTION_AND_SUPPLY_CORPORATION.txt
   Found 1 companies
📖 Processing: J-NINE-INFINITY_BUILDERS.txt
   Found 0 companies
📖 Processing: D_M_ALMERO_ENTERPRISES.txt
   Found 0 companies
📖 Processing: FIRST_METSTEEL_BUILDERS.txt
   Found 0 companies
📖 Processing: H_N_BUILDERS_ENTERPRISES.txt
   Found 10 companies
📖 Processing: I_E_CONSTR.txt
   Found 1 companies
📖 Processing: COMPANY_INC.txt
   Found 0 companies
📖 Processing: AL-REM_KONSTRUCT_INC.txt
   Found 1 companies
📖 Processing: GALFONS_BUILDERS.txt
   Found 1 companies
📖 Processing: JIAN_ARMEL_RICHARD_CHRISTERSON_JARC_CONSTRUCTION_MARINE_SERVICES_CORPORATION.txt
   Found 0 companies
📖 Processing: MEGAPOLITAN_BUILDERS_AND_CONSTRUCTION_SUPPLY.txt
   Found 0 companies
📖 Processing: JORMAND_CONSTRUCTION__SUPPLY.txt
   Found 0 companies
📖 Processing: FIRST_NORTHWAY_DEVELOPMENT.txt
   Found 1 companies
📖 Processing: FAIRCHILD_BUILDERS__DEVELOPERS_INC.txt
   Found 0 companies
📖 Processing: AYESHIA_GENERAL_TRADING_CONSTRUCTION.txt
   Found 0 companies
📖 Processing: 3RB_CONSTRUCTION_SUPPLY.txt
   Found 0 companies
📖 Processing: J.B._FELIPE_CONSTRUCTION.txt
   Found 1 companies
📖 Processing: AICON_INDUSTRIES.txt
   Found 0 companies
📖 Processing: INFINITUM_888_CONSTRUCTION_AND_DEVELOPMENT_CORPORATION.txt
   Found 1 companies
📖 Processing: ALMAKAR_BUILDERS__METAL_WORKS.txt
   Found 0 companies
📖 Processing: CYRUS_JAMES_BUILDERS.txt
   Found 0 companies
📖 Processing: A_J_LAVA_BUILDERS_CORP_FORMERLY_A_J_LAVA_BUIL.txt
   Found 0 companies
📖 Processing: BOAZ_AND_JACHIN_CONSTRUCTION_SUPPLY_SERVICES.txt
   Found 0 companies
📖 Processing: CAJUGOTAN_CONSTRUCTION_SUPPLY_DSB_CONSTRUCTION_SUPPLY_INC_FORMERLY_DSB_CO.txt
   Found 0 companies
📖 Processing: JONIK_TRADING_CONSTRUCTION.txt
   Found 0 companies
📖 Processing: AMETHYST_HORIZON_BUILDERS.txt
   Found 1 companies
📖 Processing: DC_BROS_BUILDERS.txt
   Found 9 companies
📖 Processing: EL-JAKE_BUILDERS.txt
   Found 0 companies
📖 Processing: E_R_VENZON_CONSTRUCTION.txt
   Found 0 companies
📖 Processing: DEV_T_CORP.txt
   Found 9 companies
📖 Processing: CANLAON_BUILDERS_AND_DEVELOPMENT_CORPORATION.txt
   Found 1 companies
📖 Processing: KRATOS_STRUCPRIME_CONSTRUCTION.txt
   Found 1 companies
📖 Processing: GKMM_CONSTRUCTION_SUPPLIES.txt
   Found 1 companies
📖 Processing: DIADEMA_ENTERPRISES.txt
   Found 0 companies
📖 Processing: GEORAVIN_CONSTRUCTION_SUPPLIES.txt
   Found 1 companies
📖 Processing: L_EUSEBIO_ACE_DEVELOPMENT_CORPORATION.txt
   Found 0 companies
📖 Processing: FLAVIE_CIVIL_ENGINEERING_CONSTRUCTION.txt
   Found 0 companies
📖 Processing: ANDREW_LOUIS_CONSTRUCTION.txt
   Found 0 companies
📖 Processing: CORICS_CONSTRUCTION.txt
   Found 10 companies
📖 Processing: JELSIE_CONSTRUCTION.txt
   Found 0 companies
📖 Processing: CONTRACTOR.txt
   Found 0 companies
📖 Processing: VILLAR_GENERAL_CONSTRUCTION_&_SUPPLIES.txt
   Found 0 companies
📖 Processing: ARCINUE_COMML_CORPORATION.txt
   Found 0 companies
📖 Processing: VILLAR_GENERAL_CONSTRUCTION_SUPPLIES.txt
   Found 0 companies
📖 Processing: HUSAIN_CONSTRUCTION.txt
   Found 1 companies
📖 Processing: LEGACY_CONSTRUCTION_CORPORATION.txt
   Found 0 companies
📖 Processing: BLACK_ROAD_CONSTRUCTION.txt
   Found 1 companies
📖 Processing: E_A_SANCHO_CONST_INC.txt
   Found 0 companies
📖 Processing: FRAE_CONSTRUCTION_ABAYCER_CONSTRUCTION_SUPPLIES_AND_GENERAL_MERCHANDISE.txt
   Found 0 companies
📖 Processing: ROSBILL_CONSTRUCTION_AND_SUPPLY.txt
   Found 0 companies
📖 Processing: AR_LUSTRE_CONSTRUCTION_CORPORATION.txt
   Found 0 companies
📖 Processing: ALPHA_SIX_CONSTRUCTION.txt
   Found 1 companies
📖 Processing: CHAMPION_BUILDERS_AND_SUPPLY.txt
   Found 0 companies
📖 Processing: JANUARY_BUILDERS.txt
   Found 0 companies
📖 Processing: C_CONSTRUCTION_SERVICES.txt
   Found 10 companies
📖 Processing: ADAMANT_DEVELOPMENT_CORPORATION.txt
   Found 1 companies
📖 Processing: EMICA_BUILDERS.txt
   Found 0 companies
📖 Processing: EINS_HANA_CONSTRUCTION_CORPORATION.txt
   Found 1 companies
📖 Processing: DICA_CONST.txt
   Found 1 companies
📖 Processing: GICAR_CONSTRUCTION_INC.txt
   Found 1 companies
📖 Processing: 120_OVER_CONSTRUCTION_CO.txt
   Found 1 companies
📖 Processing: H_FRANCISCO_CONSTRUCTION.txt
   Found 2 companies
📖 Processing: HMI_ENTERPRISES.txt
   Found 0 companies
📖 Processing: INDUSTRIES.txt
   Found 8 companies
📖 Processing: J_G_GARCIA_CONSTRUCTION_SUPPLY.txt
   Found 0 companies
📖 Processing: BIEN_RAICE_CONSTRUCTION.txt
   Found 0 companies
📖 Processing: FOUR_SG_ENTERPRISES.txt
   Found 0 companies
📖 Processing: 4K_VERMARK_CIVIL_ENGINEERING_CONSTRUCTION.txt
   Found 0 companies
📖 Processing: AKSUM_CONTRACTING_CORPORATION.txt
   Found 1 companies
📖 Processing: A_P_B_CONSTRUCTION.txt
   Found 10 companies
📖 Processing: A_P_O_GENERAL_CONSTRUCTION.txt
   Found 10 companies
📖 Processing: HEBREWS_BUILDERS.txt
   Found 1 companies
📖 Processing: B_BERNARDO_CONST_INC.txt
   Found 0 companies
📖 Processing: DINGO_BUILDERS.txt
   Found 0 companies
📖 Processing: KAUIE_BUILDERS_SUPPLIES_INC.txt
   Found 1 companies
📖 Processing: AL_SALAZAR_CONSTRUCTION_INC.txt
   Found 1 companies
📖 Processing: LUMEL_GLENN_CONSTRUCTION.txt
   Found 1 companies
📖 Processing: RS_RODRIGUEZ_CONSTRUCTION_SUPPLIES.txt
   Found 0 companies
📖 Processing: MRB11_CONSTRUCTION_CORPORATION.txt
   Found 0 companies
📖 Processing: BAGWIS_CONSTRUCTION.txt
   Found 1 companies
📖 Processing: ABELARDE_BUILDERS_AND_SUPPLY.txt
   Found 0 companies
📖 Processing: KYRO_BUILDERS_INC.txt
   Found 1 companies
📖 Processing: ALEXA_TRADING.txt
   Found 0 companies
📖 Processing: CITYWEST_BUILDERS_AND_SUPPLY.txt
   Found 0 companies
📖 Processing: VICMAR_CONSTRUCTION_INC.txt
   Found 1 companies
📖 Processing: FIVE_TRAVELLERS_CONSTRUCTION_INC.txt
   Found 1 companies
📖 Processing: EMSYM_CONSTRUCTION_CORP.txt
   Found 1 companies
📖 Processing: FRAE_CONSTRUCTION_ALTACS_CONSTRUCTION.txt
   Found 0 companies
📖 Processing: D_K_JOCSON_CONSTRUCTION.txt
   Found 0 companies
📖 Processing: J_D_LEGASPI_CONSTRUCTION.txt
   Found 3 companies
📖 Processing: MEGAY_CONSTRUCTION_INC.txt
   Found 0 companies
📖 Processing: JLP_CONSTRUCTION_SUPPLY.txt
   Found 0 companies
📖 Processing: C_L_CARANDANG_ENTERPRISES.txt
   Found 0 companies
📖 Processing: GFJ_CONSTRUCTION_SUPPLY_MERCHANDISE.txt
   Found 0 companies
📖 Processing: FS_CO_BUILDERS_AND_SUPPLY.txt
   Found 10 companies
📖 Processing: BUILDER_COMPANY_INC.txt
   Found 0 companies
📖 Processing: ALMAKAR_BUILDERS.txt
   Found 0 companies
📖 Processing: SUPREME_ABF_CONSTRUCTION_AND_CONSTRUCTION_SUPPLY_COMPANY.txt
   Found 0 companies
📖 Processing: ABAYCER_CONSTRUCTION_SUPPLIES.txt
   Found 0 companies
📖 Processing: GOLDEN_ROADRUNNER_INTERNATIONAL_CORP.txt
   Found 0 companies
📖 Processing: MG_SAMIDAN_CONSTRUCTION.txt
   Found 1 companies
📖 Processing: ENTERPRISES_INCORPORATED.txt
   Found 0 companies
📖 Processing: TIBIAO-ANTIQUE_N_K_ENTERPRISE_INC.txt
   Found 1 companies
📖 Processing: CHUROCK_BUILDERS.txt
   Found 1 companies
📖 Processing: KENZAI_BUILDERS_CORPORATION.txt
   Found 1 companies
📖 Processing: IGWT-JAV_CONSTRUCTION.txt
   Found 1 companies
📖 Processing: WAY_MAKER_GENERAL_CONTRACTOR_OPC.txt
   Found 1 companies
📖 Processing: ANG_YAP_BUILDERS_AND_AGGREGATE_SUPPLIES_INC.txt
   Found 1 companies
📖 Processing: A_P_CONSEBIDO_CONSTRUCTION.txt
   Found 0 companies
📖 Processing: CAJUGOTAN_CONSTRUCTION_SUPPLY_JORMAND_CONSTRUCTION_SUPPLY.txt
   Found 0 companies
📖 Processing: ALLROCK_CONSTRUCTION.txt
   Found 0 companies
📖 Processing: TRIPARCO_DEVELOPMENT_CORPORATION.txt
   Found 0 companies
📖 Processing: G_BANZ_BUILDERS_CORP.txt
   Found 1 companies
📖 Processing: 1129_BUILDERS.txt
   Found 1 companies
📖 Processing: CHU_CONSTRUCTION_MILES_CONSTRUCTION_AND_ENTERPRISES.txt
   Found 0 companies
📖 Processing: HIGEL_CONSTRUCTION.txt
   Found 0 companies
📖 Processing: ROYAL_CROWN_MONARCH_CONSTRUCTION__SUPPLIES_CORP.txt
   Found 0 companies
📖 Processing: FAIRCHILD_BUILDERS_DEVELOPERS_INC.txt
   Found 0 companies
📖 Processing: AIMEK_CONSTRUCTION.txt
   Found 0 companies
📖 Processing: DRAGON_TWELVE_BUILDERS_AND_CONSTRUCTION_SUPPLY.txt
   Found 0 companies
📖 Processing: LLABAN_CONSTRUCTION__SUPPLY.txt
   Found 0 companies
📖 Processing: BERTO_LUCCI_BUILDERS_SUPPLY.txt
   Found 0 companies
📖 Processing: D_DREAMER_DEVELOPMENT_CORPORATION.txt
   Found 0 companies
📖 Processing: NORTH_TECH_BUILDERS_AND_CONSTRUCTION_SUPPLY.txt
   Found 0 companies
📖 Processing: DJL_ROBLES_BUILDERS.txt
   Found 0 companies
📖 Processing: TKS_BUILDERS_SUPPLIES.txt
   Found 0 companies
📖 Processing: FRONT_NINE_KONSTRUCT_CORPORATION.txt
   Found 0 companies
📖 Processing: ANIMAS_BROS_CONSTRUCTION.txt
   Found 1 companies
📖 Processing: CURRIMAO_CONSTRUCTION.txt
   Found 0 companies
📖 Processing: KARANGYAN_BUILDERS_TRADERS.txt
   Found 0 companies
📖 Processing: ALTACS_CONSTRUCTION.txt
   Found 1 companies
📖 Processing: VERLYNS_ENTERPRISES.txt
   Found 0 companies
📖 Processing: ATLANTA_CONSTRUCTION_COMPANY_INC.txt
   Found 1 companies
📖 Processing: ESCORR_BUILDERS.txt
   Found 1 companies
📖 Processing: BAMBOE_CONSTRUCTION.txt
   Found 1 companies
📖 Processing: GACUTAN_CONSTRUCTION_INC.txt
   Found 1 companies
📖 Processing: L_P_O_ENTERPRISES.txt
   Found 10 companies
📖 Processing: BENRAM_CONSTRUCTION.txt
   Found 1 companies
📖 Processing: GERRA_CONSTRUCTION.txt
   Found 0 companies
📖 Processing: LE_BRON_CONSTRUCTION.txt
   Found 0 companies
📖 Processing: E_E_MADAYAG_CONSTRUCTION.txt
   Found 0 companies
📖 Processing: ANDREM_CONSTRUCTION_SERVICE.txt
   Found 0 companies
📖 Processing: GDBS_BUILDERS.txt
   Found 1 companies
📖 Processing: GCI_CONSTRUCTION_AND_DEVT_CORP.txt
   Found 0 companies
📖 Processing: EARLY_RISER_CONSTRUCTION.txt
   Found 0 companies
📖 Processing: HI-TONE_CONSTRUCTION_&_DEVELOPMENT_CORP_(FORMERLY.txt
   Found 0 companies
📖 Processing: ALPHA_RYDER_CONSTRUCTION.txt
   Found 1 companies
📖 Processing: JAYLOT_TRADING_CONSTRUCTION.txt
   Found 0 companies
📖 Processing: AJAN_JEADA_INC.txt
   Found 1 companies
📖 Processing: J_H_PAJARA_CONSTRUCTION_CORPORATION.txt
   Found 1 companies
📖 Processing: GABRIELLAS_ENTERPRISES.txt
   Found 0 companies
📖 Processing: D_A_CADELIÃ‘A_CONSTRUCTION.txt
   Found 0 companies
📖 Processing: JGO_BUILDERS.txt
   Found 1 companies
📖 Processing: JV_CONSTECH.txt
   Found 9 companies
📖 Processing: DOMNPHIL_CONSTRUCTION.txt
   Found 0 companies
📖 Processing: J_G_YACAS_CONSTRUCTION_SUPPLY_AND_EQUIPMENT_RENTAL.txt
   Found 0 companies
📖 Processing: ALHADRAX_CONSTRUCTION_AND_SUPPLY.txt
   Found 0 companies
📖 Processing: DALANON_CONSTRUCTION_REF_SUPPLY_SERVICE.txt
   Found 0 companies
📖 Processing: FUENTABUILT_CONSTRUCTION_CORP.txt
   Found 1 companies
📖 Processing: D_G_SARMENTA_CONSTRUCTION.txt
   Found 0 companies
📖 Processing: DOCAST_CONSTRUCTION.txt
   Found 0 companies
📖 Processing: KLDS_TRADING.txt
   Found 1 companies
📖 Processing: VILLAR_GENERAL_CONSTRUCTION.txt
   Found 0 companies
📖 Processing: APRIL_ROSE_ENT.txt
   Found 0 companies
📖 Processing: CTB_ENGINEERING_CONSTRUCTION_CHARLZ_CONSTRUCTION_INC.txt
   Found 0 companies
📖 Processing: ARM_ASIA_CONSTRUCTION_ENGINEERING.txt
   Found 0 companies
📖 Processing: A_M_ORETA.txt
   Found 10 companies
📖 Processing: CURVE-LINE_CONSTRUCTION.txt
   Found 0 companies
📖 Processing: JUGA_BUILDERS_CONSTRUCTION_SUPPLY.txt
   Found 0 companies
📖 Processing: EURO_CONSTRUCTION.txt
   Found 2 companies
📖 Processing: BLACK_HARDHAT_INC.txt
   Found 1 companies
📖 Processing: JIM_AND_JEM_CONSTRUCTION_SERVICES.txt
   Found 0 companies
📖 Processing: IBC_INTERNATIONAL_BUILDERS_CORPORATION.txt
   Found 1 companies
📖 Processing: CUTTING_EDGE_BUILDERS.txt
   Found 0 companies
📖 Processing: G_ANORE_CONSTRUCTION.txt
   Found 1 companies
📖 Processing: AIDFELART_CONST_CORP.txt
   Found 1 companies
📖 Processing: ASHLEYKA_CONSTRUCTION.txt
   Found 0 companies
📖 Processing: 5_J_B_P_PREMIUM_CONSTRUCTION_CORPORATION.txt
   Found 1 companies
📖 Processing: JARO_BUILDERS.txt
   Found 1 companies
📖 Processing: DGSARM_BUILDERS_INC.txt
   Found 1 companies
📖 Processing: AMETHYST_HORIZON_BUILDERS_AND_GEN_CONTRACTOR_AND_DEVELOPMENT_CORP.txt
   Found 1 companies
📖 Processing: D_L_CERVANTES_CONSTRUCTION_CORPORATION.txt
   Found 0 companies
📖 Processing: EUS_CONSTRUCTION.txt
   Found 0 companies
📖 Processing: AZUL_BUILDERS.txt
   Found 0 companies
📖 Processing: ENG_G_SERVICES.txt
   Found 10 companies
📖 Processing: CLIFF_CONSTRUCTION.txt
   Found 1 companies
📖 Processing: JBC_BUILDERS.txt
   Found 0 companies
📖 Processing: FORTSTONE_CONSTRUCTION_ENTERPRISES.txt
   Found 0 companies
📖 Processing: C_VILLASEÃ‘OR_JR_CONSTRUCTION.txt
   Found 0 companies
📖 Processing: KING_S_BUILDERS_DEVELOPMENT_CORPORATION.txt
   Found 0 companies
📖 Processing: ER_SALAC_BUILDERS_CORPORATION.txt
   Found 10 companies
📖 Processing: MINDANAO_ROCK.txt
   Found 0 companies
📖 Processing: J_H_R_ENTERPRISES.txt
   Found 10 companies
📖 Processing: EC_SOLICON_BUILDERS_SUPPLY_INC.txt
   Found 0 companies
📖 Processing: JBM_ENGINEERS.txt
   Found 0 companies
📖 Processing: ALPHIN_TRADING.txt
   Found 1 companies
📖 Processing: JEBRON_BUILDERS_DEVELOPMENT_CORPORATION.txt
   Found 0 companies
📖 Processing: CIRCLE_Z_VENTURES.txt
   Found 0 companies
📖 Processing: KEASCIA_CONSTRUCTION.txt
   Found 0 companies
📖 Processing: C_DAGUPLO_CONSTRUCTION_SUPPLY.txt
   Found 0 companies
📖 Processing: JQG_BUILDERS.txt
   Found 0 companies
📖 Processing: ORANI_CONSTRUCTION_AND_SUPPLY_CORPORATION.txt
   Found 1 companies
📖 Processing: FIRST_MAKEEN_CONSTRUCTION.txt
   Found 0 companies
📖 Processing: JOMATRIS_CO.txt
   Found 0 companies
📖 Processing: EZJONES_CONSTRUCTION_INC.txt
   Found 0 companies
📖 Processing: D_B_BARAQUIEL_CONSTRUCTION.txt
   Found 0 companies
📖 Processing: EDDMARI_CONSTRUCTION_TRADING.txt
   Found 1 companies
📖 Processing: J_A_DEVELOPERS_AND_ENGINEERS.txt
   Found 0 companies
📖 Processing: GKB_BUILDERS.txt
   Found 0 companies
📖 Processing: DOUBLE_12_CONSTRUCTION_SUPPLY.txt
   Found 1 companies
📖 Processing: BRYAN_PAUL_P_PACHECO_CONST_CORP.txt
   Found 1 companies
📖 Processing: ROCK_DIWATA_BUILDERS_INC.txt
   Found 1 companies
📖 Processing: ALFREGO_BUILDERS_SUPPLY.txt
   Found 0 companies
📖 Processing: RICHMAR_CONSTRUCTION.txt
   Found 0 companies
📖 Processing: AMPLEX_CONSTRUCTION_AND_SUPPLIES.txt
   Found 0 companies
📖 Processing: B_VICENCIO_BUILDERS_BVB_INC.txt
   Found 1 companies
📖 Processing: FNS_BUILDERS.txt
   Found 0 companies
📖 Processing: TWO_DIMENSION_CONSTRUCTION.txt
   Found 0 companies
📖 Processing: HIGH_ROCK_CONSTRUCTION_AND_SUPPLIES_INCORPORATED.txt
   Found 1 companies
📖 Processing: IVY_MICHELLE_CONSTRUCTION_AND_TRADING_INC.txt
   Found 1 companies
📖 Processing: D_R_ROBLES_CONSTRUCTION.txt
   Found 0 companies
📖 Processing: JZL_BUILDERS.txt
   Found 0 companies
📖 Processing: AJ_TAYLAN_CONSTRUCTION_CORPORATION.txt
   Found 1 companies
📖 Processing: BORDERLINE_CONSTRUCTION.txt
   Found 0 companies
📖 Processing: FOURTH_GENERATION_T_CONSTRUCTION.txt
   Found 0 companies
📖 Processing: FIRST_OMB_CONSTRUCTION_AND_DEVELOPMENT_CORP.txt
   Found 1 companies
📖 Processing: RAMSA_CONSTRUCTION_AND_SUPPLY.txt
   Found 0 companies
📖 Processing: KIT_UBIADAS_CONSTRUCTION_CORPORATION.txt
   Found 1 companies
📖 Processing: JG_ORANZA_CONSTRUCTION.txt
   Found 0 companies
📖 Processing: JCM_AMEG_BUILDERS_CORPORATION.txt
   Found 0 companies
📖 Processing: BLUE_MOUNTAIN_BUILDERS_GENERAL_MDSE.txt
   Found 0 companies
📖 Processing: DARCY__ANNA_BUILDERS__TRADING.txt
   Found 0 companies
📖 Processing: EXTENSIVE_STEEL_WORKS.txt
   Found 0 companies
📖 Processing: J_AURELLANO_CONSTRUCTION.txt
   Found 0 companies
📖 Processing: 120_OVER_CONSTRUCTION_CO_.txt
   Found 0 companies
📖 Processing: 3MC_KING_CIVIL_ENGINEERING_CONSTRUCTION.txt
   Found 0 companies
📖 Processing: ENGINEERING.txt
   Found 9 companies
📖 Processing: RADIANS_BUILDERS_AND_SUPPLY_CORPORATION.txt
   Found 1 companies
📖 Processing: JV_ENTERPRISES.txt
   Found 10 companies
📖 Processing: C_T_LEONCIO_CONSTRUCTION.txt
   Found 0 companies
📖 Processing: JASA_BUILDER_S_JONIK_TRADING_CONSTRUCTION.txt
   Found 0 companies
📖 Processing: KODUS_PEERS_CONSTRUCTION_CORPORATION.txt
   Found 0 companies
📖 Processing: ANORE_CONSTRUCTION.txt
   Found 0 companies
📖 Processing: CTC_BU_AICON_INDUSTRIES.txt
   Found 0 companies
📖 Processing: JOMARCANN_GENERAL_CONSTRUCTION.txt
   Found 1 companies
📖 Processing: ALL_WEATHER_CONSTRUCTION.txt
   Found 0 companies
📖 Processing: J_C_ALBASON_BUILDERS_AND_SUPPLY.txt
   Found 10 companies
📖 Processing: A_T_DUMLAO_CONSTRUCTION_INC_FORMERLYANDONI_T_D.txt
   Found 0 companies
📖 Processing: EMICA_BUILDERS_AND_SUPPLY.txt
   Found 0 companies
📖 Processing: JAEJR_ELECTRICAL_CONSTRUCTION.txt
   Found 0 companies
📖 Processing: BRENTMIN_ROOFING_ENTERPRISE.txt
   Found 0 companies
📖 Processing: INFINITUM_FORTUNE.txt
   Found 0 companies
📖 Processing: FA_TORRES_CONSTRUCTION.txt
   Found 7 companies
📖 Processing: EE_MADAYAG_CONSTRUCTION.txt
   Found 0 companies
📖 Processing: CONSTRUCTION_SUPPLY_COMPANY_OPC.txt
   Found 1 companies
📖 Processing: JOHN_DEE_B_BUSTAMANTE_CONSTRUCTION.txt
   Found 0 companies
📖 Processing: ARROWHEAD_CONSTRUCTION.txt
   Found 0 companies
📖 Processing: A_DELA_CRUZ_BUILDERS_INC.txt
   Found 2 companies
📖 Processing: KPSL_GENERAL_CONTRACTOR_INC.txt
   Found 0 companies
📖 Processing: ALCEL_CONSTRUCTION.txt
   Found 0 companies
📖 Processing: MIVICO_BUILDERS_DEVELOPERS.txt
   Found 1 companies
📖 Processing: JONIK_TRADING.txt
   Found 0 companies
📖 Processing: MCJ_VALENZUELA_CONSTRUCTION_ENTERPRISES.txt
   Found 0 companies
📖 Processing: A_D__PENDON_CONSTRUCTION.txt
   Found 0 companies
📖 Processing: ALEXI_LOUISSE_CONSTRUCTION__GENERAL_MERCHANDISE.txt
   Found 0 companies
📖 Processing: CONST_SUPPLY.txt
   Found 9 companies
📖 Processing: BANAYAD_CONSTRUCTION_SERVICES.txt
   Found 0 companies
📖 Processing: BELL_CONSTRUCTION.txt
   Found 1 companies
📖 Processing: 515_LIFE_CONSTRUCTION_CORP.txt
   Found 1 companies
📖 Processing: K_CONSTRUCTION_DEVELOPERS_CORPORATION.txt
   Found 2 companies
📖 Processing: GASAT_BUILDERS.txt
   Found 1 companies
📖 Processing: CDC_CONSTRUCTION_SUPPLIES.txt
   Found 0 companies
📖 Processing: GF_FABIAN_CONSTRUCTION.txt
   Found 1 companies
📖 Processing: DANYSONS_CONSTRUCTION.txt
   Found 2 companies
📖 Processing: JD_SOMOZA_BUILDERS.txt
   Found 0 companies
📖 Processing: GH_BELANDRES_CONSTRUCTORS_INC.txt
   Found 0 companies
📖 Processing: AF3_CONSTRUCTION_CORPORATION.txt
   Found 1 companies
📖 Processing: 417_LP_CONSTRUCTION_CORPORATION.txt
   Found 1 companies
📖 Processing: FNS_BUILDERS_ENTERPRISE.txt
   Found 0 companies
📖 Processing: FOUNTAINHEAD_CONSTRUCTION.txt
   Found 0 companies
📖 Processing: RODEKOM_GENERAL_CONSTRUCTION_AND_ENTERPRISE.txt
   Found 0 companies
📖 Processing: J_G_ORANZA_CONSTRUCTION.txt
   Found 0 companies
📖 Processing: J_B_ALCANTARA_BUILDERS.txt
   Found 10 companies
📖 Processing: 525_CONSTRUCTION.txt
   Found 1 companies
📖 Processing: RA_MATIAS_CONSTRUCTION_AND_DEVELOPERS_INC.txt
   Found 1 companies
📖 Processing: L_R_TIQUI_BUILDERS_INC.txt
   Found 1 companies
📖 Processing: NEWBIG_FOUR_J_CONSTRUCTION_INC.txt
   Found 0 companies
📖 Processing: MORTAR_MASTERS_CONCRETE_BUILDERS.txt
   Found 0 companies
📖 Processing: ECBJ_EASTCOAST_CONSTRUCTION.txt
   Found 0 companies
📖 Processing: JBM_ENGINEERS_AND_SUPPLY.txt
   Found 0 companies
📖 Processing: BOLTRON_BUILDERS_CORPORATION.txt
   Found 1 companies
📖 Processing: EIRISH_BUILDERS.txt
   Found 2 companies
📖 Processing: GEN_MERCHANDISE.txt
   Found 9 companies
📖 Processing: L_R_DE_GUZMAN_CONSTRUCTION.txt
   Found 4 companies
📖 Processing: RJIR_ENTERPRISES.txt
   Found 0 companies
📖 Processing: SUNWEST_INC.txt
   Found 1 companies
📖 Processing: SILVERWOLVES_CONSTRUCTION_CORPORATION.txt
   Found 0 companies
📖 Processing: A_D_MARRERO_GENERAL_CONSTRUCTION.txt
   Found 1 companies
📖 Processing: E_GUADIZ_CONSTRUCTION.txt
   Found 0 companies
📖 Processing: JEJAN_CONSTRUCT_TWINCARE_BUILDERS_INC.txt
   Found 0 companies
📖 Processing: 12-30_CONSTRUCTION_AND_SUPPLY.txt
   Found 30 companies
📖 Processing: A_M_P_CONSTRUCTION_M_M_SERRANO_CONSTRUCTION_COMPANY.txt
   Found 0 companies
📖 Processing: KENBE_CONSTRUCTION.txt
   Found 0 companies
📖 Processing: JAGON_BUILDERS.txt
   Found 0 companies
📖 Processing: DREAMWORX_BUILDER_TRADING_INC.txt
   Found 1 companies
📖 Processing: CTC_BU_VCD_CONSTRUCTION_AND_SUPPLY.txt
   Found 0 companies
📖 Processing: EVEN_PAR_CONST_CO_INC.txt
   Found 1 companies
📖 Processing: DATZLAV_CONSTRUCTION.txt
   Found 1 companies
📖 Processing: DEVELOPER.txt
   Found 9 companies
📖 Processing: D_J_D_CONSTRUCTION.txt
   Found 0 companies
📖 Processing: A_C_SOLIVEN_CONSTRUCTION.txt
   Found 2 companies
📖 Processing: PASCAL_CONSTRUCTION.txt
   Found 1 companies
📖 Processing: JUCONS_CONSTRUCTION_OPC.txt
   Found 0 companies
📖 Processing: FRAMECON_BUILDERS.txt
   Found 2 companies
📖 Processing: TIBIAO-ANTIQUE_NK_ENTERPRISE_INC.txt
   Found 0 companies
📖 Processing: JVM_BOLLARD_CONSTRUCTION.txt
   Found 0 companies
📖 Processing: ONE_FRAME_CONSTRUCTION_INC.txt
   Found 1 companies
📖 Processing: MAVERICK_BUILDERS_INCORPORATED_FORMERLY_MAVERICK.txt
   Found 0 companies
📖 Processing: GREENLAND_BUILDERS.txt
   Found 3 companies
📖 Processing: KRATOS_DEVELOPMENT_CORP.txt
   Found 0 companies
📖 Processing: FFJJ_CONSTRUCTION.txt
   Found 1 companies
📖 Processing: MKB_BUILDERS_AND_SUPPLY.txt
   Found 0 companies
📖 Processing: BALLIGI_CONSTRUCTION_RODEKOM_GENERAL_CONSTRUCTION_AND_ENTERPRISE.txt
   Found 0 companies
📖 Processing: FR_CONSTRUCTION_AND_SUPPLY.txt
   Found 10 companies
📖 Processing: MATAGOAN_KJ_BUILDERS_AND_ENGINEERING_SERVICES.txt
   Found 0 companies
📖 Processing: DEVEX_INCORPORATED.txt
   Found 1 companies
📖 Processing: TKS_BUILDERS__SUPPLIES.txt
   Found 0 companies
📖 Processing: SUPREME_ABF_CONST__CONST_SUPPLY_COMPANY_INC.txt
   Found 0 companies
📖 Processing: CONRADO_B_BAUTISTA_CONST_SUPPLY_CORP_FORMERL.txt
   Found 0 companies
📖 Processing: INFINITI_CONSTRUCTION.txt
   Found 1 companies
📖 Processing: DICON_BUILDERS_CORP.txt
   Found 1 companies
📖 Processing: A_D__GONZALES_JR__CONSTRUCTION.txt
   Found 0 companies
📖 Processing: DSB_CO.txt
   Found 0 companies
📖 Processing: ALMOND_ENGINEERING.txt
   Found 0 companies
📖 Processing: ALLEYWAY_CONSTRUCTION.txt
   Found 0 companies
📖 Processing: CITRUS_COUNTRY_CONSTRUCTION.txt
   Found 0 companies
📖 Processing: AL-NAJIM_CONSTRUCTION_CORPORATION.txt
   Found 1 companies
📖 Processing: JAI_BUILDERS_CORPORATION.txt
   Found 1 companies
📖 Processing: ASPHALT_CORPORATION.txt
   Found 3 companies
📖 Processing: CAMBONG-BUILDERS_INDUSTRIAL_FACILITIES_CONSTRUCTION.txt
   Found 0 companies
📖 Processing: JS_V_ENTERPRISES_GENERAL_CONTRACTOR_INC_PHILWORKS_CONSTRUCTION_SUPPLY.txt
   Found 0 companies
📖 Processing: JAMR_BUILDERS.txt
   Found 0 companies
📖 Processing: 12-30_CONSTRUCTION.txt
   Found 10 companies
📖 Processing: 747_BUILDERS_TRADER.txt
   Found 0 companies
📖 Processing: ARN_BUILDERS_INC.txt
   Found 1 companies
📖 Processing: ELITE_GENERAL_CONTRACTOR.txt
   Found 1 companies
📖 Processing: EMR_BUILDERS.txt
   Found 1 companies
📖 Processing: 5GG_CONSTRUCTION.txt
   Found 0 companies
📖 Processing: JA_OLIVAR_ENGG_DESIGN.txt
   Found 0 companies
📖 Processing: AGGREGATES.txt
   Found 10 companies
📖 Processing: ABRIGHT_BUILDERS_CORPORATION.txt
   Found 1 companies
📖 Processing: JUSTBILT_BUILDERS.txt
   Found 0 companies
📖 Processing: CROWNWORKS_CONSTRUCTION_INC.txt
   Found 1 companies
📖 Processing: 4VC_BUILDERS_DEVELOPMENT_CORP.txt
   Found 1 companies
📖 Processing: ST_MATTHEW_GEN_CONTRACTOR_DEVELOPMENT_CORP.txt
   Found 0 companies
📖 Processing: DEKM_CONSTRUCTION.txt
   Found 0 companies
📖 Processing: DIPOLOG_TOP_CONSTRUCTION.txt
   Found 0 companies
📖 Processing: JB_CONSTRUCTION_AND_SUPPLY_INC.txt
   Found 0 companies
📖 Processing: KEJAMARENIK_CONSTRUCTION_CONSTRUCTION_SUPPLIES.txt
   Found 0 companies
📖 Processing: EG-VRYLE_CONSTRUCTION.txt
   Found 0 companies
📖 Processing: GREAT_PACIFIC_BUILDERS.txt
   Found 2 companies
📖 Processing: JFR_CONSTRUCTION_PYUKEI_CONSTRUCTION_INC.txt
   Found 0 companies
📖 Processing: AKIP_CONSTRUCTION_AND_ENTERPRISE.txt
   Found 0 companies
📖 Processing: M_MONTESCLAROS_ENTERPRISES_INC.txt
   Found 1 companies

📊 Total companies parsed: 1402
✅ Updated: CTB CONSTRUCTION AND DEVELOPMENT CORPORATION
✅ Updated: ARCONIC INC.
✅ Updated: DAVAO CONCRETE PRODUCTS CONSTRUCTION AND TRADING CORPORATION
✅ Updated: ARMRHO DE JESUS CONSTRUCTION CORPORATION
✅ Updated: RR De Jesus CONSTRUCTION OPC
✅ Updated: TEODORO M. DE JESUS CONSTRUCTION INC.
✅ Updated: DZEE BUILDERS CORPORATION
✅ Updated: AQUATERRA KONSTRUKT, INC.
✅ Updated: GOLDSTAR MARKETING & CONSTRUCTION SERVICES, INC.
✅ Updated: 128 DRAGON CONSTRUCTION AND SUPPLIES, OPC
✅ Updated: INFINITUM 888 CONSTRUCTION AND DEVELOPMENT CORPORATION
✅ Updated: Ankor Gaulle Construction and Supply Corporation
✅ Updated: 3DIAMONDS CONSTRUCTION CORPORATION
✅ Updated: CHAMPION BUILDERS & SUPPLIES CORP.
✅ Updated: ANOLIN CONSTRUCTION AND DEVELOPMENT CORP.
✅ Updated: JVC TOUGH CORE CONSTRUCTION & BUILDERS CORP.
✅ Updated: ALMRIN BUILDERS CORPORATION
✅ Updated: CHARIFER BUILDERS, INC.
✅ Updated: PHILSOUTH BUILDERS INC.
✅ Updated: 1ST J.E. ADLAWAN CONSTRUCTION & SUPPLY CORPORATION
✅ Updated: EFREN RAMIREZ CONSTRUCTION AND GENERAL SERVICES CORPORATION
✅ Updated: FAJR CONSTRUCTION PARTS AND SUPPLY CORPORATION
✅ Updated: EC SOLICON BUILDERS & SUPPLY, INC.
✅ Updated: CATTECORYLL CONSTRUCTION & TRADING CORP.
✅ Updated: LEDA CONSTRUCTION INCORPORATED
✅ Updated: STEVEN CONSTRUCTION, SUPPLY, AND DEVELOPMENT CORPORATION
✅ Updated: DOUBLE 12 CONSTRUCTION & SUPPLY CO.
✅ Updated: ANG YAP BUILDERS AND AGGREGATE SUPPLIES INC.
✅ Updated: ARCA BUILDERS CORP.
✅ Updated: L. B. LEONCIO TRADING AND CONSTRUCTION Corporation
✅ Updated: IRON WORKS AND INDL. REFRIGERATION SVCS. INC.
✅ Updated: IRON WORKS NORTH BEARD PHIL. INC.
✅ Updated: 2-R FABRICATORS IRON WORKS CO.
✅ Updated: 3 1 IRON WORKS INC.
✅ Updated: A&C IRON WORKS CO.
✅ Updated: A. GERONIMO IRON WORKS CO.
⚠️  No match found for: ACJ WOOD IRON WORKS BUILDERS INC. (skipping)
⚠️  No match found for: ADVANCE IRON WORKS CO. (skipping)
⚠️  No match found for: AIRSIGNS ADVERTISING AND IRON WORKS CO. (skipping)
⚠️  No match found for: AMALGAMATED IRON WORKS INC. (skipping)
✅ Updated: CS Const. and Supply INC. with trade name/s of CS Construction and Supply and CS Manor Hotel
✅ Updated: 1A'GARSAC CONST. AND SUPPLY INC.
✅ Updated: EDSAL CONST. AND SUPPLY INC.
✅ Updated: ETADERA 7 CONST. AND SUPPLY INC.
✅ Updated: JUBER CONST AND SUPPLY Inc.
✅ Updated: LTR DIA MICRO CONST AND SUPPLY INC.
✅ Updated: RGE CONST. AND SUPPLY INC.
✅ Matched & Updated: GREEN WORLD CONSTRUCTION → GREEN WORLD CONSTRUCTION CORP. (88.89%)
✅ Matched & Updated: ISHIZAKI CONSTRUCTION & DEVELOPMENT CORPORATION → ISHIZAKI CONSTRUCTION & DEVELOPMENT CORPORATION (100.00%)
✅ Updated: JARGON CONSTRUCTION & SUPPLY CORPORATION
✅ Updated: NFH CONSTRUCTION & SUPPLY INC. doing business under the name and style of NFH CHEMICALS
⚠️  No match found for: JA ACHACOSO CORPORATION DOING BUSINESS UNDER THE TRADENAME OF JA ACHACOSO ENTERPRISES & GENERAL SERVICES; AND JA ACHACOSO FARM (skipping)
✅ Matched & Updated: AED BUILDERS CORP. → E Side Builders Corp. (87.18%)
⚠️  No match found for: E SQUARE BUILDERS & DEV. CORP. (skipping)
⚠️  No match found for: CHANCEUX BUILDERS DEPOT CORP. (skipping)
⚠️  No match found for: FIRST CHOICE BUILDERS CORP. (skipping)
✅ Matched & Updated: SHERF BUILDERS CORPORATION → HI-TEMP BUILDERS CORPORATION (85.19%)
⚠️  No match found for: Scout Builders Hardware Supply OPC (skipping)
⚠️  No match found for: Sinirangan Builders Corp. (skipping)
✅ Matched & Updated: STEELMAN BUILDERS CORPORATION → TaxMan Builders Corporation (89.29%)
⚠️  No match found for: THE KINGDOM BUILDERS ASSOCIATION , INC. (skipping)
✅ Updated: ANG YAP BUILDERS AND AGGREGATE SUPPLIES INC.
⚠️  No match found for: 101 PROPERTY PLANNERS & DEVELOPERS CORPORATION (skipping)
⚠️  No match found for: AIM PROPERTY DEVELOPERS CORPORATION (skipping)
⚠️  No match found for: ALL STAR REAL ESTATE DEVELOPERS CORPORATION (skipping)
⚠️  No match found for: AMJ HOMELAND DEVELOPERS CORPORATION (skipping)
⚠️  No match found for: ANVIL & SON DEVELOPERS CORPORATION (skipping)
✅ Matched & Updated: DEVELOPERS CORPORATION → BAMEC DEVELOPERS CORPORATION (88.00%)
⚠️  No match found for: BELLSONS INTEGRATED DEVELOPERS CORPORATION DOING BUSINESS UNDER THE NAME AND STYLE OF KAMARIN EVENTS VENUE (skipping)
⚠️  No match found for: CONCEPTVILLE DEVELOPERS CORPORATION (skipping)
⚠️  No match found for: CRATER ZAND ALLIED REALTY DEVELOPERS CORPORATION (skipping)
⚠️  No match found for: CREATIVE DEVELOPERS CORPORATION (skipping)
✅ Matched & Updated: EARTHWORK BUILDERS, INC. → EARTHWORK BUILDERS, INC. (100.00%)
✅ Updated: MAR - DEB CONSTRUCTION & DEVELOPMENT CORP.
⚠️  No match found for: KARANGYAN BUILDERS AND TRADERS, INC. (skipping)
✅ Matched & Updated: KEJAMARENIK CONSTRUCTION → KEJAMARENIK CONSTRUCTION INC. (90.57%)
✅ Matched & Updated: ALEA CONSTRUCTION CORPORATION → ALEXANDRIA CONSTRUCTION CORPORATION (90.62%)
✅ Matched & Updated: CARTESIAN BUILDERS → CARTESIAN BUILDERS CORP. (85.71%)
✅ Updated: NORTHERN BUILDERS CONSTRUCTION CORPORATION
✅ Updated: NORTHERN BUILDERS INC.
✅ Matched & Updated: 3AMR CONSTRUCTION SERVICES INC. → 3AMR CONSTRUCTION SERVICES INC. (100.00%)
✅ Matched & Updated: JAS MIXER CONSTRUCTION AND DEVELOPMENT CORPORATION → JAS Mixer Construction and Development Corporation (100.00%)
✅ Matched & Updated: JERRY R. SANTIAGO CONSTRUCTION CORP. → JERRY R. SANTIAGO CONSTRUCTION CORP. (100.00%)
⚠️  No match found for: DESAPLAN (DESIGN AND PLANNING) BUILDERS COMPANY (skipping)
⚠️  No match found for: DESICON DESIGN CONS. CORP. (skipping)
⚠️  No match found for: Design & Code Solutions Corp. (skipping)
⚠️  No match found for: DESIGN & CREATIVE LOGIC INC. (skipping)
⚠️  No match found for: DESIGN & DELIVER.NET, INC. (skipping)
⚠️  No match found for: DESIGN & FUNCTION INCORPORATED (skipping)
⚠️  No match found for: DESIGN & MARKETING CONSULTANCY PHILIPPINES, INC. (skipping)
⚠️  No match found for: DESIGN & PLANNING CONSULTANTS (ENGINEERS & ARCHITECTS) (skipping)
✅ Matched & Updated: CHUCON BUILDERS CORPORATION → CHUCON BUILDERS CORPORATION (100.00%)
✅ Matched & Updated: JANN-NORRIS CONSTRUCTION AND SUPPLIES, INC. → JANN-NORRIS CONSTRUCTION AND SUPPLIES, INC. (100.00%)
✅ Matched & Updated: GDBS BUILDERS AND ENTERPRISE → GDBS BUILDERS AND ENTERPRISE OPC (93.33%)
⚠️  No match found for: J AND B MALDOR BUILDERS Co. (skipping)
⚠️  No match found for: J AND B MAXIMUS BUILDERS CORP. (skipping)
⚠️  No match found for: J and E Aussie Builders Inc. (skipping)
⚠️  No match found for: J AND FDD BUILDERS SERVICES INC. (skipping)
✅ Matched & Updated: JAI BUILDERS CORPORATION → J and Js BUILDERS CORPORATION (86.79%)
⚠️  No match found for: 3EJ BUILDERS AND FABRICATIONS COMPANY (skipping)
⚠️  No match found for: CHANCEUX BUILDERS DEPOT CORP. (skipping)
⚠️  No match found for: FIRST CHOICE BUILDERS CORP. (skipping)
✅ Updated: SHERF BUILDERS CORPORATION
⚠️  No match found for: Scout Builders Hardware Supply OPC (skipping)
✅ Updated: DAHL CONSTRUCTION CORP.
✅ Matched & Updated: R2A CONSTRUCTION AND TRADING CORPORATION → DD ROSAL CONSTRUCTION AND TRADING CORPORATION (91.76%)
✅ Matched & Updated: J BROS CONSTRUCTION CORPORATION → ARK ROSAL CONSTRUCTION CORPORATION (89.23%)
✅ Matched & Updated: FILCAN UNITED CONSTRUCTION & GENERAL MERCHANDISE CORP. → FILCAN UNITED CONSTRUCTION & GENERAL MERCHANDISE CORP. (100.00%)
✅ Matched & Updated: EQUI-PARCO CONSTRUCTION COMPANY → EQUI-PARCO CONSTRUCTION COMPANY (100.00%)
⚠️  No match found for: FOUR J AND E TECHNICAL SCHOOL INC. (skipping)
⚠️  No match found for: FOUR J BROTHERS MANPOWER SERVICES COMPANY (skipping)
⚠️  No match found for: FOUR J ENTS. CO. (skipping)
⚠️  No match found for: FOUR J FISH BROKER AND GEN MERCHANDISE CORPORATION (skipping)
⚠️  No match found for: FOUR J MACHINE SHOP CORPORATION (skipping)
⚠️  No match found for: FOUR J MANAGEMENT CONSULTANTS INC. (skipping)
⚠️  No match found for: FOUR J PAWNSHOP INC. (skipping)
⚠️  No match found for: FOUR J PERFECT CONSTRUCTION AND BUILDERS CORPORATION (skipping)
⚠️  No match found for: FOUR J REAL ESTATE MARKETING AND DEVELOPMENT OPC (skipping)
⚠️  No match found for: FOUR J TILES BARGAIN CENTER INC. (skipping)
✅ Matched & Updated: BHENLLABIEN BUILDERS CORPORATION → BHENLLABIEN BUILDERS CORPORATION (100.00%)
⚠️  No match found for: A.P.M. TRADING ALUMINUM & GLASS SUPPLY INC. (skipping)
⚠️  No match found for: AGUILA FABRICATORS AND GLASS SUPPLY Inc. (skipping)
⚠️  No match found for: BLY ALUMINUM & GLASS SUPPLY INC. (skipping)
⚠️  No match found for: BUILDWIDE GLASS SUPPLY INC. (skipping)
⚠️  No match found for: BUTUAN GLASS SUPPLY INC. (skipping)
⚠️  No match found for: C DIAMOND ALUMINUM GLASS SUPPLY INC. (skipping)
⚠️  No match found for: CDR ALUMINUM & GLASS SUPPLY INC. (skipping)
⚠️  No match found for: CJH ALUMINUM AND GLASS SUPPLY Inc. (skipping)
⚠️  No match found for: CNK ALUMINUM GLASS SUPPLY INC. (skipping)
⚠️  No match found for: CROWN ALUMINUM & GLASS SUPPLY, INC. (skipping)
✅ Matched & Updated: HUMMING BIRD CONSTRUCTION & SUPPLY CORPORATION → HUMMING BIRD CONSTRUCTION & SUPPLY CORPORATION (100.00%)
✅ Updated: FIRST NORTHWAY DEVELOPMENT AND CONSTRUCTION CORPORATION
⚠️  No match found for: L.C. TING CONSTRUCTION/DAVAO L.A. PARTS & HARDWARE JV CORPORATION (skipping)
✅ Matched & Updated: WTG CONSTRUCTION AND DEVELOPMENT CORPORATION → Ting Construction and Development Corporation (96.63%)
✅ Matched & Updated: ROMA CONSTRUCTION AND DEVELOPMENT CORP. → K ROYAL CONSTRUCTION AND DEVELOPMENT CORP. (93.83%)
✅ Matched & Updated: RYL CONSTRUCTION CORPORATION → Quad Royal Construction Corporation (88.89%)
✅ Matched & Updated: ROLCO CONSTRUCTION & DEVELOPMENT CORPORATION → ROYAL CONSTRUCTION & DEVELOPMENT CORPORATION (95.45%)
✅ Updated: AB APONESTO CONSTRUCTION PARTS AND SUPPLY, INC.
✅ Updated: ALMRIN BUILDERS CORPORATION
✅ Matched & Updated: 816 ALLEN CONSTRUCTION AND DEVELOPMENT CORPORATION → 816 ALLEN CONSTRUCTION AND DEVELOPMENT CORPORATION (100.00%)
⚠️  No match found for: A. DE GUIA CONSTRUCTION AND DEV'T. CO. (skipping)
✅ Matched & Updated: A. DE GUIA CONSTRUCTION AND DEVELOPMENT CORPORATION → A. DE GUIA CONSTRUCTION AND DEVELOPMENT CORPORATION (100.00%)
✅ Matched & Updated: A2C ENTERPRISES INC. → A2C ENTERPRISES Inc. (100.00%)
⚠️  No match found for: BERTO LUCCI BUILDERS AND SUPPLY CORP. (skipping)
✅ Matched & Updated: CENTERWAYS CONSTRUCTION AND DEVELOPMENT INC. → CENTERWAYS CONSTRUCTION AND DEVELOPMENT INC. (100.00%)
⚠️  No match found for: SAN GIOVANNI CONSTRUCTION & SUPPLIES INC. (skipping)
✅ Matched & Updated: 8AR CONSTRUCTION AND DEVELOPMENT CORPORATION → AL-ABRAR CONSTRUCTION AND DEVELOPMENT CORPORATION (92.47%)
✅ Matched & Updated: AL-B DEVELOPMENT CORPORATION → AL-B DEVELOPMENT CORPORATION (100.00%)
⚠️  No match found for: AL-FAJR MINING DEVELOPMENT CORPORATION (skipping)
✅ Matched & Updated: CAAB DEVELOPMENT CORPORATION → AL-WASILA DEVELOPMENT CORPORATION (85.25%)
✅ Matched & Updated: ALRO CONSTRUCTION & DEVELOPMENT CORPORATION → AAGroup Construction & Development Corporation (94.38%)
⚠️  No match found for: Alpha Dragon Leisure and Development Corporation (skipping)
⚠️  No match found for: E & D REALTY AND DEVELOPMENT CORPORATION (skipping)
⚠️  No match found for: FAMILY HOME REALTY AND DEVELOPMENT CORPORATION (skipping)
⚠️  No match found for: NYKE DEVELOPMENT CORPORATION doing business under the name/s and style/s of Nyke Construction (skipping)
⚠️  No match found for: " PANGASINAN DEVELOPMENT CORPORATION" (skipping)
✅ Matched & Updated: K84 CONSTRUCTION AND DEVELOPMENT CORPORATION → K84 CONSTRUCTION AND DEVELOPMENT CORPORATION (100.00%)
⚠️  No match found for: J SQUARE BUILDERS AND CONSTRUCTION SERVICES CO. (skipping)
⚠️  No match found for: APH SQUARE BUILDERS CORP. (skipping)
✅ Matched & Updated: CBC SQUARE BUILDERS CO. → BP SQUARE BUILDERS Corp. (89.36%)
⚠️  No match found for: CBC Square Builders Co. (skipping)
⚠️  No match found for: CIRCLE SQUARE BUILDERS INC. (skipping)
⚠️  No match found for: CUADRO SQUARE BUILDERS, INC. (skipping)
⚠️  No match found for: E SQUARE BUILDERS & DEV. CORP. (skipping)
⚠️  No match found for: EMERALD SQUARE BUILDERS CORP. (skipping)
✅ Updated: MAKAPA CORPORATION
✅ Matched & Updated: JAM KONSTRUCT CONSTRUCTION AND DEVELOPMENT INC. → JAM KONSTRUCT CONSTRUCTION AND DEVELOPMENT INC. (100.00%)
✅ Matched & Updated: COFEJOK CONSTRUCTION & SUPPLY CORPORATION → COFEJOK CONSTRUCTION & SUPPLY CORPORATION (100.00%)
✅ Matched & Updated: FE S. REYES GENERAL CONTRACTOR CORP. → FE S. REYES GENERAL CONTRACTOR CORP. (100.00%)
⚠️  No match found for: 3EJ BUILDERS AND FABRICATIONS COMPANY (skipping)
⚠️  No match found for: CHANCEUX BUILDERS DEPOT CORP. (skipping)
⚠️  No match found for: FIRST CHOICE BUILDERS CORP. (skipping)
✅ Updated: SHERF BUILDERS CORPORATION
⚠️  No match found for: Scout Builders Hardware Supply OPC (skipping)
⚠️  No match found for: Sinirangan Builders Corp. (skipping)
✅ Updated: STEELMAN BUILDERS CORPORATION
⚠️  No match found for: THE KINGDOM BUILDERS ASSOCIATION , INC. (skipping)
⚠️  No match found for: "JECCA BUILDERS, INCORPORATED" (skipping)
⚠️  No match found for: "PR" BUILDERS & TRADING CO. (skipping)
✅ Matched & Updated: PRIME PACIFIC MARINE & INDUSTRIAL SERVICES CORP. → PRIME PACIFIC MARINE & INDUSTRIAL SERVICES CORP. (100.00%)
⚠️  No match found for: CONCRETE PRODUCTS CORP. INC. (skipping)
⚠️  No match found for: CONCRETE PRODUCTS MANUFACTURERS ASSOCIATION OF PLARIDEL, INC. (skipping)
⚠️  No match found for: CONSOLIDATED CONCRETE PRODUCTS INC. (skipping)
⚠️  No match found for: CONTECH CONCRETE PRODUCTS INC. (skipping)
⚠️  No match found for: CONTTREL CONCRETE PRODUCTS AND SERVICES INC. (skipping)
⚠️  No match found for: 3U HOLLOW BLOCKS & CONCRETE PRODUCTS MANUFACTURING CO. (skipping)
⚠️  No match found for: 49ERS CONCRETE PRODUCTS CO. (skipping)
⚠️  No match found for: 668 NORTHSTAR CONCRETE PRODUCTS CORPORATION (skipping)
⚠️  No match found for: 668 ORION CONCRETE PRODUCTS CORPORATION (skipping)
✅ Matched & Updated: J.M. MORALES CONSTRUCTION & SUPPLY → J.M. MORALES CONSTRUCTION AND SUPPLY CORP. (86.84%)
✅ Matched & Updated: IJK MAE CONSTRUCTION INC. → JG MORALES CONSTRUCTION Inc. (86.79%)
⚠️  No match found for: B. DELA CRUZ CONSTRUCTION CO., INC. (skipping)
⚠️  No match found for: CC DELA CRUZ CONSTRUCTION AND REALTY DEVELOPMENT CORPORATION (skipping)
⚠️  No match found for: FC DELA CRUZ CONSTRUCTION & CONCEPTS INC. (skipping)
⚠️  No match found for: Genesis Dela Cruz Construction Inc. (skipping)
⚠️  No match found for: HILARIO & DELA CRUZ CONSTRUCTION CO. (skipping)
✅ Matched & Updated: R.G. DELA CRUZ CONSTRUCTION → R.G. DELA CRUZ CONSTRUCTION CORP. (90.00%)
✅ Matched & Updated: A.C. RIVERO DEVELOPMENT CORPORATION → A.C. RIVERO DEVELOPMENT CORPORATION (100.00%)
✅ Updated: AGONG BUILDERS AND CONSTRUCTION SUPPLY INC.
✅ Matched & Updated: GLOBALCRETE BUILDERS INC. → GLOBALCRETE BUILDERS INC. (100.00%)
✅ Updated: 1HB CONSTRUCTION Corp.
✅ Updated: ADFIL CORPORATION
✅ Matched & Updated: INNOVATI CONSTRUCTION & DEVELOPMENT CORPORATION → INNOVATI CONSTRUCTION & DEVELOPMENT CORPORATION (100.00%)
✅ Updated: EC SOLICON BUILDERS & SUPPLY, INC.
✅ Matched & Updated: F.P. DE GUZMAN CONSTRUCTION, INC. → F.P. DE GUZMAN CONSTRUCTION, INC. (100.00%)
✅ Updated: FLORDES CONSTRUCTION AND TRADING CORP.
✅ Updated: MUAÑA CONSTRUCTION AND DEVELOPMENT CORP.
✅ Updated: LANOY CONSTRUCTION CORPORATION
✅ Matched & Updated: CIRCLE Z VENTURES AND DEVELOPMENT CORP. → CIRCLE Z VENTURES AND DEVELOPMENT CORP. (100.00%)
✅ Matched & Updated: ALTA NEGROS INDUSTRIAL SUPPLY CORPORATION → ALTA NEGROS INDUSTRIAL SUPPLY CORPORATION (100.00%)
✅ Matched & Updated: J E G CONSTRUCTION FIRM CORPORATION → J E G CONSTRUCTION FIRM CORPORATION (100.00%)
⚠️  No match found for: JPPG RIGHT CONSTRUCTION FIRM CORPORATION Doing business under the names and styles of JPPG RIGHT CONSTRUCTION FIRM (skipping)
✅ Matched & Updated: L.N SALVADOR CONSTRUCTION CORP. → L.N SALVADOR CONSTRUCTION CORP. (100.00%)
✅ Matched & Updated: KAUIE BUILDERS & SUPPLIES INC. → KAUIE BUILDERS & SUPPLIES INC. (100.00%)
⚠️  No match found for: JT GAMOLO CONSTRUCTION, INC. doing business under the name and style of Susie Fuel Refilling Station (skipping)
✅ Updated: BHENLLABIEN BUILDERS CORPORATION
⚠️  No match found for: "LA ESTRELLA LUMBER ENTERPRISES, INCORPORATED" (skipping)
✅ Matched & Updated: ENTERPRISES INCORPORATED → "R.B. ENTERPRISES, INCORPORATED" (85.71%)
⚠️  No match found for: 1022-F GRAPHICS ENTERPRISES, INCORPORATED (skipping)
✅ Matched & Updated: ALZAM ENTERPRISES INCORPORATED → 108 ENTERPRISES INCORPORATED (86.21%)
⚠️  No match found for: 168grocers Enterprises Incorporated (skipping)
⚠️  No match found for: 2850 ENTERPRISES Incorporated (skipping)
⚠️  No match found for: 3 JJLA ENTERPRISES INCORPORATED (skipping)
✅ Matched & Updated: BSA 99 ENTERPRISES INCORPORATED → 3MBS ENTERPRISES INCORPORATED (90.00%)
⚠️  No match found for: 5Rs Bedonia Enterprises Incorporated (skipping)
⚠️  No match found for: 8 MOUNTAIN MOVERS ENTERPRISES INCORPORATED (skipping)
✅ Matched & Updated: DENNREY CONSTRUCTION AND TRADING COMPANY → DENNREY CONSTRUCTION AND TRADING COMPANY (100.00%)
✅ Matched & Updated: R.A. PAHATI CONST. & SUPPLY, INC. → R.A. PAHATI CONST. & SUPPLY, INC. (100.00%)
✅ Updated: JAGONBUILD CONSTRUCTION CORP.
✅ Matched & Updated: CANLAON BUILDERS AND DEVELOPMENT CORPORATION → CANLAON BUILDERS AND DEVELOPMENT CORPORATION (100.00%)
✅ Matched & Updated: DICON BUILDERS CORP. → CANLAON BUILDERS CORP. (85.71%)
✅ Matched & Updated: DIADEMA CONSTRUCTION AND ENTERPRISES INC. → DIADEMA CONSTRUCTION AND ENTERPRISES INC. (100.00%)
✅ Updated: HUMMING BIRD CONSTRUCTION & SUPPLY CORPORATION
✅ Matched & Updated: BUILDTRON CONSTRUCTION CORPORATION → BUILDZONE CONSTRUCTION CORPORATION (94.12%)
⚠️  No match found for: JAMPAT BUILDERS CORP. (skipping)
✅ Updated: AVILA CONSTRUCTION & DEVELOPMENT (ACDC) CORP.
✅ Updated: C.M. AVILA CONSTRUCTION CORPORATION
✅ Updated: N.B. AVILA CONSTRUCTION AND TRADING CORP.
✅ Matched & Updated: 5S DEVELOPMENT CORPORATION → 5S DEVELOPMENT Corporation (100.00%)
✅ Updated: ALRO CONSTRUCTION & DEVELOPMENT CORPORATION
⚠️  No match found for: Alpha Dragon Leisure and Development Corporation (skipping)
⚠️  No match found for: E & D REALTY AND DEVELOPMENT CORPORATION (skipping)
⚠️  No match found for: FAMILY HOME REALTY AND DEVELOPMENT CORPORATION (skipping)
⚠️  No match found for: NYKE DEVELOPMENT CORPORATION doing business under the name/s and style/s of Nyke Construction (skipping)
⚠️  No match found for: " PANGASINAN DEVELOPMENT CORPORATION" (skipping)
⚠️  No match found for: "A & A AGRO DEVELOPMENT CORPORATION" (skipping)
⚠️  No match found for: "A.A. ALEDIA AGRO-FISHERIES DEVELOPMENT CORPORATION" (skipping)
✅ Matched & Updated: BNYU DEVELOPMENT CORPORATION → "BENILUZ DEVELOPMENT CORPORATION" (88.52%)
✅ Matched & Updated: DANSBURG MACRO-BUILDERS INC. → DANSBURG MACRO-BUILDERS INC. (100.00%)
✅ Matched & Updated: JAMJLE PROPERTIES  AND DEVELOPMENT CORPORAT → JAMJLE PROPERTIES (SUBIC) AND DEVELOPMENT CORPORATION (89.58%)
⚠️  No match found for: EC KONSTRUCT DESIGN AND BUILD BUILDERS OPC (skipping)
⚠️  No match found for: EC Rise Builders, Inc. (skipping)
✅ Updated: EC SOLICON BUILDERS & SUPPLY, INC.
⚠️  No match found for: 3EJ BUILDERS AND FABRICATIONS COMPANY (skipping)
⚠️  No match found for: CHANCEUX BUILDERS DEPOT CORP. (skipping)
⚠️  No match found for: FIRST CHOICE BUILDERS CORP. (skipping)
✅ Updated: SHERF BUILDERS CORPORATION
⚠️  No match found for: Scout Builders Hardware Supply OPC (skipping)
⚠️  No match found for: Sinirangan Builders Corp. (skipping)
✅ Updated: STEELMAN BUILDERS CORPORATION
⚠️  No match found for: GOLDEN CONSTRUCTION SUPPLY COMPANY (skipping)
⚠️  No match found for: AABC GOLDEN CONSTRUCTION INC. (skipping)
✅ Matched & Updated: ADG CONSTRUCTION CORP. → ADC GOLDEN CONSTRUCTION CORP. (86.27%)
✅ Matched & Updated: E C GOLDEN CONSTRUCTION SERVICES CO. → E C GOLDEN CONSTRUCTION SERVICES CO. (100.00%)
⚠️  No match found for: FERROHEMA GOLDEN CONSTRUCTION CORPORATION (skipping)
⚠️  No match found for: GLOBAL PILIPINO GOLDEN CONSTRUCTION AND DEVELOPMENT CORP. (skipping)
⚠️  No match found for: JCP GOLDEN CONSTRUCTION INC. (skipping)
⚠️  No match found for: C.B. GARAY PHILWIDE BUILDERS J.V. 417LP CONSTRUCTION CO. (skipping)
⚠️  No match found for: C.B. GARAY PHILWIDE BUILDERS/ARCON SYNERGY INC. (skipping)
✅ Updated: BHENLLABIEN BUILDERS CORPORATION
⚠️  No match found for: NEW JASMIN CONSTRUCTION INCORPORATED (skipping)
⚠️  No match found for: C.T. LEONCIO CONSTRUCTION AND TRADING AND TIGER VALLEY BUILDERS CORPORATION (skipping)
✅ Matched & Updated: C.T. LEONCIO CONSTRUCTION AND TRADING → C.T. Leoncio Construction and Trading Corp. (92.50%)
⚠️  No match found for: C.T. LEONCIO CONSTRUCTION AND TRADING M.V. CALDO CONSTRUCTION AND SUPPLY CORPORATION J.V. CO. (skipping)
⚠️  No match found for: KAIZER LEONCIO CONSTRUCTION AND SUPPLY CO. (skipping)
⚠️  No match found for: LD MD ONLINE DEVELOPERS INC. doing business under the name and style of ONLINEDOC (skipping)
⚠️  No match found for: SUNTECH BUSINESS DEVELOPERS OPC (skipping)
⚠️  No match found for: 101 PROPERTY PLANNERS & DEVELOPERS CORPORATION (skipping)
⚠️  No match found for: 101 REALTY DEVELOPERS INC. (skipping)
⚠️  No match found for: 157 DEVELOPERS INC. (skipping)
⚠️  No match found for: 25TH CENTURY PROPERTY DEVELOPERS CORP. (skipping)
⚠️  No match found for: 4RS DEVELOPERS UNLIMITED, INC. (skipping)
⚠️  No match found for: 577 PROPERTY DEVELOPERS INC. (skipping)
⚠️  No match found for: 7 SEAS BUILDERS AND DEVELOPERS INC. (skipping)
✅ Matched & Updated: 830 BUILDERS & DEVELOPERS CORP. → 830 BUILDERS & DEVELOPERS CORP. (100.00%)
✅ Matched & Updated: JAICA CONST. CORP. → JAICA CONST. CORP. (100.00%)
✅ Updated: ZEDIK BUILDERS INC.
✅ Matched & Updated: 647 CONSTRUCTION AND DEVELOPMENT CORPORATION → 647 CONSTRUCTION AND DEVELOPMENT Corporation (100.00%)
✅ Matched & Updated: 22 PRIME CONSTRUCTION AND REALTY DEVELOPMENT INC. → 22 PRIME CONSTRUCTION AND REALTY DEVELOPMENT INC. (100.00%)
⚠️  No match found for: CAGALAWAN ENTERPRISES INC. FORMERLY: A.P. CAGALAWAN ENTERPRISES INC. (skipping)
✅ Matched & Updated: MAMSAR CONSTRUCTION AND INDUSTRIAL CORPORATION → MAMSAR CONSTRUCTION AND INDUSTRIAL CORPORATION (100.00%)
⚠️  No match found for: C.T. LEONCIO CONSTRUCTION AND TRADING AND TIGER VALLEY BUILDERS CORPORATION (skipping)
✅ Updated: C.T. LEONCIO CONSTRUCTION AND TRADING
⚠️  No match found for: C.T. LEONCIO CONSTRUCTION AND TRADING M.V. CALDO CONSTRUCTION AND SUPPLY CORPORATION J.V. CO. (skipping)
⚠️  No match found for: KAIZER LEONCIO CONSTRUCTION AND SUPPLY CO. (skipping)
⚠️  No match found for: I V Y MICHELLE TRADING AND CONSTRUCTION /A.R. LUSTRE, JR. CONSTRUCTION - (JOINT VENTURE) CO. (skipping)
✅ Matched & Updated: ACD ASTROBUILT CONSTRUCTION & DEVELOPMENT, INC. → ACD ASTROBUILT CONSTRUCTION & DEVELOPMENT INC. (98.92%)
✅ Updated: 1HB CONSTRUCTION Corp.
✅ Matched & Updated: DQT BUILDERS CORPORATION → DQT BUILDERS CORPORATION (100.00%)
⚠️  No match found for: GTJ CONSTRUCTION & DQT BUILDERS CO. (skipping)
✅ Matched & Updated: DINAH RBS CONSTRUCTION AND SUPPLY INCORPORATED → Dinah RBS Construction and Supply Incorporated (100.00%)
✅ Updated: GONZALODO ENTERPRISES AND CONSTRUCTION INC.
✅ Matched & Updated: SOLFIO P. JACINTO CONSTRUCTION INC. → Solfio P. Jacinto Construction Inc. (100.00%)
✅ Updated: AGONG BUILDERS AND CONSTRUCTION SUPPLY INC.
✅ Matched & Updated: JIMWELL BUILDERS AND SUPPLIES CORPORATION → JIMWELL BUILDERS AND SUPPLIES CORPORATION (100.00%)
✅ Updated: 1ST J.E. ADLAWAN CONSTRUCTION & SUPPLY CORPORATION
✅ Matched & Updated: CONCEPCION BASIC BUILDERS INC. → CONCEPCION BASIC BUILDERS INC. (100.00%)
✅ Matched & Updated: DANRICH BUILDERS CORPORATION → DANRICH BUILDERS CORPORATION (100.00%)
✅ Matched & Updated: BELCONSTRUCT CORPORATION → BELCONSTRUCT CORPORATION (100.00%)
✅ Matched & Updated: AARJG BUILDERS CORPORATION → AARJG BUILDERS CORPORATION (100.00%)
✅ Matched & Updated: T2B3 BUILDERS AND SUPPLIES CORP. → T2B3 BUILDERS AND SUPPLIES CORP. (100.00%)
✅ Matched & Updated: ALGON ENGINEERING CONSTRUCTION CORPORATION → ALGON ENGINEERING CONSTRUCTION CORPORATION (100.00%)
✅ Matched & Updated: JANPAC ENGINEERING & CONSTRUCTION SERVICES → ANVIL ENGINEERING & CONSTRUCTION SERVICES (91.57%)
⚠️  No match found for: AR - JI ENGINEERING CONSTRUCTION CORPORATION (skipping)
⚠️  No match found for: ARM STRONG ENGINEERING CONSTRUCTION COMPANY (skipping)
⚠️  No match found for: AST GENERAL ENGINEERING CONSTRUCTION SERVICES AND SUPPLY CORP. (skipping)
⚠️  No match found for: ATLANTIC ENGINEERING & CONSTRUCTION COMPANY (skipping)
⚠️  No match found for: BETA STRING ENGINEERING CONSTRUCTION CORP. (skipping)
⚠️  No match found for: BUILDSAFEPINAS ENGINEERING CONSTRUCTION CORP. (skipping)
⚠️  No match found for: CASTAN ENGINEERING & CONSTRUCTION CORP. (skipping)
⚠️  No match found for: CHINA CIVIL ENGINEERING CONSTRUCTION CORPORATION UNDER THE NAME CHINA CIVIL ENGINEERING CONSTRUCTION CORPORATION PHILIPPINE BRANCH (skipping)
✅ Updated: C. SANTOS CONSTRUCTION AND TRADING OPC
✅ Updated: Cortez Santos Construction and Supply Corp.
✅ Updated: DE-LEON-SANTOS CONSTRUCTION COMPANY
✅ Updated: GENEVA MANUZON SANTOS CONSTRUCTION COMPANY
✅ Updated: GERAWA, MANUEL AND SANTOS CONSTRUCTION Corp.
✅ Updated: IMF SANTOS CONSTRUCTION COMPANY
✅ Updated: J & G SANTOS CONSTRUCTION COMPANY
✅ Updated: J SANTOS CONSTRUCTION, INC.
✅ Updated: J. E. SANTOS CONSTRUCTION CORP.
✅ Updated: J.A. SANTOS CONSTRUCTION OPC
✅ Updated: WAWAO BUILDERS CORPORATION
✅ Matched & Updated: JASMIG CONSTRUCTION CORPORATION → JASMIG CONSTRUCTION CORPORATION (100.00%)
✅ Updated: QUIRANTE CONSTRUCTION CORPORATION
✅ Matched & Updated: FERDSTAR BUILDERS INC. → FERDSTAR BUILDERS INC. (100.00%)
✅ Updated: JANN-NORRIS CONSTRUCTION AND SUPPLIES, INC.
✅ Matched & Updated: E.R. RODRIGUEZ CONSTRUCTION CORPORATION → E.R. RODRIGUEZ CONSTRUCTION CORPORATION (100.00%)
✅ Matched & Updated: E.R. RODRIGUEZ CONSTRUCTION CORPORATION  → J.C. RODRIGUEZ CONSTRUCTION CORPORATION (93.67%)
✅ Matched & Updated: A. DELA CRUZ BUILDERS INC. → A. DELA CRUZ BUILDERS INC. (100.00%)
⚠️  No match found for: A.L. CRUZ BUILDERS CONSTRUCTION CORP. (skipping)
⚠️  No match found for: BALINBALITOC INC. DOING BUSINESS UNDER THE NAME AND STYLE OF ENGALBI LEASING AND STA. CRUZ BUILDERS INC. (skipping)
✅ Matched & Updated: JAC BUILDERS CORPORATION → JAR CRUZ BUILDERS CORPORATION (90.57%)
✅ Matched & Updated: ACRC BUILDERS CORPORATION → LBC CRUZ BUILDERS CORPORATION (85.19%)
⚠️  No match found for: MACABEO-CRUZ BUILDERS CO. (skipping)
⚠️  No match found for: MARC S. CRUZ BUILDERS & TRADING INC. (skipping)
⚠️  No match found for: PLC P.L. CRUZ BUILDERS INC. (skipping)
⚠️  No match found for: TOLENTINO-CRUZ BUILDERS CO. (skipping)
⚠️  No match found for: TRI-CRUZ BUILDERS & DEV., INC. (skipping)
✅ Matched & Updated: MJR CONSTRUCTION FIRM AND GENERAL MAINTENANCE, OPC → MJR CONSTRUCTION FIRM AND GENERAL MAINTENANCE, OPC (100.00%)
✅ Matched & Updated: 3R3M CONSTRUCTION AND SUPPLY CORPORATION → 3R3M CONSTRUCTION AND SUPPLY CORPORATION (100.00%)
✅ Updated: HUMMING BIRD CONSTRUCTION & SUPPLY CORPORATION
⚠️  No match found for: Interior Construction Services Corp. (skipping)
⚠️  No match found for: JMT MODULAR INTERIOR CONSTRUCTION INC. (skipping)
⚠️  No match found for: MDCC INTERIOR & CONSTRUCTION MANAGEMENT INC. (skipping)
⚠️  No match found for: SEWON INTERIOR CONSTRUCTION INC. (skipping)
⚠️  No match found for: SPECIFIED INTERIOR CONSTRUCTION COMPANY (skipping)
⚠️  No match found for: TOUCH POINT INTERIOR CONSTRUCTION INC. (skipping)
⚠️  No match found for: VW INTERIOR CONSTRUCTION SKILLED SERVICES, CO. (skipping)
✅ Updated: ARMANDO U. KHONG HUN AND ST. GERRARD CONSTRUCTION, LTD. CO.
✅ Updated: ST. GERRARD CONSTRUCTION AND R.G. FLORENTINO CONSTRUCTION & TRADING COMPANY
✅ Updated: ST. GERRARD CONSTRUCTION GEN. CONTRACTOR & DEVELOPMENT CORP.
⚠️  No match found for: 3EJ BUILDERS AND FABRICATIONS COMPANY (skipping)
⚠️  No match found for: CHANCEUX BUILDERS DEPOT CORP. (skipping)
⚠️  No match found for: FIRST CHOICE BUILDERS CORP. (skipping)
✅ Updated: SHERF BUILDERS CORPORATION
⚠️  No match found for: Scout Builders Hardware Supply OPC (skipping)
⚠️  No match found for: Sinirangan Builders Corp. (skipping)
✅ Updated: STEELMAN BUILDERS CORPORATION
⚠️  No match found for: THE KINGDOM BUILDERS ASSOCIATION , INC. (skipping)
⚠️  No match found for: "JECCA BUILDERS, INCORPORATED" (skipping)
⚠️  No match found for: "PR" BUILDERS & TRADING CO. (skipping)
⚠️  No match found for: CASAN CONSTRUCTION AND TRADING LIMITED CO. (skipping)
✅ Updated: RITCHE-NATHALIE DEVELOPMENT CORPORATION DOING BUSINESS UNDER THE NAME EUPHORIA SOUND AND VISION
✅ Updated: '94 BUILDERS CONSTRUCTION AND SUPPLY CORP.
✅ Matched & Updated: KXL GENERAL CONSTRUCTION AND SUPPLY → 101 General Construction and Supply CO. (86.49%)
✅ Matched & Updated: TMTC CONSTRUCTION AND SUPPLY CORPORATION → 16EAST CONSTRUCTION AND SUPPLY CORPORATION (90.24%)
✅ Matched & Updated: R. BAUDON CONSTRUCTION AND SUPPLY CO. → 1ST BALMON CONSTRUCTION AND SUPPLY Co. (88.00%)
⚠️  No match found for: 249 CONSTRUCTION AND SUPPLY COMPANY (skipping)
✅ Matched & Updated: ROGENOX CONSTRUCTION AND SUPPLY CORP. → 2X3 CONSTRUCTION AND SUPPLY CORP. (88.57%)
✅ Matched & Updated: CLAIRE CONSTRUCTION AND SUPPLY CORPORATION → 3 K&C CONSTRUCTION AND SUPPLY CORPORATION (89.16%)
⚠️  No match found for: 3K FHRANCIS CYRENE CONSTRUCTION AND SUPPLY CORP. (skipping)
✅ Matched & Updated: ORANI CONSTRUCTION AND SUPPLY CORPORATION → 3KRIS CONSTRUCTION AND SUPPLY CORPORATION (92.68%)
✅ Matched & Updated: 3G & A CONSTRUCTION AND SUPPLY → 3R & G CONSTRUCTION AND SUPPLY CO. (87.50%)
✅ Matched & Updated: DBR CONSTRUCTION CORPORATION → DRJY Construction Corporation (94.74%)
✅ Matched & Updated: GENERAL MARKETING → General Marketing Inc. (87.18%)
⚠️  No match found for: GENPART TRADING & GENERAL MARKETING CO. (skipping)
⚠️  No match found for: ALPHA SPECTRUM REAL ESTATES, HOME BUILDER & GENERAL MARKETING, INC. (skipping)
⚠️  No match found for: AMO GENERAL MARKETING COMPANY (skipping)
⚠️  No match found for: ASIAN GENERAL MARKETING ENTERPRISES CORP. (skipping)
⚠️  No match found for: B.L.N. GENERAL MARKETING COMPANY (skipping)
⚠️  No match found for: BIOS GENERAL MARKETING CO. (skipping)
⚠️  No match found for: C.D.E. POLARIS GENERAL MARKETING CO. (skipping)
⚠️  No match found for: CEFARA GENERAL MARKETING CO. LTD. (skipping)
⚠️  No match found for: CORTLAN GENERAL MARKETING CORP. (skipping)
✅ Matched & Updated: HANNA VIA CONSTRUCTION, INC. → HANNA VIA CONSTRUCTION, INC. (100.00%)
⚠️  No match found for: "CALAYAG ENGINEERING COMPANY, INC." (skipping)
⚠️  No match found for: 3D ECO BUILDER AND ENGINEERING (skipping)
⚠️  No match found for: 3KG ENGINEERING SERVICES CORPORATION (skipping)
✅ Matched & Updated: CJEP BUILDERS AND ENGINEERING SERVICES → 3S BUILDERS AND ENGINEERING SERVICES INC. (86.08%)
⚠️  No match found for: 9TH ENGINEERING CO. (skipping)
⚠️  No match found for: A & A ENGINEERING SERVICES OPC (skipping)
⚠️  No match found for: A & C ENGINEERING SUPPLIES & CO. (skipping)
⚠️  No match found for: A & L ENGINEERING WORKS CO., LTD. (skipping)
⚠️  No match found for: A - F ENGINEERING AND SALES CORPORATION (skipping)
⚠️  No match found for: A. A. Pestijo Surveying and Engineering Services Co. (skipping)
✅ Updated: C.R. DOMINGO CONSTRUCTION AND POWER DEVELOPMENT INC.
✅ Matched & Updated: ST. TIMOTHY CONSTRUCTION CORPORATION → ST. TIMOTHY CONSTRUCTION CORPORATION (100.00%)
✅ Updated: ALMRIN BUILDERS CORPORATION
✅ Matched & Updated: KRYPTONITE 6S BUILDERS INC. → KRYPTONITE 6S BUILDERS INC. (100.00%)
⚠️  No match found for: A. DE GUIA CONSTRUCTION AND DEV'T. CO. (skipping)
✅ Updated: A. DE GUIA CONSTRUCTION AND DEVELOPMENT CORPORATION
✅ Matched & Updated: INDUSTRIAL SERVICES CORP. → GATS INDUSTRIAL SERVICES CORP. (90.91%)
⚠️  No match found for: SAR INDUSTRIAL SERVICES CORP. (skipping)
⚠️  No match found for: A.R.G. GENERAL TRADING AND INDUSTRIAL SERVICES Corp. (skipping)
⚠️  No match found for: ADULLAM INDUSTRIAL SERVICES CORP. (skipping)
⚠️  No match found for: AMERIGEN INDUSTRIAL SERVICES CORP. (skipping)
⚠️  No match found for: Asian Scandic Marine and Industrial Services Corp. (skipping)
⚠️  No match found for: BANGKAL MANPOWER AND INDUSTRIAL SERVICES CORP. (skipping)
⚠️  No match found for: BFF COMMERCIAL AND INDUSTRIAL SERVICES CORP. (skipping)
⚠️  No match found for: BLEST EVERLASTING TRADING AND INDUSTRIAL SERVICES CORP. (skipping)
⚠️  No match found for: CEG HYDRAULICS & INDUSTRIAL SERVICES CORP. (skipping)
✅ Updated: HUMMING BIRD CONSTRUCTION & SUPPLY CORPORATION
✅ Matched & Updated: JAPUZ - JANSOL ENTERPRISES → Japuz Jansol Enterprises Inc. (87.27%)
✅ Matched & Updated: JOHN-JANN CONST. AND SUPPLIES CORP. → JOHN-JANN CONST. AND SUPPLIES Corp. (100.00%)
✅ Updated: EC SOLICON BUILDERS & SUPPLY, INC.
⚠️  No match found for: ENGINEERS & TRAINORS ASSOCIATION OF THE PHILIPPINES INC. (skipping)
⚠️  No match found for: ENGINEERS AND ARCHITECT GROUP, INC. (skipping)
⚠️  No match found for: ENGINEERS DISTRIBUTORS AND MARKETING CORPORATION (skipping)
⚠️  No match found for: ENGINEERS FAMILIES & FRIENDS ASSN., INC. (skipping)
⚠️  No match found for: ENGINEERS FORESTERS AND RESEARCHERS CONCERN FOR ENVIRONMENTAL REVIVAL (ENFORCER) INC. (skipping)
⚠️  No match found for: ENGINEERS HILL RESIDENTS ASSOCIATION INC. (skipping)
⚠️  No match found for: ENGINEERS INC. (skipping)
⚠️  No match found for: ENGINEERS WITHOUT BORDERS - PHILIPPINES, Inc. (skipping)
✅ Updated: WAYCON BUILDERS AND CONSTRUCTION SUPPLY CORP.
✅ Matched & Updated: C.F. TRINIDAD CONSTRUCTION AND SUPPLIES CORP. → C.F. TRINIDAD CONSTRUCTION AND SUPPLIES CORP. (100.00%)
✅ Matched & Updated: ALFREGO BUILDERS AND SUPPLY - → ALFREGO BUILDERS AND SUPPLY, INC. (90.32%)
✅ Updated: ST. TIMOTHY CONSTRUCTION CORPORATION
✅ Matched & Updated: ALEBON GENUINE MERCHANDISING INCORPORATED → ALEBON GENUINE MERCHANDISING INCORPORATED (100.00%)
✅ Matched & Updated: TOUGHBUILT CONSTRUCTION & TRADING, INC. → TOUGHBUILT CONSTRUCTION & TRADING, INC. (100.00%)
✅ Updated: DSB CONSTRUCTION & SUPPLY, INC.
✅ Updated: 830 BUILDERS & DEVELOPERS CORP.
✅ Matched & Updated: WYT CONSTRUCTION AND DEV'T. CORP. → 2A CONSTRUCTION AND DEV'T CORP. (90.62%)
✅ Matched & Updated: ALE BUILDERS CONSTRUCTION AND DEVELOPMENT CORP. → ALMEDA BUILDER'S CONSTRUCTION AND DEV'T. CORP. (86.02%)
⚠️  No match found for: ANTIPAS DT CONSTRUCTION AND DEV'T. CORP. (skipping)
⚠️  No match found for: ASPEC JR. CONSTRUCTION AND DEV'T. CORP. (skipping)
✅ Matched & Updated: ZEDIK CONSTRUCTION AND DEVT. CORP. → AVIA CONSTRUCTION AND DEV'T., CORP. (86.96%)
✅ Matched & Updated: G.C.I.  CONSTRUCTION AND DEV'T. CORP. → BELC CONSTRUCTION AND DEV'T. CORP. (87.32%)
⚠️  No match found for: BUILD N STYLE CONSTRUCTION AND DEV'T Corp. (skipping)
✅ Matched & Updated: NRMM CONSTRUCTION AND DEV'T CORP. → DFB CONSTRUCTION AND DEV'T. CORP. (87.88%)
✅ Matched & Updated: RJM CONSTRUCTION AND DEV'T., INC. → DRSM CONSTRUCTION AND DEV'T. CORP. (86.57%)
⚠️  No match found for: DYG CONSTRUCTION AND DEV'T. CORP. (skipping)
✅ Matched & Updated: GKMM CONSTRUCTION & SUPPLIES, INC. → GKMM CONSTRUCTION & SUPPLIES, INC. (100.00%)
⚠️  No match found for: "LA ESTRELLA LUMBER ENTERPRISES, INCORPORATED" (skipping)
✅ Updated: ENTERPRISES INCORPORATED
⚠️  No match found for: 1022-F GRAPHICS ENTERPRISES, INCORPORATED (skipping)
✅ Updated: ALZAM ENTERPRISES INCORPORATED
⚠️  No match found for: 168grocers Enterprises Incorporated (skipping)
⚠️  No match found for: 2850 ENTERPRISES Incorporated (skipping)
⚠️  No match found for: 3 JJLA ENTERPRISES INCORPORATED (skipping)
✅ Updated: BSA 99 ENTERPRISES INCORPORATED
⚠️  No match found for: 5Rs Bedonia Enterprises Incorporated (skipping)
⚠️  No match found for: 8 MOUNTAIN MOVERS ENTERPRISES INCORPORATED (skipping)
✅ Updated: EC SOLICON BUILDERS & SUPPLY, INC.
⚠️  No match found for: C.T. LEONCIO CONSTRUCTION AND TRADING AND TIGER VALLEY BUILDERS CORPORATION (skipping)
✅ Updated: C.T. LEONCIO CONSTRUCTION AND TRADING
⚠️  No match found for: C.T. LEONCIO CONSTRUCTION AND TRADING M.V. CALDO CONSTRUCTION AND SUPPLY CORPORATION J.V. CO. (skipping)
⚠️  No match found for: KAIZER LEONCIO CONSTRUCTION AND SUPPLY CO. (skipping)
⚠️  No match found for: ARNELITO B. GARCIA CONSTRUCTION, INC. (skipping)
✅ Matched & Updated: C.S. GARCIA CONSTRUCTION CORPORATION → C.S. GARCIA CONSTRUCTION CORPORATION (100.00%)
✅ Matched & Updated: E. GARCIA CONSTRUCTION CORPORATION → CD Garcia Construction Corporation (94.12%)
✅ Matched & Updated: E. GARCIA CONSTRUCTION CORP. → E. GARCIA CONSTRUCTION CORP. (100.00%)
⚠️  No match found for: J.M. GARCIA CONSTRUCTION CO. (skipping)
✅ Matched & Updated: JDRC CONSTRUCTION & SUPPLIES, CORP. → JLA GARCIA CONSTRUCTION & SUPPLIES CORP. (88.00%)
⚠️  No match found for: MAYORES-GARCIA CONSTRUCTION CORP. (skipping)
⚠️  No match found for: P S GARCIA CONSTRUCTION CORP. (skipping)
⚠️  No match found for: R. GARCIA CONSTRUCTION AND PROJECT MANAGEMENT OPC (skipping)
⚠️  No match found for: S.G. GARCIA CONSTRUCTION CORP. (skipping)
✅ Matched & Updated: 3 K'S INDUSTRIAL MAINTENANCE AND SERVICES, INC. → 3 K'S INDUSTRIAL MAINTENANCE AND SERVICES, INC. (100.00%)
⚠️  No match found for: BLUE M TRADING INC. (skipping)
✅ Matched & Updated: THREE W BUILDERS, INC. → THREE W BUILDERS, INC. (100.00%)
✅ Updated: ROBIG BUILDERS AND DEVELOPMENT AND THREE W BUILDERS INC.
⚠️  No match found for: A. DE GUIA CONSTRUCTION AND DEV'T. CO. (skipping)
✅ Updated: A. DE GUIA CONSTRUCTION AND DEVELOPMENT CORPORATION
✅ Matched & Updated: CHIARA2300 INCORPORATED → CHIARA2300 INCORPORATED (100.00%)
✅ Updated: STRONGLANE BUILDERS AND TRADING CORPORATION
✅ Matched & Updated: 1C4M BUILDERS INC. → 1C4M BUILDERS INC. (100.00%)
✅ Updated: EIRISH BUILDERS & SUPPLY INC.
✅ Matched & Updated: ABIB BUILDERS ENTERPRISE → ABIB BUILDERS ENTERPRISE INC. (90.57%)
✅ Matched & Updated: ARCINUE COMM'L. CORPORATION → ARCINUE COMM'L. CORPORATION (100.00%)
✅ Matched & Updated: QUATRIX CONSTRUCTION AND SUPPLY INC. → QUATRIX CONSTRUCTION AND SUPPLY INC. (100.00%)
✅ Matched & Updated: GJE BUILDERS CORPORATION → GJE BUILDERS CORPORATION (100.00%)
✅ Matched & Updated: BADOC BUILDERS & SUPPLY, INC. → BADOC BUILDERS & SUPPLY, INC. (100.00%)
✅ Matched & Updated: CRJ CONST AND DEVELOPMENT INC → CRJ CONST AND DEVELOPMENT Inc. (98.31%)
✅ Matched & Updated: 747 BUILDERS & TRADERS, INC. → 747 BUILDERS & TRADERS, INC. (100.00%)
⚠️  No match found for: KPG General Contractor OPC operating under the name of KPG Construction (skipping)
⚠️  No match found for: 719 GENERAL CONTRACTOR SERVICES CO. (skipping)
✅ Matched & Updated: KPSL GENERAL CONTRACTOR INC. → 777 GENERAL CONTRACTOR Inc. (87.27%)
⚠️  No match found for: A & S KONSTRUCT TANK FABRICATOR & GENERAL CONTRACTOR CO. (skipping)
⚠️  No match found for: A.J. CALDERON CONSTRUCTION & GENERAL CONTRACTOR CORPORATION (skipping)
✅ Matched & Updated: ABE GENERAL CONTRACTOR → ABE GENERAL CONTRACTOR INC. (89.80%)
✅ Matched & Updated: ELITE GENERAL CONTRACTOR AND DEVELOPMENT CORP. → ACT GENERAL CONTRACTOR & DEVELOPMENT CORP. (88.64%)
⚠️  No match found for: AD5 GENERAL CONTRACTOR CO. (skipping)
⚠️  No match found for: ALLEN AND LUISA GENERAL CONTRACTOR & SERVICES CORP. (skipping)
⚠️  No match found for: AM ASIA GENERAL CONTRACTOR AND ELECTRICAL/INDUSTRIAL SALES, INC. (skipping)
✅ Matched & Updated: GENETIAN BUILDERS AND ENTERPRISES INCORPORATED → GENETIAN BUILDERS AND ENTERPRISES INCORPORATED (100.00%)
⚠️  No match found for: A. DE GUIA CONSTRUCTION AND DEV'T. CO. (skipping)
✅ Updated: A. DE GUIA CONSTRUCTION AND DEVELOPMENT CORPORATION
✅ Matched & Updated: 721 BUILDERS CORPORATION → 721 BUILDERS CORPORATION (100.00%)
✅ Matched & Updated: C.B. TAMPENGCO CONSTRUCTION & SUPPLY → C.B. TAMPENGCO CONSTRUCTION AND SUPPLY INC. (88.61%)
⚠️  No match found for: HONEYVILLECONST AND DEVELOPMENT CORPORATION doing business under the name and style of HONEYVILLECONSTRUCTION (skipping)
✅ Matched & Updated: FVR BUILDERS CORPORATION → FROMARC BUILDERS CORPORATION (88.46%)
⚠️  No match found for: TRIPLE 8 CONSTRUCTION AND SUPPLY AND FROMARC BUILDERS GENERAL MDSE JV Company (skipping)
✅ Matched & Updated: MUNTOPAR BUILDERS CORP. → MUNTOPAR BUILDERS CORP. (100.00%)
⚠️  No match found for: DEVECOM REALTY DEVELOPMENT CORP. (skipping)
✅ Matched & Updated: MEGAKONSTRUK DEVELOPMENT CORP. → DEVKONSTRUCT DEVELOPMENT CORP. (86.67%)
⚠️  No match found for: DEVNEY INTERNATIONAL DEVELOPMENT CORP. (skipping)
⚠️  No match found for: DEVRRRANS DEVELOPMENT CORP. (skipping)
✅ Matched & Updated: BNR CONSTRUCTION & DEVELOPMENT CORP. → MBP SUNRISE CONSTRUCTION & DEVELOPMENT CORP. (90.00%)
✅ Updated: (A.D) ANNO DOMINI CONSTRUCTION AND DEVELOPMENT CORP.
⚠️  No match found for: (CPDC) CLARKPRES. DEVELOPMENT CORP. (skipping)
✅ Matched & Updated: 1977 DEVELOPMENT CORP. → 0212 Development Corp. (86.36%)
✅ Matched & Updated: IO CONSTRUCTION AND DEVELOPMENT CORP. → 1001 CONSTRUCTION AND DEVELOPMENT CORP. (92.11%)
⚠️  No match found for: 1021 DEVELOPMENT CORP. (skipping)
✅ Matched & Updated: HEKLER BUILDERS CORP. → HEKLER BUILDERS CORP. (100.00%)
✅ Matched & Updated: BEEROCK ENTERPRISES INCORPORATED → BEEROCK ENTERPRISES INCORPORATED (100.00%)
✅ Updated: SUNRISE BUILDERS CO.
✅ Updated: APC-ABC SUNRISE BUILDERS INC.
✅ Updated: GOLDEN SUNRISE BUILDERS & DEV. CORP.
✅ Updated: METRO SUNRISE BUILDERS CO. LTD.
✅ Matched & Updated: 729 CONSTRUCTION, INC. → 729 CONSTRUCTION, INC. (100.00%)
✅ Updated: E.F. CHUA CONSTRUCTION, INC.
✅ Updated: JT CHUA CONSTRUCTION, INC.
⚠️  No match found for: E.S. MENDOZA BUILDERS & CONTRACTORS, INC. (skipping)
⚠️  No match found for: J. NIETO MENDOZA BUILDERS HARDWARE, INC. (skipping)
✅ Matched & Updated: J.G. MENDOZA BUILDERS → J.A. MENDOZA BUILDERS INC. (85.11%)
⚠️  No match found for: NOR-MENDOZA BUILDERS & ASSOCIATES CO. (skipping)
✅ Matched & Updated: 1FC DIZON CORP. → 1FC DIZON CORP. (100.00%)
✅ Matched & Updated: B. BERNARDO CONST., INC. → B. BERNARDO CONST., INC. (100.00%)
✅ Updated: DINAH RBS CONSTRUCTION AND SUPPLY INCORPORATED
✅ Matched & Updated: CARESYSTEM TECHNOLOGY SOLUTION CO., INC. → CARESYSTEM TECHNOLOGY SOLUTION CO., INC. (100.00%)
✅ Matched & Updated: ARN BUILDERS, INC. → ARN BUILDERS, INC. (100.00%)
✅ Matched & Updated: FK ENTERPRISES, INC. → DL ENTERPRISES INC. (87.18%)
⚠️  No match found for: DL MEGA BOSS ENTERPRISES INC. (skipping)
⚠️  No match found for: Anex Cosmetics Enterprises OPC (skipping)
⚠️  No match found for: GO 2 BIG HOMEDECOR ENTERPRISES and SUPPLIES INC. (skipping)
⚠️  No match found for: IVORYSIGN BUSINESS ENTERPRISES CORP. (skipping)
⚠️  No match found for: JVM Enterprises OPC (skipping)
⚠️  No match found for: OiLife DIRECT SELLING ENTERPRISES OPC (skipping)
⚠️  No match found for: VLO Commerce Enterprises Corp. (skipping)
⚠️  No match found for: " VERTEC COMMERCIAL ENTERPRISES" (skipping)
⚠️  No match found for: "A. R. RIVA ENTERPRISES, INC. (skipping)
✅ Updated: AMOR RAMOS CONSTRUCTION INC.
✅ Updated: M.S. RAMOS CONSTRUCTION INC.
✅ Updated: SARMIENTO-DE RAMOS CONSTRUCTION INC.
✅ Matched & Updated: BAMM BUSINESS VENTURES INC. → BAMM BUSINESS VENTURES INC. (100.00%)
✅ Matched & Updated: 11 DIAMOND EAGLE CONSTRUCTION CORPORATION → 11 DIAMOND EAGLE CONSTRUCTION CORPORATION (100.00%)
✅ Matched & Updated: CHRIZMARIE BUILDERS AND CONSTRUCTION SUPPLY → CHRIZMARIE BUILDERS AND CONSTRUCTION SUPPLY CORP. (93.48%)
✅ Matched & Updated: CELJEM CONSTRUCTION & DEVELOPMENT CORP. → CELJEM CONSTRUCTION & DEVELOPMENT CORP. (100.00%)
✅ Matched & Updated: CHARLZ CONSTRUCTION, INC. → CHARLZ CONSTRUCTION INC. (97.96%)
✅ Matched & Updated: MIGHTY HOK SUMMIT CONSTRUCTION & DEVELOPMENT CORP. → MIGHTY HOK SUMMIT CONSTRUCTION & DEVELOPMENT CORP. (100.00%)
✅ Matched & Updated: GO_SOLID BUILDERS INC. → GO_SOLID BUILDERS INC. (100.00%)
✅ Updated: F. GURREA CONSTRUCTION, INCORPORATED doing business under the name and style of Finestra Estates, and FG Marine and Services
✅ Updated: 22 PRIME CONSTRUCTION AND REALTY DEVELOPMENT INC.
✅ Matched & Updated: HALREY CONSTRUCTION INC. → A'PRIME CONSTRUCTION INC. (85.71%)
✅ Matched & Updated: A1 PRIME CONSTRUCTION AND TRADING CORPORATION → A1 PRIME CONSTRUCTION AND TRADING Corporation (100.00%)
⚠️  No match found for: ACEHEADS PRIME CONSTRUCTION, OPC (skipping)
✅ Matched & Updated: ON POINT CONSTRUCTION AND DEVELOPMENT CORPORATION → AGRECON PRIME CONSTRUCTION AND DEVELOPMENT CORPORATION (89.32%)
✅ Matched & Updated: M2 PRIME CONSTRUCTION CORPORATION → Alpha Prime Construction Corporation (89.86%)
✅ Matched & Updated: ALPIZ CONSTRUCTION AND DEVELOPMENT CORPORATION → APEX PRIME CONSTRUCTION AND DEVELOPMENT Corporation (90.72%)
⚠️  No match found for: Archnest Prime Construction Management Corp. (skipping)
✅ Matched & Updated: DON TERIO CONSTRUCTION AND DEVELOPMENT CORPORATION → ARMAGEDDON PRIME CONSTRUCTION AND DEVELOPMENT CORPORATION (87.85%)
⚠️  No match found for: ArQue Prime Construction Corp. (skipping)
✅ Matched & Updated: BOOMETRIX DEVELOPMENT CORP. → BOOMETRIX DEVELOPMENT CORP. (100.00%)
⚠️  No match found for: C.T. LEONCIO CONSTRUCTION AND TRADING AND TIGER VALLEY BUILDERS CORPORATION (skipping)
✅ Updated: C.T. LEONCIO CONSTRUCTION AND TRADING
⚠️  No match found for: C.T. LEONCIO CONSTRUCTION AND TRADING M.V. CALDO CONSTRUCTION AND SUPPLY CORPORATION J.V. CO. (skipping)
⚠️  No match found for: KAIZER LEONCIO CONSTRUCTION AND SUPPLY CO. (skipping)
✅ Updated: PERSAN CONSTRUCTION INC.
⚠️  No match found for: RAM BUILDERS & DEV. CORP. (skipping)
⚠️  No match found for: JURIC RAM BUILDERS INC. (skipping)
⚠️  No match found for: GEMORA MANUBAY CONSTRUCTION INC. doing business under the name and style of GMCI BUILDERS (skipping)
✅ Matched & Updated: V.B. MANUBAY CONSTRUCTION → V.B. MANUBAY CONSTRUCTION INC. (90.91%)
✅ Updated: AJ LAVA BUILDERS CORP.
✅ Matched & Updated: ANIMAS BROS CONSTRUCTION CORPORATION → ANIMAS BROS CONSTRUCTION CORPORATION (100.00%)
✅ Matched & Updated: CEBU 7H TECHNOCHEM INDUSTRIES, INC. → CEBU 7H TECHNOCHEM INDUSTRIES, INC. (100.00%)
✅ Updated: DAVAO CONCRETE PRODUCTS CONSTRUCTION AND TRADING CORPORATION
✅ Matched & Updated: DAVAO CONCRETE PRODUCTS → DAVAO CONCRETE PRODUCTS INC. (90.20%)
✅ Matched & Updated: FR ESPIRITU BUILDERS AND DEVELOPMENT CORP. → FR ESPIRITU BUILDERS AND DEVELOPMENT Corp. (100.00%)
⚠️  No match found for: R & E ESPIRITU BUILDERS CORPORATION (skipping)
✅ Updated: GENETIAN BUILDERS AND ENTERPRISES INCORPORATED
✅ Matched & Updated: JB KONSTRUKTURA COMPANY → JB KONSTRUKTURA COMPANY (100.00%)
✅ Updated: 830 BUILDERS & DEVELOPERS CORP.
✅ Updated: V.R. PATRON BUILDERS & DEVELOPERS CORP.
✅ Matched & Updated: CONSTRUCTION SUPPLY INCORPORAT → JEJAN CONSTRUCTION & SUPPLY INCORPORATED (85.71%)
⚠️  No match found for: FS CO SUPPLY AND BUILDERS INC. (skipping)
⚠️  No match found for: FS MULTI-CON BUILDERS & DEVELOPMENT CORP. (skipping)
⚠️  No match found for: 3EJ BUILDERS AND FABRICATIONS COMPANY (skipping)
⚠️  No match found for: CHANCEUX BUILDERS DEPOT CORP. (skipping)
⚠️  No match found for: FIRST CHOICE BUILDERS CORP. (skipping)
✅ Updated: SHERF BUILDERS CORPORATION
⚠️  No match found for: Scout Builders Hardware Supply OPC (skipping)
⚠️  No match found for: Sinirangan Builders Corp. (skipping)
✅ Updated: STEELMAN BUILDERS CORPORATION
⚠️  No match found for: THE KINGDOM BUILDERS ASSOCIATION , INC. (skipping)
✅ Updated: QM BUILDERS INC.
✅ Matched & Updated: FIRST GRANDEUR BUILDERS → FIRST GRANDEUR BUILDERS Inc. (90.20%)
✅ Matched & Updated: JORVIVS CONSTRUCTION CORPORATION → POLYMER-VIC CONSTRUCTION CORPORATION (85.29%)
✅ Updated: HUMMING BIRD CONSTRUCTION & SUPPLY CORPORATION
⚠️  No match found for: 6PASTEUR CONSTRUCTION WORKS & SUPPLY CORP. (skipping)
⚠️  No match found for: ABEMEL CONSTRUCTION WORKS AND INDUSTRIES COMPANY, INC. (skipping)
⚠️  No match found for: AG CONSTRUCTION WORKS AND SUPPLY CORP. (skipping)
⚠️  No match found for: AJAGS ENTERPRISE AND CONSTRUCTION WORKS Company (skipping)
⚠️  No match found for: AJD DEVELOPMENT, CONSTRUCTION WORKS AND SUPPLY INCORPORATED (skipping)
⚠️  No match found for: BALAI NEHEMIAH CONSTRUCTION WORKS AND MANAGEMENT CORP. (skipping)
⚠️  No match found for: CB CONSTRUCTION WORKS INC. doing business under the name/s and style/s of CBCW (skipping)
⚠️  No match found for: CEBU PHIDA CONSTRUCTION WORKS INC. (skipping)
✅ Matched & Updated: ENJINIA CONSTRUCTION WORKS, INC. → ENJINIA CONSTRUCTION WORKS, INC. (100.00%)
⚠️  No match found for: FIRSTPOINT CONSTRUCTION WORKS OPC (skipping)
✅ Matched & Updated: M3 KONSTRACT CORPORATION → M3 KONSTRACT CORPORATION (100.00%)
✅ Updated: AD & D KONSTRACT CORPORATION
✅ Updated: CMU KONSTRACT CORPORATION
✅ Matched & Updated: SILVERGRACES CONSTRUCTION AND CONSTRUCTION SUPPLY → Silvergraces Construction and Construction Supply Incorporated (88.29%)
✅ Matched & Updated: P7 BUILDERS INC. → GMP Builders Inc. (90.91%)
✅ Updated: Better Work Construction Corporation
⚠️  No match found for: AKC BUILDERS & REALTY INCORPORATED (skipping)
⚠️  No match found for: KIRSKAT VENTURE EDLY CONSTRUCTION JOINT VENTURE CO. (skipping)
⚠️  No match found for: Kirskat Venture SDB Steelstruct Builders Enterprises Joint Venture Company (skipping)
✅ Matched & Updated: AL-NOORWAY CORPORATION → AL-NOORWAY CORPORATION (100.00%)
✅ Matched & Updated: ELKANKONSTRAK DEVELOPMENT CORPORATION → ELKANKONSTRAK DEVELOPMENT CORPORATION (100.00%)
✅ Updated: JFR CONSTRUCTION INC.
✅ Updated: VSP Structure Ventures Corp.
⚠️  No match found for: 6PASTEUR CONSTRUCTION WORKS & SUPPLY CORP. (skipping)
⚠️  No match found for: ABEMEL CONSTRUCTION WORKS AND INDUSTRIES COMPANY, INC. (skipping)
⚠️  No match found for: AG CONSTRUCTION WORKS AND SUPPLY CORP. (skipping)
⚠️  No match found for: AJAGS ENTERPRISE AND CONSTRUCTION WORKS Company (skipping)
⚠️  No match found for: AJD DEVELOPMENT, CONSTRUCTION WORKS AND SUPPLY INCORPORATED (skipping)
⚠️  No match found for: BALAI NEHEMIAH CONSTRUCTION WORKS AND MANAGEMENT CORP. (skipping)
⚠️  No match found for: CB CONSTRUCTION WORKS INC. doing business under the name/s and style/s of CBCW (skipping)
⚠️  No match found for: CEBU PHIDA CONSTRUCTION WORKS INC. (skipping)
✅ Updated: ENJINIA CONSTRUCTION WORKS, INC.
⚠️  No match found for: FIRSTPOINT CONSTRUCTION WORKS OPC (skipping)
⚠️  No match found for: 6PASTEUR CONSTRUCTION WORKS & SUPPLY CORP. (skipping)
⚠️  No match found for: ABEMEL CONSTRUCTION WORKS AND INDUSTRIES COMPANY, INC. (skipping)
⚠️  No match found for: AG CONSTRUCTION WORKS AND SUPPLY CORP. (skipping)
⚠️  No match found for: AJAGS ENTERPRISE AND CONSTRUCTION WORKS Company (skipping)
⚠️  No match found for: AJD DEVELOPMENT, CONSTRUCTION WORKS AND SUPPLY INCORPORATED (skipping)
⚠️  No match found for: BALAI NEHEMIAH CONSTRUCTION WORKS AND MANAGEMENT CORP. (skipping)
⚠️  No match found for: CB CONSTRUCTION WORKS INC. doing business under the name/s and style/s of CBCW (skipping)
⚠️  No match found for: CEBU PHIDA CONSTRUCTION WORKS INC. (skipping)
✅ Updated: ENJINIA CONSTRUCTION WORKS, INC.
⚠️  No match found for: FIRSTPOINT CONSTRUCTION WORKS OPC (skipping)
✅ Matched & Updated: BAQPRINCE CONSTRUCTION AND TRADING CORP. → BAQPRINCE CONSTRUCTION AND TRADING CORP. (100.00%)
✅ Matched & Updated: J.F. GABOTERO, INC. → J.F. GABOTERO, INC. (100.00%)
✅ Updated: EC SOLICON BUILDERS & SUPPLY, INC.
✅ Matched & Updated: AQUILA CONSTRUCTION CO. → Aquila Construction Co. (100.00%)
⚠️  No match found for: GREAT ASLAN Development Opc (skipping)
⚠️  No match found for: JGAP REALTY AND DEVELOPMENT OPC (skipping)
⚠️  No match found for: 11-30 PROPERTY LEASING AND DEVELOPMENT OPC (skipping)
⚠️  No match found for: 12-10 Property Leasing and Development OPC (skipping)
⚠️  No match found for: 1CORFF DEVELOPMENT OPC (skipping)
⚠️  No match found for: 1K3EMPRESS REALTY DEVELOPMENT OPC (skipping)
⚠️  No match found for: 1ST ASIA Development OPC (skipping)
⚠️  No match found for: 1SUNBEAM SALES AND ENVI DEVELOPMENT OPC (skipping)
⚠️  No match found for: 3 Stars & Son Development Opc (skipping)
✅ Matched & Updated: DEVELOPMENT, OPC → 32Z DEVELOPMENT OPC (85.71%)
⚠️  No match found for: R-GOLDEN DEPOT CONSTRUCTION SUPPLY CO. (skipping)
✅ Matched & Updated: ARMAL CONSTRUCTION SUPPLY & SERVICES INC. → 141 CONSTRUCTION SUPPLY & SERVICES, INC. (88.89%)
⚠️  No match found for: 167 ELECTRICAL AND CONSTRUCTION SUPPLY CORP. (skipping)
✅ Matched & Updated: JANRA8 BUILDERS & CONSTRUCTION SUPPLY, INC. → 175 BUILDERS & CONSTRUCTION SUPPLY, INC. (89.16%)
✅ Updated: 1ST J.E. ADLAWAN CONSTRUCTION & SUPPLY CORPORATION
⚠️  No match found for: 3 AND 1 CONSTRUCTION SUPPLY AND GENERAL MDSE INC. DOING BUSINESS UNDER THE NAMES AND STYLES OF 12-34 BUILDERS, A AND B CONTRACTING (skipping)
⚠️  No match found for: 3-ELEVEN CONSTRUCTION SUPPLY DEPOT OPC (skipping)
✅ Matched & Updated: JFJ CONSTRUCTION & SUPPLY, INC. → 3L Construction & Supply, Inc. (91.80%)
⚠️  No match found for: 3RV MURICO INC. DOING BUSINESS UNDER THE NAME AND STYLE OF MURICO TRADING AND CONSTRUCTION SUPPLY AND KYOTO2 AUTO SUPPLY (skipping)
✅ Matched & Updated: 5'S CONSTRUCTION & SUPPLY → 4CE'S CONSTRUCTION & SUPPLY CO. (85.71%)
✅ Updated: M. MONTESCLAROS ENTERPRISES INC.
✅ Updated: RNN CONSTRUCTION CORPORATION
✅ Matched & Updated: GATEWAY 21-25 CONSTRUCTION CORP. → GATEWAY 21-25 CONSTRUCTION CORP. (100.00%)
✅ Updated: 3R3M CONSTRUCTION AND SUPPLY CORPORATION
⚠️  No match found for: BALAI NEHEMIAH CONSTRUCTION WORKS AND MANAGEMENT CORP. (skipping)
⚠️  No match found for: MARJETECH CONSTRUCTION & TRADING OPC (skipping)
✅ Matched & Updated: R2A CONSTRUCTION & TRADING CORPORATION → 1067 CONSTRUCTION & TRADING CORPORATION (90.91%)
✅ Matched & Updated: B-12 CONSTRUCTION AND TRADING CORPORATION → 117 CONSTRUCTION & TRADING CORPORATION (88.61%)
✅ Matched & Updated: 626 CONSTRUCTION & TRADING INC. → 1420 Construction Trading Inc. (88.52%)
⚠️  No match found for: 1860 PARAGON CONSTRUCTION & TRADING, INC. (skipping)
⚠️  No match found for: 3947 CONSTRUCTION & TRADING INC. (skipping)
⚠️  No match found for: 4-Way Construction & Trading Opc (skipping)
✅ Matched & Updated: SMPE CONSTRUCTION TRADING CORPORATION → 5PGA CONSTRUCTION & TRADING CORPORATION (89.47%)
⚠️  No match found for: 5TH ELEMENT CONSTRUCTION & TRADING CORP. (skipping)
✅ Matched & Updated: KATHA BUILDERS & SUPPLIES INC. → KATHA BUILDERS AND SUPPLIES INC. (93.55%)
✅ Matched & Updated: HARDROCKPLATINUM DEVELOPMENT CORPORATION → HARDROCKPLATINUM DEVELOPMENT CORPORATION (100.00%)
✅ Updated: YPR GEN. CONTRACTOR AND CONSTRUCTION SUPPLY Inc.
✅ Matched & Updated: FEDERAL AGGREGATES AND DEVELOPMENT CORP. → FEDERAL AGGREGATES AND DEVELOPMENT CORP. (100.00%)
✅ Matched & Updated: N.D.M. SANCHEZ BUILDERS & DEVELOPMENT CORPORATION → N.D.M. SANCHEZ BUILDERS & DEVELOPMENT CORPORATION (100.00%)
✅ Updated: ROCK-WBL CONSTRUCTION CORP.
✅ Matched & Updated: ESCORR BUILDERS AND TRADERS, INC. → ESCORR BUILDERS AND TRADERS, INC. (100.00%)
✅ Updated: E.L. TORRES CONSTRUCTION AND TRADING INC.
⚠️  No match found for: A. DE GUIA CONSTRUCTION AND DEV'T. CO. (skipping)
✅ Updated: A. DE GUIA CONSTRUCTION AND DEVELOPMENT CORPORATION
✅ Matched & Updated: JAMA88 BUILDERS INC. → JAMA88 BUILDERS INC. (100.00%)
⚠️  No match found for: STX ENTERPRISES, INC. (skipping)
✅ Updated: IRON WORKS AND INDL. REFRIGERATION SVCS. INC.
✅ Updated: IRON WORKS NORTH BEARD PHIL. INC.
✅ Updated: 2-R FABRICATORS IRON WORKS CO.
✅ Updated: 3 1 IRON WORKS INC.
✅ Updated: A&C IRON WORKS CO.
✅ Updated: A. GERONIMO IRON WORKS CO.
⚠️  No match found for: ACJ WOOD IRON WORKS BUILDERS INC. (skipping)
⚠️  No match found for: ADVANCE IRON WORKS CO. (skipping)
⚠️  No match found for: AIRSIGNS ADVERTISING AND IRON WORKS CO. (skipping)
⚠️  No match found for: AMALGAMATED IRON WORKS INC. (skipping)
✅ Matched & Updated: BLESSING BUILDERS AND CONSTRUCTION SUPPLY → BLESSING BUILDERS AND CONSTRUCTION SUPPLY INC. (94.25%)
⚠️  No match found for: DONATO ? SAKIWAT CONSTRUCTION (D-SC) CO. (skipping)
✅ Matched & Updated: GCLT CONSTRUCTION INCORPORATED → GCLT CONSTRUCTION INCORPORATED (100.00%)
✅ Updated: PERSAN CONSTRUCTION INC.
✅ Matched & Updated: CTC BUILDER AND SUPPLIES INCORPORATED → CTC BUILDER AND SUPPLIES INCORPORATED. (98.67%)
✅ Matched & Updated: ALEXI LOUISSE CONSTRUCTION → Alexi Louisse Construction Corp. (89.66%)
✅ Updated: GENETIAN BUILDERS AND ENTERPRISES INCORPORATED
✅ Updated: E.F. CHUA CONSTRUCTION, INC.
✅ Updated: ENRIQUE T. CHUA CONSTRUCTION DEVELOPMENT CORPORATION
✅ Updated: JT CHUA CONSTRUCTION, INC.
✅ Updated: W.R. CHUA CONSTRUCTION AND SUPPLY, INC.
✅ Matched & Updated: SJ MILLENNIUM CONSTRUCTION AND CONSTRUCTION SUPPLY CORPORATION → SJ MILLENNIUM CONSTRUCTION AND CONSTRUCTION SUPPLY CORPORATION (100.00%)
✅ Updated: PABLO S. LABASBAS CONSTRUCTION CORPORATION
✅ Matched & Updated: BEAM TEAM DEVELOPER SPECIALIST INC. → BEAM TEAM DEVELOPER SPECIALIST INC. (100.00%)
✅ Matched & Updated: ISNAG BUILDERS & DEV'T. CORPORATION → ISNAG BUILDERS & DEV'T. CORPORATION (100.00%)
✅ Matched & Updated: GIZA BUILDERS CORPORATION → Giza Builders Corporation (100.00%)
✅ Matched & Updated: STEADFAST BUILDERS CONSTRUCTION CORPORATION → STEADFAST BUILDERS CONSTRUCTION Corporation (100.00%)
✅ Matched & Updated: KMCM BUILDERS AND DEVELOPMENT CORPORATION → KMCM BUILDERS AND DEVELOPMENT CORPORATION (100.00%)
✅ Updated: L.R. TIQUI BUILDERS INC.
✅ Matched & Updated: JANRA8 BUILDERS AND CONSTRUCTION SUPPLY, INC. → Janra8 Builders & Construction Supply, Inc. (95.45%)
✅ Updated: GOLDSTAR MARKETING & CONSTRUCTION SERVICES, INC.
⚠️  No match found for: LD MD ONLINE DEVELOPERS INC. doing business under the name and style of ONLINEDOC (skipping)
⚠️  No match found for: SUNTECH BUSINESS DEVELOPERS OPC (skipping)
⚠️  No match found for: 101 PROPERTY PLANNERS & DEVELOPERS CORPORATION (skipping)
⚠️  No match found for: 101 REALTY DEVELOPERS INC. (skipping)
⚠️  No match found for: 157 DEVELOPERS INC. (skipping)
⚠️  No match found for: 25TH CENTURY PROPERTY DEVELOPERS CORP. (skipping)
⚠️  No match found for: 4RS DEVELOPERS UNLIMITED, INC. (skipping)
⚠️  No match found for: 577 PROPERTY DEVELOPERS INC. (skipping)
⚠️  No match found for: 7 SEAS BUILDERS AND DEVELOPERS INC. (skipping)
✅ Updated: 830 BUILDERS & DEVELOPERS CORP.
✅ Matched & Updated: ALGO CONSTRUCTION AND POWER DEVELOPMENT, INC. → Algo Construction and Power Development, Inc. (100.00%)
✅ Updated: EC SOLICON BUILDERS & SUPPLY, INC.
✅ Matched & Updated: PHESCO, INCORPORATED → PHESCO, INCORPORATED (100.00%)
⚠️  No match found for: GEN. MDSE. AND GROCERY COOP. STORE (skipping)
⚠️  No match found for: GEN. MDSE. VENDORS ASSN. INC. (skipping)
⚠️  No match found for: GENEVIES BEAUTY SHOP & GEN. MDSE. CO. (skipping)
⚠️  No match found for: GENRIC GEN. MDSE. CO. (skipping)
⚠️  No match found for: GENUINE CYCLE CENTER AND GEN. MDSE CORP. (skipping)
⚠️  No match found for: 10 25 GEN. MDSE. (IMUS CAVITE) CO. (skipping)
⚠️  No match found for: 10 25 GEN. MDSE. CO. (skipping)
⚠️  No match found for: 14K GEN. MDSE. CO. (skipping)
⚠️  No match found for: 201 COPY CENTER & GEN. MDSE. INC. (skipping)
✅ Matched & Updated: PLL BUILDERS INC. → PLL BUILDERS INC. (100.00%)
✅ Matched & Updated: ROCKSTEEL CONSTRUCTION AND DEV'T CORPORATION → ROCKSTEEL CONSTRUCTION AND DEV'T CORPORATION (100.00%)
✅ Matched & Updated: WBUILD CONSTRUCTION CORPORATION → Everbuilt Construction Corporation (89.23%)
✅ Matched & Updated: ACCELERATED METAL TECHNOLOGY & CONSTRUCTION, INC. → ACCELERATED METAL TECHNOLOGY & CONSTRUCTION, INC. (100.00%)
⚠️  No match found for: INFRA BUILDERS CORP. (skipping)
⚠️  No match found for: CALIFORNIA INFRA BUILDERS CO. (skipping)
⚠️  No match found for: ED GAN INFRA BUILDERS CORP. (skipping)
✅ Matched & Updated: EJANA INFRA BUILDERS INCORPORATED → EJANA INFRA BUILDERS INCORPORATED (100.00%)
⚠️  No match found for: FEM INFRA BUILDERS AND SERVICES INC. (skipping)
⚠️  No match found for: GREAT COUNTRY INFRA BUILDERS INC. (skipping)
⚠️  No match found for: ONE INFRA BUILDERS INC. (skipping)
⚠️  No match found for: PHIL-INFRA BUILDERS AND SUPPLY INC. (skipping)
⚠️  No match found for: ROSS-AL INFRA BUILDERS CORP. (skipping)
⚠️  No match found for: TOTAL INFRA BUILDERS & DEV. CORP. (skipping)
✅ Matched & Updated: ALL EML CONSTRUCTION CORPORATION → ALL EML CONSTRUCTION CORPORATION (100.00%)
✅ Matched & Updated: ALPHA & OMEGA GEN. CONTRACTOR & DEVELOPMENT CORP. → ALPHA & OMEGA GEN. CONTRACTOR & DEVELOPMENT CORP. (100.00%)
✅ Updated: BHENLLABIEN BUILDERS CORPORATION
✅ Matched & Updated: ANCHORVILLE REALTY DEV'T CONSTRUCTION CORP. → ANCHORVILLE REALTY DEV'T CONSTRUCTION CORP. (100.00%)
✅ Updated: GJE BUILDERS CORPORATION
✅ Updated: E.R. RODRIGUEZ CONSTRUCTION CORPORATION
✅ Updated: E.R. RODRIGUEZ CONSTRUCTION CORPORATION 
✅ Matched & Updated: L&M RODRIGUEZ CONSTRUCTION AND TRADING INC. → L&M RODRIGUEZ CONSTRUCTION AND TRADING INC. (100.00%)
⚠️  No match found for: NIRVANA CONSTRUCTION AND SUPPLIES L AND M RODRIGUEZ CONSTRUCTION AND TRADING INC. JOINT VENTURE CO. (skipping)
⚠️  No match found for: RIVBROS CONSTRUCTION FACTORS AND DEVELOPMENT - L AND M RODRIGUEZ CONSTRUCTION AND TRADING INC. JOINT VENTURE CO. (skipping)
✅ Matched & Updated: INSTA BUILDERS & SUPPLIES CORP. → INSTA BUILDERS & SUPPLIES CORP. (100.00%)
⚠️  No match found for: C N C CONSTRUCTION & DEV'T. CORPORATION (skipping)
⚠️  No match found for: C N I CONSTRUCTION GROUP OF COMPANIES INC. (skipping)
✅ Updated: ALRO CONSTRUCTION & DEVELOPMENT CORPORATION
⚠️  No match found for: ARAGDON AND CHAVEZ CONSTRUCTION SERVICES CORPORATION (skipping)
✅ Matched & Updated: BGC20 CONSTRUCTION CORP. → BIG JC CONSTRUCTION CORP. (89.80%)
✅ Matched & Updated: TMR CONSTRUCTION OPC → CLJR CONSTRUCTION OPC (87.80%)
✅ Matched & Updated: MRZA CONSTRUCTION CORPORATION → DMZ CONSTRUCTION CORPORATION (94.74%)
✅ Matched & Updated: EDROX CONSTRUCTION INC. → DUX CONSTRUCTION INC. (90.91%)
⚠️  No match found for: E. Y. MERCADO CONSTRUCTION CORPORATION doing business under the name and style of E Y MERCADO CONSTRUCTION (skipping)
✅ Matched & Updated: JMAN CONSTRUCTION CORPORATION → JMD8 CONSTRUCTION CORPORATION (93.10%)
✅ Updated: ALMRIN BUILDERS CORPORATION
✅ Matched & Updated: ENRIVEL CONSTRUCTION CORPORATION → GREENFIELD CONSTRUCTION CORPORATION (89.55%)
✅ Matched & Updated: ALFEL CONSTRUCTION CORPORATION → GREENFIELD CONSTRUCTION CORPORATION (86.15%)
⚠️  No match found for: "D. A. HAPSON INDUSTRIAL CORPORATION" (skipping)
⚠️  No match found for: "E D O X INDUSTRIAL CORPORATION" (skipping)
✅ Matched & Updated: INDUSTRIAL CORPORATION → "LSG INDUSTRIAL CORPORATION" (88.00%)
⚠️  No match found for: "TA HSIN INDUSTRIAL CORPORATION" (skipping)
⚠️  No match found for: "TINIO AGRO-INDUSTRIAL CORPORATION" (skipping)
⚠️  No match found for: 3016 INDUSTRIAL Corporation (skipping)
⚠️  No match found for: 3DESIE COMMERCIAL AND INDUSTRIAL CORPORATION (skipping)
⚠️  No match found for: 3HEADER DRAGON AGRO-INDUSTRIAL CORPORATION (skipping)
⚠️  No match found for: 5 R AGRO INDUSTRIAL CORPORATION (skipping)
⚠️  No match found for: 797 AGRO-INDUSTRIAL CORPORATION (skipping)
✅ Matched & Updated: DREAMWORX BUILDER & TRADING, INC. → DREAMWORX BUILDER & TRADING, INC. (100.00%)
✅ Updated: 1ST J.E. ADLAWAN CONSTRUCTION & SUPPLY CORPORATION
⚠️  No match found for: B. BERNARDO CONSTRUCTION-EARTHWORK MOVERS JOINT VENTURE CO. (skipping)
✅ Matched & Updated: EDELSONS BUILDERS INC. → EDELSONS BUILDERS INC. (100.00%)
✅ Matched & Updated: ROVING PREMIER CONTRACTORS, INC. → ROVING PREMIER CONTRACTORS, INC. (100.00%)
✅ Updated: M.A. Tesoro Construction Corporation
✅ Matched & Updated: RM30 PSG CONSTRUCTION CORPORATION → RM30 PSG CONSTRUCTION Corporation (100.00%)
✅ Updated: EC SOLICON BUILDERS & SUPPLY, INC.
✅ Matched & Updated: GALFONS BUILDERS & SUPPLY, INC. → GALFONS BUILDERS & SUPPLY, INC. (100.00%)
✅ Updated: FILCAN UNITED CONSTRUCTION & GENERAL MERCHANDISE CORP.
✅ Matched & Updated: CAJUGOTAN BUILDERS AND DEVELOPMENT CORP. → CAJUGOTAN BUILDERS AND DEVELOPMENT CORP. (100.00%)
✅ Updated: JARGON CONSTRUCTION & SUPPLY CORPORATION
✅ Matched & Updated: C.A. BETALAC CONSTRUCTION & GEN. MDSE., INC. → C.A. BETALAC CONSTRUCTION & GEN. MDSE., INC. (100.00%)
⚠️  No match found for: ARMANDO U. KHONG HUN GENERAL CONTRACTOR AND R.A. PAHATI CONSTRUCTION LTD. CO. (skipping)
✅ Updated: INSTA BUILDERS & SUPPLIES CORP.
✅ Matched & Updated: ZLREJ TRADING AND CONSTRUCTION CORPORATION → KLDS TRADING & CONSTRUCTION CORPORATION (86.42%)
✅ Matched & Updated: KBR CONSTRUCTION CORPORATION → C-BROS CONSTRUCTION CORPORATION (91.53%)
⚠️  No match found for: C-BROS CONSTRUCTION OIL TRADING UNIT INC. (skipping)
✅ Matched & Updated: BNR CONSTRUCTION AND DEVELOPMENT CORPORATION → A-BROS. CONSTRUCTION AND DEVELOPMENT CORPORATION (93.48%)
⚠️  No match found for: ABAD BROS. CONSTRUCTION COMPANY (skipping)
✅ Updated: ANIMAS BROS CONSTRUCTION CORPORATION
✅ Matched & Updated: RRN CONSTRUCTION & DEV'T. CORP. → ARCEO BROS. CONSTRUCTION & DEV'T. CORP. (85.71%)
⚠️  No match found for: Brilliant Bros Construction Inc. (skipping)
✅ Matched & Updated: PBO CONSTRUCTION COMPANY → BROS CONSTRUCTION COMPANY (93.88%)
⚠️  No match found for: CENTERWAYS CONSTRUCTION AND DEVELOPMENT AND L. BROS CONSTRUCTION AND SUPPLY JV CO. (skipping)
✅ Matched & Updated: QG DEVELOPMENT CORPORATION → BNYU DEVELOPMENT CORPORATION (88.89%)
✅ Matched & Updated: TIKA CONSTRUCTION INC. → IJK MAE CONSTRUCTION INC. (89.36%)
✅ Matched & Updated: R2CG BUILDERS INC. → GC BUILDERS INC. (88.24%)
⚠️  No match found for: GC MODULAR PREMIER BUILDERS INC. (skipping)
⚠️  No match found for: GC PRIME BUILDERS INC. (skipping)
⚠️  No match found for: 3EJ BUILDERS AND FABRICATIONS COMPANY (skipping)
⚠️  No match found for: CHANCEUX BUILDERS DEPOT CORP. (skipping)
⚠️  No match found for: FIRST CHOICE BUILDERS CORP. (skipping)
✅ Updated: SHERF BUILDERS CORPORATION
⚠️  No match found for: Scout Builders Hardware Supply OPC (skipping)
⚠️  No match found for: Sinirangan Builders Corp. (skipping)
✅ Updated: STEELMAN BUILDERS CORPORATION
✅ Matched & Updated: MAC BUILDERS CORP. → AGDCON BUILDERS CORP. (87.18%)
✅ Matched & Updated: GASAT BUILDERS AND SUPPLIES INC. → GASAT BUILDERS AND SUPPLIES INC. (100.00%)
✅ Updated: ALMRIN BUILDERS CORPORATION
✅ Matched & Updated: BAP CONSTRUCTION AND DEVELOPMENT CORPORATION → BDA Jr. Construction and Development Corporation (93.48%)
✅ Updated: ALRO CONSTRUCTION & DEVELOPMENT CORPORATION
⚠️  No match found for: ARAGDON AND CHAVEZ CONSTRUCTION SERVICES CORPORATION (skipping)
✅ Updated: BGC20 CONSTRUCTION CORP.
✅ Updated: TMR CONSTRUCTION OPC
✅ Updated: MRZA CONSTRUCTION CORPORATION
✅ Updated: EDROX CONSTRUCTION INC.
⚠️  No match found for: E. Y. MERCADO CONSTRUCTION CORPORATION doing business under the name and style of E Y MERCADO CONSTRUCTION (skipping)
✅ Updated: JMAN CONSTRUCTION CORPORATION
⚠️  No match found for: MARJETECH CONSTRUCTION & TRADING OPC (skipping)
✅ Matched & Updated: EARL CONSTRUCTION INCORPORATED → MARSUN CONSTRUCTION, INCORPORATED (88.89%)
⚠️  No match found for: FAST GREEN BUILDER INC. (skipping)
⚠️  No match found for: Real Green Builder Solutions Inc. (skipping)
⚠️  No match found for: SKY GREEN BUILDER, INC. (skipping)
✅ Matched & Updated: UNIMAX STEEL STRUCTURE AND CONSTRUCTION CORP. → UNIMAX STEEL STRUCTURE AND CONSTRUCTION CORP. (100.00%)
✅ Updated: A. D. PENDON CONSTRUCTION & SUPPLY, INC.
⚠️  No match found for: GOLDRICH CONSTRUCTION & DEV'T CORP. (skipping)
⚠️  No match found for: METRO GOLDRICH CONSTRUCTION INC. (skipping)
✅ Matched & Updated: SILVER DRAGON CONSTRUCTION & LUMBER & GLASS SUPPLY INC. → SILVER DRAGON CONSTRUCTION & LUMBER & GLASS SUPPLY, INC. (99.10%)
✅ Matched & Updated: JORENZ BUILDERS DEVELOPMENT CORP. → JORENZ BUILDERS DEVELOPMENT CORP. (100.00%)
✅ Updated: TRIPLE 8 CONST. & SUPPLY INC.
✅ Updated: C.F. TRINIDAD CONSTRUCTION AND SUPPLIES CORP.
⚠️  No match found for: DELA TRINIDAD CONSTRUCTION Corp. (skipping)
✅ Updated: L. B. LEONCIO TRADING AND CONSTRUCTION Corporation
⚠️  No match found for: A AND C MILLARES REALTY AND DEV'T. CORPORATION (skipping)
⚠️  No match found for: AAA ACCURATE CONSTRUCTIONS & DEV'T. CORPORATION (skipping)
⚠️  No match found for: AASGARD DEV'T CORPORATION (skipping)
⚠️  No match found for: ACE CITI DEV'T. CORPORATION (skipping)
✅ Matched & Updated: ALMANA CONSTRUCTION AND DEV'T CORPORATION → AGD JBS CONSTRUCTION AND DEV'T. CORPORATION (85.71%)
⚠️  No match found for: AGRI-PARK PROPERTIES DEV'T. CORPORATION (skipping)
⚠️  No match found for: AGUSUR AND AGRO INDUSTRIAL DEV'T. CORPORATION (skipping)
⚠️  No match found for: ALCINI DEV'T. CORPORATION (skipping)
⚠️  No match found for: ALLIANCE IN MOTION REALTY DEV'T. CORPORATION (skipping)
✅ Matched & Updated: MADYAW CONSTRUCTION & DEV. CORPORATION → ALMANA CONSTRUCTION AND DEV'T. CORPORATION (85.00%)
✅ Matched & Updated: CLIFFORD CONSTRUCTION CORPORATION → CLIFFORD CONSTRUCTION CORPORATION (100.00%)
✅ Updated: EC SOLICON BUILDERS & SUPPLY, INC.
✅ Matched & Updated: AVECS CORPORATION → AVECS CORPORATION (100.00%)
✅ Matched & Updated: AJJ STRUKTURE BUILDERS INC. → AJJ STRUKTURE BUILDERS INC. (100.00%)
✅ Matched & Updated: JLL PULSAR CONSTRUCTION CORPORATION → JLL PULSAR CONSTRUCTION CORPORATION (100.00%)
⚠️  No match found for: CBC Square Builders Co. (skipping)
⚠️  No match found for: AVE-MIRA CONSTRUCTION CORPORATION doing business under the name and style of AVE-MIRA CONSTRUCTION AND TRADING (skipping)
✅ Matched & Updated: BAYTORR CONSTRUCTION AND DEVELOPMENT CORPORATION → BAYTORR CONSTRUCTION AND DEVELOPMENT CORPORATION (100.00%)
⚠️  No match found for: E.C. GALANG CONSTRUCTION CO. (skipping)
✅ Matched & Updated: MAGA CONSTRUCTION AND SUPPLIES INC. → WAYNE GALANG CONSTRUCTION AND SUPPLIES, Inc. (86.08%)
✅ Updated: JIMWELL BUILDERS AND SUPPLIES CORPORATION
✅ Updated: J. B. FELIPE CONSTRUCTION CORPORATION
✅ Matched & Updated: UBS UNITED BUILDERS AND SUPPLY INC. → UBS UNITED BUILDERS AND SUPPLY INC. (100.00%)
✅ Matched & Updated: KWIKBUILT DEVELOPMENT CORPORATION → KWIKBUILT DEVELOPMENT CORPORATION (100.00%)
✅ Matched & Updated: E.M. CUERPO INC. → E.M. CUERPO INC. (100.00%)
⚠️  No match found for: FAIRCHILD BUILDERS AND DEVELOPERS, INCORPORATED (skipping)
✅ Updated: TCSC CORP.
✅ Matched & Updated: CONSTRUCTION SERVICES INCORPORATED → ACON CONSTRUCTION SERVICES, INCORPORATED (91.89%)
✅ Matched & Updated: ALMATEL CONSTRUCTION SERVICES, INC. → ALMATEL CONSTRUCTION SERVICES, INCORPORATED (87.18%)
✅ Matched & Updated: ARRIANNE MERCHANDISING AND CONSTRUCTION SERVICES, INC. → ARRIANNE MERCHANDISING AND CONSTRUCTION SERVICES INCORPORATED (90.43%)
⚠️  No match found for: AVODAH CONSTRUCTION SERVICES, INCORPORATED (skipping)
⚠️  No match found for: Dumar Painting and Construction Services Incorporated doing business under the name/s and style/s of DUMAR (skipping)
⚠️  No match found for: E2R SAFETY and CONSTRUCTION SERVICES INCORPORATED (skipping)
✅ Matched & Updated: EDFROBON CONSTRUCTION SERVICES INCORPORATED → EDFROBON CONSTRUCTION SERVICES INCORPORATED (100.00%)
⚠️  No match found for: ERP GROUP GENERAL CONSTRUCTION SERVICES INCORPORATED (skipping)
⚠️  No match found for: estrabo electrical construction services Incorporated (skipping)
⚠️  No match found for: GCJR CONSTRUCTION SERVICES INCORPORATED (skipping)
✅ Matched & Updated: J3P CONSTRUCTION AND DEVELOPER CORPORATION → J3P CONSTRUCTION AND DEVELOPER CORPORATION (100.00%)
✅ Matched & Updated: J.C. UYECIO CONSTRUCTION AND DEVELOPMENT COMPANY → J.C. UYECIO CONSTRUCTION AND DEVELOPMENT COMPANY (100.00%)
⚠️  No match found for: 6PASTEUR CONSTRUCTION WORKS & SUPPLY CORP. (skipping)
⚠️  No match found for: ABEMEL CONSTRUCTION WORKS AND INDUSTRIES COMPANY, INC. (skipping)
⚠️  No match found for: AG CONSTRUCTION WORKS AND SUPPLY CORP. (skipping)
⚠️  No match found for: AJAGS ENTERPRISE AND CONSTRUCTION WORKS Company (skipping)
⚠️  No match found for: AJD DEVELOPMENT, CONSTRUCTION WORKS AND SUPPLY INCORPORATED (skipping)
⚠️  No match found for: BALAI NEHEMIAH CONSTRUCTION WORKS AND MANAGEMENT CORP. (skipping)
⚠️  No match found for: CB CONSTRUCTION WORKS INC. doing business under the name/s and style/s of CBCW (skipping)
⚠️  No match found for: CEBU PHIDA CONSTRUCTION WORKS INC. (skipping)
✅ Updated: ENJINIA CONSTRUCTION WORKS, INC.
⚠️  No match found for: FIRSTPOINT CONSTRUCTION WORKS OPC (skipping)
✅ Matched & Updated: AAA ROCK CONSTRUCTION CORPORATION → AAA ROCK CONSTRUCTION Corporation (100.00%)
✅ Matched & Updated: 4DOVE BUILDERS CORPORATION → 4DOVE BUILDERS CORPORATION (100.00%)
✅ Matched & Updated: KENT MARKETING GROUP OF COMPANIES INC. → KENT MARKETING GROUP OF COMPANIES INC. (100.00%)
✅ Matched & Updated: HUSAIN CONSTRUCTION AND SUPPLY CO. → S and G CONSTRUCTION and SUPPLY Co. (89.86%)
✅ Matched & Updated: ALEPHNORTH PEAK CONSTRUCTION AND DEVELOPMENT CO. → ALEPHNORTH PEAK CONSTRUCTION AND DEVELOPMENT CO. (100.00%)
⚠️  No match found for: SUPER 108 HARDWARE & CONSTRUCTION SUPPLY INC. (skipping)
✅ Matched & Updated: FCP BUILDERS AND SUPPLY, INC. → Super A Builders and Supply Inc. (85.25%)
⚠️  No match found for: SUPER ART ALUMINUM & GLASS SUPPLY CO. (skipping)
⚠️  No match found for: SUPER COOL ENGG. SUPPLY CO. INC. (skipping)
⚠️  No match found for: SUPER FLOW SUPPLY CHAIN TECHNOLOGY INC. (skipping)
⚠️  No match found for: SUPER HIGHWAY LUMBER & CONS. SUPPLY INC. (skipping)
⚠️  No match found for: SUPER MEGA CONS. & SUPPLY CO. (skipping)
⚠️  No match found for: SUPER NURSERIES & SUPPLY CORP. (skipping)
⚠️  No match found for: SUPER POWER BUILDERS & SUPPLY PHILS. INC. (skipping)
⚠️  No match found for: SUPER POWER INDL. SUPPLY CO. (skipping)
⚠️  No match found for: 820 BUILDERS & SUPPLIES INC. (skipping)
✅ Updated: A.L. SALAZAR CONSTRUCTION, INC.
✅ Updated: GENETIAN BUILDERS AND ENTERPRISES INCORPORATED
✅ Updated: CS Const. and Supply INC. with trade name/s of CS Construction and Supply and CS Manor Hotel
⚠️  No match found for: CS GEM CONST. & SUPPLY CO. (skipping)
⚠️  No match found for: *MARKBILT CONST. INC. (skipping)
⚠️  No match found for: 1053 CONST. CORP. (skipping)
⚠️  No match found for: 1462 DEV'T & CONST. CORP. (skipping)
✅ Updated: 1A'GARSAC CONST. AND SUPPLY INC.
⚠️  No match found for: 1G-BROS CONST. AND SUPPLY Corp. (skipping)
⚠️  No match found for: 24/7 PRINTING & TRADING CONST. CORP. (skipping)
⚠️  No match found for: 2B CONST. & MARKETING CO. (skipping)
⚠️  No match found for: 3 Island Boys Const. Corp. (skipping)
✅ Matched & Updated: MAER SUMMIT KONSTRUKT CO. → MAER SUMMIT KONSTRUKT CO. (100.00%)
✅ Updated: BHENLLABIEN BUILDERS CORPORATION
✅ Matched & Updated: F316 CONSTRUCTION CORP. → F316 CONSTRUCTION CORP. (100.00%)
✅ Updated: VCD CONSTRUCTION, INC.
✅ Matched & Updated: JTL KONSTRUCT CORPORATION → JTL KONSTRUCT CORPORATION (100.00%)
⚠️  No match found for: ARAGDON AND CHAVEZ CONSTRUCTION SERVICES CORPORATION (skipping)
⚠️  No match found for: "JUST US" INDUSTRIAL & CONSTRUCTION SERVICES INC. (skipping)
✅ Matched & Updated: TENS CONSTRUCTION SERVICE OPC → 1-ETF Construction Services Opc (86.67%)
⚠️  No match found for: 1427 TRADING & CONSTRUCTION SERVICES CO. (skipping)
⚠️  No match found for: 15O5 Construction Services Co. (skipping)
✅ Matched & Updated: FGCC CONSTRUCTION & SERVICES COMPANY → 2D Construction Services Company (88.24%)
✅ Matched & Updated: JMD CONSTRUCTION SERVICES INC. → 2G Construction Services Inc. (91.53%)
⚠️  No match found for: 3'S MACAPOBRE CONSTRUCTION SERVICES CORP. (skipping)
⚠️  No match found for: 3-A'S CONSTRUCTION SERVICES INC. (skipping)
✅ Updated: 3AMR CONSTRUCTION SERVICES INC.
⚠️  No match found for: ASIAN PEARL CONSTRUCTION & DEVELOPMENT CORP. DOING BUSINESS UNDER THE NAME AND STYLE OF PEARL HOMES ILOCOS (skipping)
✅ Updated: BLESSING BUILDERS AND CONSTRUCTION SUPPLY
✅ Matched & Updated: BLESSING BUILDERS → BLESSING BUILDERS CO. (89.47%)
✅ Matched & Updated: ISOBEL CONCRETE CONSTRUCTOR CORPORATION → ISOBEL CONCRETE CONSTRUCTOR CORPORATION (100.00%)
⚠️  No match found for: Scout Builders Hardware Supply OPC (skipping)
⚠️  No match found for: 2A's HARDWARE SUPPLY INC. (skipping)
⚠️  No match found for: 4 JEMS HARDWARE SUPPLY CO. (skipping)
⚠️  No match found for: 4PILLARS-GROUP HARDWARE SUPPLY CORP. (skipping)
⚠️  No match found for: 5P HARDWARE SUPPLY Co. Ltd. (skipping)
⚠️  No match found for: 90'S HARDWARE SUPPLY Inc. (skipping)
⚠️  No match found for: A-cube Hardware Supply OPC (skipping)
⚠️  No match found for: A.M.Y. METAL AND HARDWARE SUPPLY TRADING OPC (skipping)
⚠️  No match found for: A.S.M. Hardware Supply Trading OPC (skipping)
⚠️  No match found for: AE CRUZ HARDWARE SUPPLY OPC (skipping)
✅ Updated: 128 DRAGON CONSTRUCTION AND SUPPLIES, OPC
✅ Matched & Updated: J.S. LAYSON & CO., INC. → A.C. LAYSON & CO. INC. (88.89%)
⚠️  No match found for: ARCILLA SIA LAYSON TECHNOLOGIES INC. (skipping)
⚠️  No match found for: ESPINA AGUILAR LAYSON & ASSOCIATES (skipping)
✅ Matched & Updated: J.S. LAYSON & CO. , INC. → J.S. LAYSON & CO. INC. (95.65%)
⚠️  No match found for: J.S. LAYSON CONS. INC. (skipping)
⚠️  No match found for: LAYSON BONDOC INTL. INC. (skipping)
⚠️  No match found for: LAYSON BUILDERS CONS. CORP. (skipping)
⚠️  No match found for: LAYSON CONSTRUCTION & PROPERTY DEVELOPMENT INC. (skipping)
⚠️  No match found for: LAYSON ENTERPRISES INCORPORATED (skipping)
✅ Matched & Updated: LAYSON JV & CO., INC. → LAYSON JV & CO., INC. (100.00%)
✅ Matched & Updated: JASA GD 2000 CONSTRUCTION CORPORATION → JASA GD 2000 CONSTRUCTION CORPORATION (100.00%)
✅ Matched & Updated: INDUSTRIAL CONTROLS CORPORATION  → INDUSTRIAL CONTROLS CORPORATION (ICC) (92.75%)
✅ Updated: Ankor Gaulle Construction and Supply Corporation
⚠️  No match found for: 2G Builders & Enterprises Company (skipping)
⚠️  No match found for: A PLUS CONSTRUX BUILDERS & ENTERPRISES CORP. (skipping)
⚠️  No match found for: A-I-YU BUILDERS & ENTERPRISES, INC. (skipping)
⚠️  No match found for: AL-PINES BUILDERS & ENTERPRISES CO. (skipping)
⚠️  No match found for: ALVELE ASIATIC BUILDERS ENTERPRISES INC. (skipping)
⚠️  No match found for: AMSL BUILDERS & ENTERPRISES CORP. (skipping)
⚠️  No match found for: APPE Crest Builders Enterprises OPC (skipping)
⚠️  No match found for: BADILLES BUILDERS ENTERPRISES INC. (skipping)
⚠️  No match found for: CDO HAMMER BUILDERS ENTERPRISES CO. (skipping)
⚠️  No match found for: CREATIVE NATION BUILDERS ENTERPRISES CO. (skipping)
✅ Updated: HUMMING BIRD CONSTRUCTION & SUPPLY CORPORATION
✅ Matched & Updated: AL-REM KONSTRUCT INC. → AL-REM KONSTRUCT INC. (100.00%)
✅ Updated: GALFONS BUILDERS & SUPPLY, INC.
✅ Updated: FIRST NORTHWAY DEVELOPMENT AND CONSTRUCTION CORPORATION
✅ Updated: J. B. FELIPE CONSTRUCTION CORPORATION
✅ Updated: INFINITUM 888 CONSTRUCTION AND DEVELOPMENT CORPORATION
✅ Matched & Updated: AMETHYST HORIZON BUILDERS AND GEN. CONTRACTOR AND DEVELOPMENT CORP. → AMETHYST HORIZON BUILDERS AND GEN. CONTRACTOR AND DEVELOPMENT CORP. (100.00%)
⚠️  No match found for: 3K BROS. BUILDERS CORP. (skipping)
⚠️  No match found for: ALDELP AND BROS. BUILDERS CORPORATION (skipping)
⚠️  No match found for: D' BROS. BUILDERS AND SERVICES CORP. (skipping)
⚠️  No match found for: FA-BROS BUILDERS AND TRADING Inc. (skipping)
⚠️  No match found for: Forged Bros. Builders Corp. (skipping)
⚠️  No match found for: GUTIERREZ BROS BUILDERS CORP. (skipping)
⚠️  No match found for: MARIO BROS. BUILDERS & CONTRACTORS CORP. (skipping)
⚠️  No match found for: MASINA BROS. BUILDERS & CONTRACTORS (skipping)
✅ Matched & Updated: ROSAND BUILDERS CORPORATION → V-BROS BUILDERS CORPORATION (88.89%)
✅ Updated: WYT CONSTRUCTION AND DEV'T. CORP.
✅ Matched & Updated: ALXM CONSTRUCTION & DEV'T. CORP. → 2M-V CONSTRUCTION & DEV'T. CORP. (90.62%)
⚠️  No match found for: 2ND BATTALION MARKETING & DEV`T. CORP. (skipping)
⚠️  No match found for: 3 J'S CONSTRUCTION & DEV'T. CORP. (skipping)
⚠️  No match found for: 3A&C REALTY & DEV'T. CORP. (skipping)
⚠️  No match found for: 3E INFINITE RESOURCES AND DEV'T. CORP. (skipping)
⚠️  No match found for: 3K REALTY & DEV'T CORP. (skipping)
⚠️  No match found for: 3M2A CONSTRUCTION DEV'T. CORP. (skipping)
⚠️  No match found for: 3MCL REALTY & DEV'T. CORP. (skipping)
✅ Updated: CANLAON BUILDERS AND DEVELOPMENT CORPORATION
⚠️  No match found for: KPSL General Contractor Inc. doing business under the name and style of KPSL Gen. Cont. (skipping)
✅ Updated: GKMM CONSTRUCTION & SUPPLIES, INC.
✅ Updated: GENETIAN BUILDERS AND ENTERPRISES INCORPORATED
⚠️  No match found for: 6PASTEUR CONSTRUCTION WORKS & SUPPLY CORP. (skipping)
⚠️  No match found for: ABEMEL CONSTRUCTION WORKS AND INDUSTRIES COMPANY, INC. (skipping)
⚠️  No match found for: AG CONSTRUCTION WORKS AND SUPPLY CORP. (skipping)
⚠️  No match found for: AJAGS ENTERPRISE AND CONSTRUCTION WORKS Company (skipping)
⚠️  No match found for: AJD DEVELOPMENT, CONSTRUCTION WORKS AND SUPPLY INCORPORATED (skipping)
⚠️  No match found for: BALAI NEHEMIAH CONSTRUCTION WORKS AND MANAGEMENT CORP. (skipping)
⚠️  No match found for: CB CONSTRUCTION WORKS INC. doing business under the name/s and style/s of CBCW (skipping)
⚠️  No match found for: CEBU PHIDA CONSTRUCTION WORKS INC. (skipping)
✅ Updated: ENJINIA CONSTRUCTION WORKS, INC.
⚠️  No match found for: FIRSTPOINT CONSTRUCTION WORKS OPC (skipping)
✅ Updated: HUMMING BIRD CONSTRUCTION & SUPPLY CORPORATION
✅ Updated: BHENLLABIEN BUILDERS CORPORATION
✅ Updated: ALMRIN BUILDERS CORPORATION
⚠️  No match found for: ARAGDON AND CHAVEZ CONSTRUCTION SERVICES CORPORATION (skipping)
⚠️  No match found for: "JUST US" INDUSTRIAL & CONSTRUCTION SERVICES INC. (skipping)
✅ Updated: TENS CONSTRUCTION SERVICE OPC
⚠️  No match found for: 1427 TRADING & CONSTRUCTION SERVICES CO. (skipping)
⚠️  No match found for: 15O5 Construction Services Co. (skipping)
✅ Updated: FGCC CONSTRUCTION & SERVICES COMPANY
✅ Updated: JMD CONSTRUCTION SERVICES INC.
⚠️  No match found for: 3'S MACAPOBRE CONSTRUCTION SERVICES CORP. (skipping)
⚠️  No match found for: 3-A'S CONSTRUCTION SERVICES INC. (skipping)
✅ Updated: 3AMR CONSTRUCTION SERVICES INC.
✅ Matched & Updated: ADAMANT DEVELOPMENT CORPORATION → ADAMANT DEVELOPMENT CORPORATION (100.00%)
✅ Matched & Updated: EINS HANA CONSTRUCTION CORPORATION → EINS HANA CONSTRUCTION CORPORATION (100.00%)
✅ Matched & Updated: DICA CONST. & DEVELOPMENT CORP. → DICA CONST. & DEVELOPMENT CORP. (100.00%)
✅ Matched & Updated: GICAR CONSTRUCTION, INC. → GICAR CONSTRUCTION, INC. (100.00%)
✅ Matched & Updated: 120 OVER CONSTRUCTION CO. → 120 OVER CONSTRUCTION CO. (100.00%)
⚠️  No match found for: Francisco Construction and Supply Corp. doing business under the name/s and style/s of INFRACONTRACO (skipping)
✅ Matched & Updated: P.S. FRANCISCO CONSTRUCTION → P.M. FRANCISCO CONSTRUCTION CO. (89.66%)
⚠️  No match found for: INDAYS FOOD INDUSTRIES PHILS. INC. (skipping)
⚠️  No match found for: INDEX INDUSTRIES INC. (skipping)
⚠️  No match found for: INDO PHIL. PHARMACEUTICAL INDUSTRIES INC. (skipping)
⚠️  No match found for: INDOFIL INDUSTRIES CO. LTD. (skipping)
⚠️  No match found for: INDTRADE INDUSTRIES CORP. (skipping)
⚠️  No match found for: INDUSTRIES & BUSINESS SUPPORT INC. (skipping)
⚠️  No match found for: INDUSTRIES DEV. CORP. (skipping)
⚠️  No match found for: INDUSTRIES FOR A CLEAN ENVIRONMENT INC. (skipping)
✅ Matched & Updated: AKSUM CONTRACTING CORPORATION → Aksum Contracting Corporation (100.00%)
✅ Matched & Updated: A PLUS CONSTRUCTION AND DEVELOPMENT CORP. → A PLUS CONSTRUCTION AND DEVELOPMENT CORP. (100.00%)
⚠️  No match found for: A PROPERTY DEVELOPMENT & CONSTRUCTION CORPORATION doing business under the names and styles of ISOBEL CONDOMINIUM AND DORMITORY and INDY & ANDO TWIN TOWERS (skipping)
✅ Updated: ALRO CONSTRUCTION & DEVELOPMENT CORPORATION
⚠️  No match found for: ARAGDON AND CHAVEZ CONSTRUCTION SERVICES CORPORATION (skipping)
✅ Updated: BGC20 CONSTRUCTION CORP.
✅ Updated: TMR CONSTRUCTION OPC
✅ Updated: MRZA CONSTRUCTION CORPORATION
✅ Updated: EDROX CONSTRUCTION INC.
⚠️  No match found for: E. Y. MERCADO CONSTRUCTION CORPORATION doing business under the name and style of E Y MERCADO CONSTRUCTION (skipping)
✅ Updated: JMAN CONSTRUCTION CORPORATION
⚠️  No match found for: 1 MERITUS GENERAL CONSTRUCTION CORP. (skipping)
✅ Updated: KXL GENERAL CONSTRUCTION AND SUPPLY
⚠️  No match found for: 3032 GENERAL CONSTRUCTION CORP. Doing business under HaligueHomes (skipping)
✅ Matched & Updated: F & J GENERAL CONSTRUCTION AND SUPPLY CORPORATION → 3RBK GENERAL CONSTRUCTION AND SUPPLIES Corporation (86.87%)
⚠️  No match found for: 467 GENERAL CONSTRUCTION CORP. (skipping)
⚠️  No match found for: 4WARD GENERAL CONSTRUCTION & SERVICES INC. (skipping)
⚠️  No match found for: 5J TRADING AND GENERAL CONSTRUCTION CO. (skipping)
✅ Matched & Updated: A.D. MARRERO GENERAL CONSTRUCTION → A.D. Marrero General Construction Corp. (91.67%)
✅ Matched & Updated: A.P.O. GENERAL CONSTRUCTION → A.P.O. GENERAL CONSTRUCTION OPC (93.10%)
⚠️  No match found for: A.S PEREZ GENERAL CONSTRUCTION AND TRADING CO. LTD. (skipping)
✅ Matched & Updated: HEBREWS BUILDERS AND CONSTRUCTION CORP. → HEBREWS BUILDERS AND CONSTRUCTION CORP. (100.00%)
✅ Updated: KAUIE BUILDERS & SUPPLIES INC.
✅ Updated: A.L. SALAZAR CONSTRUCTION, INC.
✅ Updated: LUMEL GLENN CONSTRUCTION INC.
⚠️  No match found for: J-THREE BAGWIS CONSTRUCTION COMPANY (skipping)
✅ Matched & Updated: KYRO BUILDERS, INC. → KYRO BUILDERS, INC. (100.00%)
✅ Updated: TOUGHBUILT CONSTRUCTION & TRADING, INC.
✅ Matched & Updated: FIVE TRAVELLERS CONSTRUCTION INC. → FIVE TRAVELLERS CONSTRUCTION INC. (100.00%)
✅ Matched & Updated: EMSYM CONSTRUCTION CORP. → EMSYM Construction Corp. (100.00%)
✅ Matched & Updated: J.D. LEGASPI CONSTRUCTION → J.D. LEGASPI CONSTRUCTION CORP. (89.29%)
⚠️  No match found for: JD LEGASPI CONSTRUCTION ADASFA SDN BHD JOINT VENTURE LTD. COMPANY doing business under the name and style of JD LEGASPI CONSTRUCTION ADASFA SDN BHD JOINT VENTURE (skipping)
⚠️  No match found for: RE LEGASPI CONSTRUCTION CORP. (skipping)
✅ Updated: 3KIB BUILDERS AND SUPPLY OPC
✅ Updated: 3R BUILDERS AND SUPPLY OPC
✅ Updated: 4MP Builders and Supply Corp.
✅ Updated: 5G BUILDERS AND SUPPLY TRADING CORP. Doing business under WYS BUILDERS AND CONSTRUCTION SUPPLY
✅ Updated: 84 Builders and Supply Inc.
✅ Updated: ABM1 BUILDERS AND SUPPLY, INC.
✅ Updated: ACA ABSOLUTE BUILDERS AND SUPPLY, INC.
✅ Updated: AGRF Ecogreen Builders and Supply, Inc.
✅ Updated: AGUA NUEVO BUILDERS AND SUPPLY, INC.
✅ Updated: AJB BIDAR BUILDERS AND SUPPLY CORP.
✅ Updated: M.G. Samidan Construction and Development Corporation
✅ Matched & Updated: TIBIAO-ANTIQUE N.K. ENTERPRISE, INC. → TIBIAO-ANTIQUE N.K. ENTERPRISE, INC. (100.00%)
✅ Matched & Updated: CHUROCK BUILDERS INC. → Churock Builders Inc. (100.00%)
✅ Matched & Updated: KENZAI BUILDERS CORPORATION → KENZAI BUILDERS CORPORATION (100.00%)
✅ Matched & Updated: IGWT-JAV CONSTRUCTION & DEVELOPMENT CORPORATION → IGWT-JAV CONSTRUCTION & DEVELOPMENT CORPORATION (100.00%)
✅ Matched & Updated: WAY MAKER GENERAL CONTRACTOR OPC → WAY MAKER GENERAL CONTRACTOR OPC (100.00%)
✅ Updated: ANG YAP BUILDERS AND AGGREGATE SUPPLIES INC.
✅ Matched & Updated: G. BANZ BUILDERS CORP. → G. BANZ Builders Corp. (100.00%)
✅ Matched & Updated: M-2 BUILDERS CORP. → 1129 BUILDERS CORP. (86.49%)
✅ Updated: ANIMAS BROS CONSTRUCTION CORPORATION
✅ Matched & Updated: MAGILAS CONSTRUCTION CORPORATION → ALTACS CONSTRUCTION CORPORATION (92.06%)
✅ Matched & Updated: ATLANTA CONSTRUCTION COMPANY, INC. → ATLANTA CONSTRUCTION COMPANY INC. (98.51%)
✅ Updated: ESCORR BUILDERS AND TRADERS, INC.
✅ Matched & Updated: BAMBOE CONSTRUCTION → BAMBOE CONSTRUCTION OPC (90.48%)
✅ Updated: GACUTAN CONSTRUCTION INC.
⚠️  No match found for: Anex Cosmetics Enterprises OPC (skipping)
⚠️  No match found for: GO 2 BIG HOMEDECOR ENTERPRISES and SUPPLIES INC. (skipping)
⚠️  No match found for: IVORYSIGN BUSINESS ENTERPRISES CORP. (skipping)
⚠️  No match found for: JVM Enterprises OPC (skipping)
⚠️  No match found for: OiLife DIRECT SELLING ENTERPRISES OPC (skipping)
⚠️  No match found for: VLO Commerce Enterprises Corp. (skipping)
⚠️  No match found for: " VERTEC COMMERCIAL ENTERPRISES" (skipping)
⚠️  No match found for: "A. R. RIVA ENTERPRISES, INC. (skipping)
⚠️  No match found for: "D" ENTERPRISES CO., LTD. (skipping)
⚠️  No match found for: "FALEK ENTERPRISES, INC." (skipping)
✅ Matched & Updated: BENRAM CONSTRUCTION → Benram Construction OPC (90.48%)
✅ Updated: GDBS BUILDERS AND ENTERPRISE
✅ Updated: ALMRIN BUILDERS CORPORATION
✅ Matched & Updated: AJAN JEADA, INC. → AJAN JEADA INC. (96.77%)
✅ Matched & Updated: J. H. PAJARA CONSTRUCTION CORPORATION → J. H. PAJARA CONSTRUCTION CORPORATION (100.00%)
✅ Updated: JGO BUILDERS INC. doing business under the name and style of JGO BUILDERS
⚠️  No match found for: CONSTECH ASIA CO. LTD. (skipping)
⚠️  No match found for: CONSTECH ASIA CORPORATION (skipping)
⚠️  No match found for: CONSTECH DYNAMIC SOLUTIONS CORPORATION (skipping)
⚠️  No match found for: CONSTECH INTERNATIONAL, INC. (skipping)
⚠️  No match found for: CONSTECH MANAGEMENT GROUP, INC. (skipping)
⚠️  No match found for: CONSTECH SYSTEMS CORPORATION (skipping)
⚠️  No match found for: CORNERSTONE CONSTECH INC. (skipping)
⚠️  No match found for: I-CONSTECH CONSTRUCTION & GEN. SERVICES CORP. (skipping)
⚠️  No match found for: MARIVALLEY CONSTECH & MAN. FOUNDATION INC. (skipping)
✅ Matched & Updated: FUENTABUILT CONSTRUCTION CORP. → FUENTABUILT CONSTRUCTION CORP. (100.00%)
✅ Updated: ZLREJ TRADING AND CONSTRUCTION CORPORATION
⚠️  No match found for: A. ORETA & SIOCO MERCANTILE CO. (skipping)
⚠️  No match found for: A.C. ORETA AND CO. INC. (skipping)
⚠️  No match found for: A.M. ORETA & CO. (INTL.) INC. (skipping)
⚠️  No match found for: A.M. ORETA & CO. (SRI LANKA) INC. (skipping)
⚠️  No match found for: A.M. ORETA & CO. (SUBIC), INC. (skipping)
✅ Matched & Updated: A.M. ORETA & CO., INC. → A.M. ORETA & CO. INC. (97.67%)
⚠️  No match found for: A.M. ORETA AND ALMERIA INTERNATIONAL CONSTRUCTION JOINT VENTURE INCORPORATED (skipping)
⚠️  No match found for: AMPIL, ORETA & FACTORAN LAW OFFICES (skipping)
⚠️  No match found for: ANTOLIN M. ORETA FOUNDATION INC. (skipping)
⚠️  No match found for: AQUINO & ORETA CONSTRUCTION COMPANY (skipping)
✅ Matched & Updated: HERO CONSTRUCTION AND DEVELOPMENT CORPORATION → FIL-EURO CONSTRUCTION AND DEVELOPMENT CORPORATION (93.62%)
✅ Matched & Updated: ISA CONSTRUCTION AND DEVELOPMENT CORP. → SW EURO CONSTRUCTION AND DEVELOPMENT CORP. (90.00%)
✅ Matched & Updated: BLACK HARDHAT INC. → BLACK HARDHAT INC. (100.00%)
✅ Updated: IBC INTERNATIONAL BUILDERS CORPORATION doing business under the name and style of GT Plaza Mall; and GT Town Center
✅ Matched & Updated: AKN CONSTRUCTION CORPORATION → ANORE CONSTRUCTION CORPORATION (93.10%)
✅ Matched & Updated: AIDFELART CONST. CORP. → AIDFELART CONST. CORP. (100.00%)
✅ Matched & Updated: 5 J.B.P. PREMIUM CONSTRUCTION CORPORATION → 5J.B.P. PREMIUM CONSTRUCTION CORPORATION (98.77%)
✅ Matched & Updated: ARN BUILDERS INC. → JARO BUILDERS INC. (91.43%)
✅ Matched & Updated: DGSARM BUILDERS INC. → DGSARM BUILDERS INC. (100.00%)
✅ Updated: AMETHYST HORIZON BUILDERS AND GEN. CONTRACTOR AND DEVELOPMENT CORP.
⚠️  No match found for: BONDING ENG'G SERVICES & TRADING CORP. (skipping)
⚠️  No match found for: CEMEA ENG'G SERVICES AND CONSULTANCY CO. (skipping)
⚠️  No match found for: DAVAO UNITED 1 PRACTITIONERS IN ELECTRICAL ENG'G SERVICES (DURPEES), INC. (skipping)
⚠️  No match found for: EFGE TRADE & GEN. ENG'G SERVICES CO. (skipping)
⚠️  No match found for: EVOLVA ENG'G. SERVICES CO. (skipping)
⚠️  No match found for: FREE AIR ENG'G SERVICES AND CONSULTANCY CO. (skipping)
⚠️  No match found for: I N F I N I T E CONSTRUCTION & ENG'G. SERVICES CO. (skipping)
⚠️  No match found for: J & R WORKSHOP ENG'G. SERVICES CO. (skipping)
⚠️  No match found for: JAPTECH ENG'G SERVICES Co. (skipping)
⚠️  No match found for: JO MAR BUILDERS AND ENG'G SERVICES CO. (skipping)
⚠️  No match found for: HIGH CLIFF CONSTRUCTION AND SUPPLY CORP. (skipping)
⚠️  No match found for: "LA ESTRELLA LUMBER ENTERPRISES, INCORPORATED" (skipping)
✅ Updated: ENTERPRISES INCORPORATED
⚠️  No match found for: 1022-F GRAPHICS ENTERPRISES, INCORPORATED (skipping)
✅ Updated: ALZAM ENTERPRISES INCORPORATED
⚠️  No match found for: 168grocers Enterprises Incorporated (skipping)
⚠️  No match found for: 2850 ENTERPRISES Incorporated (skipping)
⚠️  No match found for: 3 JJLA ENTERPRISES INCORPORATED (skipping)
✅ Updated: BSA 99 ENTERPRISES INCORPORATED
⚠️  No match found for: 5Rs Bedonia Enterprises Incorporated (skipping)
⚠️  No match found for: 8 MOUNTAIN MOVERS ENTERPRISES INCORPORATED (skipping)
⚠️  No match found for: Anex Cosmetics Enterprises OPC (skipping)
⚠️  No match found for: GO 2 BIG HOMEDECOR ENTERPRISES and SUPPLIES INC. (skipping)
⚠️  No match found for: IVORYSIGN BUSINESS ENTERPRISES CORP. (skipping)
⚠️  No match found for: JVM Enterprises OPC (skipping)
⚠️  No match found for: OiLife DIRECT SELLING ENTERPRISES OPC (skipping)
⚠️  No match found for: VLO Commerce Enterprises Corp. (skipping)
⚠️  No match found for: " VERTEC COMMERCIAL ENTERPRISES" (skipping)
⚠️  No match found for: "A. R. RIVA ENTERPRISES, INC. (skipping)
⚠️  No match found for: "D" ENTERPRISES CO., LTD. (skipping)
⚠️  No match found for: "FALEK ENTERPRISES, INC." (skipping)
✅ Updated: ALMRIN BUILDERS CORPORATION
✅ Updated: M. MONTESCLAROS ENTERPRISES INC.
✅ Updated: EC SOLICON BUILDERS & SUPPLY, INC.
✅ Updated: DOUBLE 12 CONSTRUCTION & SUPPLY CO.
✅ Matched & Updated: BRYAN PAUL P. PACHECO CONST. CORP. → BRYAN PAUL P. PACHECO CONST. CORP. (100.00%)
✅ Matched & Updated: ROCK DIWATA BUILDERS, INC. → ROCK DIWATA BUILDERS, INC. (100.00%)
✅ Matched & Updated: B. VICENCIO BUILDERS (BVB), INC. → B. VICENCIO BUILDERS (BVB), INC. (100.00%)
✅ Matched & Updated: HIGH ROCK CONSTRUCTION AND SUPPLIES INCORPORATED → HIGH ROCK CONSTRUCTION AND SUPPLIES INCORPORATED (100.00%)
✅ Matched & Updated: IVY MICHELLE CONSTRUCTION AND TRADING INC. → IVY MICHELLE CONSTRUCTION AND TRADING INC. (100.00%)
✅ Matched & Updated: A.J. TAYLAN CONSTRUCTION CORPORATION → A. J. TAYLAN CONSTRUCTION CORPORATION (98.63%)
✅ Matched & Updated: FIRST OMB CONSTRUCTION AND DEVELOPMENT CORP. → FIRST OMB CONSTRUCTION AND DEVELOPMENT CORP. (100.00%)
✅ Updated: KIT UBIADAS CONSTRUCTION CORPORATION
⚠️  No match found for: ENGINEERING AND DEVELOPMENT CORPORATION OF THE PHILIPPINES (skipping)
⚠️  No match found for: ENGINEERING AND MANAGEMENT CONSULTANCY COMPANY (skipping)
⚠️  No match found for: ENGINEERING BAR & RESTAURANT CO. (skipping)
⚠️  No match found for: ENGINEERING CLASS OF NUEVA CACERES 1990 INC. (skipping)
⚠️  No match found for: Engineering Heads Association INC. (skipping)
⚠️  No match found for: ENGINEERING MANAGEMENT & PLANNING SERVICES CORPORATION (skipping)
⚠️  No match found for: ENGINEERING SUPPORT DISTRIBUTORS (skipping)
⚠️  No match found for: ENGINEERING SYSTEM REVIEW CENTER CO. (skipping)
⚠️  No match found for: ENGINEERING TECHNICAL SERVICES S. R. L. Doing business under Elettra Consultancy Philippines Branch Office; Engineering Technical Services Philippines Branch Office (skipping)
✅ Matched & Updated: RADIANS BUILDERS AND SUPPLY CORPORATION → RADIANS BUILDERS AND SUPPLY CORPORATION (100.00%)
⚠️  No match found for: JV LAGON ENTERPRISES, INCORPORATED (skipping)
⚠️  No match found for: JV PEÐAFLOR ENTERPRISES CO. (skipping)
⚠️  No match found for: Anex Cosmetics Enterprises OPC (skipping)
⚠️  No match found for: GO 2 BIG HOMEDECOR ENTERPRISES and SUPPLIES INC. (skipping)
⚠️  No match found for: IVORYSIGN BUSINESS ENTERPRISES CORP. (skipping)
⚠️  No match found for: JVM Enterprises OPC (skipping)
⚠️  No match found for: OiLife DIRECT SELLING ENTERPRISES OPC (skipping)
⚠️  No match found for: VLO Commerce Enterprises Corp. (skipping)
⚠️  No match found for: " VERTEC COMMERCIAL ENTERPRISES" (skipping)
⚠️  No match found for: "A. R. RIVA ENTERPRISES, INC. (skipping)
✅ Matched & Updated: JOMARCANN GENERAL CONSTRUCTION → JOMARCANN GENERAL CONSTRUCTION OPC (93.75%)
⚠️  No match found for: LD MD ONLINE DEVELOPERS INC. doing business under the name and style of ONLINEDOC (skipping)
⚠️  No match found for: SUNTECH BUSINESS DEVELOPERS OPC (skipping)
⚠️  No match found for: 101 PROPERTY PLANNERS & DEVELOPERS CORPORATION (skipping)
⚠️  No match found for: 101 REALTY DEVELOPERS INC. (skipping)
⚠️  No match found for: 157 DEVELOPERS INC. (skipping)
⚠️  No match found for: 25TH CENTURY PROPERTY DEVELOPERS CORP. (skipping)
⚠️  No match found for: 4RS DEVELOPERS UNLIMITED, INC. (skipping)
⚠️  No match found for: 577 PROPERTY DEVELOPERS INC. (skipping)
⚠️  No match found for: 7 SEAS BUILDERS AND DEVELOPERS INC. (skipping)
✅ Updated: 830 BUILDERS & DEVELOPERS CORP.
✅ Updated: ALADIN M. TORRES CONSTRUCTION CO.
✅ Updated: ALDEN T. TORRES CONSTRUCTION OPC doing business under the name and style of ATT CONST.
✅ Updated: E.L. TORRES CONSTRUCTION AND TRADING INC.
✅ Updated: F A TORRES CONSTRUCTION AND GENERAL MERCHANDISE, INC.
✅ Updated: F. A. TORRES CONSTRUCTION INC.
✅ Updated: FLORENTINO ROQUE TORRES CONSTRUCTION & MAINTENANCE SERVICES CORP.
✅ Updated: TWIN TORRES CONSTRUCTION CORP.
✅ Matched & Updated: SILVERRIA CONSTRUCTION AND CONSTRUCTION SUPPLY COMPANY, OPC → SILVERRIA CONSTRUCTION AND CONSTRUCTION SUPPLY COMPANY, OPC (100.00%)
⚠️  No match found for: A. DE GUIA CONSTRUCTION AND DEV'T. CO. (skipping)
✅ Updated: A. DE GUIA CONSTRUCTION AND DEVELOPMENT CORPORATION
✅ Updated: B. BERNARDO CONST., INC.
✅ Matched & Updated: CONRADO B. BAUTISTA CONST. & SUPPLY CORPORATION → CONRADO B. BAUTISTA CONST. & SUPPLY CORP. (90.91%)
⚠️  No match found for: A.D.A N' SONS HARDWARE AND CONST. SUPPLY, INC. (skipping)
⚠️  No match found for: AB2 BUILDERS AND CONST. SUPPLY CORPORATION (skipping)
✅ Matched & Updated: ACTSBUILT CONST. SUPPLY CORPORATION → ACTSBUILT CONST. SUPPLY CORPORATION (100.00%)
⚠️  No match found for: ANCLAR LUMBER & CONST. SUPPLY CORP. (skipping)
⚠️  No match found for: ARM CONST. SUPPLY ENTERPRISE CO. (skipping)
⚠️  No match found for: AVB CONST. & SUPPLY INC. (skipping)
⚠️  No match found for: BAILEN CONST. SUPPLY & TRUCKING SERVICES CORP. (skipping)
⚠️  No match found for: BCV CONST. SUPPLY CORP. (skipping)
✅ Updated: Bell Construction Corp.
✅ Matched & Updated: 515 LIFE CONSTRUCTION CORP. → 515 LIFE CONSTRUCTION, CORP. (98.18%)
✅ Matched & Updated: K CONSTRUCTION & DEVELOPERS CORPORATION → K construction & DEVELOPERS CORPORATION (100.00%)
✅ Matched & Updated: GR FEVIDAL CONSTRUCTION DEVELOPERS CORPORATION → GR FEVIDAL CONSTRUCTION DEVELOPERS CORPORATION (100.00%)
✅ Updated: GASAT BUILDERS AND SUPPLIES INC.
✅ Updated: G.F. Fabian Construction Corp.
⚠️  No match found for: DANYSONS CONSTRUCTION AND DEV'T. CO. (skipping)
✅ Matched & Updated: DANYSONS CONSTRUCTION AND DEVELOPMENT CORPORATION → DANYSONS CONSTRUCTION AND DEVELOPMENT CORPORATION (100.00%)
✅ Matched & Updated: AF3 CONSTRUCTION CORPORATION → AF3 CONSTRUCTION CORPORATION (100.00%)
✅ Matched & Updated: 417 LP CONSTRUCTION CORPORATION → 417 LP CONSTRUCTION CORPORATION (100.00%)
⚠️  No match found for: LD MD ONLINE DEVELOPERS INC. doing business under the name and style of ONLINEDOC (skipping)
⚠️  No match found for: SUNTECH BUSINESS DEVELOPERS OPC (skipping)
⚠️  No match found for: 101 PROPERTY PLANNERS & DEVELOPERS CORPORATION (skipping)
⚠️  No match found for: 101 REALTY DEVELOPERS INC. (skipping)
⚠️  No match found for: 157 DEVELOPERS INC. (skipping)
⚠️  No match found for: 25TH CENTURY PROPERTY DEVELOPERS CORP. (skipping)
⚠️  No match found for: 4RS DEVELOPERS UNLIMITED, INC. (skipping)
⚠️  No match found for: 577 PROPERTY DEVELOPERS INC. (skipping)
⚠️  No match found for: 7 SEAS BUILDERS AND DEVELOPERS INC. (skipping)
✅ Updated: 830 BUILDERS & DEVELOPERS CORP.
✅ Matched & Updated: 525 CONSTRUCTION → 525 Construction OPC (88.89%)
✅ Updated: R.A. MATIAS CONSTRUCTION AND DEVELOPERS Inc.
✅ Updated: L.R. TIQUI BUILDERS INC.
✅ Matched & Updated: BOLTRON BUILDERS CORPORATION → BOLTRON BUILDERS CORPORATION (100.00%)
✅ Matched & Updated: EIRISH BUILDERS & SUPPLY CO. → EIRISH BUILDERS & SUPPLY CO. (100.00%)
✅ Updated: EIRISH BUILDERS & SUPPLY INC.
⚠️  No match found for: 1081 TAILOR & GEN. MERCHANDISE (skipping)
⚠️  No match found for: 15th Construction & Gen. Merchandise, OPC (skipping)
⚠️  No match found for: 168 JUNK SHOP & GEN. MERCHANDISE CO. (skipping)
⚠️  No match found for: 168 PALM TRADE & GEN. MERCHANDISE, INC. (skipping)
⚠️  No match found for: 3 A'S VENZON PHARMACY'S AND GEN MERCHANDISE CO. LTD. (skipping)
⚠️  No match found for: 38 BASKETS N BROOMS GEN. MERCHANDISE CO. (skipping)
⚠️  No match found for: 3J'S_AND OP GEN. MERCHANDISE CO. (skipping)
⚠️  No match found for: 3RDGIE & RGIE GEN. MERCHANDISE CO. (skipping)
⚠️  No match found for: 7-24 CONCRETE PRODUCTS & GEN. MERCHANDISE CO. (skipping)
✅ Updated: F.P. DE GUZMAN CONSTRUCTION, INC.
✅ Matched & Updated: L.R. DE GUZMAN CONSTRUCTION → JR DE GUZMAN CONSTRUCTION OPC (85.71%)
⚠️  No match found for: L.R. DE GUZMAN CONSTRUCTION CORPORATION (skipping)
⚠️  No match found for: St. Dominic de Guzman Construction & Development Corp. (skipping)
✅ Updated: SUNWEST, INC. doing business under the name and style of SUNWEST TRADING AND MANUFACTURING, SUNWEST MATERIALS TESTING LABORATORY
✅ Updated: A.D. MARRERO GENERAL CONSTRUCTION
✅ Updated: 12-30.CONSTRUCTION AND DEVELOPMENT Corporation
✅ Updated: MBAJRJC4 CONSTRUCTION AND TRADING CORPORATION
✅ Updated: R. Rivera Construction and Services OPC
✅ Updated: VONTREX CONSTRUCTION AND SERVICES OPC
✅ Updated: PAVE CONSTRUCTION AND SALES CORPORATION
✅ Updated: TOWA CONSTRUCTION AND DEVELOPMENT CORPORATION
✅ Updated: V.P. MANCAO CONSTRUCTION AND COMPANY, INC.
✅ Updated: '94 BUILDERS CONSTRUCTION AND SUPPLY CORP.
✅ Updated: (A.D) ANNO DOMINI CONSTRUCTION AND DEVELOPMENT CORP.
✅ Updated: 0213 CONSTRUCTION AND SUPPLIES OPC
✅ Updated: 12-30.CONSTRUCTION AND DEVELOPMENT Corporation
✅ Updated: MBAJRJC4 CONSTRUCTION AND TRADING CORPORATION
✅ Updated: R. Rivera Construction and Services OPC
✅ Updated: VONTREX CONSTRUCTION AND SERVICES OPC
✅ Updated: PAVE CONSTRUCTION AND SALES CORPORATION
✅ Updated: TOWA CONSTRUCTION AND DEVELOPMENT CORPORATION
✅ Updated: V.P. MANCAO CONSTRUCTION AND COMPANY, INC.
✅ Updated: '94 BUILDERS CONSTRUCTION AND SUPPLY CORP.
✅ Updated: (A.D) ANNO DOMINI CONSTRUCTION AND DEVELOPMENT CORP.
✅ Updated: 0213 CONSTRUCTION AND SUPPLIES OPC
✅ Updated: 12-30.CONSTRUCTION AND DEVELOPMENT Corporation
✅ Updated: MBAJRJC4 CONSTRUCTION AND TRADING CORPORATION
✅ Updated: R. Rivera Construction and Services OPC
✅ Updated: VONTREX CONSTRUCTION AND SERVICES OPC
✅ Updated: PAVE CONSTRUCTION AND SALES CORPORATION
✅ Updated: TOWA CONSTRUCTION AND DEVELOPMENT CORPORATION
✅ Updated: V.P. MANCAO CONSTRUCTION AND COMPANY, INC.
✅ Updated: '94 BUILDERS CONSTRUCTION AND SUPPLY CORP.
✅ Updated: (A.D) ANNO DOMINI CONSTRUCTION AND DEVELOPMENT CORP.
✅ Updated: 0213 CONSTRUCTION AND SUPPLIES OPC
✅ Updated: DREAMWORX BUILDER & TRADING, INC.
✅ Matched & Updated: EVEN PAR CONST. CO. INC. → EVEN PAR CONST. CO. INC. (100.00%)
✅ Updated: B. BERNARDO CONST., INC.
⚠️  No match found for: DEVELOPER 2000 SCHOLARSHIP ASSN. INC. (skipping)
⚠️  No match found for: DEVELOPER GLASS AND ALUMINUM CORPORATION (skipping)
⚠️  No match found for: DEVELOPER HANULSO CONSULTING SERVICES CORP. (skipping)
⚠️  No match found for: DEVELOPER OF ELECTRIC CONVEYANCES CORPORATION (skipping)
⚠️  No match found for: DEVELOPER SOFT AND TECHNICAL SUPPORT SEA INC. (skipping)
⚠️  No match found for: DEVELOPER STYLE CONSTRUCTION INC. (skipping)
⚠️  No match found for: DEVELOPER'S COUNSEL LAW FIRM (skipping)
✅ Matched & Updated: TOPSTAR2 BUILDERS AND DEVELOPMENT CORPORATION → 4 STAR BUILDERS AND DEVELOPER CORPORATION (88.37%)
⚠️  No match found for: 4RIVERS DEVELOPER INC. (skipping)
⚠️  No match found for: A. DE GUIA CONSTRUCTION AND DEV'T. CO. (skipping)
✅ Updated: A. DE GUIA CONSTRUCTION AND DEVELOPMENT CORPORATION
✅ Updated: PASCAL CONSTRUCTION CORPORATION Doing business under PASCAL CONSTRUCTION
✅ Updated: FRAMECON BUILDERS/JMK BUILDERS CONSTRUCTION (JV) CO.
✅ Updated: UNITED FRAMECON BUILDERS CORPORATION
✅ Matched & Updated: ONE FRAME CONSTRUCTION INC. → ONE FRAME CONSTRUCTION INC. (100.00%)
⚠️  No match found for: GREENLAND BUILDERS 2013 CORPORATION (skipping)
✅ Matched & Updated: GREENLAND BUILDERS → GREENLAND BUILDERS, INC. (85.71%)
⚠️  No match found for: ASIA GREENLAND BUILDERS INC. (skipping)
✅ Updated: FFJJ CONSTRUCTION CORP. DOING BUSINESS UNDER THE NAME AND STYLE OF FFJJ RASUL RICHY CONSTRUCTION
✅ Updated: '94 BUILDERS CONSTRUCTION AND SUPPLY CORP.
✅ Updated: KXL GENERAL CONSTRUCTION AND SUPPLY
✅ Updated: TMTC CONSTRUCTION AND SUPPLY CORPORATION
✅ Updated: R. BAUDON CONSTRUCTION AND SUPPLY CO.
⚠️  No match found for: 249 CONSTRUCTION AND SUPPLY COMPANY (skipping)
✅ Updated: ROGENOX CONSTRUCTION AND SUPPLY CORP.
✅ Updated: CLAIRE CONSTRUCTION AND SUPPLY CORPORATION
⚠️  No match found for: 3K FHRANCIS CYRENE CONSTRUCTION AND SUPPLY CORP. (skipping)
✅ Updated: ORANI CONSTRUCTION AND SUPPLY CORPORATION
✅ Updated: 3G & A CONSTRUCTION AND SUPPLY
✅ Matched & Updated: DEVEX INCORPORATED → DEVEX INCORPORATED (100.00%)
✅ Matched & Updated: INFINITI CONSTRUCTION AND DEVELOPMENT CORPORATION → INFINITI CONSTRUCTION AND DEVELOPMENT CORPORATION (100.00%)
✅ Matched & Updated: MDICTSON BUIDERS CORP → DICON BUILDERS CORP. (87.80%)
✅ Matched & Updated: AL-NAJIM CONSTRUCTION CORPORATION → AL-NAJIM CONSTRUCTION CORPORATION (100.00%)
✅ Matched & Updated: DJ BUILDERS CORPORATION → JAI BUILDERS CORPORATION (93.62%)
⚠️  No match found for: CASTLEROCK ASPHALT CORPORATION (skipping)
✅ Matched & Updated: PRIME PAVE CONSTRUCTION AND ASPHALT CORPORATION → PRIME PAVE CONSTRUCTION AND ASPHALT CORPORATION (100.00%)
⚠️  No match found for: RIZAL MILLEX ASPHALT CORPORATION (skipping)
✅ Updated: 12-30.CONSTRUCTION AND DEVELOPMENT Corporation
✅ Updated: ALRO CONSTRUCTION & DEVELOPMENT CORPORATION
⚠️  No match found for: ARAGDON AND CHAVEZ CONSTRUCTION SERVICES CORPORATION (skipping)
✅ Updated: BGC20 CONSTRUCTION CORP.
✅ Updated: TMR CONSTRUCTION OPC
✅ Updated: MRZA CONSTRUCTION CORPORATION
✅ Updated: EDROX CONSTRUCTION INC.
⚠️  No match found for: E. Y. MERCADO CONSTRUCTION CORPORATION doing business under the name and style of E Y MERCADO CONSTRUCTION (skipping)
✅ Updated: JMAN CONSTRUCTION CORPORATION
⚠️  No match found for: MARJETECH CONSTRUCTION & TRADING OPC (skipping)
✅ Updated: ARN BUILDERS, INC.
✅ Matched & Updated: ELITE GENERAL CONTRACTOR AND DEVELOPMENT CORPORATION → ELITE GENERAL CONTRACTOR AND DEVELOPMENT CORP. (91.84%)
✅ Matched & Updated: EMR BUILDERS AND DEVELOPMENT CORPORATION → EMR BUILDERS AND DEVELOPMENT CORPORATION (100.00%)
⚠️  No match found for: AGGREGATES & CONCRETE ASSN. OF THE PHIL. INC. (skipping)
⚠️  No match found for: AGGREGATES 838 Inc. (skipping)
⚠️  No match found for: AGGREGATES AND MINERALS CORP. (skipping)
⚠️  No match found for: AGGREGATES BUILDERS CORP. (skipping)
⚠️  No match found for: AGGREGATES EXPRESS & DEV'T. CORP. (skipping)
⚠️  No match found for: AGGREGATES INC. (skipping)
⚠️  No match found for: AGGREGATES NEW TECH INC. DOING BUSINESS UNDER THE NAME AND STYLE OF AGGREGATES NEW TECH (skipping)
⚠️  No match found for: AGGREGATES PLUS CONCRETE TESTING INC. (skipping)
⚠️  No match found for: AGGREGATES PRODUCTS CO. (skipping)
⚠️  No match found for: AGGREGATES REALTY VENTURES INCORPORATED (skipping)
✅ Matched & Updated: ABRIGHT BUILDERS CORPORATION → ABRIGHT BUILDERS CORPORATION (100.00%)
✅ Matched & Updated: CROWNWORKS CONSTRUCTION INC. → CROWNWORKS CONSTRUCTION INC. (100.00%)
✅ Matched & Updated: 4VC BUILDERS & DEVELOPMENT CORP. → 4VC BUILDERS & DEVELOPMENT CORP. (100.00%)
⚠️  No match found for: GREAT PACIFIC BUILDERS & REALTY CORP. (skipping)
✅ Matched & Updated: GREAT PACIFIC BUILDERS AND GEN. CONTRACTOR INC. → GREAT PACIFIC BUILDERS AND GEN. CONTRACTOR Inc. (100.00%)
✅ Updated: M. MONTESCLAROS ENTERPRISES INC.

🔗 JV-aware correlating with existing contract data...
🔄 Loading flood projects with JV data...
📋 Loaded 9855 flood projects
📋 Processing 9855 flood projects for JV data...
