Contractor Name,Status,Companies Found,File Path
"IGWT_JAV_CONSTRUCTION_DEVELOPMENT_CORPORATION","success",1,"sec_results/IGWT_JAV_CONSTRUCTION_DEVELOPMENT_CORPORATION.txt"
"QUATRO_AMIGOS_BUILDERS_&_SUPPLY","no_results",0,"sec_results/QUATRO_AMIGOS_BUILDERS_&_SUPPLY.txt"
"MANGELESE_CONSTRUCTION_CORPORATION","success",1,"sec_results/MANGELESE_CONSTRUCTION_CORPORATION.txt"
"G-RHINO_CONSTRUCTION_&_SUPPLY","no_results",0,"sec_results/G-RHINO_CONSTRUCTION_&_SUPPLY.txt"
"JAEJR_ELECTRICAL_CONSTRUCTION_SUPPLY","no_results",0,"sec_results/JAEJR_ELECTRICAL_CONSTRUCTION_SUPPLY.txt"
"ZM_CONSTRUCTIO","success",3,"sec_results/ZM_CONSTRUCTIO.txt"
"JASA_BUILDER_S","no_results",0,"sec_results/JASA_BUILDER_S.txt"
"B.G_GIRON_CONSTRUCTION_AND_SUPPLY","no_results",0,"sec_results/B.G_GIRON_CONSTRUCTION_AND_SUPPLY.txt"
"AJD_CONSTRUCTION_AND_SUPPLY","no_results",0,"sec_results/AJD_CONSTRUCTION_AND_SUPPLY.txt"
"GMJ_LUMBER_&_HARDWARE","no_results",0,"sec_results/GMJ_LUMBER_&_HARDWARE.txt"
"LCTING_CONSTRUCTION_AND_DEVELOPMENT_CORPORATION","success",1,"sec_results/LCTING_CONSTRUCTION_AND_DEVELOPMENT_CORPORATION.txt"
"YFL_BUILDERS","no_results",0,"sec_results/YFL_BUILDERS.txt"
"ALMEDGARCIA_CONSTRUCTION_AND_TRADING","no_results",0,"sec_results/ALMEDGARCIA_CONSTRUCTION_AND_TRADING.txt"
"FAER_CIVIL_ENGINEERING_SERVICES","no_results",0,"sec_results/FAER_CIVIL_ENGINEERING_SERVICES.txt"
"480_BUILDERS","no_results",0,"sec_results/480_BUILDERS.txt"
"A.D._CONSTRUCTION","no_results",0,"sec_results/A.D._CONSTRUCTION.txt"
"JELM_CONSTRUCTION_CORP","success",1,"sec_results/JELM_CONSTRUCTION_CORP.txt"
"ARCONIC_INC","success",1,"sec_results/ARCONIC_INC.txt"
"BEAM_TEAM_DEVELOPER_SPECIALIST_Â INC._-","no_results",0,"sec_results/BEAM_TEAM_DEVELOPER_SPECIALIST_Â INC._-.txt"
"MUAÃ‘A_CONSTRUCTION_AND_DEVELOPMENT_CORP","no_results",0,"sec_results/MUAÃ‘A_CONSTRUCTION_AND_DEVELOPMENT_CORP.txt"
"JA_ACHACOSO_ENTERPRISES_&_GENERAL_SERVICES","success",1,"sec_results/JA_ACHACOSO_ENTERPRISES_&_GENERAL_SERVICES.txt"
"LEBERN_BUILDERS_TRADING_AND_GENERAL_SERVICES","no_results",0,"sec_results/LEBERN_BUILDERS_TRADING_AND_GENERAL_SERVICES.txt"
"DAVAO_CONCRETE_PRODUCTS_CONSTRUCTION","success",1,"sec_results/DAVAO_CONCRETE_PRODUCTS_CONSTRUCTION.txt"
"LIMAR_CONSTRUCTION","no_results",0,"sec_results/LIMAR_CONSTRUCTION.txt"
"ADROIT_EJD_CONSTRUCTION_CORP.","success",1,"sec_results/ADROIT_EJD_CONSTRUCTION_CORP..txt"
"ASHLEYKA_CONSTRUCTION_AND_SUPPLIES","no_results",0,"sec_results/ASHLEYKA_CONSTRUCTION_AND_SUPPLIES.txt"
"RAL_CONSTRUCTION_SUPPLY_&_GENERAL_MERCHANDISE","no_results",0,"sec_results/RAL_CONSTRUCTION_SUPPLY_&_GENERAL_MERCHANDISE.txt"
"TURQUOISE_CONSTRUCTION_&_REALTY_DEVELOPMENT","no_results",0,"sec_results/TURQUOISE_CONSTRUCTION_&_REALTY_DEVELOPMENT.txt"
"F._A._TORRES_CONSTRUCTION","no_results",0,"sec_results/F._A._TORRES_CONSTRUCTION.txt"
"EDDMARI_CONSTRUCTION_&_TRADING","no_results",0,"sec_results/EDDMARI_CONSTRUCTION_&_TRADING.txt"
"M.P._BULURAN_ENTERPRISES","no_results",0,"sec_results/M.P._BULURAN_ENTERPRISES.txt"
"D.T._RECIO_INCORPORATED","no_results",0,"sec_results/D.T._RECIO_INCORPORATED.txt"
"E.GARCIA_CONSTRUCTION_CORPORATION","success",2,"sec_results/E.GARCIA_CONSTRUCTION_CORPORATION.txt"
"MONTE_CONSTRUCTION_&_SUPPLY","no_results",0,"sec_results/MONTE_CONSTRUCTION_&_SUPPLY.txt"
"JEADA_CONSTRUCTION_ALRO_CONSTRUCTION_DEVELOPMENT_CORP","no_results",0,"sec_results/JEADA_CONSTRUCTION_ALRO_CONSTRUCTION_DEVELOPMENT_CORP.txt"
"BUGANI_CONSTRUCTION_AND_ENTERPRISES,_INC","no_results",0,"sec_results/BUGANI_CONSTRUCTION_AND_ENTERPRISES,_INC.txt"
"PRIME_MASTER_CONST._AND_DEV'T_CORP","no_results",0,"sec_results/PRIME_MASTER_CONST._AND_DEV'T_CORP.txt"
"DE_JESUS_CONSTRUCTION","success",3,"sec_results/DE_JESUS_CONSTRUCTION.txt"
"ANGEL_&AMP;_SAM_CONSTRUCTION_&AMP;_GENERAL_MERCHANDISE","no_results",0,"sec_results/ANGEL_&AMP;_SAM_CONSTRUCTION_&AMP;_GENERAL_MERCHANDISE.txt"
"ALNINO_CONSTRUCTION_&_SUPPLY_CORPORATION_(FORMERLY:_AL_NINO_CONSTRUCTION_&_SUPPLY)","no_results",0,"sec_results/ALNINO_CONSTRUCTION_&_SUPPLY_CORPORATION_(FORMERLY:_AL_NINO_CONSTRUCTION_&_SUPPLY).txt"
"J._CORDON_CONSTRUCTION_&_SUPPLY","no_results",0,"sec_results/J._CORDON_CONSTRUCTION_&_SUPPLY.txt"
"ZEDD_CONSTRUCTION","no_results",0,"sec_results/ZEDD_CONSTRUCTION.txt"
"MGB_CONSTRUCTION_&_TRADING","no_results",0,"sec_results/MGB_CONSTRUCTION_&_TRADING.txt"
"JHASEN_CONSTRUCTION","no_results",0,"sec_results/JHASEN_CONSTRUCTION.txt"
"RAPIDWORKZ_CONSTRUCTION_SUPPLY","no_results",0,"sec_results/RAPIDWORKZ_CONSTRUCTION_SUPPLY.txt"
"PABLO_S._LABASBAS_CONSTRUCTION_CORPORATION_(FORMERLY:_PABLOS._LABASBAS_CONSTRUCTION_CORPORATION)","no_results",0,"sec_results/PABLO_S._LABASBAS_CONSTRUCTION_CORPORATION_(FORMERLY:_PABLOS._LABASBAS_CONSTRUCTION_CORPORATION).txt"
"DZEE_BUILDERS","success",1,"sec_results/DZEE_BUILDERS.txt"
"UPLAND_CONSTRUCTION_AND_ENGINEERING_SERVICES","no_results",0,"sec_results/UPLAND_CONSTRUCTION_AND_ENGINEERING_SERVICES.txt"
"ANNCORP_BUILDERS,_INC.","success",1,"sec_results/ANNCORP_BUILDERS,_INC..txt"
"HONY_TRADING","no_results",0,"sec_results/HONY_TRADING.txt"
"RON_DANIELL_CONSTRUCTION_CORPORATION","no_results",0,"sec_results/RON_DANIELL_CONSTRUCTION_CORPORATION.txt"
"AQUATERRA_KONSTRUKT_INC","success",1,"sec_results/AQUATERRA_KONSTRUKT_INC.txt"
"R.M._TEJADA_CONSTRUCTION_AND_SUPPLIES_CORP","success",1,"sec_results/R.M._TEJADA_CONSTRUCTION_AND_SUPPLIES_CORP.txt"
"3_SUMMITS_CONSTRUCTION_&_GENERAL_MERCHANDISE","no_results",0,"sec_results/3_SUMMITS_CONSTRUCTION_&_GENERAL_MERCHANDISE.txt"
"P_&_V_CONSTRUCTION_&_SALES","no_results",0,"sec_results/P_&_V_CONSTRUCTION_&_SALES.txt"
"M._V._CALDO_ENGINEERING_CONSTRUCTION_&_SUPPLIES","no_results",0,"sec_results/M._V._CALDO_ENGINEERING_CONSTRUCTION_&_SUPPLIES.txt"
"NOVA_VENTUS_CONSTRUCTION_INC","success",1,"sec_results/NOVA_VENTUS_CONSTRUCTION_INC.txt"
"GOLDSTAR_MARKETING","success",1,"sec_results/GOLDSTAR_MARKETING.txt"
"GELLE_CONSTRUCTION_SERVICES","no_results",0,"sec_results/GELLE_CONSTRUCTION_SERVICES.txt"
"JKLE_ENTERPRISES","no_results",0,"sec_results/JKLE_ENTERPRISES.txt"
"R.A._CONSTRUCTION_DEVELOPMENT_CORPORATION_(FORMERLY:_R.A._CONSTRUCTION_&_GENERAL_MERCHANDISE)","no_results",0,"sec_results/R.A._CONSTRUCTION_DEVELOPMENT_CORPORATION_(FORMERLY:_R.A._CONSTRUCTION_&_GENERAL_MERCHANDISE).txt"
"E._GARCIA_CONSTRUCTION_CORP.(FOR._E._GARCIA_CONST","no_results",0,"sec_results/E._GARCIA_CONSTRUCTION_CORP.(FOR._E._GARCIA_CONST.txt"
"PYRAMID_CONSOLIDATED_BUILDERS_AMP;_GENERAL_MERCHANDISE","no_results",0,"sec_results/PYRAMID_CONSOLIDATED_BUILDERS_AMP;_GENERAL_MERCHANDISE.txt"
"SEJ_CONSTRUCTION_&_AGGREGATES","no_results",0,"sec_results/SEJ_CONSTRUCTION_&_AGGREGATES.txt"
"JLP_CONSTRUCTION__SUPPLY","no_results",0,"sec_results/JLP_CONSTRUCTION__SUPPLY.txt"
"MAR-VEL_CONSTRUCTION__SUPPLY","no_results",0,"sec_results/MAR-VEL_CONSTRUCTION__SUPPLY.txt"
"128_DRAGON_CONSTRUCTION","success",1,"sec_results/128_DRAGON_CONSTRUCTION.txt"
"INFINITUM_888_CONSTRUCTION","success",1,"sec_results/INFINITUM_888_CONSTRUCTION.txt"
"-_CONSTRUCTION","success",10,"sec_results/-_CONSTRUCTION.txt"
"THREE_POLL_BUILDERS_AND_SUPPLY","no_results",0,"sec_results/THREE_POLL_BUILDERS_AND_SUPPLY.txt"
"ECS-JDA_CONSTRUCTION_SERVICES","no_results",0,"sec_results/ECS-JDA_CONSTRUCTION_SERVICES.txt"
"ANKOR_GAULLE_CONSTRUCTION","success",1,"sec_results/ANKOR_GAULLE_CONSTRUCTION.txt"
"3DIAMONDS_CONSTRUCTION_CORPORATION","success",1,"sec_results/3DIAMONDS_CONSTRUCTION_CORPORATION.txt"
"J.T._GAMOLO_CONSTRUCTION","no_results",0,"sec_results/J.T._GAMOLO_CONSTRUCTION.txt"
"CONSTRUCTION_CORPORATION_(FORMERLY_CONSTUC","no_results",0,"sec_results/CONSTRUCTION_CORPORATION_(FORMERLY_CONSTUC.txt"
"CHAMPION_BUILDERS","success",1,"sec_results/CHAMPION_BUILDERS.txt"
"DECA_CONSTRUCTION","no_results",0,"sec_results/DECA_CONSTRUCTION.txt"
"B_VALENCERINA_TRADING","no_results",0,"sec_results/B_VALENCERINA_TRADING.txt"
"SZCON_BUILDERS_INC","no_results",0,"sec_results/SZCON_BUILDERS_INC.txt"
"A.P._TAGARINO_ENGINEERING_AND_CONSTRUCTION_SERVICES","no_results",0,"sec_results/A.P._TAGARINO_ENGINEERING_AND_CONSTRUCTION_SERVICES.txt"
"E_L_ANOLIN_CONSTRUCTION","success",1,"sec_results/E_L_ANOLIN_CONSTRUCTION.txt"
"JVC_TOUGH_CORE_CONSTRUCTION_BUILDERS_CORP","success",1,"sec_results/JVC_TOUGH_CORE_CONSTRUCTION_BUILDERS_CORP.txt"
"CPR_CONSTRUCTION_AND_SUPPLY_INC","success",1,"sec_results/CPR_CONSTRUCTION_AND_SUPPLY_INC.txt"
"ALPXR_CONST_BLDRS_CORP","success",1,"sec_results/ALPXR_CONST_BLDRS_CORP.txt"
"LEGACY_CONSTRUCTION","success",6,"sec_results/LEGACY_CONSTRUCTION.txt"
"GOLDEN_RULE_STORE","no_results",0,"sec_results/GOLDEN_RULE_STORE.txt"
"PRIME_HARDWARE","success",8,"sec_results/PRIME_HARDWARE.txt"
"RNV_CONSTRUCTION","no_results",0,"sec_results/RNV_CONSTRUCTION.txt"
"CHARIFER_BUILDERS_INC","success",1,"sec_results/CHARIFER_BUILDERS_INC.txt"
"THREE_D'S_CONSTRUCTION_SUPPLY","no_results",0,"sec_results/THREE_D'S_CONSTRUCTION_SUPPLY.txt"
"TARLAC_3-G_CONSTRUCTION_&_DEVELOPMENT_CORPORATION","success",1,"sec_results/TARLAC_3-G_CONSTRUCTION_&_DEVELOPMENT_CORPORATION.txt"
"REPOLMAN_CONSTRUCTION","success",1,"sec_results/REPOLMAN_CONSTRUCTION.txt"
"B_BERNARDO_CONSTRUCTION","success",4,"sec_results/B_BERNARDO_CONSTRUCTION.txt"
"CAMP_CONSTRUCTION_SUPPLY","no_results",0,"sec_results/CAMP_CONSTRUCTION_SUPPLY.txt"
"PHILSOUTH_BUILDERS_INC","success",1,"sec_results/PHILSOUTH_BUILDERS_INC.txt"
"M.M.A._ACHIEVER_CONSTRUCTION_&_DEV'T_CORP","no_results",0,"sec_results/M.M.A._ACHIEVER_CONSTRUCTION_&_DEV'T_CORP.txt"
"NINA'S_CONSTRUCTION_AND_SUPPLIES","no_results",0,"sec_results/NINA'S_CONSTRUCTION_AND_SUPPLIES.txt"
"AREX_BUILDERS_&_CONSTRUCTION_SUPPLY","no_results",0,"sec_results/AREX_BUILDERS_&_CONSTRUCTION_SUPPLY.txt"
"GENETIAN_BUILDERS_AND_ENTERPRISES_INCORPORATED","no_results",0,"sec_results/GENETIAN_BUILDERS_AND_ENTERPRISES_INCORPORATED.txt"
"D_DOLOR_CONSTRUCTION","no_results",0,"sec_results/D_DOLOR_CONSTRUCTION.txt"
"AR_ADLAWAN_CONSTRUCTION","success",1,"sec_results/AR_ADLAWAN_CONSTRUCTION.txt"
"MEECO_ENTERPRISES_-_TAGUM_CITY","no_results",0,"sec_results/MEECO_ENTERPRISES_-_TAGUM_CITY.txt"
"LIZVIL_CONSTRUCTION_&_SUPPLY","no_results",0,"sec_results/LIZVIL_CONSTRUCTION_&_SUPPLY.txt"
"J-NAC_CONSTRUCTION","no_results",0,"sec_results/J-NAC_CONSTRUCTION.txt"
"MRB11_CONSTRUCTION_CORPORATION_(FORMERLY:MRB_CONS","no_results",0,"sec_results/MRB11_CONSTRUCTION_CORPORATION_(FORMERLY:MRB_CONS.txt"
"GCI_CONSTRUCTION_AND_DEVELOPMENT_CORP","success",1,"sec_results/GCI_CONSTRUCTION_AND_DEVELOPMENT_CORP.txt"
"ERRA_CONSTRUCTION_ROIM_BUILDERS_CONSTRUCTION_SUPPLY","no_results",0,"sec_results/ERRA_CONSTRUCTION_ROIM_BUILDERS_CONSTRUCTION_SUPPLY.txt"
"AMP_723_CONSTRUCTION_CORPORATION","no_results",0,"sec_results/AMP_723_CONSTRUCTION_CORPORATION.txt"
"REVIM_CONSTRUCTION","no_results",0,"sec_results/REVIM_CONSTRUCTION.txt"
"ARE_CONSTRUCTION_AND_SUPPLY","success",10,"sec_results/ARE_CONSTRUCTION_AND_SUPPLY.txt"
"ACIER_BETON_CONSTRUCTION","no_results",0,"sec_results/ACIER_BETON_CONSTRUCTION.txt"
"M_&_F_ENTERPRISE","success",10,"sec_results/M_&_F_ENTERPRISE.txt"
"ORMOC_RIZAL_ENTERPRISES_COMPANY","no_results",0,"sec_results/ORMOC_RIZAL_ENTERPRISES_COMPANY.txt"
"HEXAGRAM_BUILDERS","no_results",0,"sec_results/HEXAGRAM_BUILDERS.txt"
"VYNE_CONSTRUCTION_AND_SUPPLY","no_results",0,"sec_results/VYNE_CONSTRUCTION_AND_SUPPLY.txt"
"AL-ALAWI_CONSTRUCTION","no_results",0,"sec_results/AL-ALAWI_CONSTRUCTION.txt"
"MAVERICK","success",10,"sec_results/MAVERICK.txt"
"TEPANLU_CONSTRUCTION_AND_SUPPLY","no_results",0,"sec_results/TEPANLU_CONSTRUCTION_AND_SUPPLY.txt"
"EFREN_RAMIREZ_CONSTRUCTION_AND_GENERAL_SERVICES_CORPORATION","success",1,"sec_results/EFREN_RAMIREZ_CONSTRUCTION_AND_GENERAL_SERVICES_CORPORATION.txt"
"ALPHATEC_CHEMICAL_CORPORATION","no_results",0,"sec_results/ALPHATEC_CHEMICAL_CORPORATION.txt"
"CENTRAL_MINDANAO_CONSTRUCTION_MULTI-PURPOSE_COOP","no_results",0,"sec_results/CENTRAL_MINDANAO_CONSTRUCTION_MULTI-PURPOSE_COOP.txt"
"J.F._BIASCA_CONSTRUCTION_&AMP;_SUPPLIES","no_results",0,"sec_results/J.F._BIASCA_CONSTRUCTION_&AMP;_SUPPLIES.txt"
"ZOTA_TRADING_CONSTRUCTION","no_results",0,"sec_results/ZOTA_TRADING_CONSTRUCTION.txt"
"JP_ESPIRITU_CONSTRUCTION_SERVICES","no_results",0,"sec_results/JP_ESPIRITU_CONSTRUCTION_SERVICES.txt"
"D_T_TIZON_CONSTRUCTION","no_results",0,"sec_results/D_T_TIZON_CONSTRUCTION.txt"
"DINGO_BUILDERS_AND_SUPPLY","no_results",0,"sec_results/DINGO_BUILDERS_AND_SUPPLY.txt"
"E.I._VILLACORTE_CONSTRUCTION","no_results",0,"sec_results/E.I._VILLACORTE_CONSTRUCTION.txt"
"MEGA_ANT_BUILDERS_AND_CONSTRUCTION_SUPPLIES","no_results",0,"sec_results/MEGA_ANT_BUILDERS_AND_CONSTRUCTION_SUPPLIES.txt"
"FAJR_CONSTRUCTION_PARTS","success",1,"sec_results/FAJR_CONSTRUCTION_PARTS.txt"
"AL_DOMINGO_BUILDERS_INC","success",1,"sec_results/AL_DOMINGO_BUILDERS_INC.txt"
"AC_SOLIVEN_CONSTRUCTION_GENERAL_MERCHANDISE","no_results",0,"sec_results/AC_SOLIVEN_CONSTRUCTION_GENERAL_MERCHANDISE.txt"
"AHMADI_BUILDERS","no_results",0,"sec_results/AHMADI_BUILDERS.txt"
"SMARTBUILD_CONSTRUCTION_AND_TRADING","no_results",0,"sec_results/SMARTBUILD_CONSTRUCTION_AND_TRADING.txt"
"RCD_GEN._CONTRACTOR_&_CONSTRUCTION_SUPPLY","no_results",0,"sec_results/RCD_GEN._CONTRACTOR_&_CONSTRUCTION_SUPPLY.txt"
"ZYRE_TRADING_AND_CONSTRUCTION","no_results",0,"sec_results/ZYRE_TRADING_AND_CONSTRUCTION.txt"
"HI-TONE_CONSTRUCTION_DEVELOPMENT_CORP_FORMERLY","no_results",0,"sec_results/HI-TONE_CONSTRUCTION_DEVELOPMENT_CORP_FORMERLY.txt"
"RR_SEISMUNDO_CONST_AND_SUPPLY","no_results",0,"sec_results/RR_SEISMUNDO_CONST_AND_SUPPLY.txt"
"168_CONSTRUCTION_&_SUPPLY","success",1,"sec_results/168_CONSTRUCTION_&_SUPPLY.txt"
"PHILIPPINE_CHEMSTEEL_INDUSTRIES,_INC","no_results",0,"sec_results/PHILIPPINE_CHEMSTEEL_INDUSTRIES,_INC.txt"
"TNB_BUILDERS","no_results",0,"sec_results/TNB_BUILDERS.txt"
"ADP_CONSTRUCTION_AND_SUPPLY","no_results",0,"sec_results/ADP_CONSTRUCTION_AND_SUPPLY.txt"
"DALEBO_CONSTRUCTION_&_GEN._MERCHANDISE","no_results",0,"sec_results/DALEBO_CONSTRUCTION_&_GEN._MERCHANDISE.txt"
"BASTIAN_BUILDERS","no_results",0,"sec_results/BASTIAN_BUILDERS.txt"
"DEACONS_TEMPLE_CONSTRUCTION","no_results",0,"sec_results/DEACONS_TEMPLE_CONSTRUCTION.txt"
"TWENTYSIX_CONSTRUCTION_INC","no_results",0,"sec_results/TWENTYSIX_CONSTRUCTION_INC.txt"
"BAGOLINYAN_CONSTRUCTION_DESIGN_AND_SUPPLY","no_results",0,"sec_results/BAGOLINYAN_CONSTRUCTION_DESIGN_AND_SUPPLY.txt"
"AL_HUSSEIN_CONSTRUCTION","no_results",0,"sec_results/AL_HUSSEIN_CONSTRUCTION.txt"
"PEDELMAR_CONSTRUCTION_AND_SUPPLY","no_results",0,"sec_results/PEDELMAR_CONSTRUCTION_AND_SUPPLY.txt"
"ECO_BUILDERS","success",1,"sec_results/ECO_BUILDERS.txt"
"CHOLO_CONSTRUCTION_TRADING","no_results",0,"sec_results/CHOLO_CONSTRUCTION_TRADING.txt"
"JOHN_6:51_BUILDERS","no_results",0,"sec_results/JOHN_6:51_BUILDERS.txt"
"MEGABALTZ_CONSTRUCTION","no_results",0,"sec_results/MEGABALTZ_CONSTRUCTION.txt"
"CATTECORYLL_CONSTRUCTION","success",1,"sec_results/CATTECORYLL_CONSTRUCTION.txt"
"GENETIAN_BUILDERS_ENTERPRISES_INCORPORATED","no_results",0,"sec_results/GENETIAN_BUILDERS_ENTERPRISES_INCORPORATED.txt"
"LEDA_CONSTRUCTION_INCORPORATED","success",1,"sec_results/LEDA_CONSTRUCTION_INCORPORATED.txt"
"JEJAN_CONSTRUCT_STEVEN_CONSTRUCTION_SUPPLY","no_results",0,"sec_results/JEJAN_CONSTRUCT_STEVEN_CONSTRUCTION_SUPPLY.txt"
"CARMIG_CONSTRUCTION_&_SUPPLY","no_results",0,"sec_results/CARMIG_CONSTRUCTION_&_SUPPLY.txt"
"AMG_III_CONSTRUCTION_AND_DEVELOPMENT_CORPORATION","success",1,"sec_results/AMG_III_CONSTRUCTION_AND_DEVELOPMENT_CORPORATION.txt"
"JEUSMACK_BUILDERS","no_results",0,"sec_results/JEUSMACK_BUILDERS.txt"
"D._DOLOR_CONSTRUCTION","no_results",0,"sec_results/D._DOLOR_CONSTRUCTION.txt"
"DRAGON_TWELVE_BUILDERS__CONSTRUCTION_SUPPLY","no_results",0,"sec_results/DRAGON_TWELVE_BUILDERS__CONSTRUCTION_SUPPLY.txt"
"DOUBLE_B_CONSTRUCTION_AND_SUPPLY_CORPORATION","no_results",0,"sec_results/DOUBLE_B_CONSTRUCTION_AND_SUPPLY_CORPORATION.txt"
"JRP_DE_MESA_GENERAL_MERCHANDISE","no_results",0,"sec_results/JRP_DE_MESA_GENERAL_MERCHANDISE.txt"
"D.C.R._CONSTRUCTION","no_results",0,"sec_results/D.C.R._CONSTRUCTION.txt"
"STEVEN_CONSTRUCTION_SUPPLY","success",1,"sec_results/STEVEN_CONSTRUCTION_SUPPLY.txt"
"CEDRIC_B._CONSTRUCTION","no_results",0,"sec_results/CEDRIC_B._CONSTRUCTION.txt"
"MAYFLOWER_CONSTRUCTION_AND_DEVELOPMENT_CORPORATION","no_results",0,"sec_results/MAYFLOWER_CONSTRUCTION_AND_DEVELOPMENT_CORPORATION.txt"
"KAREL_CONCRETE_PRODUCTS_AND_HARDWARE_SUPPLIES","no_results",0,"sec_results/KAREL_CONCRETE_PRODUCTS_AND_HARDWARE_SUPPLIES.txt"
"DOUBLE_12_CONSTRUCTION","success",1,"sec_results/DOUBLE_12_CONSTRUCTION.txt"
"MONTADEL_ENTERPRISES","no_results",0,"sec_results/MONTADEL_ENTERPRISES.txt"
"INAMARGA_ENTERPRISES","no_results",0,"sec_results/INAMARGA_ENTERPRISES.txt"
"TRIPLE_8_CONSTRUCTION__SUPPLY_INC_(FORMERLY_TRIPLE_8_CONST__SUPPLY)","no_results",0,"sec_results/TRIPLE_8_CONSTRUCTION__SUPPLY_INC_(FORMERLY_TRIPLE_8_CONST__SUPPLY).txt"
"RGDG_CONSTRUCTION","no_results",0,"sec_results/RGDG_CONSTRUCTION.txt"
"JERIS_CONSTRUCTION_AND_SUPPLY","no_results",0,"sec_results/JERIS_CONSTRUCTION_AND_SUPPLY.txt"
"STALL_CONSTRUCTION_SUPPLIES_&_SERVICES","no_results",0,"sec_results/STALL_CONSTRUCTION_SUPPLIES_&_SERVICES.txt"
"DALCON_CONSTRUCTION","no_results",0,"sec_results/DALCON_CONSTRUCTION.txt"
"E._GARCIA_CONST","no_results",0,"sec_results/E._GARCIA_CONST.txt"
"HERCULES_VENTURES_INC","no_results",0,"sec_results/HERCULES_VENTURES_INC.txt"
"AGGREGATE_SUPPLIES_INC","success",1,"sec_results/AGGREGATE_SUPPLIES_INC.txt"
"PLD_CONSTRUCTION","success",1,"sec_results/PLD_CONSTRUCTION.txt"
"JUAN_ANTONIO_CONSTRUCTION","no_results",0,"sec_results/JUAN_ANTONIO_CONSTRUCTION.txt"
"JJJ-A_CONSTRUCTION_AND_SUPPLIES","no_results",0,"sec_results/JJJ-A_CONSTRUCTION_AND_SUPPLIES.txt"
"RELY_CONSTRUCTION_SUPPLY_INC","no_results",0,"sec_results/RELY_CONSTRUCTION_SUPPLY_INC.txt"
"ARCA_BUILDERS","success",1,"sec_results/ARCA_BUILDERS.txt"
"R.M._BILOG_CONSTRUCTION_AND_ENGINEERING_SERVICES","no_results",0,"sec_results/R.M._BILOG_CONSTRUCTION_AND_ENGINEERING_SERVICES.txt"
"R_B_PANO_CONSTRUCTION_AND_SUPPLY","no_results",0,"sec_results/R_B_PANO_CONSTRUCTION_AND_SUPPLY.txt"
"LCTING_CONSTRUCTION_AND_DEVELOPMENT_CORPORATION_(FORMERLY:_L.C._TING_CONSTRUCTION)","no_results",0,"sec_results/LCTING_CONSTRUCTION_AND_DEVELOPMENT_CORPORATION_(FORMERLY:_L.C._TING_CONSTRUCTION).txt"
"MAMAWAG_CONSTRUCTION","no_results",0,"sec_results/MAMAWAG_CONSTRUCTION.txt"
"HAFF_CONSTRUCTION_AND_SUPPLIES,_INC._(FORMERLY:_HAFF_CONSTRUCTION_AND_SUPPLIES)","no_results",0,"sec_results/HAFF_CONSTRUCTION_AND_SUPPLIES,_INC._(FORMERLY:_HAFF_CONSTRUCTION_AND_SUPPLIES).txt"
"CLMB_CONSTRUCTION","no_results",0,"sec_results/CLMB_CONSTRUCTION.txt"
"B_VICENCIO_CONSTRUCTION_ALPHAHAWK_CONSTRUCTION_CORP","no_results",0,"sec_results/B_VICENCIO_CONSTRUCTION_ALPHAHAWK_CONSTRUCTION_CORP.txt"
"RS_RODRIGUEZ_CONSTRUCTION__SUPPLIES","no_results",0,"sec_results/RS_RODRIGUEZ_CONSTRUCTION__SUPPLIES.txt"
"MAR-DEB_CONSTRUCTION_&AMP;_DEVELOPMENT_CORP","no_results",0,"sec_results/MAR-DEB_CONSTRUCTION_&AMP;_DEVELOPMENT_CORP.txt"
"L_B_LEONCIO_TRADING_AND_CONSTRUCTION_CORPORATION","success",1,"sec_results/L_B_LEONCIO_TRADING_AND_CONSTRUCTION_CORPORATION.txt"
"E.S.L._BUILDERS_&_PARTS_SUPPLY","no_results",0,"sec_results/E.S.L._BUILDERS_&_PARTS_SUPPLY.txt"
"LXS_BUILDERS_&AMP;_SUPPLIES","no_results",0,"sec_results/LXS_BUILDERS_&AMP;_SUPPLIES.txt"
"FLUSSKREBS_CONSTRUCTORS","no_results",0,"sec_results/FLUSSKREBS_CONSTRUCTORS.txt"
"R.N.G.M._CONSTRUCTION_CORPORATION","no_results",0,"sec_results/R.N.G.M._CONSTRUCTION_CORPORATION.txt"
"CBCL_CONSTRUCTION_&_SUPPLY","success",1,"sec_results/CBCL_CONSTRUCTION_&_SUPPLY.txt"
"CONSTRUCTION_WORKS","no_results",0,"sec_results/CONSTRUCTION_WORKS.txt"
"ISECURE_BUILDER_AND_CONSTRUCTION_SUPPLIES","success",10,"sec_results/ISECURE_BUILDER_AND_CONSTRUCTION_SUPPLIES.txt"
"LYCS_BUILDERS_AND_TRADING","no_results",0,"sec_results/LYCS_BUILDERS_AND_TRADING.txt"
"FAR_EAST_ENTERPRISE_AND_SERVICES","no_results",0,"sec_results/FAR_EAST_ENTERPRISE_AND_SERVICES.txt"
"T.J._VELASCO_CONSTRUCTION_&_SUPPLY","no_results",0,"sec_results/T.J._VELASCO_CONSTRUCTION_&_SUPPLY.txt"
"ROIM_BUILDERS_AND_CONSTRUCTION_SUPPLY","no_results",0,"sec_results/ROIM_BUILDERS_AND_CONSTRUCTION_SUPPLY.txt"
"JRD_CONSTRUCTION_AND_SUPPLY","no_results",0,"sec_results/JRD_CONSTRUCTION_AND_SUPPLY.txt"
"CLTG_BUILDERS","no_results",0,"sec_results/CLTG_BUILDERS.txt"
"BACOLOD_ERD_ENTERPRISE","no_results",0,"sec_results/BACOLOD_ERD_ENTERPRISE.txt"
"NOBLE_BUILT_CONSTRUCTION_&AMP;_DEVELOPMENT_CORP","no_results",0,"sec_results/NOBLE_BUILT_CONSTRUCTION_&AMP;_DEVELOPMENT_CORP.txt"
"PHESCO,_INCORPORATED","success",1,"sec_results/PHESCO,_INCORPORATED.txt"
"RCDS_CONST","no_results",0,"sec_results/RCDS_CONST.txt"
"B3&R_CONSTRUCTION_CORP","success",10,"sec_results/B3&R_CONSTRUCTION_CORP.txt"
"VICENTE_T._LAO_CONSTRUCTION","no_results",0,"sec_results/VICENTE_T._LAO_CONSTRUCTION.txt"
"LEGACY_CONSTRUCTION_CORPORATION_(FORMERLY:_LEGACY_CONSTRUCTION)","no_results",0,"sec_results/LEGACY_CONSTRUCTION_CORPORATION_(FORMERLY:_LEGACY_CONSTRUCTION).txt"
"NINETY_ONE_BUILDERS","no_results",0,"sec_results/NINETY_ONE_BUILDERS.txt"
"AG_CONSTRUCTION","success",10,"sec_results/AG_CONSTRUCTION.txt"
"ROMA_CONSTRUCTION_AND_DEVELOPMENT_CORP","no_results",0,"sec_results/ROMA_CONSTRUCTION_AND_DEVELOPMENT_CORP.txt"
"A.J._LAVA_BUILDERS","no_results",0,"sec_results/A.J._LAVA_BUILDERS.txt"
"CHAMICOS_BUILDERS","no_results",0,"sec_results/CHAMICOS_BUILDERS.txt"
"GHENSHAY_GENERAL_MERCHANDISE","no_results",0,"sec_results/GHENSHAY_GENERAL_MERCHANDISE.txt"
"J_C_TAMAYO_ENTERPRISES","no_results",0,"sec_results/J_C_TAMAYO_ENTERPRISES.txt"
"JMSKI_CONSTRUCTION","no_results",0,"sec_results/JMSKI_CONSTRUCTION.txt"
"APD_CONSTRUCTION","no_results",0,"sec_results/APD_CONSTRUCTION.txt"
"PASTRANA_CONSTRUCTION_&_SUPPLIES_(FORMERLY:_PASTRA","no_results",0,"sec_results/PASTRANA_CONSTRUCTION_&_SUPPLIES_(FORMERLY:_PASTRA.txt"
"CS_CONST_AND_SUPPLY_INC","success",7,"sec_results/CS_CONST_AND_SUPPLY_INC.txt"
"STO_CRISTO_CONSTRUCTION__TRADING_INC","no_results",0,"sec_results/STO_CRISTO_CONSTRUCTION__TRADING_INC.txt"
"AL_JON_CONSTRUCTION_DEVELOPMENT_INC","success",1,"sec_results/AL_JON_CONSTRUCTION_DEVELOPMENT_INC.txt"
"DT&C_CONSTRUCTION","success",10,"sec_results/DT&C_CONSTRUCTION.txt"
"LAYAD_GENERAL_ENGINEERING_CONSTRUCTION_AND_AGGREGATES","no_results",0,"sec_results/LAYAD_GENERAL_ENGINEERING_CONSTRUCTION_AND_AGGREGATES.txt"
"QUATRIX_CONSTRUCTION_AND_SUPPLY_INC.","no_results",0,"sec_results/QUATRIX_CONSTRUCTION_AND_SUPPLY_INC..txt"
"EJ_CANTORIA_CONSTRUCTION_&_SUPPLY","no_results",0,"sec_results/EJ_CANTORIA_CONSTRUCTION_&_SUPPLY.txt"
"888RV_CONSTRUCTION_AND_SUPPLIES","no_results",0,"sec_results/888RV_CONSTRUCTION_AND_SUPPLIES.txt"
"JEJORS_CONSTRUCTION_CORPORATION","no_results",0,"sec_results/JEJORS_CONSTRUCTION_CORPORATION.txt"
"VILLORENTE_TWIN_BUILDERS_CORPORATION","no_results",0,"sec_results/VILLORENTE_TWIN_BUILDERS_CORPORATION.txt"
"NEWINGTON_BUILDERS,_INC._(FOR:_E._GARDIOLA_CONSTRUC","no_results",0,"sec_results/NEWINGTON_BUILDERS,_INC._(FOR:_E._GARDIOLA_CONSTRUC.txt"
"CHRISTIAN_LEY_CONSTRUCTION","no_results",0,"sec_results/CHRISTIAN_LEY_CONSTRUCTION.txt"
"AL-JON_CONSTRUCTION_DEVELOPMENT,_INC","no_results",0,"sec_results/AL-JON_CONSTRUCTION_DEVELOPMENT,_INC.txt"
"J_C_PINON_CONST_WAWAO_BUILDERS","no_results",0,"sec_results/J_C_PINON_CONST_WAWAO_BUILDERS.txt"
"C.A._BETALAC_CONSTRUCTION_&_GEN._MDSE.,_INC._(FOR:_C.A._BETALAC_CONSTRUCTION_&_GEN._MDSE.)","no_results",0,"sec_results/C.A._BETALAC_CONSTRUCTION_&_GEN._MDSE.,_INC._(FOR:_C.A._BETALAC_CONSTRUCTION_&_GEN._MDSE.).txt"
"ABLB_CONSTRUCTION_SERVICES","no_results",0,"sec_results/ABLB_CONSTRUCTION_SERVICES.txt"
"CONQUEST_CONSTRUCTION_SUPPLY_PARTS","no_results",0,"sec_results/CONQUEST_CONSTRUCTION_SUPPLY_PARTS.txt"
"E.M._CUERPO,_INC.","success",1,"sec_results/E.M._CUERPO,_INC..txt"
"MJBL_CONSTRUCTION_SERVICES","no_results",0,"sec_results/MJBL_CONSTRUCTION_SERVICES.txt"
"SHANLEY_CONSTRUCTION","no_results",0,"sec_results/SHANLEY_CONSTRUCTION.txt"
"BGC_GOLDEN_BROTHERS_CONSTRUCTION_CORPORATION","no_results",0,"sec_results/BGC_GOLDEN_BROTHERS_CONSTRUCTION_CORPORATION.txt"
"OLIVER_RG_BUILDERS'_AND_CONSTRUCTION","no_results",0,"sec_results/OLIVER_RG_BUILDERS'_AND_CONSTRUCTION.txt"
"NEW_BALAMBAN_ENTERPRISE","no_results",0,"sec_results/NEW_BALAMBAN_ENTERPRISE.txt"
"RPF_CONSTRUCTION","success",1,"sec_results/RPF_CONSTRUCTION.txt"
"J.G._YACAS_CONSTRUCTION,_SUPPLY_AND_EQUIPMENT_RENTAL","no_results",0,"sec_results/J.G._YACAS_CONSTRUCTION,_SUPPLY_AND_EQUIPMENT_RENTAL.txt"
"JHALL_MARKETING_AND_SERVICES","no_results",0,"sec_results/JHALL_MARKETING_AND_SERVICES.txt"
"GREEN_WORLD_CONSTRUCTION","success",1,"sec_results/GREEN_WORLD_CONSTRUCTION.txt"
"A_D_PENDON_CONSTRUCTION_AMP;_SUPPLY_INC","no_results",0,"sec_results/A_D_PENDON_CONSTRUCTION_AMP;_SUPPLY_INC.txt"
"AL_HANDASA_CONSTRUCTION","no_results",0,"sec_results/AL_HANDASA_CONSTRUCTION.txt"
"ISHIZAKI_CONSTRUCTION_DEVELOPMENT_CORPORATION","success",1,"sec_results/ISHIZAKI_CONSTRUCTION_DEVELOPMENT_CORPORATION.txt"
"1199S_CONSTRUCTION","no_results",0,"sec_results/1199S_CONSTRUCTION.txt"
"R_AGULLO_CONSTRUCTION_ENTERPRISES","no_results",0,"sec_results/R_AGULLO_CONSTRUCTION_ENTERPRISES.txt"
"ORIENTAL_SALES_CENTER_AND_CONTRACTOR","no_results",0,"sec_results/ORIENTAL_SALES_CENTER_AND_CONTRACTOR.txt"
"APP_CONSTRUCTION_AND_SUPPLIES","no_results",0,"sec_results/APP_CONSTRUCTION_AND_SUPPLIES.txt"
"KEVIN_YOSHI_BUILDERS","success",1,"sec_results/KEVIN_YOSHI_BUILDERS.txt"
"4_DOUBLERS_TRADING_&_CONTRACTOR_INC._(FORMERLY:_4_DOUBLERS_TRADING_AND_CONTRACTOR)","no_results",0,"sec_results/4_DOUBLERS_TRADING_&_CONTRACTOR_INC._(FORMERLY:_4_DOUBLERS_TRADING_AND_CONTRACTOR).txt"
"D.S._PAMINTUAN_CONSTRUCTION","no_results",0,"sec_results/D.S._PAMINTUAN_CONSTRUCTION.txt"
"S-ANG_CONSTRUCTION_&_GENERAL_TRADING,_INC.","success",1,"sec_results/S-ANG_CONSTRUCTION_&_GENERAL_TRADING,_INC..txt"
"CMC_DEVELOPMENT_INC.","success",1,"sec_results/CMC_DEVELOPMENT_INC..txt"
"GRACEL'S_ENTERPRISES","no_results",0,"sec_results/GRACEL'S_ENTERPRISES.txt"
"524_PROBUILD_CONSTRUCTION","no_results",0,"sec_results/524_PROBUILD_CONSTRUCTION.txt"
"THREE_W_BUILDERS","no_results",0,"sec_results/THREE_W_BUILDERS.txt"
"JARGON_CONSTRUCTION_&_SUPPLY","success",1,"sec_results/JARGON_CONSTRUCTION_&_SUPPLY.txt"
"VHITS_D._G._BUILDERS_&_ENTERPRISES","no_results",0,"sec_results/VHITS_D._G._BUILDERS_&_ENTERPRISES.txt"
"GOLDRICH_CONSTRUCTION_TRADING","no_results",0,"sec_results/GOLDRICH_CONSTRUCTION_TRADING.txt"
"YAKAL_CONSTRUCTION","no_results",0,"sec_results/YAKAL_CONSTRUCTION.txt"
"YCHONGLIYAN_CONSTRUCTION","no_results",0,"sec_results/YCHONGLIYAN_CONSTRUCTION.txt"
"ILFREO_CONSTRUCTION_CORP","no_results",0,"sec_results/ILFREO_CONSTRUCTION_CORP.txt"
"E.M._BAYATAN_CONSTRUCTION","no_results",0,"sec_results/E.M._BAYATAN_CONSTRUCTION.txt"
"JT_GAMOLO_CONSTRUCTION","success",1,"sec_results/JT_GAMOLO_CONSTRUCTION.txt"
"FA_ASPRER_CONSTRUCTION","success",1,"sec_results/FA_ASPRER_CONSTRUCTION.txt"
"DAHL_CONSTRUCTION_CORP._(FORMERLY:_DAHL_CONSTRUCTION)","no_results",0,"sec_results/DAHL_CONSTRUCTION_CORP._(FORMERLY:_DAHL_CONSTRUCTION).txt"
"MRB11_CONSTRUCTION_CORPORATION_FORMERLY_MRB_CONS","no_results",0,"sec_results/MRB11_CONSTRUCTION_CORPORATION_FORMERLY_MRB_CONS.txt"
"ADVANCED_FOUNDATION_CONSTRUCTION_SYSTEMS_CORP","no_results",0,"sec_results/ADVANCED_FOUNDATION_CONSTRUCTION_SYSTEMS_CORP.txt"
"KPSL_GENERAL_CONTRACTOR_INC.","success",1,"sec_results/KPSL_GENERAL_CONTRACTOR_INC..txt"
"M_&_L_CONSTRUCTION_&_ENTERPRISES","no_results",0,"sec_results/M_&_L_CONSTRUCTION_&_ENTERPRISES.txt"
"TAGEL_CORPORATION","no_results",0,"sec_results/TAGEL_CORPORATION.txt"
"LLABAN_CONSTRUCTION_AND_SUPPLY","success",1,"sec_results/LLABAN_CONSTRUCTION_AND_SUPPLY.txt"
"ROYAL_CROWN_MONARCH_CONSTRUCTION_SUPPLIES_CORP","no_results",0,"sec_results/ROYAL_CROWN_MONARCH_CONSTRUCTION_SUPPLIES_CORP.txt"
"ROTAFLEX_CONSTRUCTION_&_DEVELOPMENT_CORP","no_results",0,"sec_results/ROTAFLEX_CONSTRUCTION_&_DEVELOPMENT_CORP.txt"
"ALRO_CONSTRUCTION_DEVELOPMENT_CORP","no_results",0,"sec_results/ALRO_CONSTRUCTION_DEVELOPMENT_CORP.txt"
"MARC_JILL_CONSTRUCTION","no_results",0,"sec_results/MARC_JILL_CONSTRUCTION.txt"
"CT_LEONCIO_CONSTRUCTION_AND_TRADING","no_results",0,"sec_results/CT_LEONCIO_CONSTRUCTION_AND_TRADING.txt"
"W.B._ALAGAO_CONSTRUCTION","no_results",0,"sec_results/W.B._ALAGAO_CONSTRUCTION.txt"
"8_PILLARS_CONSTRUCTION_AND_GENERAL_MERCHANDISE","no_results",0,"sec_results/8_PILLARS_CONSTRUCTION_AND_GENERAL_MERCHANDISE.txt"
"MAÃ‘ALAC_CONSTRUCTION_AND_SUPPLY","no_results",0,"sec_results/MAÃ‘ALAC_CONSTRUCTION_AND_SUPPLY.txt"
"E.L._ANOLIN_CONSTRUCTION","no_results",0,"sec_results/E.L._ANOLIN_CONSTRUCTION.txt"
"J.B._BASALLO_CONSTRUCTION_&__SUPPLIES","no_results",0,"sec_results/J.B._BASALLO_CONSTRUCTION_&__SUPPLIES.txt"
"FOUR_J_JASMIG_CONSTRUCTION_CORPORATION_FORMERLY_JASMIG_CONSTRUCTION_SUPPLY","no_results",0,"sec_results/FOUR_J_JASMIG_CONSTRUCTION_CORPORATION_FORMERLY_JASMIG_CONSTRUCTION_SUPPLY.txt"
"ALPHA_&_OMEGA_GEN._CONTRACTOR_&_DEVELOPMENT_CORP.","no_results",0,"sec_results/ALPHA_&_OMEGA_GEN._CONTRACTOR_&_DEVELOPMENT_CORP..txt"
"JANN_NORRIS_CONSTRUCTION_SUPPLIES","no_results",0,"sec_results/JANN_NORRIS_CONSTRUCTION_SUPPLIES.txt"
"CITYSTAR_CONSTRUCTION","no_results",0,"sec_results/CITYSTAR_CONSTRUCTION.txt"
"COFEJOK_CONSTRUCTION_AND_SUPPLY_CORPORATION_FORME","no_results",0,"sec_results/COFEJOK_CONSTRUCTION_AND_SUPPLY_CORPORATION_FORME.txt"
"MARCELINO_DYSAM_ENTERPRISES","no_results",0,"sec_results/MARCELINO_DYSAM_ENTERPRISES.txt"
"JARGON_CONSTRUCTION__SUPPLY","success",1,"sec_results/JARGON_CONSTRUCTION__SUPPLY.txt"
"NFH_CONSTRUCTION__SUPPLY","success",1,"sec_results/NFH_CONSTRUCTION__SUPPLY.txt"
"JA_ACHACOSO_ENTERPRISES","success",1,"sec_results/JA_ACHACOSO_ENTERPRISES.txt"
"DEO_BALNAO_LABO_CONSTRUCTION_AND_SUPPLY","no_results",0,"sec_results/DEO_BALNAO_LABO_CONSTRUCTION_AND_SUPPLY.txt"
"E.M._MALLARI_CONSTRUCTION","no_results",0,"sec_results/E.M._MALLARI_CONSTRUCTION.txt"
"LTDL_BUILDERS","no_results",0,"sec_results/LTDL_BUILDERS.txt"
"B_M_K_CONSTRUCTION_ROYAL_CROWN_MONARCH_CONSTRUCTION_SUPPLIES_CORP","no_results",0,"sec_results/B_M_K_CONSTRUCTION_ROYAL_CROWN_MONARCH_CONSTRUCTION_SUPPLIES_CORP.txt"
"739_BUILDERS","no_results",0,"sec_results/739_BUILDERS.txt"
"CAVDEAL_-_CAVITE_IDEAL_INTERNATIONAL_CONSTRUCTION_&_DEVELOPMENT_CORP","no_results",0,"sec_results/CAVDEAL_-_CAVITE_IDEAL_INTERNATIONAL_CONSTRUCTION_&_DEVELOPMENT_CORP.txt"
"PMJ_CONSTRUCTION","no_results",0,"sec_results/PMJ_CONSTRUCTION.txt"
"RD8_BUILDERS_CORPORATION_UNDER_THE_NAME_OF_RD8_BUILDERS","no_results",0,"sec_results/RD8_BUILDERS_CORPORATION_UNDER_THE_NAME_OF_RD8_BUILDERS.txt"
"TRISANT_BUILDERS","no_results",0,"sec_results/TRISANT_BUILDERS.txt"
"JUGA_BUILDERS","no_results",0,"sec_results/JUGA_BUILDERS.txt"
"CS_CONSTRUCTION_AND_SUPPLY_DALANON_CONSTRUCTION_CORPORATION_FORMERLY_DALANON_CONSTRUCTION_REF_SUPPLY_SERVICE","no_results",0,"sec_results/CS_CONSTRUCTION_AND_SUPPLY_DALANON_CONSTRUCTION_CORPORATION_FORMERLY_DALANON_CONSTRUCTION_REF_SUPPLY_SERVICE.txt"
"L.C._TALON_CONSTRUCTION","no_results",0,"sec_results/L.C._TALON_CONSTRUCTION.txt"
"OL_GUDZ_CONSTRUCTION","no_results",0,"sec_results/OL_GUDZ_CONSTRUCTION.txt"
"A.L._CRUZ_DESIGN_AND_BUILDERS_CONSTRUCTION","no_results",0,"sec_results/A.L._CRUZ_DESIGN_AND_BUILDERS_CONSTRUCTION.txt"
"AJA_BUILDERS","no_results",0,"sec_results/AJA_BUILDERS.txt"
"OBIAS_CONSTRUCTION_AND_SUPPLY","no_results",0,"sec_results/OBIAS_CONSTRUCTION_AND_SUPPLY.txt"
"ESJ_AND_SONS_CONSTRUCTION_AND_CONSTRUCTION_SUPPLY,_INC","success",1,"sec_results/ESJ_AND_SONS_CONSTRUCTION_AND_CONSTRUCTION_SUPPLY,_INC.txt"
"R.A._MATIAS_CONSTRUCTION_AND_DEVELOPERS","success",1,"sec_results/R.A._MATIAS_CONSTRUCTION_AND_DEVELOPERS.txt"
"MAK_JAY_CONSTRUCTION","success",1,"sec_results/MAK_JAY_CONSTRUCTION.txt"
"FJ_CONSTRUCTION_&_ENTERPRISES_(_FORMERLYFJ_CONSTRU","no_results",0,"sec_results/FJ_CONSTRUCTION_&_ENTERPRISES_(_FORMERLYFJ_CONSTRU.txt"
"JAJR_CONSTRUCTION","no_results",0,"sec_results/JAJR_CONSTRUCTION.txt"
"E_S_L_BUILDERS","success",10,"sec_results/E_S_L_BUILDERS.txt"
"IRON_WORKS","no_results",0,"sec_results/IRON_WORKS.txt"
"JADOMINIA_CONSTRUCTION_&AMP;_SUPPLIES","no_results",0,"sec_results/JADOMINIA_CONSTRUCTION_&AMP;_SUPPLIES.txt"
"HAIGHT'S_CONSTRUCTION","no_results",0,"sec_results/HAIGHT'S_CONSTRUCTION.txt"
"PANAY_EAST_COAST_CONSTRUCTION__SUPPLY","no_results",0,"sec_results/PANAY_EAST_COAST_CONSTRUCTION__SUPPLY.txt"
"EIRISH_BUILDERS_&_SUPPLY_INC.","success",1,"sec_results/EIRISH_BUILDERS_&_SUPPLY_INC..txt"
"JHALL_MARKETING_AND__SERVICES","no_results",0,"sec_results/JHALL_MARKETING_AND__SERVICES.txt"
"YPR_GEN_CONTRACTOR_AND_CONSTRUCTION_SUPPLY_Inc","success",1,"sec_results/YPR_GEN_CONTRACTOR_AND_CONSTRUCTION_SUPPLY_Inc.txt"
"ROTA_FLEX_CONSTRUCTION","no_results",0,"sec_results/ROTA_FLEX_CONSTRUCTION.txt"
"TAGUSAO_CONSTRUCTION_&_TRADING_INC._(FORMERLY:_TAGUSAO_CONSTRUCTION_&_TRADING)","no_results",0,"sec_results/TAGUSAO_CONSTRUCTION_&_TRADING_INC._(FORMERLY:_TAGUSAO_CONSTRUCTION_&_TRADING).txt"
"ANG_YAP_BUILDERS","success",1,"sec_results/ANG_YAP_BUILDERS.txt"
"L._D._LLACUNA_CONSTRUCTION_AND_SUPPLY_INC","success",1,"sec_results/L._D._LLACUNA_CONSTRUCTION_AND_SUPPLY_INC.txt"
"RCDG_CONSTRUCTION_CORPORATION","no_results",0,"sec_results/RCDG_CONSTRUCTION_CORPORATION.txt"
"MECON_SYSTEMS_SERVICE_AND_MAINTENANCE_PRODUCTS","no_results",0,"sec_results/MECON_SYSTEMS_SERVICE_AND_MAINTENANCE_PRODUCTS.txt"
"RUDHIL_CONSTRUCTION_&_ENTERPRISES,_INC._(FORMERLY_R","no_results",0,"sec_results/RUDHIL_CONSTRUCTION_&_ENTERPRISES,_INC._(FORMERLY_R.txt"
"DEVELOPERS_CORPORATION","success",10,"sec_results/DEVELOPERS_CORPORATION.txt"
"PRIMITIVO_P._ESLABON_CONSTRUCTION_&_HARDWARE","no_results",0,"sec_results/PRIMITIVO_P._ESLABON_CONSTRUCTION_&_HARDWARE.txt"
"RDF_TRADING_AND_CONSTRUCTION","no_results",0,"sec_results/RDF_TRADING_AND_CONSTRUCTION.txt"
"JO20_CONSTRUCTION_AND_SUPPLY","no_results",0,"sec_results/JO20_CONSTRUCTION_AND_SUPPLY.txt"
"CHIARA_CONSTRUCTION","no_results",0,"sec_results/CHIARA_CONSTRUCTION.txt"
"B.B._LAT-IW_CONSTRUCTION","no_results",0,"sec_results/B.B._LAT-IW_CONSTRUCTION.txt"
"ADROIT_CONSTRUCTION_DGSARM_BUILDERS_INC_FORMERLY_D_G_SARMENTA_CONSTRUCTION","no_results",0,"sec_results/ADROIT_CONSTRUCTION_DGSARM_BUILDERS_INC_FORMERLY_D_G_SARMENTA_CONSTRUCTION.txt"
"KEVIN_PAUL_CONSTRUCTION","no_results",0,"sec_results/KEVIN_PAUL_CONSTRUCTION.txt"
"J.G._GARCIA_CONST","no_results",0,"sec_results/J.G._GARCIA_CONST.txt"
"DAVAO_TCM_HARDWARE_BRANCH","no_results",0,"sec_results/DAVAO_TCM_HARDWARE_BRANCH.txt"
"CONCEPCION_BASIC_BUILDERS_INC","no_results",0,"sec_results/CONCEPCION_BASIC_BUILDERS_INC.txt"
"N.B._SALBO_CONSTRUCTION","no_results",0,"sec_results/N.B._SALBO_CONSTRUCTION.txt"
"ALEXANDRIA_CONSTRUCTION_AND_SUPPLY","no_results",0,"sec_results/ALEXANDRIA_CONSTRUCTION_AND_SUPPLY.txt"
"A_M_SALONG_CONSTRUCTION","no_results",0,"sec_results/A_M_SALONG_CONSTRUCTION.txt"
"VEN_RAY_CONSTRUCTION_CORPORATION","no_results",0,"sec_results/VEN_RAY_CONSTRUCTION_CORPORATION.txt"
"BOHOL_ARCH_CONSTRUCTION_AND_DEVELOPMENT_-__CORP","no_results",0,"sec_results/BOHOL_ARCH_CONSTRUCTION_AND_DEVELOPMENT_-__CORP.txt"
"JHTC_CONSTRUCTION_AND_SUPPLIES","no_results",0,"sec_results/JHTC_CONSTRUCTION_AND_SUPPLIES.txt"
"RAPHAEIL_CONSTRUCTION","no_results",0,"sec_results/RAPHAEIL_CONSTRUCTION.txt"
"EARTHWORK_BUILDERS_INC","success",1,"sec_results/EARTHWORK_BUILDERS_INC.txt"
"CBC_CONSTRUCTION_SUPPLY","no_results",0,"sec_results/CBC_CONSTRUCTION_SUPPLY.txt"
"RASTER_ENTERPRISE","no_results",0,"sec_results/RASTER_ENTERPRISE.txt"
"MOUNTAIN_HORIZON_BUILDER","no_results",0,"sec_results/MOUNTAIN_HORIZON_BUILDER.txt"
"JG_MENDOZA_BUILDERS","success",4,"sec_results/JG_MENDOZA_BUILDERS.txt"
"PAGTAENGAN_BUILDERS_AND_CONCRETE_PRODUCTS","no_results",0,"sec_results/PAGTAENGAN_BUILDERS_AND_CONCRETE_PRODUCTS.txt"
"DYLAN_EQUIPMENT,_CONSTRUCTION_AND_SUPPLIES","no_results",0,"sec_results/DYLAN_EQUIPMENT,_CONSTRUCTION_AND_SUPPLIES.txt"
"JEFF_ENTERPRISES","no_results",0,"sec_results/JEFF_ENTERPRISES.txt"
"J-MARBELA_CONSTRUCTION_AND_SUPPLY","no_results",0,"sec_results/J-MARBELA_CONSTRUCTION_AND_SUPPLY.txt"
"JLP_CONSTRUCTION_&_SUPPLY_(FORMERLY:_JLP_CONSTRUCT","no_results",0,"sec_results/JLP_CONSTRUCTION_&_SUPPLY_(FORMERLY:_JLP_CONSTRUCT.txt"
"AL_DAVE_GENERAL_MERCHANDISE","no_results",0,"sec_results/AL_DAVE_GENERAL_MERCHANDISE.txt"
"PALMARES_CONSTRUCTION_&_GENERAL_MERCHANDISE_CORP._(FORMERLY:_PALMARES_GENERAL_MERCHANDISE)","no_results",0,"sec_results/PALMARES_CONSTRUCTION_&_GENERAL_MERCHANDISE_CORP._(FORMERLY:_PALMARES_GENERAL_MERCHANDISE).txt"
"STO_CRISTO_CONSTRUCTION_AND_TRADING","no_results",0,"sec_results/STO_CRISTO_CONSTRUCTION_AND_TRADING.txt"
"V.N._GRANDE_BUILDERS_&AMP;_SUPPLY","no_results",0,"sec_results/V.N._GRANDE_BUILDERS_&AMP;_SUPPLY.txt"
"STO_CRISTO_CONSTRUCTION_TRADING_INC","no_results",0,"sec_results/STO_CRISTO_CONSTRUCTION_TRADING_INC.txt"
"PHAITON_PHILS._CONSTRUCTION_CORP","success",1,"sec_results/PHAITON_PHILS._CONSTRUCTION_CORP.txt"
"RC_CONSTRUCTION_&_REALTY","no_results",0,"sec_results/RC_CONSTRUCTION_&_REALTY.txt"
"LARSEN_DUTCHER_CONSTRACTOR_CORPORATION","success",1,"sec_results/LARSEN_DUTCHER_CONSTRACTOR_CORPORATION.txt"
"MATRICS_CONSTRUCTION","no_results",0,"sec_results/MATRICS_CONSTRUCTION.txt"
"RELY_CONSTRUCTION__SUPPLY_INC","no_results",0,"sec_results/RELY_CONSTRUCTION__SUPPLY_INC.txt"
"MEGASTRUCTURE_BUILDER_AND_TRADING_CORPORATION","success",1,"sec_results/MEGASTRUCTURE_BUILDER_AND_TRADING_CORPORATION.txt"
"AQUALINE_CONSTRUCTION_CORPORATION_(FORMERLY:_AQUALINE_CONSTRUCTION)","no_results",0,"sec_results/AQUALINE_CONSTRUCTION_CORPORATION_(FORMERLY:_AQUALINE_CONSTRUCTION).txt"
"GRACERON_CONSTRUCTION","no_results",0,"sec_results/GRACERON_CONSTRUCTION.txt"
"ROCKWELL_CONSTRUCTION_AND_SUPPLY","no_results",0,"sec_results/ROCKWELL_CONSTRUCTION_AND_SUPPLY.txt"
"MARCPHIL_CONSTRUCTION","success",1,"sec_results/MARCPHIL_CONSTRUCTION.txt"
"TRIBAL_MOVERS_CONSTRUCTION","no_results",0,"sec_results/TRIBAL_MOVERS_CONSTRUCTION.txt"
"H_FRANCISCO_CONSTRUCTION_AND_SUPPLY","success",1,"sec_results/H_FRANCISCO_CONSTRUCTION_AND_SUPPLY.txt"
"E._R._ABAD_ENTERPRISES","no_results",0,"sec_results/E._R._ABAD_ENTERPRISES.txt"
"GREAT_PACIFIC_BUILDERS_AND_GEN_CONTRACTOR_INC","no_results",0,"sec_results/GREAT_PACIFIC_BUILDERS_AND_GEN_CONTRACTOR_INC.txt"
"CALIMBAS_CONSTRUCTION_OPC","success",1,"sec_results/CALIMBAS_CONSTRUCTION_OPC.txt"
"ED1SON_DEVELOPMENT_&_CONSTRUCTION_INC","no_results",0,"sec_results/ED1SON_DEVELOPMENT_&_CONSTRUCTION_INC.txt"
"ASC_CONSTRUCTION_&__CONCRETE_PRODUCTS","no_results",0,"sec_results/ASC_CONSTRUCTION_&__CONCRETE_PRODUCTS.txt"
"F.C._MARTINEZ_CONSTRUCTION","success",1,"sec_results/F.C._MARTINEZ_CONSTRUCTION.txt"
"AB_OPENA_BUILDERS","no_results",0,"sec_results/AB_OPENA_BUILDERS.txt"
"ESN_CONSTRUCTION_TRADING","no_results",0,"sec_results/ESN_CONSTRUCTION_TRADING.txt"
"R.B._PANO_CONSTRUCTION_CORP._(FORMERLY:_R.B._PANO_CONSTRUCTION_AND_SUPPLY)","no_results",0,"sec_results/R.B._PANO_CONSTRUCTION_CORP._(FORMERLY:_R.B._PANO_CONSTRUCTION_AND_SUPPLY).txt"
"5-1_CONSTRUCTION_CORPORATION","success",10,"sec_results/5-1_CONSTRUCTION_CORPORATION.txt"
"ROLCO_CONSTRUCTION_&_DEVELOPMENT_CORPORATION_(_FOR","no_results",0,"sec_results/ROLCO_CONSTRUCTION_&_DEVELOPMENT_CORPORATION_(_FOR.txt"
"JT_GAMOLO_CONSTRUCTION_INCORPORATION","no_results",0,"sec_results/JT_GAMOLO_CONSTRUCTION_INCORPORATION.txt"
"DGZ_CONSTRUCTION_AND_SUPPLY","no_results",0,"sec_results/DGZ_CONSTRUCTION_AND_SUPPLY.txt"
"A.L._ACHARON_CONSTRUCTION_AND_SUPPLY","no_results",0,"sec_results/A.L._ACHARON_CONSTRUCTION_AND_SUPPLY.txt"
"SHALJOMAR_CONSTRUCTION_&_SUPPLY","no_results",0,"sec_results/SHALJOMAR_CONSTRUCTION_&_SUPPLY.txt"
"KEY_GENERAL_MERCHANDISE_AND_CONSTRUCTION_SERVICES","no_results",0,"sec_results/KEY_GENERAL_MERCHANDISE_AND_CONSTRUCTION_SERVICES.txt"
"CHAMPION_COMMERCIAL","success",1,"sec_results/CHAMPION_COMMERCIAL.txt"
"MAR-DEB_CONSTRUCTION__DEVELOPMENT_CORP","success",1,"sec_results/MAR-DEB_CONSTRUCTION__DEVELOPMENT_CORP.txt"
"FLS_ENTERPRISE","success",1,"sec_results/FLS_ENTERPRISE.txt"
"I_E_CONSTRUCTION_CORPORATION_FORMERLY_I_E_CONSTR","no_results",0,"sec_results/I_E_CONSTRUCTION_CORPORATION_FORMERLY_I_E_CONSTR.txt"
"I.F._CLEMENTE_CONSTRUCTION_CORPORATION","no_results",0,"sec_results/I.F._CLEMENTE_CONSTRUCTION_CORPORATION.txt"
"FIRST_NORTHWAY_DEVELOPMENT_CONSTRUCTION_CORP","no_results",0,"sec_results/FIRST_NORTHWAY_DEVELOPMENT_CONSTRUCTION_CORP.txt"
"LAKEWOOD_CONSTRUCTION_COMPANY","no_results",0,"sec_results/LAKEWOOD_CONSTRUCTION_COMPANY.txt"
"M.M.A._ACHIEVER_CONSTRUCTION_&_DEVELOPMENT_CORP","no_results",0,"sec_results/M.M.A._ACHIEVER_CONSTRUCTION_&_DEVELOPMENT_CORP.txt"
"RR-JAM_CONSTRUCTION","success",1,"sec_results/RR-JAM_CONSTRUCTION.txt"
"DANYSONS_CONSTRUCTION_JWU_CONSTRUCTION_AND_SUPPLY","no_results",0,"sec_results/DANYSONS_CONSTRUCTION_JWU_CONSTRUCTION_AND_SUPPLY.txt"
"TONIJON_CONSTRUCTION_AND_DEVELOPMENT_INC","no_results",0,"sec_results/TONIJON_CONSTRUCTION_AND_DEVELOPMENT_INC.txt"
"EIGHT_J'S_CONSTRUCTION_SERVICES","no_results",0,"sec_results/EIGHT_J'S_CONSTRUCTION_SERVICES.txt"
"KARANGYAN_BUILDERS","success",1,"sec_results/KARANGYAN_BUILDERS.txt"
"SHEEN_SHEEN_CONSTRUCTION","success",1,"sec_results/SHEEN_SHEEN_CONSTRUCTION.txt"
"DUKHEA_CONSTRUCTION","no_results",0,"sec_results/DUKHEA_CONSTRUCTION.txt"
"BELJUN_CONSTRUCTION_&AMP;_ENGINEERING","no_results",0,"sec_results/BELJUN_CONSTRUCTION_&AMP;_ENGINEERING.txt"
"A.R.J._CIVIL_ENGINEERING_CONSTRUCTION","no_results",0,"sec_results/A.R.J._CIVIL_ENGINEERING_CONSTRUCTION.txt"
"DUPLAMILCO,_INC","no_results",0,"sec_results/DUPLAMILCO,_INC.txt"
"IFIYALLIG_BUILDERS","no_results",0,"sec_results/IFIYALLIG_BUILDERS.txt"
"AQUALINE_CONSTRUCTION","no_results",0,"sec_results/AQUALINE_CONSTRUCTION.txt"
"MIN_CONSTRUCTION","success",1,"sec_results/MIN_CONSTRUCTION.txt"
"RED_AXE_BUILDERS_&_SUPPLY","no_results",0,"sec_results/RED_AXE_BUILDERS_&_SUPPLY.txt"
"LUCBAN_BUILDERS_AND_CONSTRUCTION_SUPPLY_INCORPORAT","no_results",0,"sec_results/LUCBAN_BUILDERS_AND_CONSTRUCTION_SUPPLY_INCORPORAT.txt"
"EL_ANOLIN_CONSTRUCTION","success",1,"sec_results/EL_ANOLIN_CONSTRUCTION.txt"
"ADB_DYNAMIC_BUILDERS_SUPPLY","no_results",0,"sec_results/ADB_DYNAMIC_BUILDERS_SUPPLY.txt"
"RUDHIL_CONSTRUCTION_ENTERPRISES_INC_FORMERLY_R","no_results",0,"sec_results/RUDHIL_CONSTRUCTION_ENTERPRISES_INC_FORMERLY_R.txt"
"OLIN_DEVELOPMENT_ENGINEERING_CONSTRUCTION","no_results",0,"sec_results/OLIN_DEVELOPMENT_ENGINEERING_CONSTRUCTION.txt"
"121_CONSTRUCTION_CORPORATION_FORMERLY_121_CONSTUC","no_results",0,"sec_results/121_CONSTRUCTION_CORPORATION_FORMERLY_121_CONSTUC.txt"
"PATE-KHAY_CONSTRUCTION","no_results",0,"sec_results/PATE-KHAY_CONSTRUCTION.txt"
"FIRST_NORTHWAY_DEVELOPMENT__CONSTRUCTION_CORP","no_results",0,"sec_results/FIRST_NORTHWAY_DEVELOPMENT__CONSTRUCTION_CORP.txt"
"SILLIMAN_AVENUE_CONSTRUCTION_&AMP;_SUPPLY","no_results",0,"sec_results/SILLIMAN_AVENUE_CONSTRUCTION_&AMP;_SUPPLY.txt"
"GTJ_CONSTRUCTION","success",1,"sec_results/GTJ_CONSTRUCTION.txt"
"JCML_BUILDERS","no_results",0,"sec_results/JCML_BUILDERS.txt"
"KEJAMARENIK_CONSTRUCTION","success",1,"sec_results/KEJAMARENIK_CONSTRUCTION.txt"
"RME_CONSTRUCTION_AND_ENTERPRISES","no_results",0,"sec_results/RME_CONSTRUCTION_AND_ENTERPRISES.txt"
"JB_CONSTRUCTION_AND_SUPPLY","success",10,"sec_results/JB_CONSTRUCTION_AND_SUPPLY.txt"
"EDDIE_G._GUILLEN_BUILDERS_INC","no_results",0,"sec_results/EDDIE_G._GUILLEN_BUILDERS_INC.txt"
"MACSTRENGTH_CONSTRUCTION","no_results",0,"sec_results/MACSTRENGTH_CONSTRUCTION.txt"
"ALEXANDRIA_CONSTRUCTION","success",1,"sec_results/ALEXANDRIA_CONSTRUCTION.txt"
"SANRHO_CONST_AND_SUPPL_SISBRO_CONSTRUCTION_CORPORATION_FORMERLY_SISBRO_CONSTRUCTION_SUPPLY","no_results",0,"sec_results/SANRHO_CONST_AND_SUPPL_SISBRO_CONSTRUCTION_CORPORATION_FORMERLY_SISBRO_CONSTRUCTION_SUPPLY.txt"
"CARTESIAN_BUILDERS","success",1,"sec_results/CARTESIAN_BUILDERS.txt"
"NORTHERN_BUILDERS","success",2,"sec_results/NORTHERN_BUILDERS.txt"
"TRISTAN_TEJADA_CONSTRUCTION_(FORMERLY:_JOMATRIS_CO","no_results",0,"sec_results/TRISTAN_TEJADA_CONSTRUCTION_(FORMERLY:_JOMATRIS_CO.txt"
"ONE_PIECE_BUILDERS","no_results",0,"sec_results/ONE_PIECE_BUILDERS.txt"
"820_BUILDERS_AND_SUPPLIES","no_results",0,"sec_results/820_BUILDERS_AND_SUPPLIES.txt"
"3AMR_CONSTRUCTION_SERVICES_INC","success",1,"sec_results/3AMR_CONSTRUCTION_SERVICES_INC.txt"
"JAS_MIXER_CONSTRUCTION_AND_DEVELOPMENT_CORPORATION","success",1,"sec_results/JAS_MIXER_CONSTRUCTION_AND_DEVELOPMENT_CORPORATION.txt"
"SIFFU_ROCKS_CONSTRUCTION","no_results",0,"sec_results/SIFFU_ROCKS_CONSTRUCTION.txt"
"JG_NORA_BUILDERS","no_results",0,"sec_results/JG_NORA_BUILDERS.txt"
"EURO_CONSTRUCTION_AND_SUPPLY_(_FORMERLY:_EURO_CONSTRUCTION_AND_TRADING)","no_results",0,"sec_results/EURO_CONSTRUCTION_AND_SUPPLY_(_FORMERLY:_EURO_CONSTRUCTION_AND_TRADING).txt"
"HUMMING_BIRD_CONSTRUCTION","no_results",0,"sec_results/HUMMING_BIRD_CONSTRUCTION.txt"
"JERRY_R_SANTIAGO_CONSTRUCTION_CORP","success",1,"sec_results/JERRY_R_SANTIAGO_CONSTRUCTION_CORP.txt"
"G.G._MATEO_CONSTRUCTION","no_results",0,"sec_results/G.G._MATEO_CONSTRUCTION.txt"
"INSTA_BUILDERS_&_SUPPLIES_CORP","success",1,"sec_results/INSTA_BUILDERS_&_SUPPLIES_CORP.txt"
"SILVERGRACES_CONSTRUCTION_&_CONSTRUCTION_SUPPLY","no_results",0,"sec_results/SILVERGRACES_CONSTRUCTION_&_CONSTRUCTION_SUPPLY.txt"
"APB_CONSTRUCTION","success",1,"sec_results/APB_CONSTRUCTION.txt"
"GALLICA_CONSTRUCTION","no_results",0,"sec_results/GALLICA_CONSTRUCTION.txt"
"GP_H_CONSTRUCTION_INCORPORATED","success",10,"sec_results/GP_H_CONSTRUCTION_INCORPORATED.txt"
"JAG_FOUR_CONSTRUCTION","no_results",0,"sec_results/JAG_FOUR_CONSTRUCTION.txt"
"A.T._DUMLAO_CONSTRUCTION,_INC.,","no_results",0,"sec_results/A.T._DUMLAO_CONSTRUCTION,_INC.,.txt"
"GREAT_PACIFIC_BUILDERS_AND_GEN._CONTRACTOR_INC.","no_results",0,"sec_results/GREAT_PACIFIC_BUILDERS_AND_GEN._CONTRACTOR_INC..txt"
"NORJOHN_CONSTRUCTION","no_results",0,"sec_results/NORJOHN_CONSTRUCTION.txt"
"CASTILLANES_CONSTRUCTION_AND_SUPPLY","no_results",0,"sec_results/CASTILLANES_CONSTRUCTION_AND_SUPPLY.txt"
"TITAN_BUILDERS","success",4,"sec_results/TITAN_BUILDERS.txt"
"E_GARDIOLA_CONSTRUC","no_results",0,"sec_results/E_GARDIOLA_CONSTRUC.txt"
"J_M_LACORTE_CONSTRUCTION","no_results",0,"sec_results/J_M_LACORTE_CONSTRUCTION.txt"
"MAR-VEL_CONSTRUCTION_&AMP;_SUPPLY","no_results",0,"sec_results/MAR-VEL_CONSTRUCTION_&AMP;_SUPPLY.txt"
"ALRIE_CONSTRUCTION_SERVICES","no_results",0,"sec_results/ALRIE_CONSTRUCTION_SERVICES.txt"
"H.L.J_CONSTRUCTION_&_ENTERPRISES","success",10,"sec_results/H.L.J_CONSTRUCTION_&_ENTERPRISES.txt"
"PHIL_MANNA_CONSTRUCTION_AND_SUPPLY","no_results",0,"sec_results/PHIL_MANNA_CONSTRUCTION_AND_SUPPLY.txt"
"DESIGN","success",10,"sec_results/DESIGN.txt"
"C_F_CONSTRUCTION_DEVELOPMENT_CORPORATION","success",10,"sec_results/C_F_CONSTRUCTION_DEVELOPMENT_CORPORATION.txt"
"VENUS_ENGINEERING_AND_CONSTRUCTION","no_results",0,"sec_results/VENUS_ENGINEERING_AND_CONSTRUCTION.txt"
"ZAMBOPEN__CONSTRUCTION","no_results",0,"sec_results/ZAMBOPEN__CONSTRUCTION.txt"
"ST_MATTHEW_GEN_CONTRACTOR__DEVELOPMENT_CORP","no_results",0,"sec_results/ST_MATTHEW_GEN_CONTRACTOR__DEVELOPMENT_CORP.txt"
"LEA_SONS_TRADING_AND_CONSTRUCTION","no_results",0,"sec_results/LEA_SONS_TRADING_AND_CONSTRUCTION.txt"
"AMAD_CONSTRUCTION_SERVICES_AND_SUPPLY","no_results",0,"sec_results/AMAD_CONSTRUCTION_SERVICES_AND_SUPPLY.txt"
"JPO_BUILDERS_AND_CONSTRUCTION_SUPPLY","no_results",0,"sec_results/JPO_BUILDERS_AND_CONSTRUCTION_SUPPLY.txt"
"MOMENT_DIAGRAM_BUILDERS","no_results",0,"sec_results/MOMENT_DIAGRAM_BUILDERS.txt"
"JERCON_TRADE_CONSTRUCTION_DEVELOPMENT__CORP","success",1,"sec_results/JERCON_TRADE_CONSTRUCTION_DEVELOPMENT__CORP.txt"
"CPR_CONSTRUCTION_AND_SUPPLY,_INC","success",1,"sec_results/CPR_CONSTRUCTION_AND_SUPPLY,_INC.txt"
"ROBETH_GEN._MDSE._CONST._&_SUPPLY","no_results",0,"sec_results/ROBETH_GEN._MDSE._CONST._&_SUPPLY.txt"
"J-SAM_HARDWARE_&_CONSTRUCTION_SUPPLIES_CORP","success",1,"sec_results/J-SAM_HARDWARE_&_CONSTRUCTION_SUPPLIES_CORP.txt"
"ARAMAEAN_HARDWARE_&_CONSTRUCTION_SUPPLY","no_results",0,"sec_results/ARAMAEAN_HARDWARE_&_CONSTRUCTION_SUPPLY.txt"
"ULTIMATE_BUILDER'S_&_CONST._SUPPLY","no_results",0,"sec_results/ULTIMATE_BUILDER'S_&_CONST._SUPPLY.txt"
"RA_IGNACIO_CONST._CORP","no_results",0,"sec_results/RA_IGNACIO_CONST._CORP.txt"
"A_S_T_BUILDERS","no_results",0,"sec_results/A_S_T_BUILDERS.txt"
"SPECO_BUILDERS_INC","success",1,"sec_results/SPECO_BUILDERS_INC.txt"
"RS_SEPIAN_CONSTRUCTION_TRUCKING","no_results",0,"sec_results/RS_SEPIAN_CONSTRUCTION_TRUCKING.txt"
"RITCHE-NATHALIE_BUILDERS_AND_GENERAL_MERCHANDISE","no_results",0,"sec_results/RITCHE-NATHALIE_BUILDERS_AND_GENERAL_MERCHANDISE.txt"
"EBUILDERS_CONSTRUCTION_&_DEVELOPMENT_CORP.","success",1,"sec_results/EBUILDERS_CONSTRUCTION_&_DEVELOPMENT_CORP..txt"
"XP_BUILDERS","no_results",0,"sec_results/XP_BUILDERS.txt"
"J.E._TICO_CONSTRUCTION_CO.,_INC._(FORMERLY:_JET_CO","no_results",0,"sec_results/J.E._TICO_CONSTRUCTION_CO.,_INC._(FORMERLY:_JET_CO.txt"
"CHUCON_BUILDERS_CORPORATION","success",1,"sec_results/CHUCON_BUILDERS_CORPORATION.txt"
"CURRIMAO_CONSTRUCTION_&_DEVELOPMENT,_INC.","no_results",0,"sec_results/CURRIMAO_CONSTRUCTION_&_DEVELOPMENT,_INC..txt"
"NEW_BIAN_YEK_COMMERCIAL_INC","success",1,"sec_results/NEW_BIAN_YEK_COMMERCIAL_INC.txt"
"JANN-NORRIS_CONSTRUCTION_AND_SUPPLIES_INC","success",1,"sec_results/JANN-NORRIS_CONSTRUCTION_AND_SUPPLIES_INC.txt"
"MARCIVAN_CONSTRUCTION_AND_SUPPLY","no_results",0,"sec_results/MARCIVAN_CONSTRUCTION_AND_SUPPLY.txt"
"AE_BELLEZA_BUILDERS","no_results",0,"sec_results/AE_BELLEZA_BUILDERS.txt"
"MGDJ_CONSTRUCTION","no_results",0,"sec_results/MGDJ_CONSTRUCTION.txt"
"SILVER_CONSTRUCTION","no_results",0,"sec_results/SILVER_CONSTRUCTION.txt"
"1FC_DIZON_CORP","no_results",0,"sec_results/1FC_DIZON_CORP.txt"
"AEJ_HARDWARE,_CONSTRUCTION,_&_ENTERPRISES","no_results",0,"sec_results/AEJ_HARDWARE,_CONSTRUCTION,_&_ENTERPRISES.txt"
"V.B._DONATO_CONSTRUCTION","no_results",0,"sec_results/V.B._DONATO_CONSTRUCTION.txt"
"AR.ESBI_CONSTRUCTION","no_results",0,"sec_results/AR.ESBI_CONSTRUCTION.txt"
"DAUNGAN_CONSTRUCTION_DEV_T","no_results",0,"sec_results/DAUNGAN_CONSTRUCTION_DEV_T.txt"
"EGP_ENTERPRISES","no_results",0,"sec_results/EGP_ENTERPRISES.txt"
"GLAXON_CONSTRUCTION_SERVICES","no_results",0,"sec_results/GLAXON_CONSTRUCTION_SERVICES.txt"
"POLYMERVIC_CONSTRUCTION","no_results",0,"sec_results/POLYMERVIC_CONSTRUCTION.txt"
"R._S._DELOVINO_BUILDERS_AND_SUPPLIES","no_results",0,"sec_results/R._S._DELOVINO_BUILDERS_AND_SUPPLIES.txt"
"WESTMIN_ENTERPRISES_AND_CONSTRUCTION_SERVICES","no_results",0,"sec_results/WESTMIN_ENTERPRISES_AND_CONSTRUCTION_SERVICES.txt"
"JUDAN_BUILDERS","no_results",0,"sec_results/JUDAN_BUILDERS.txt"
"DAHL_CONSTRUCTION","success",1,"sec_results/DAHL_CONSTRUCTION.txt"
"M.R._VARGAS_CONSTRUCTION_CORPORATION","no_results",0,"sec_results/M.R._VARGAS_CONSTRUCTION_CORPORATION.txt"
"ALTEC_CONSTRUCTION","no_results",0,"sec_results/ALTEC_CONSTRUCTION.txt"
"GDBS_BUILDERS_AND_ENTERPRISE","success",1,"sec_results/GDBS_BUILDERS_AND_ENTERPRISE.txt"
"ADAD_ENGINEERING_SERVICES_&_SUPPLY","no_results",0,"sec_results/ADAD_ENGINEERING_SERVICES_&_SUPPLY.txt"
"J_A_BUILDERS","success",10,"sec_results/J_A_BUILDERS.txt"
"F_R_MAPILISAN_CONSTRUCTION","no_results",0,"sec_results/F_R_MAPILISAN_CONSTRUCTION.txt"
"REVERE_CONSTRUCTION_&_SUPPLY_CORPORATION_-_BATANGAS","no_results",0,"sec_results/REVERE_CONSTRUCTION_&_SUPPLY_CORPORATION_-_BATANGAS.txt"
"PABLOS_LABASBAS_CONSTRUCTION_CORPORATION","no_results",0,"sec_results/PABLOS_LABASBAS_CONSTRUCTION_CORPORATION.txt"
"LATO_BUILDERS","no_results",0,"sec_results/LATO_BUILDERS.txt"
"MAG_CORPORATION","success",1,"sec_results/MAG_CORPORATION.txt"
"PTM_DEVELOPMENT_CORP","success",1,"sec_results/PTM_DEVELOPMENT_CORP.txt"
"R.R._GADINGAN_CONSTRUCTION","no_results",0,"sec_results/R.R._GADINGAN_CONSTRUCTION.txt"
"MAJDA_CONSTRUCTION_AND_DEVELOPMENT","no_results",0,"sec_results/MAJDA_CONSTRUCTION_AND_DEVELOPMENT.txt"
"HUMMING_BIRD_CONSTRUCTION_&_SUPPLY_CORPORATION","no_results",0,"sec_results/HUMMING_BIRD_CONSTRUCTION_&_SUPPLY_CORPORATION.txt"
"GERSON_CONSTRUCTION_AND_HARDWARE_SUPPLY","no_results",0,"sec_results/GERSON_CONSTRUCTION_AND_HARDWARE_SUPPLY.txt"
"SYMS_CONSTRUCTION_TRADING","no_results",0,"sec_results/SYMS_CONSTRUCTION_TRADING.txt"
"AL_NINO_CONSTRUCTION_&_SUPPLY","no_results",0,"sec_results/AL_NINO_CONSTRUCTION_&_SUPPLY.txt"
"GAIL_CONSTRUCTION_AND_SUPPLY","no_results",0,"sec_results/GAIL_CONSTRUCTION_AND_SUPPLY.txt"
"JJJ_CONSTRUCTION_AND_GENERAL_SUPPLY","no_results",0,"sec_results/JJJ_CONSTRUCTION_AND_GENERAL_SUPPLY.txt"
"DAHL_CONSTRUCTION_CORP","success",1,"sec_results/DAHL_CONSTRUCTION_CORP.txt"
"N.T._TULABUT_CONSTRUCTION_AND_SUPPLY","no_results",0,"sec_results/N.T._TULABUT_CONSTRUCTION_AND_SUPPLY.txt"
"SUNSTONE_CONSTRUCTION_&_SUPPLY","no_results",0,"sec_results/SUNSTONE_CONSTRUCTION_&_SUPPLY.txt"
"BNYU_ENTERPRISES_AND_CONSTRUCTION","no_results",0,"sec_results/BNYU_ENTERPRISES_AND_CONSTRUCTION.txt"
"RGE_CONSTRUCTION_&_SUPPLY","no_results",0,"sec_results/RGE_CONSTRUCTION_&_SUPPLY.txt"
"DUROS_DEVELOPMENT_CORP.","no_results",0,"sec_results/DUROS_DEVELOPMENT_CORP..txt"
"M.K.U._CONSTRUCTION_AND_SUPPLY","no_results",0,"sec_results/M.K.U._CONSTRUCTION_AND_SUPPLY.txt"
"RAPID_FOREMOST_CONST._CO.","success",1,"sec_results/RAPID_FOREMOST_CONST._CO..txt"
"EIGHT_JS_CONSTRUCTION_SERVICES","no_results",0,"sec_results/EIGHT_JS_CONSTRUCTION_SERVICES.txt"
"LIRA_CONSTRUCTION_AND_SUPPLIES","no_results",0,"sec_results/LIRA_CONSTRUCTION_AND_SUPPLIES.txt"
"KING_EIGHT_BUILDERS_AND_SUPPLY","no_results",0,"sec_results/KING_EIGHT_BUILDERS_AND_SUPPLY.txt"
"DD_ROSAL_CONSTRUCTION","success",2,"sec_results/DD_ROSAL_CONSTRUCTION.txt"
"OLIVA_DESIGN_AND_CONSTRUCTION","no_results",0,"sec_results/OLIVA_DESIGN_AND_CONSTRUCTION.txt"
"TRI-DAN-J_CONSTRUCTION_AND_TRADING","no_results",0,"sec_results/TRI-DAN-J_CONSTRUCTION_AND_TRADING.txt"
"G._BANZ_BUILDERS_CORP.","success",1,"sec_results/G._BANZ_BUILDERS_CORP..txt"
"PAULA_MAE_BUHONG_CONSTRUCTION","no_results",0,"sec_results/PAULA_MAE_BUHONG_CONSTRUCTION.txt"
"BATAKAGAN_CONSTRUCTION","no_results",0,"sec_results/BATAKAGAN_CONSTRUCTION.txt"
"E.M._ANGELES_ENTERPRISES","no_results",0,"sec_results/E.M._ANGELES_ENTERPRISES.txt"
"ROVIE_JANE_ELECTRICAL_&_HARDWARE","no_results",0,"sec_results/ROVIE_JANE_ELECTRICAL_&_HARDWARE.txt"
"ST._GERRARD_CONSTRUCTION_GEN._CONTRACTOR_&_DEVELOPMENT_CORP._(FORMERLY:ST._GERRARD_CONSTRUCTION)","no_results",0,"sec_results/ST._GERRARD_CONSTRUCTION_GEN._CONTRACTOR_&_DEVELOPMENT_CORP._(FORMERLY:ST._GERRARD_CONSTRUCTION).txt"
"HERBERT_MALMIS_GENERAL_MERCHANDISING_CONTRACTOR","no_results",0,"sec_results/HERBERT_MALMIS_GENERAL_MERCHANDISING_CONTRACTOR.txt"
"R._ANIN_JR._CONSTRUCTION","no_results",0,"sec_results/R._ANIN_JR._CONSTRUCTION.txt"
"JOSE_RUBI_CONSTRUCTION","no_results",0,"sec_results/JOSE_RUBI_CONSTRUCTION.txt"
"FILCAN_UNITED_CONSTRUCTION_GENERAL_MERCHANDISE_CORP","success",1,"sec_results/FILCAN_UNITED_CONSTRUCTION_GENERAL_MERCHANDISE_CORP.txt"
"OBIAS_CONSTRUCTION_&_SUPPLY","no_results",0,"sec_results/OBIAS_CONSTRUCTION_&_SUPPLY.txt"
"CHE_ENTERPRISES","no_results",0,"sec_results/CHE_ENTERPRISES.txt"
"LABB_CONSTRUCTION","no_results",0,"sec_results/LABB_CONSTRUCTION.txt"
"SKYSCRAPER_CONSTRUCTION_AND_ENGINEERING_SERVICES","no_results",0,"sec_results/SKYSCRAPER_CONSTRUCTION_AND_ENGINEERING_SERVICES.txt"
"EQUI-PARCO_CONSTRUCTION_COMPANY","success",1,"sec_results/EQUI-PARCO_CONSTRUCTION_COMPANY.txt"
"SALTAN_RIVER_CORPORATION","success",1,"sec_results/SALTAN_RIVER_CORPORATION.txt"
"MIRA_CONSTRUCTION_AND_TRADING","no_results",0,"sec_results/MIRA_CONSTRUCTION_AND_TRADING.txt"
"RMA_BUILDERS_SUPPLIES_CORPORATION","success",1,"sec_results/RMA_BUILDERS_SUPPLIES_CORPORATION.txt"
"F._GURREA_CONSTRUCTION,_INCORPORATED","success",1,"sec_results/F._GURREA_CONSTRUCTION,_INCORPORATED.txt"
"FOUR_J","success",10,"sec_results/FOUR_J.txt"
"A.S.V._CONSTRUCTION_SUPPLY_AND_SERVICES","success",10,"sec_results/A.S.V._CONSTRUCTION_SUPPLY_AND_SERVICES.txt"
"11_DIAMOND_EAGLE_CONSTRUCTION_CORPORATION_(FORMERLY:11_DIAMOND_EAGLE_CONSTRUCTION)","no_results",0,"sec_results/11_DIAMOND_EAGLE_CONSTRUCTION_CORPORATION_(FORMERLY:11_DIAMOND_EAGLE_CONSTRUCTION).txt"
"BJMJB_CONSTRUCTION","success",1,"sec_results/BJMJB_CONSTRUCTION.txt"
"CMS_GENERAL_MERCHANDISE_AND_CONSTRUCTION_SUPPLY","no_results",0,"sec_results/CMS_GENERAL_MERCHANDISE_AND_CONSTRUCTION_SUPPLY.txt"
"EBARAM_GENERAL_CONSTRUCTION_&_SUPPLY","no_results",0,"sec_results/EBARAM_GENERAL_CONSTRUCTION_&_SUPPLY.txt"
"GLASS_SUPPLY_INC","success",10,"sec_results/GLASS_SUPPLY_INC.txt"
"E_S_JOSEFA_CONSTRUCTION","no_results",0,"sec_results/E_S_JOSEFA_CONSTRUCTION.txt"
"TAMONTAKA_BUILDERS","no_results",0,"sec_results/TAMONTAKA_BUILDERS.txt"
"CEBU_HAYDTER_CONSTRUCTION","no_results",0,"sec_results/CEBU_HAYDTER_CONSTRUCTION.txt"
"MJMARI_BUILDERS_AND_ENTERPRISES","no_results",0,"sec_results/MJMARI_BUILDERS_AND_ENTERPRISES.txt"
"FIXTRUCTURE_CONSTRUCTION_&_SUPPLY","no_results",0,"sec_results/FIXTRUCTURE_CONSTRUCTION_&_SUPPLY.txt"
"PYRAMID_CONSOLIDATED_BUILDERS_GENERAL_MERCHANDISE","no_results",0,"sec_results/PYRAMID_CONSOLIDATED_BUILDERS_GENERAL_MERCHANDISE.txt"
"PANGASINAN_NEW_WILSON_LUMBER_&_CONSTRUCTION_SUPPLY","no_results",0,"sec_results/PANGASINAN_NEW_WILSON_LUMBER_&_CONSTRUCTION_SUPPLY.txt"
"HVC_SAGITTARIUS_COMMERCIAL_CONSTRUCTION","success",1,"sec_results/HVC_SAGITTARIUS_COMMERCIAL_CONSTRUCTION.txt"
"FREDEN_CONSTRUCTION","success",1,"sec_results/FREDEN_CONSTRUCTION.txt"
"PRIME_MOVER`S_PHILS._CONSTRUCTION_AND_SUPPLIES_INC","success",1,"sec_results/PRIME_MOVER`S_PHILS._CONSTRUCTION_AND_SUPPLIES_INC.txt"
"L_B_LEONCIO_TRADING_CONSTRUCTION_ONE_HUNDRED_PERCENT_CONSTRUCTION_AND_DEVELOPMENT_CORPORATION_FORMERLY_BCT_TRADING_CONSTRUCTION","no_results",0,"sec_results/L_B_LEONCIO_TRADING_CONSTRUCTION_ONE_HUNDRED_PERCENT_CONSTRUCTION_AND_DEVELOPMENT_CORPORATION_FORMERLY_BCT_TRADING_CONSTRUCTION.txt"
"E._F._CHUA_CONSTRUCTION,_INC","success",2,"sec_results/E._F._CHUA_CONSTRUCTION,_INC.txt"
"SWANA_MERCANTILE_INC","no_results",0,"sec_results/SWANA_MERCANTILE_INC.txt"
"NIâ€”AS_CONSTRUCTION_CORP._(FORMERLY:_NINA'S_CONSTRUCTION_AND_SUPPLIES)","no_results",0,"sec_results/NIâ€”AS_CONSTRUCTION_CORP._(FORMERLY:_NINA'S_CONSTRUCTION_AND_SUPPLIES).txt"
"HI-TONE_CONSTRUCTION_&_DEVELOPMENT_CORP._(FORMERLY","no_results",0,"sec_results/HI-TONE_CONSTRUCTION_&_DEVELOPMENT_CORP._(FORMERLY.txt"
"GOLDFIN_CONSTRUCTION_&_DEVELOPMENT_CORPORATION_(FORMERLY:_GOLDFIN_CONSTRUCTION)","no_results",0,"sec_results/GOLDFIN_CONSTRUCTION_&_DEVELOPMENT_CORPORATION_(FORMERLY:_GOLDFIN_CONSTRUCTION).txt"
"AMP_CONSTRUCTION_CORPORATION_(FORMERLY:_A.M.P._CONSTRUCTION)","no_results",0,"sec_results/AMP_CONSTRUCTION_CORPORATION_(FORMERLY:_A.M.P._CONSTRUCTION).txt"
"FIRST_NORTHWAY_DEVELOPMENT_AND_CONSTRUCTION_CORPORATION","success",1,"sec_results/FIRST_NORTHWAY_DEVELOPMENT_AND_CONSTRUCTION_CORPORATION.txt"
"R.K.X._ODIAMAR__CONSTRUCTION","no_results",0,"sec_results/R.K.X._ODIAMAR__CONSTRUCTION.txt"
"SANPER_VENTURES,_INC","success",1,"sec_results/SANPER_VENTURES,_INC.txt"
"MACROPRIME_BUILDERS_CORPORATION","success",1,"sec_results/MACROPRIME_BUILDERS_CORPORATION.txt"
"PAKBIENG_SIENG_CONSTRUCTION","no_results",0,"sec_results/PAKBIENG_SIENG_CONSTRUCTION.txt"
"MICRO-ASIA_BUILDERS_CORPORATION","no_results",0,"sec_results/MICRO-ASIA_BUILDERS_CORPORATION.txt"
"A.S.S._CONSTRUCTION","no_results",0,"sec_results/A.S.S._CONSTRUCTION.txt"
"KOUKEN_CONSTRUCTION","no_results",0,"sec_results/KOUKEN_CONSTRUCTION.txt"
"JOAN_AND_JOHN_CONSTRUCTION_AND_TRADING","no_results",0,"sec_results/JOAN_AND_JOHN_CONSTRUCTION_AND_TRADING.txt"
"DJB_CONSTRUCTION_SERVICES","no_results",0,"sec_results/DJB_CONSTRUCTION_SERVICES.txt"
"J_A_DEVELOPERS","no_results",0,"sec_results/J_A_DEVELOPERS.txt"
"M_G_SALAZAR_CONSTRUCTION_CORP_FOR_M_G_SALAZAR","no_results",0,"sec_results/M_G_SALAZAR_CONSTRUCTION_CORP_FOR_M_G_SALAZAR.txt"
"BINUNGOR_CONSTRUCTION","no_results",0,"sec_results/BINUNGOR_CONSTRUCTION.txt"
"1HB_CONSTRUCTION_Corp","success",1,"sec_results/1HB_CONSTRUCTION_Corp.txt"
"CS_CONSTRUCTION_AND_SUPPLY","success",10,"sec_results/CS_CONSTRUCTION_AND_SUPPLY.txt"
"BANGYAN_3D_CONSTRUCTION","no_results",0,"sec_results/BANGYAN_3D_CONSTRUCTION.txt"
"HI_TRI_DEVELOPMENT_CORPORATION","no_results",0,"sec_results/HI_TRI_DEVELOPMENT_CORPORATION.txt"
"NEW_GLOBALDEV_CORPORATION","no_results",0,"sec_results/NEW_GLOBALDEV_CORPORATION.txt"
"RICH_ADS_CONSTRUCTION_CORP._(FORMERLY_RICH_ADS_CON","no_results",0,"sec_results/RICH_ADS_CONSTRUCTION_CORP._(FORMERLY_RICH_ADS_CON.txt"
"B.Q._CONSTRUCTION_AND_SUPPLY","success",10,"sec_results/B.Q._CONSTRUCTION_AND_SUPPLY.txt"
"SKYLINE_CONSTRUCTION_EQUIPMENT_AND_DEVELOPMENT_CORPORATION_FORMERLY_EDDIE_G_GUILLEN_BUILDERS_INC","no_results",0,"sec_results/SKYLINE_CONSTRUCTION_EQUIPMENT_AND_DEVELOPMENT_CORPORATION_FORMERLY_EDDIE_G_GUILLEN_BUILDERS_INC.txt"
"LYD_CONSTRUCTION","no_results",0,"sec_results/LYD_CONSTRUCTION.txt"
"DUROS_DEVELOPMENT_CORP","no_results",0,"sec_results/DUROS_DEVELOPMENT_CORP.txt"
"L_C_TING_CONSTRUCTION","success",2,"sec_results/L_C_TING_CONSTRUCTION.txt"
"PABLOS._LABASBAS_CONSTRUCTION_CORPORATION","no_results",0,"sec_results/PABLOS._LABASBAS_CONSTRUCTION_CORPORATION.txt"
"ALE_BUILDERS_CONSTRUCTION_DEVELOPMENT_CORPORATION","no_results",0,"sec_results/ALE_BUILDERS_CONSTRUCTION_DEVELOPMENT_CORPORATION.txt"
"ARSVICO_CONSTRUCTION_AND_DEVELOPMENT_CORP","success",1,"sec_results/ARSVICO_CONSTRUCTION_AND_DEVELOPMENT_CORP.txt"
"JMLD_CONSTRUCTION","no_results",0,"sec_results/JMLD_CONSTRUCTION.txt"
"N.M.D._CONSTRUCTION_&_TRADING","success",10,"sec_results/N.M.D._CONSTRUCTION_&_TRADING.txt"
"TONIJON_CONSTRUCTION","success",1,"sec_results/TONIJON_CONSTRUCTION.txt"
"JG_CONSTRUCTION_AND_SUPPLY","success",10,"sec_results/JG_CONSTRUCTION_AND_SUPPLY.txt"
"ARRIANNE_CONSTRUCTION_AND_SUPPLY","no_results",0,"sec_results/ARRIANNE_CONSTRUCTION_AND_SUPPLY.txt"
"ROCKSTEEL_CONSTRUCTION_AND_DEV'T_CORPORATION","success",1,"sec_results/ROCKSTEEL_CONSTRUCTION_AND_DEV'T_CORPORATION.txt"
"ST._RAYMUND_CONSTRUCTION,_INC.","no_results",0,"sec_results/ST._RAYMUND_CONSTRUCTION,_INC..txt"
"CHARLZ_CONSTRUCTION,_INC.","success",1,"sec_results/CHARLZ_CONSTRUCTION,_INC..txt"
"A._SANDOVAL_CONSTRUCTION_&_SUPPLY","no_results",0,"sec_results/A._SANDOVAL_CONSTRUCTION_&_SUPPLY.txt"
"DIPOLOG_TOP_CONSTRUCTION_&_DEVT._CORP","no_results",0,"sec_results/DIPOLOG_TOP_CONSTRUCTION_&_DEVT._CORP.txt"
"RCV_VILLAMOR_CONSTRUCTION","no_results",0,"sec_results/RCV_VILLAMOR_CONSTRUCTION.txt"
"R_R_C_CONSTRUCTION","success",10,"sec_results/R_R_C_CONSTRUCTION.txt"
"TERAVERA_CORPORATION","success",1,"sec_results/TERAVERA_CORPORATION.txt"
"H-ROYAL_CONSTRUCTION","success",3,"sec_results/H-ROYAL_CONSTRUCTION.txt"
"MACK'S_CONSTRUCTION_AND_SUPPLY","no_results",0,"sec_results/MACK'S_CONSTRUCTION_AND_SUPPLY.txt"
"ST._GABRIEL_BUILDERS","no_results",0,"sec_results/ST._GABRIEL_BUILDERS.txt"
"VANNIE_CONSTRUCTION_AND_SUPPLY","no_results",0,"sec_results/VANNIE_CONSTRUCTION_AND_SUPPLY.txt"
"VVER_CONSTRUCTION","success",1,"sec_results/VVER_CONSTRUCTION.txt"
"AB_APONESTO_CONSTRUCTION_PARTS_AND_SUPPLY_INC","success",1,"sec_results/AB_APONESTO_CONSTRUCTION_PARTS_AND_SUPPLY_INC.txt"
"AREMAR_CONSTRUCTION_CORPORATION","no_results",0,"sec_results/AREMAR_CONSTRUCTION_CORPORATION.txt"
"ALOJA_BUILDERS_AND_REALTY","success",1,"sec_results/ALOJA_BUILDERS_AND_REALTY.txt"
"CG_GENERAL_CONSTRUCTION_&_DEVELOPMENT_CORPORATION","success",1,"sec_results/CG_GENERAL_CONSTRUCTION_&_DEVELOPMENT_CORPORATION.txt"
"FRANZCOR_TRADING_CONSTRUCTION","no_results",0,"sec_results/FRANZCOR_TRADING_CONSTRUCTION.txt"
"REAL_CAT_CONSTRUCTION","no_results",0,"sec_results/REAL_CAT_CONSTRUCTION.txt"
"MZ_BUILDERS_&_CONSTRUCTION_SUPPLY","success",10,"sec_results/MZ_BUILDERS_&_CONSTRUCTION_SUPPLY.txt"
"CB_GARAY_PHILWIDE_BUILDERS","no_results",0,"sec_results/CB_GARAY_PHILWIDE_BUILDERS.txt"
"HEALTHY_CONSTRUCTION","no_results",0,"sec_results/HEALTHY_CONSTRUCTION.txt"
"RDG_CONSTRUCTION_AND_SUPPLY","no_results",0,"sec_results/RDG_CONSTRUCTION_AND_SUPPLY.txt"
"TEKNIBUILD_CONSTRUCTION","no_results",0,"sec_results/TEKNIBUILD_CONSTRUCTION.txt"
"HEAF_CONSULTANCY_&_ENGINEERING_SERVICES","no_results",0,"sec_results/HEAF_CONSULTANCY_&_ENGINEERING_SERVICES.txt"
"OXCON_ENTERPRISES","no_results",0,"sec_results/OXCON_ENTERPRISES.txt"
"IRC_CONSTRUCTION_&_SUPPLIES","no_results",0,"sec_results/IRC_CONSTRUCTION_&_SUPPLIES.txt"
"FIAT_CONSTRUCTION_SERVICES","success",1,"sec_results/FIAT_CONSTRUCTION_SERVICES.txt"
"MUNTOPAR_BUILDERS_CORP.","success",1,"sec_results/MUNTOPAR_BUILDERS_CORP..txt"
"ALLEN_CONSTRUCTION_AND_DEVELOPMENT_CORPORATION_(FORMERLY:ALLEN_CONSTRUCTION)","no_results",0,"sec_results/ALLEN_CONSTRUCTION_AND_DEVELOPMENT_CORPORATION_(FORMERLY:ALLEN_CONSTRUCTION).txt"
"CNG_CONSTRUCTION","no_results",0,"sec_results/CNG_CONSTRUCTION.txt"
"FDC_CONSTRUCTION_SERVICES_AND_SUPPLY","no_results",0,"sec_results/FDC_CONSTRUCTION_SERVICES_AND_SUPPLY.txt"
"GBTU_CONSTRUCTION_AND_SUPPLIES","no_results",0,"sec_results/GBTU_CONSTRUCTION_AND_SUPPLIES.txt"
"JHI_CONSTRUCTION_&_SUPPLY","no_results",0,"sec_results/JHI_CONSTRUCTION_&_SUPPLY.txt"
"LAKE_CITY_BUILDER","no_results",0,"sec_results/LAKE_CITY_BUILDER.txt"
"REPOLMAN_CONSTRUCTION_CORP","success",1,"sec_results/REPOLMAN_CONSTRUCTION_CORP.txt"
"ANN_REYRICK_CONSTRUCTION","no_results",0,"sec_results/ANN_REYRICK_CONSTRUCTION.txt"
"3N_CONSTRUCTION_&_SUPPLY","no_results",0,"sec_results/3N_CONSTRUCTION_&_SUPPLY.txt"
"KALAHAN_GENERAL_CONSTRUCTION_&_SUPPLIES","no_results",0,"sec_results/KALAHAN_GENERAL_CONSTRUCTION_&_SUPPLIES.txt"
"HUMMING_BIRD_CONSTRUCTION_SUPPLY_CORPORATION","no_results",0,"sec_results/HUMMING_BIRD_CONSTRUCTION_SUPPLY_CORPORATION.txt"
"C.E._MERCADO_CONSTRUCTION","no_results",0,"sec_results/C.E._MERCADO_CONSTRUCTION.txt"
"ADIMRE_CONSTRUCTION","no_results",0,"sec_results/ADIMRE_CONSTRUCTION.txt"
"J_SQUARE_BUILDERS_AND_CONSTRUCTION_SUPPLY","no_results",0,"sec_results/J_SQUARE_BUILDERS_AND_CONSTRUCTION_SUPPLY.txt"
"M.E._SICAT_CONSTRUCTION,_INC","no_results",0,"sec_results/M.E._SICAT_CONSTRUCTION,_INC.txt"
"ARCONIC_INC.","success",1,"sec_results/ARCONIC_INC..txt"
"DINAH_JANE_CONSTRUCTION_AND_SUPPLY","no_results",0,"sec_results/DINAH_JANE_CONSTRUCTION_AND_SUPPLY.txt"
"DYANGGO_CONSTRUCTION","no_results",0,"sec_results/DYANGGO_CONSTRUCTION.txt"
"JAMI_CONSTRUCTION_AND_SUPPLY","no_results",0,"sec_results/JAMI_CONSTRUCTION_AND_SUPPLY.txt"
"ALLEN_CONSTRUCTION","success",1,"sec_results/ALLEN_CONSTRUCTION.txt"
"3RB_CONSTRUCTION__SUPPLY","no_results",0,"sec_results/3RB_CONSTRUCTION__SUPPLY.txt"
"TCP_BUILDERS","no_results",0,"sec_results/TCP_BUILDERS.txt"
"E.C._TIMBANCAYA_ENTERPRISES","success",1,"sec_results/E.C._TIMBANCAYA_ENTERPRISES.txt"
"JUBER_CONSTRUCTION","no_results",0,"sec_results/JUBER_CONSTRUCTION.txt"
"JUNACE_ENTERPRISE_INC","success",1,"sec_results/JUNACE_ENTERPRISE_INC.txt"
"ZLREJ_TRADING_AND_CONSTRUCTION_CORP","no_results",0,"sec_results/ZLREJ_TRADING_AND_CONSTRUCTION_CORP.txt"
"RDF_CONSTRUCTION_&_SUPPLY","no_results",0,"sec_results/RDF_CONSTRUCTION_&_SUPPLY.txt"
"R._L._PACANA'S_CONSTRUCTION_&_DEVELOPMENT","no_results",0,"sec_results/R._L._PACANA'S_CONSTRUCTION_&_DEVELOPMENT.txt"
"JB_DANTE_BUILDERS_SUPPLY","no_results",0,"sec_results/JB_DANTE_BUILDERS_SUPPLY.txt"
"TIOFILO_CONSTRUCTION","no_results",0,"sec_results/TIOFILO_CONSTRUCTION.txt"
"A_J_LAVA_BUIL","success",2,"sec_results/A_J_LAVA_BUIL.txt"
"RIVBROS_CONSTRUCTION_FACTORS_&_DEVELOPMENT","no_results",0,"sec_results/RIVBROS_CONSTRUCTION_FACTORS_&_DEVELOPMENT.txt"
"MOG_CONSTRUCTION_INC","success",1,"sec_results/MOG_CONSTRUCTION_INC.txt"
"DYNAMIC_DUAL_CONSTRUCTION","no_results",0,"sec_results/DYNAMIC_DUAL_CONSTRUCTION.txt"
"A2C_ENTERPRISES_INC","success",1,"sec_results/A2C_ENTERPRISES_INC.txt"
"MA_CONSTRUCTION","success",10,"sec_results/MA_CONSTRUCTION.txt"
"CSR_CONSTRUCTION_&_SUPPLY","no_results",0,"sec_results/CSR_CONSTRUCTION_&_SUPPLY.txt"
"EDELSONS_BUILDERS_INC.","success",1,"sec_results/EDELSONS_BUILDERS_INC..txt"
"ALNINO_CONSTRUCTION_&_SUPPLY_CORPORATION","no_results",0,"sec_results/ALNINO_CONSTRUCTION_&_SUPPLY_CORPORATION.txt"
"RSS_CONSTRUCTION_&_SUPPLIES","no_results",0,"sec_results/RSS_CONSTRUCTION_&_SUPPLIES.txt"
"CALIMBAS_CONSTRUCTION","success",1,"sec_results/CALIMBAS_CONSTRUCTION.txt"
"DC_BROS_BUILDERS_AND_TRADING","success",1,"sec_results/DC_BROS_BUILDERS_AND_TRADING.txt"
"INFRA_BUILDERS_AND_SELLERS,_PHILIPPINES","no_results",0,"sec_results/INFRA_BUILDERS_AND_SELLERS,_PHILIPPINES.txt"
"RITZTOK_CONSTRUCTION_AND_SUPPLY","no_results",0,"sec_results/RITZTOK_CONSTRUCTION_AND_SUPPLY.txt"
"CONQUEST_CONSTRUCTION_SUPPLY_&_PARTS","no_results",0,"sec_results/CONQUEST_CONSTRUCTION_SUPPLY_&_PARTS.txt"
"BERTO_LUCCI_BUILDERS","success",1,"sec_results/BERTO_LUCCI_BUILDERS.txt"
"722_CONSTRUCTION_INC","no_results",0,"sec_results/722_CONSTRUCTION_INC.txt"
"QUELLING_CONSTRUCTION","no_results",0,"sec_results/QUELLING_CONSTRUCTION.txt"
"JUCONS_CONSTRUCTION_&_SUPPLY","no_results",0,"sec_results/JUCONS_CONSTRUCTION_&_SUPPLY.txt"
"HI-DENSITY_INTERNATIONAL_CONSTRUCTION_AND_DEVELOPMENT_INC.","success",1,"sec_results/HI-DENSITY_INTERNATIONAL_CONSTRUCTION_AND_DEVELOPMENT_INC..txt"
"MAHAYAHAY_MULTI-PURPOSE_COOPERATIVE","no_results",0,"sec_results/MAHAYAHAY_MULTI-PURPOSE_COOPERATIVE.txt"
"HEKLER_BUILDERS_CORP.","success",1,"sec_results/HEKLER_BUILDERS_CORP..txt"
"ST._MATTHEW_GEN._CONTRACTOR_&_DEVELOPMENT_CORP.","success",1,"sec_results/ST._MATTHEW_GEN._CONTRACTOR_&_DEVELOPMENT_CORP..txt"
"5'S_CONSTRUCTION_&_SUPPLY","success",10,"sec_results/5'S_CONSTRUCTION_&_SUPPLY.txt"
"MS2_BUILDER_AND_SUPPLIES_INC.","success",1,"sec_results/MS2_BUILDER_AND_SUPPLIES_INC..txt"
"CONTE_BUILDERS","no_results",0,"sec_results/CONTE_BUILDERS.txt"
"JMJ_MULTI_MARKETING","no_results",0,"sec_results/JMJ_MULTI_MARKETING.txt"
"RICH_ADS_CONSTRUCTION_CORP","success",1,"sec_results/RICH_ADS_CONSTRUCTION_CORP.txt"
"RADIANCE_TRADERS_&_BUILDERS","no_results",0,"sec_results/RADIANCE_TRADERS_&_BUILDERS.txt"
"B_VICENCIO_CONSTRUCTION_ZLREJ_TRADING_AND_CONSTRUCTION_CORPORATION","no_results",0,"sec_results/B_VICENCIO_CONSTRUCTION_ZLREJ_TRADING_AND_CONSTRUCTION_CORPORATION.txt"
"B.C._CUERPO_CONSTRUCTION_CORP","no_results",0,"sec_results/B.C._CUERPO_CONSTRUCTION_CORP.txt"
"NICLEDON_CONSTRUCTION","no_results",0,"sec_results/NICLEDON_CONSTRUCTION.txt"
"ADL_GENERAL_CONSTRUCTION","no_results",0,"sec_results/ADL_GENERAL_CONSTRUCTION.txt"
"VEONG_CONSTRUCTION_SUPPLY","no_results",0,"sec_results/VEONG_CONSTRUCTION_SUPPLY.txt"
"CENTERWAYS_CONSTRUCTION_AND_DEVELOPMENT_INC","success",1,"sec_results/CENTERWAYS_CONSTRUCTION_AND_DEVELOPMENT_INC.txt"
"JAGUAR_GENERAL_MERCHANDISE","no_results",0,"sec_results/JAGUAR_GENERAL_MERCHANDISE.txt"
"ASTRO_BUILDERS_AND_CONSTRUCTION_RESOURCES,_INC","no_results",0,"sec_results/ASTRO_BUILDERS_AND_CONSTRUCTION_RESOURCES,_INC.txt"
"BILL_HILL_CONSTRUCTION_&_SUPPLY","no_results",0,"sec_results/BILL_HILL_CONSTRUCTION_&_SUPPLY.txt"
"HI-TRI_DEVELOPMENT_CORPORATION","no_results",0,"sec_results/HI-TRI_DEVELOPMENT_CORPORATION.txt"
"GIOVANNI_CONSTRUCTION","success",1,"sec_results/GIOVANNI_CONSTRUCTION.txt"
"KAIRO_KONSTRAK,_INC.","success",1,"sec_results/KAIRO_KONSTRAK,_INC..txt"
"KIN_JOY_CONSTRUCTION_AND_SUPPLY","no_results",0,"sec_results/KIN_JOY_CONSTRUCTION_AND_SUPPLY.txt"
"D_&_C_CONSTRUCTION_AND_SUPPLY","no_results",0,"sec_results/D_&_C_CONSTRUCTION_AND_SUPPLY.txt"
"N.E.B._CONSTRUCTION_AND_SUPPLY","success",10,"sec_results/N.E.B._CONSTRUCTION_AND_SUPPLY.txt"
"CF_TRINIDAD_CONSTRUCTION_AND_SUPPLIES_CORP","success",1,"sec_results/CF_TRINIDAD_CONSTRUCTION_AND_SUPPLIES_CORP.txt"
"FUENTABUILT_CONSTRUCTION_CORP.","success",1,"sec_results/FUENTABUILT_CONSTRUCTION_CORP..txt"
"PESOM_CONSTRUCTION_SERVICES_(FORMERLY:_PESOM_BUILDERS_AND_CONSTRUCTION_SUPPLY)","no_results",0,"sec_results/PESOM_CONSTRUCTION_SERVICES_(FORMERLY:_PESOM_BUILDERS_AND_CONSTRUCTION_SUPPLY).txt"
"RAMARPLUS_INCORPORATED","no_results",0,"sec_results/RAMARPLUS_INCORPORATED.txt"
"REYROSE_CONSTRUCTION","no_results",0,"sec_results/REYROSE_CONSTRUCTION.txt"
"ZDA_CONSTRUCTION_AND_ENTERPRISES","no_results",0,"sec_results/ZDA_CONSTRUCTION_AND_ENTERPRISES.txt"
"TRIPLE_8_CONSTRUCTION_&_SUPPLY,_INC._(FORMERLY_TRIPLE_8_CONST._&_SUPPLY)","no_results",0,"sec_results/TRIPLE_8_CONSTRUCTION_&_SUPPLY,_INC._(FORMERLY_TRIPLE_8_CONST._&_SUPPLY).txt"
"DICA_CONST._&_DEVELOPMENT_CORP.","success",1,"sec_results/DICA_CONST._&_DEVELOPMENT_CORP..txt"
"E.L._TORRES_CONSTRUCTION_AND_TRADING_INC._(FORMERLY_:_E._L._TORRES_CONSTRUCTION_&_TRADING","no_results",0,"sec_results/E.L._TORRES_CONSTRUCTION_AND_TRADING_INC._(FORMERLY_:_E._L._TORRES_CONSTRUCTION_&_TRADING.txt"
"BOSTON_BUILDER'S_CENTER","no_results",0,"sec_results/BOSTON_BUILDER'S_CENTER.txt"
"DCD_BUILDERS_ENTERPISES","no_results",0,"sec_results/DCD_BUILDERS_ENTERPISES.txt"
"BERSON'S_CONSTRUCTION_&_TRADING","no_results",0,"sec_results/BERSON'S_CONSTRUCTION_&_TRADING.txt"
"DIADEMA_CONSTRUCTION_AND_ENTERPRISES_INC._(FORMERLY:_DIADEMA_ENTERPRISES)","no_results",0,"sec_results/DIADEMA_CONSTRUCTION_AND_ENTERPRISES_INC._(FORMERLY:_DIADEMA_ENTERPRISES).txt"
"JAYKRIS_ENTERPRISES_CONSTRUCTION","no_results",0,"sec_results/JAYKRIS_ENTERPRISES_CONSTRUCTION.txt"
"JAP_CONST_&_DEVELOPMENT_CORP.","no_results",0,"sec_results/JAP_CONST_&_DEVELOPMENT_CORP..txt"
"AL-B_DEVELOPMENT_CORPORATION","success",10,"sec_results/AL-B_DEVELOPMENT_CORPORATION.txt"
"JLP_CONSTRUCT","no_results",0,"sec_results/JLP_CONSTRUCT.txt"
"JTM_CONSTRUCTION","success",1,"sec_results/JTM_CONSTRUCTION.txt"
"SOPHIA_GEU_CONSTRUCTION_AND_SUPPLY_CORPORATION","success",1,"sec_results/SOPHIA_GEU_CONSTRUCTION_AND_SUPPLY_CORPORATION.txt"
"GP_H_CONSTRUCTION_SUPPLY","success",10,"sec_results/GP_H_CONSTRUCTION_SUPPLY.txt"
"K84_CONSTRUCTION","success",1,"sec_results/K84_CONSTRUCTION.txt"
"BAD-AY_CONSTRUCTION_AND_BUILDERS","no_results",0,"sec_results/BAD-AY_CONSTRUCTION_AND_BUILDERS.txt"
"RVB_CONSTRUCTION_SUPPLIES_TRADING","no_results",0,"sec_results/RVB_CONSTRUCTION_SUPPLIES_TRADING.txt"
"PTK_GROUP_INC.","success",1,"sec_results/PTK_GROUP_INC..txt"
"S.T._SALCEDO_CONSTRUCTION_CORP.(FORMERLY:_SHAK_CONSTRUCTION_&_SUPPLY)","no_results",0,"sec_results/S.T._SALCEDO_CONSTRUCTION_CORP.(FORMERLY:_SHAK_CONSTRUCTION_&_SUPPLY).txt"
"MACASAET_BUILDERS_AND_TRADING","no_results",0,"sec_results/MACASAET_BUILDERS_AND_TRADING.txt"
"F.S._SUGAY_CONSTRUCTION_&AMP;_SUPPLIES","no_results",0,"sec_results/F.S._SUGAY_CONSTRUCTION_&AMP;_SUPPLIES.txt"
"RAIK_CONSTRUCTION_AND_SUPPLY","no_results",0,"sec_results/RAIK_CONSTRUCTION_AND_SUPPLY.txt"
"J_SQUARE_BUILDERS","success",10,"sec_results/J_SQUARE_BUILDERS.txt"
"AQUALINE_CONSTRUCTION_EVERBUILT_CONSTRUCTION","no_results",0,"sec_results/AQUALINE_CONSTRUCTION_EVERBUILT_CONSTRUCTION.txt"
"A.P.D._CONSTRUCTION,_INC","no_results",0,"sec_results/A.P.D._CONSTRUCTION,_INC.txt"
"MAKAPA_CORPORATION","success",1,"sec_results/MAKAPA_CORPORATION.txt"
"JAM_KONSTRUCT_CONSTRUCTION","success",1,"sec_results/JAM_KONSTRUCT_CONSTRUCTION.txt"
"HAUSLAND_CONSTRUCTION","no_results",0,"sec_results/HAUSLAND_CONSTRUCTION.txt"
"AJ_LAVA_BUIL","no_results",0,"sec_results/AJ_LAVA_BUIL.txt"
"BENDIMIL_CONSTRUCTION_&_DEVELOPMENT_CORP.","no_results",0,"sec_results/BENDIMIL_CONSTRUCTION_&_DEVELOPMENT_CORP..txt"
"BOYDROCK_CONSTRUCTION","no_results",0,"sec_results/BOYDROCK_CONSTRUCTION.txt"
"ETVR_TRADING_&_CONSTRUCTION","no_results",0,"sec_results/ETVR_TRADING_&_CONSTRUCTION.txt"
"5_JEWEL'S_CONSTRUCTION_AND_SUPPLY_CORP","success",1,"sec_results/5_JEWEL'S_CONSTRUCTION_AND_SUPPLY_CORP.txt"
"DQT_BUILDERS_CORPORATION","success",1,"sec_results/DQT_BUILDERS_CORPORATION.txt"
"ON_POINT_CONSTRUCTION","success",10,"sec_results/ON_POINT_CONSTRUCTION.txt"
"STALL_CONSTRUCTION_SUPPLIES_SERVICES","no_results",0,"sec_results/STALL_CONSTRUCTION_SUPPLIES_SERVICES.txt"
"AM_SALONG_CONSTRUCTION","no_results",0,"sec_results/AM_SALONG_CONSTRUCTION.txt"
"A.T._DUMLAO_CONSTRUCTION,_INC","no_results",0,"sec_results/A.T._DUMLAO_CONSTRUCTION,_INC.txt"
"COFEJOK_CONSTRUCTION","success",1,"sec_results/COFEJOK_CONSTRUCTION.txt"
"FE_S_REYES_GENERAL_CONTRACTOR_CORP","success",1,"sec_results/FE_S_REYES_GENERAL_CONTRACTOR_CORP.txt"
"AL_NOORWAY_CORPORATION","success",1,"sec_results/AL_NOORWAY_CORPORATION.txt"
"GO_SOLID_BUILDERS_INC.","success",1,"sec_results/GO_SOLID_BUILDERS_INC..txt"
"EOZ_CONSTRUCTION","no_results",0,"sec_results/EOZ_CONSTRUCTION.txt"
"GAWANATO_CONSTRUCTION_CORPORATION","no_results",0,"sec_results/GAWANATO_CONSTRUCTION_CORPORATION.txt"
"L_BUILDERS","success",10,"sec_results/L_BUILDERS.txt"
"RLK_CONSTRUCTION_AND_BUILDERS","no_results",0,"sec_results/RLK_CONSTRUCTION_AND_BUILDERS.txt"
"IA_BOSQUE_CONSTRUCTION_CORPORATION","no_results",0,"sec_results/IA_BOSQUE_CONSTRUCTION_CORPORATION.txt"
"KNJ_CONSTRUCTION_AND_SUPPLY","no_results",0,"sec_results/KNJ_CONSTRUCTION_AND_SUPPLY.txt"
"AC_SOLIVEN_CONSTRUCTION_AND_GENERAL_MERCHANDISE","no_results",0,"sec_results/AC_SOLIVEN_CONSTRUCTION_AND_GENERAL_MERCHANDISE.txt"
"JAGONBUILD_CONSTRUCTION_CORP._(FOR._JAGON_BUILDERS","no_results",0,"sec_results/JAGONBUILD_CONSTRUCTION_CORP._(FOR._JAGON_BUILDERS.txt"
"VERTCAP_CONSTRUCTION_AND_SUPPLY_CORP","no_results",0,"sec_results/VERTCAP_CONSTRUCTION_AND_SUPPLY_CORP.txt"
"PRIME_PACIFIC_MARINE_INDUSTRIAL_SERVICES_CORP","success",1,"sec_results/PRIME_PACIFIC_MARINE_INDUSTRIAL_SERVICES_CORP.txt"
"CONCRETE_PRODUCTS","success",10,"sec_results/CONCRETE_PRODUCTS.txt"
"NRS_BUILDERS_AND_SUPPLIES","no_results",0,"sec_results/NRS_BUILDERS_AND_SUPPLIES.txt"
"ATLANTA_CONSTRUCTION_COMPANY,_INC.","success",1,"sec_results/ATLANTA_CONSTRUCTION_COMPANY,_INC..txt"
"AT_BUILDERS_AND_GENERAL_MERCHANDISE","success",10,"sec_results/AT_BUILDERS_AND_GENERAL_MERCHANDISE.txt"
"AC_TEJOME_CONSTRUCTION","no_results",0,"sec_results/AC_TEJOME_CONSTRUCTION.txt"
"B-12_CONSTRUCTION_AND_TRADING_CORPORATION","success",10,"sec_results/B-12_CONSTRUCTION_AND_TRADING_CORPORATION.txt"
"LUMEL_GLEN_GENERAL_MERCHANDISE","no_results",0,"sec_results/LUMEL_GLEN_GENERAL_MERCHANDISE.txt"
"W_GOMEZ_TRADING_AND_CONSTRUCTION","no_results",0,"sec_results/W_GOMEZ_TRADING_AND_CONSTRUCTION.txt"
"FAMILY_CIRCLE_CONSTRUCTION","no_results",0,"sec_results/FAMILY_CIRCLE_CONSTRUCTION.txt"
"JUNTAN_CONSTRUCTION_&_SUPPLIES","no_results",0,"sec_results/JUNTAN_CONSTRUCTION_&_SUPPLIES.txt"
"ALPHIN_TRADING_&_CONSTRUCTION","no_results",0,"sec_results/ALPHIN_TRADING_&_CONSTRUCTION.txt"
"JOBEL_ENTERPRISES","no_results",0,"sec_results/JOBEL_ENTERPRISES.txt"
"GKA_ENGINEERING_AND_CONSTRUCTION","no_results",0,"sec_results/GKA_ENGINEERING_AND_CONSTRUCTION.txt"
"F_&_J_GENERAL_CONSTRUCTION_AND_SUPPLY_CORPORATION","success",4,"sec_results/F_&_J_GENERAL_CONSTRUCTION_AND_SUPPLY_CORPORATION.txt"
"B._BERNARDO_CONST.,_INC.","success",1,"sec_results/B._BERNARDO_CONST.,_INC..txt"
"BORGONIA_CONSTRUCTION_ENTERPRISES","no_results",0,"sec_results/BORGONIA_CONSTRUCTION_ENTERPRISES.txt"
"C_L_MORALES_CONSTRUCTION","success",3,"sec_results/C_L_MORALES_CONSTRUCTION.txt"
"A_R_T_DWELL_LIFESTYLE_STORE","no_results",0,"sec_results/A_R_T_DWELL_LIFESTYLE_STORE.txt"
"MECHANICS_CONSTRUCTION_CORPORATION","no_results",0,"sec_results/MECHANICS_CONSTRUCTION_CORPORATION.txt"
"JARO_BUILDERS_&_CONSTRUCTION_SUPPLY","no_results",0,"sec_results/JARO_BUILDERS_&_CONSTRUCTION_SUPPLY.txt"
"OCP_CONSTRUCTION","no_results",0,"sec_results/OCP_CONSTRUCTION.txt"
"E_R_DELA_CRUZ_CONSTRUCTION","success",6,"sec_results/E_R_DELA_CRUZ_CONSTRUCTION.txt"
"EGP_CONSTRUCTION_&_ENT","no_results",0,"sec_results/EGP_CONSTRUCTION_&_ENT.txt"
"AC_RIVERO_DEVELOPMENT_CORPORATION","success",1,"sec_results/AC_RIVERO_DEVELOPMENT_CORPORATION.txt"
"ST_CUT_&_FILL_CONSTRUCTION_CORP.","success",1,"sec_results/ST_CUT_&_FILL_CONSTRUCTION_CORP..txt"
"ROSE_GING_COMMERCIAL","no_results",0,"sec_results/ROSE_GING_COMMERCIAL.txt"
"1C4M_BUILDERS_INC.","success",1,"sec_results/1C4M_BUILDERS_INC..txt"
"AGONG_BUILDERS","success",1,"sec_results/AGONG_BUILDERS.txt"
"JEUSMACK_BUILDERS_CONSTRUCTION_SUPPLY","no_results",0,"sec_results/JEUSMACK_BUILDERS_CONSTRUCTION_SUPPLY.txt"
"TRADING","no_results",0,"sec_results/TRADING.txt"
"JUGA_BUILDERS_&_CONSTRUCTION_SUPPLY","no_results",0,"sec_results/JUGA_BUILDERS_&_CONSTRUCTION_SUPPLY.txt"
"PATRILA_BUILDERS_INC","success",1,"sec_results/PATRILA_BUILDERS_INC.txt"
"PHILTIL_CONSTRUCTION","no_results",0,"sec_results/PHILTIL_CONSTRUCTION.txt"
"TONWAY_BUILDERS_AND_SUPPLY","no_results",0,"sec_results/TONWAY_BUILDERS_AND_SUPPLY.txt"
"DICAY_CONSTRUCTION_SUPPLY_AND_SERVICES","no_results",0,"sec_results/DICAY_CONSTRUCTION_SUPPLY_AND_SERVICES.txt"
"QJ_CONSTRUCTION","success",10,"sec_results/QJ_CONSTRUCTION.txt"
"MCPC_BUILDERS_AND_DEVELOPERS","no_results",0,"sec_results/MCPC_BUILDERS_AND_DEVELOPERS.txt"
"ALRO_CONSTRUCTION_&_DEVELOPMENT_CORP","no_results",0,"sec_results/ALRO_CONSTRUCTION_&_DEVELOPMENT_CORP.txt"
"BNYU_ENTERPRISES_CONSTRUCTION","no_results",0,"sec_results/BNYU_ENTERPRISES_CONSTRUCTION.txt"
"OMNICON_BUILDERS","no_results",0,"sec_results/OMNICON_BUILDERS.txt"
"R.J._IBARRA_CONST","no_results",0,"sec_results/R.J._IBARRA_CONST.txt"
"CYL_CONSTRUCTION_AND_SUPPLY","no_results",0,"sec_results/CYL_CONSTRUCTION_AND_SUPPLY.txt"
"PABLO_S._LABASBAS_CONSTRUCTION","no_results",0,"sec_results/PABLO_S._LABASBAS_CONSTRUCTION.txt"
"WYDERWAYS_BUILDERS_AND_SUPPLIES","no_results",0,"sec_results/WYDERWAYS_BUILDERS_AND_SUPPLIES.txt"
"JIAN_ARMEL_RICHARD_CHRISTERSON_(JARC)_CONSTRUCTION_&_MARINE_SERVICES_CORPORATION_(FORMERLY:J.A.R.C.","no_results",0,"sec_results/JIAN_ARMEL_RICHARD_CHRISTERSON_(JARC)_CONSTRUCTION_&_MARINE_SERVICES_CORPORATION_(FORMERLY:J.A.R.C..txt"
"DRAGON_CONSTRUCTION","success",10,"sec_results/DRAGON_CONSTRUCTION.txt"
"MICA_CONSTRUCTION_CO","no_results",0,"sec_results/MICA_CONSTRUCTION_CO.txt"
"ILLANA_BAY_CONSTRUCTION_&_ENTERPRISES","no_results",0,"sec_results/ILLANA_BAY_CONSTRUCTION_&_ENTERPRISES.txt"
"TOYO_CONSTRUCTION_BUILDER_&_SERVICES","no_results",0,"sec_results/TOYO_CONSTRUCTION_BUILDER_&_SERVICES.txt"
"ANGEL_AMP;_SAM_CONSTRUCTION_AMP;_GENERAL_MERCHANDISE","no_results",0,"sec_results/ANGEL_AMP;_SAM_CONSTRUCTION_AMP;_GENERAL_MERCHANDISE.txt"
"PB_OBIAL_CONSTRUCTION","no_results",0,"sec_results/PB_OBIAL_CONSTRUCTION.txt"
"VANNIE_CONSTRUCTION_AND_SUPPLY_(FORMERLY:_VANNIE","no_results",0,"sec_results/VANNIE_CONSTRUCTION_AND_SUPPLY_(FORMERLY:_VANNIE.txt"
"11_16_CONSTRUCTION","success",10,"sec_results/11_16_CONSTRUCTION.txt"
"MOJR_CONSTRUCTION_AND_DEVELOPMENT_CORPORATION","success",1,"sec_results/MOJR_CONSTRUCTION_AND_DEVELOPMENT_CORPORATION.txt"
"MONOLITHIC_CONSTRUCTION_AND_CONCRETE_PRODUCTS,_INC","success",1,"sec_results/MONOLITHIC_CONSTRUCTION_AND_CONCRETE_PRODUCTS,_INC.txt"
"MONTEONE_CONSTRUCTION_CORPORATION","no_results",0,"sec_results/MONTEONE_CONSTRUCTION_CORPORATION.txt"
"BADOC_BUILDERS_SUPPLY_INC_FORMERLY_BADOC_BUILDER_SUPPLY","no_results",0,"sec_results/BADOC_BUILDERS_SUPPLY_INC_FORMERLY_BADOC_BUILDER_SUPPLY.txt"
"C.E.M._CONSTRUCTION,_INC.","no_results",0,"sec_results/C.E.M._CONSTRUCTION,_INC..txt"
"DENNREY_CONSTRUCTION_AND_TRADING_COMPANY","success",1,"sec_results/DENNREY_CONSTRUCTION_AND_TRADING_COMPANY.txt"
"ALBANO_CONSTRUCTION","no_results",0,"sec_results/ALBANO_CONSTRUCTION.txt"
"GLOBALCRETE_BUILDERS_INC","success",1,"sec_results/GLOBALCRETE_BUILDERS_INC.txt"
"DEBRIS_ENTERPRISES_AND_CONSTRUCTION","no_results",0,"sec_results/DEBRIS_ENTERPRISES_AND_CONSTRUCTION.txt"
"JBERNARDO_CONSTRUCTION_AND_SUPPLY","no_results",0,"sec_results/JBERNARDO_CONSTRUCTION_AND_SUPPLY.txt"
"3-SIDES_BUILDERS","success",1,"sec_results/3-SIDES_BUILDERS.txt"
"OREGON_TIMBER","no_results",0,"sec_results/OREGON_TIMBER.txt"
"PSN_CONSTRUCTION_SUPPLY","no_results",0,"sec_results/PSN_CONSTRUCTION_SUPPLY.txt"
"MEGAJES_CONSTRUCTION_CORP","no_results",0,"sec_results/MEGAJES_CONSTRUCTION_CORP.txt"
"FRSP_CONSTRUCTION","no_results",0,"sec_results/FRSP_CONSTRUCTION.txt"
"ROIM_BUILDERS_&_CONSTRUCTION_SUPPLY","no_results",0,"sec_results/ROIM_BUILDERS_&_CONSTRUCTION_SUPPLY.txt"
"MARK_ANTHONY_CONSTRUCTION_&_SUPPLY","no_results",0,"sec_results/MARK_ANTHONY_CONSTRUCTION_&_SUPPLY.txt"
"ASC_CONSTRUCTION_CONCRETE_PRODUCTS","no_results",0,"sec_results/ASC_CONSTRUCTION_CONCRETE_PRODUCTS.txt"
"PRIMESCAPES_CONSTRUCTION,_OPC","success",1,"sec_results/PRIMESCAPES_CONSTRUCTION,_OPC.txt"
"ADFIL_CORPORATION","success",1,"sec_results/ADFIL_CORPORATION.txt"
"KCS_CONSTRUCTION_&_SUPPLY","no_results",0,"sec_results/KCS_CONSTRUCTION_&_SUPPLY.txt"
"MAER_SUMMIT_KONSTRUKT_CO.","no_results",0,"sec_results/MAER_SUMMIT_KONSTRUKT_CO..txt"
"BIEN_RAICE_CONSTRUCTION_AND_SUPPLY_CORPORATION","success",1,"sec_results/BIEN_RAICE_CONSTRUCTION_AND_SUPPLY_CORPORATION.txt"
"DHEN_Z_CONSTRUCTION","no_results",0,"sec_results/DHEN_Z_CONSTRUCTION.txt"
"M_KONSTRACT_CORPORATION_(FORMERLY:MARGARITA_CONSTRUCTION)","no_results",0,"sec_results/M_KONSTRACT_CORPORATION_(FORMERLY:MARGARITA_CONSTRUCTION).txt"
"INNOVATI_CONSTRUCTION","success",1,"sec_results/INNOVATI_CONSTRUCTION.txt"
"TEMPLAR_CONSTRUCTION","no_results",0,"sec_results/TEMPLAR_CONSTRUCTION.txt"
"SHEEN-SHEEN_CONSTRUCTION_CORPORATION","no_results",0,"sec_results/SHEEN-SHEEN_CONSTRUCTION_CORPORATION.txt"
"FAJR_CONSTRUCTION_PARTS_AND_SUPPLY","success",1,"sec_results/FAJR_CONSTRUCTION_PARTS_AND_SUPPLY.txt"
"BJMJB_CONSTRUCTION__SUPPLY","no_results",0,"sec_results/BJMJB_CONSTRUCTION__SUPPLY.txt"
"EC_SOLICON_BUILDERS","success",1,"sec_results/EC_SOLICON_BUILDERS.txt"
"F316_CONSTRUCTION_CORP.","success",1,"sec_results/F316_CONSTRUCTION_CORP..txt"
"MBL_CONSTRUCTION_SUPPLY","no_results",0,"sec_results/MBL_CONSTRUCTION_SUPPLY.txt"
"GVDPM_CONSTRUCTION_CORP","success",1,"sec_results/GVDPM_CONSTRUCTION_CORP.txt"
"DARCY_&_ANNA_BUILDERS_&_TRADING","no_results",0,"sec_results/DARCY_&_ANNA_BUILDERS_&_TRADING.txt"
"PYRAMID_CONSOLIDATED_BUILDERS__GEN_MDSE","no_results",0,"sec_results/PYRAMID_CONSOLIDATED_BUILDERS__GEN_MDSE.txt"
"RRCG_8639_BUILDERS_INC","no_results",0,"sec_results/RRCG_8639_BUILDERS_INC.txt"
"TM_ABAD_CONST","no_results",0,"sec_results/TM_ABAD_CONST.txt"
"BLIMEX_CONSTRUCTION_&_SUPPLY","no_results",0,"sec_results/BLIMEX_CONSTRUCTION_&_SUPPLY.txt"
"SHEPPERD_CONSTRUCTION_AND_SUPPLY","success",1,"sec_results/SHEPPERD_CONSTRUCTION_AND_SUPPLY.txt"
"ELEAZAR_V._ADLAWAN_CONSTRUCTION","no_results",0,"sec_results/ELEAZAR_V._ADLAWAN_CONSTRUCTION.txt"
"CELJEM_CONSTRUCTION_&_DEVELOPMENT_CORP.","success",1,"sec_results/CELJEM_CONSTRUCTION_&_DEVELOPMENT_CORP..txt"
"KYLA_CONSTRUCTION_SUPPLY","no_results",0,"sec_results/KYLA_CONSTRUCTION_SUPPLY.txt"
"ROYAL_SEA_BEES_CONSTRUCTION","no_results",0,"sec_results/ROYAL_SEA_BEES_CONSTRUCTION.txt"
"SYNDTITE_CONSTRUCTION_CORPORATION","success",1,"sec_results/SYNDTITE_CONSTRUCTION_CORPORATION.txt"
"F_P_DE_GUZMAN_CONSTRUCTION_INC","success",1,"sec_results/F_P_DE_GUZMAN_CONSTRUCTION_INC.txt"
"SLHAV_CONSTRUCTION","no_results",0,"sec_results/SLHAV_CONSTRUCTION.txt"
"B_N_L_CONSTRUCTION","no_results",0,"sec_results/B_N_L_CONSTRUCTION.txt"
"JEJAN_CONSTRUCTION_AND_SUPPLY(FOR._JEJAN_CONSTRUCT","no_results",0,"sec_results/JEJAN_CONSTRUCTION_AND_SUPPLY(FOR._JEJAN_CONSTRUCT.txt"
"DG._SARMENTA_CONSTRUCTION","no_results",0,"sec_results/DG._SARMENTA_CONSTRUCTION.txt"
"PARTIDO_CONSTRUCTION_SUPPLY","no_results",0,"sec_results/PARTIDO_CONSTRUCTION_SUPPLY.txt"
"LL_CONSTRUCTION","success",10,"sec_results/LL_CONSTRUCTION.txt"
"FLORDES_CONSTRUCTION_AND_TRADING_CORP","success",1,"sec_results/FLORDES_CONSTRUCTION_AND_TRADING_CORP.txt"
"RAB_BUILDERS_AND_SUPPLY","no_results",0,"sec_results/RAB_BUILDERS_AND_SUPPLY.txt"
"S-4_MARKETING","no_results",0,"sec_results/S-4_MARKETING.txt"
"MUANA_CONSTRUCTION_AND_DEVELOPMENT_CORP","success",1,"sec_results/MUANA_CONSTRUCTION_AND_DEVELOPMENT_CORP.txt"
"KANAWAY_BUILDERS_CORPORATION","no_results",0,"sec_results/KANAWAY_BUILDERS_CORPORATION.txt"
"LANOY_CONSTRUCTION","success",1,"sec_results/LANOY_CONSTRUCTION.txt"
"FLORIANE_CONSTRUCTION_CORPORATION_(FORMERLY:_FLORIANE_CONSTRUCTION_&_SUPPLY)","no_results",0,"sec_results/FLORIANE_CONSTRUCTION_CORPORATION_(FORMERLY:_FLORIANE_CONSTRUCTION_&_SUPPLY).txt"
"CIRCLE_Z_VENTURES_DEVELOPMENT_CORP","success",1,"sec_results/CIRCLE_Z_VENTURES_DEVELOPMENT_CORP.txt"
"FUENTABUILT_CONSTRUCTION_CORPORATION","no_results",0,"sec_results/FUENTABUILT_CONSTRUCTION_CORPORATION.txt"
"MONOLITHIC_CONSTRUCTION__CONCRETE_PRODUCTS_INC","no_results",0,"sec_results/MONOLITHIC_CONSTRUCTION__CONCRETE_PRODUCTS_INC.txt"
"A.P._MELENDREZ_CONSTRUCTION,_INC.","no_results",0,"sec_results/A.P._MELENDREZ_CONSTRUCTION,_INC..txt"
"CHRISMAN_CONSTRUCTION_AND_SUPPLIES","no_results",0,"sec_results/CHRISMAN_CONSTRUCTION_AND_SUPPLIES.txt"
"DIADEMA_ENTERPRISES_A_DELA_CRUZ_BUILDERS_INC","no_results",0,"sec_results/DIADEMA_ENTERPRISES_A_DELA_CRUZ_BUILDERS_INC.txt"
"ALTA_NEGROS_INDUSTRIAL_SUPPLY_CORPORATION","success",1,"sec_results/ALTA_NEGROS_INDUSTRIAL_SUPPLY_CORPORATION.txt"
"AHE_CONSTRUCTION","no_results",0,"sec_results/AHE_CONSTRUCTION.txt"
"L.R._TIQUI_BUILDERS,_INC","no_results",0,"sec_results/L.R._TIQUI_BUILDERS,_INC.txt"
"FZI_CONSTRUCTION,_PARTS,_&_SUPPLY","no_results",0,"sec_results/FZI_CONSTRUCTION,_PARTS,_&_SUPPLY.txt"
"E.S.L._BUILDERS_AND_PARTS_SUPPLY","no_results",0,"sec_results/E.S.L._BUILDERS_AND_PARTS_SUPPLY.txt"
"KIT'Z_CONSTRUCTION_AND_SUPPLY","no_results",0,"sec_results/KIT'Z_CONSTRUCTION_AND_SUPPLY.txt"
"SHLA_CONSTRUCTION_AND_SUPPLY","no_results",0,"sec_results/SHLA_CONSTRUCTION_AND_SUPPLY.txt"
"HHH_DEVELOPER_AND_CONSTRUCTION","no_results",0,"sec_results/HHH_DEVELOPER_AND_CONSTRUCTION.txt"
"JAMARI_CONSTRUCTION_(FORMERLY_FRAE_CONSTRUCTION)","no_results",0,"sec_results/JAMARI_CONSTRUCTION_(FORMERLY_FRAE_CONSTRUCTION).txt"
"STRONGHOLD_BUSY_OPTION,_INC","no_results",0,"sec_results/STRONGHOLD_BUSY_OPTION,_INC.txt"
"GREENWALL_CONSTRUCTION","success",1,"sec_results/GREENWALL_CONSTRUCTION.txt"
"ON_POINT_CONSTRUCTION_AND_DEVELOPMENT_CORPORATION","success",1,"sec_results/ON_POINT_CONSTRUCTION_AND_DEVELOPMENT_CORPORATION.txt"
"CRISHELLE_CONSTRUCTION","no_results",0,"sec_results/CRISHELLE_CONSTRUCTION.txt"
"JESSIE_CONSTRUCTION_SERVICES","no_results",0,"sec_results/JESSIE_CONSTRUCTION_SERVICES.txt"
"ROXSAN_CONSTRUCTION_&_SUPPLY","no_results",0,"sec_results/ROXSAN_CONSTRUCTION_&_SUPPLY.txt"
"J_E_G_CONSTRUCTION_FIRM_CORPORATION","success",2,"sec_results/J_E_G_CONSTRUCTION_FIRM_CORPORATION.txt"
"L_N_SALVADOR_CONSTRUCTION_CORP","success",1,"sec_results/L_N_SALVADOR_CONSTRUCTION_CORP.txt"
"C.S.L._CONSTRUCTION_CORPORATION","no_results",0,"sec_results/C.S.L._CONSTRUCTION_CORPORATION.txt"
"OGF_CONSTRUCTION_AND_SUPPLIES","no_results",0,"sec_results/OGF_CONSTRUCTION_AND_SUPPLIES.txt"
"KAUIE_BUILDERS","success",1,"sec_results/KAUIE_BUILDERS.txt"
"ST_LOUISE_PRIME_BUILDERS_DEVELOPMENT_CORP","success",1,"sec_results/ST_LOUISE_PRIME_BUILDERS_DEVELOPMENT_CORP.txt"
"MADY_CONSTRUCTION_SERVICE_OPC","success",1,"sec_results/MADY_CONSTRUCTION_SERVICE_OPC.txt"
"D.G.Z._CONSTRUCTION_AND_SUPPLY","no_results",0,"sec_results/D.G.Z._CONSTRUCTION_AND_SUPPLY.txt"
"ILFREO_CONSTRUCTION_CORP._(FORMERLY:ILFREO_CONSTRUCTION_&_TRADING_CORP.)","no_results",0,"sec_results/ILFREO_CONSTRUCTION_CORP._(FORMERLY:ILFREO_CONSTRUCTION_&_TRADING_CORP.).txt"
"MAR_DEB_CONSTRUCTION_AMP;_DEVELOPMENT_CORP","no_results",0,"sec_results/MAR_DEB_CONSTRUCTION_AMP;_DEVELOPMENT_CORP.txt"
"MHIGS_CONSTRUCTION","no_results",0,"sec_results/MHIGS_CONSTRUCTION.txt"
"J_T_GAMOLO_CONSTRUCTION","success",1,"sec_results/J_T_GAMOLO_CONSTRUCTION.txt"
"BIG_G_BUILDERS","success",1,"sec_results/BIG_G_BUILDERS.txt"
"HIMULICO_CONSTRUCTION_AND_SUPPLY_CORPORATION","success",1,"sec_results/HIMULICO_CONSTRUCTION_AND_SUPPLY_CORPORATION.txt"
"SHAK_CONSTRUCTION_&_SUPPLY","no_results",0,"sec_results/SHAK_CONSTRUCTION_&_SUPPLY.txt"
"ZV_FISHING_AND_CONSTRUCTION_SUPPLIES","no_results",0,"sec_results/ZV_FISHING_AND_CONSTRUCTION_SUPPLIES.txt"
"SIM_CONSTRUCTION,_TRADING_AND_SERVICES","no_results",0,"sec_results/SIM_CONSTRUCTION,_TRADING_AND_SERVICES.txt"
"ANGEL_BUILDERS_&_CONSTRUCTION_SUPPLY","no_results",0,"sec_results/ANGEL_BUILDERS_&_CONSTRUCTION_SUPPLY.txt"
"RELY_CONSTRUCTION_AND_SUPPLY,_INC","no_results",0,"sec_results/RELY_CONSTRUCTION_AND_SUPPLY,_INC.txt"
"KGB_ENGINEERING","no_results",0,"sec_results/KGB_ENGINEERING.txt"
"ED1SON_DEVELOPMENT__CONSTRUCTION_INC","no_results",0,"sec_results/ED1SON_DEVELOPMENT__CONSTRUCTION_INC.txt"
"JDRC_CONSTRUCTION_&_SUPPLIES,_CORP.","no_results",0,"sec_results/JDRC_CONSTRUCTION_&_SUPPLIES,_CORP..txt"
"K.L.A._ENTERPRISES","no_results",0,"sec_results/K.L.A._ENTERPRISES.txt"
"BADOC_BUILDERS_SUPPLY","success",1,"sec_results/BADOC_BUILDERS_SUPPLY.txt"
"EQUIPMENT_SERVICES_INC","success",10,"sec_results/EQUIPMENT_SERVICES_INC.txt"
"DENNREY_CONSTRUCTION","success",1,"sec_results/DENNREY_CONSTRUCTION.txt"
"ST_BERNARDINE_CONSTRUCTION_ENTERPRISES","no_results",0,"sec_results/ST_BERNARDINE_CONSTRUCTION_ENTERPRISES.txt"
"JR_AND_KD_PRINCE_ENTERPRISES","no_results",0,"sec_results/JR_AND_KD_PRINCE_ENTERPRISES.txt"
"HI_TONE_CONSTRUCTION_DEVELOPMENT_CORP","no_results",0,"sec_results/HI_TONE_CONSTRUCTION_DEVELOPMENT_CORP.txt"
"RHT_CONSTRUCTION_AND_SUPPLIES","no_results",0,"sec_results/RHT_CONSTRUCTION_AND_SUPPLIES.txt"
"R_A_PAHATI_CONST_SUPPLY_INC","success",1,"sec_results/R_A_PAHATI_CONST_SUPPLY_INC.txt"
"EJIEV_CONSTRUCTION_SERVICES","no_results",0,"sec_results/EJIEV_CONSTRUCTION_SERVICES.txt"
"ROLCO_CONSTRUCTION_AND_DEVELOPMENT_CORPORATION","no_results",0,"sec_results/ROLCO_CONSTRUCTION_AND_DEVELOPMENT_CORPORATION.txt"
"DAVHEZ_TRADING","no_results",0,"sec_results/DAVHEZ_TRADING.txt"
"BOSH_MEGATRADE_AND_SERVICES_CO","no_results",0,"sec_results/BOSH_MEGATRADE_AND_SERVICES_CO.txt"
"EDCL_CONSTRUCTION_AND_SUPPLY","no_results",0,"sec_results/EDCL_CONSTRUCTION_AND_SUPPLY.txt"
"JUNTEREAL_INDUSTRIAL_AND_DEVELOPMENT_CORP","no_results",0,"sec_results/JUNTEREAL_INDUSTRIAL_AND_DEVELOPMENT_CORP.txt"
"JB_DANTE_BUILDERS_&_SUPPLY","no_results",0,"sec_results/JB_DANTE_BUILDERS_&_SUPPLY.txt"
"TAD_CONSTRUCTION","no_results",0,"sec_results/TAD_CONSTRUCTION.txt"
"GRAC-TA_BUILDERS","no_results",0,"sec_results/GRAC-TA_BUILDERS.txt"
"DTC_CONSTRUCTION","success",1,"sec_results/DTC_CONSTRUCTION.txt"
"GEORAVIN_CONSTRUCTION_&AMP;_SUPPLIES","no_results",0,"sec_results/GEORAVIN_CONSTRUCTION_&AMP;_SUPPLIES.txt"
"JAGONBUILD_CONSTRUCTION_CORP","success",1,"sec_results/JAGONBUILD_CONSTRUCTION_CORP.txt"
"J-ONE_BUILDERS","success",10,"sec_results/J-ONE_BUILDERS.txt"
"ROAD_EDGE_TRADING__DEVELOPMENT_SERVICES","no_results",0,"sec_results/ROAD_EDGE_TRADING__DEVELOPMENT_SERVICES.txt"
"CANLAON_BUILDERS","success",2,"sec_results/CANLAON_BUILDERS.txt"
"ALXM_CONSTRUCTION_&_DEV'T._CORP._(FORMERLY:ALXM_CONSTRUCTION)","no_results",0,"sec_results/ALXM_CONSTRUCTION_&_DEV'T._CORP._(FORMERLY:ALXM_CONSTRUCTION).txt"
"ALCT_CONSTRUCTION_AND_SUPPLY","no_results",0,"sec_results/ALCT_CONSTRUCTION_AND_SUPPLY.txt"
"AFEW_CONSTRUCTION","no_results",0,"sec_results/AFEW_CONSTRUCTION.txt"
"JBI_CONSTRUCTION","no_results",0,"sec_results/JBI_CONSTRUCTION.txt"
"KALAP_BUILDERS_AND_SUPPLIES","no_results",0,"sec_results/KALAP_BUILDERS_AND_SUPPLIES.txt"
"E._A._SANCHO_CONSTRUCTION,_INC","no_results",0,"sec_results/E._A._SANCHO_CONSTRUCTION,_INC.txt"
"JANJOI_BUILDERS_AND_SUPPLY","no_results",0,"sec_results/JANJOI_BUILDERS_AND_SUPPLY.txt"
"PJD_CONSTRUCTION_AND_SUPPLY","no_results",0,"sec_results/PJD_CONSTRUCTION_AND_SUPPLY.txt"
"CS_CONST._AND_SUPPLY,_INC","no_results",0,"sec_results/CS_CONST._AND_SUPPLY,_INC.txt"
"SILVER_DRAGON_CONSTRUCTION_AND_LUMBER_AND_GLASS_SUPPLY_INC","no_results",0,"sec_results/SILVER_DRAGON_CONSTRUCTION_AND_LUMBER_AND_GLASS_SUPPLY_INC.txt"
"FHD_CONSTRUCTION_AND_SUPPLY","no_results",0,"sec_results/FHD_CONSTRUCTION_AND_SUPPLY.txt"
"FORDEX_CONSTRUCTION_CORPORATION","success",1,"sec_results/FORDEX_CONSTRUCTION_CORPORATION.txt"
"TWENTY_SIXTEEN_CONSTRUCTION_AND_GENERAL_MERCHANDISE","no_results",0,"sec_results/TWENTY_SIXTEEN_CONSTRUCTION_AND_GENERAL_MERCHANDISE.txt"
"JJA_CONSTRUCTION_AND_SUPPLY","no_results",0,"sec_results/JJA_CONSTRUCTION_AND_SUPPLY.txt"
"AGONG_BUILDERS_AND_CONSTRUCTION_SUPPLY,_INC","success",1,"sec_results/AGONG_BUILDERS_AND_CONSTRUCTION_SUPPLY,_INC.txt"
"CPR_CONSTRUCTION_AND_SUPPLY,_INC._(FORMERLY:_CPR_CONSTRUCTION_AND_SUPPLY)","no_results",0,"sec_results/CPR_CONSTRUCTION_AND_SUPPLY,_INC._(FORMERLY:_CPR_CONSTRUCTION_AND_SUPPLY).txt"
"HGG_BUILDERS_SUPPLY","no_results",0,"sec_results/HGG_BUILDERS_SUPPLY.txt"
"MINDALIFI_CONSTRUCTION_AND_SUPPLY","no_results",0,"sec_results/MINDALIFI_CONSTRUCTION_AND_SUPPLY.txt"
"ABADA_CONSTRUCTION","no_results",0,"sec_results/ABADA_CONSTRUCTION.txt"
"DIADEMA_CONSTRUCTION","success",1,"sec_results/DIADEMA_CONSTRUCTION.txt"
"VIRGIN_BUILDERS_CONSTRUCTION","no_results",0,"sec_results/VIRGIN_BUILDERS_CONSTRUCTION.txt"
"MDP_CONSTRUCTION_SERVICES","no_results",0,"sec_results/MDP_CONSTRUCTION_SERVICES.txt"
"NB_AVILA_CONSTRUCTION_CAVITE","no_results",0,"sec_results/NB_AVILA_CONSTRUCTION_CAVITE.txt"
"R.E._ORLINA_CONSTRUCTION_CORP","no_results",0,"sec_results/R.E._ORLINA_CONSTRUCTION_CORP.txt"
"TRIPLE_M_CONSTRUCTION","no_results",0,"sec_results/TRIPLE_M_CONSTRUCTION.txt"
"FORTUNE_RDC_ENTERPRISES","no_results",0,"sec_results/FORTUNE_RDC_ENTERPRISES.txt"
"VICTORIANO_C_LIM_CONSTRUCTION","success",1,"sec_results/VICTORIANO_C_LIM_CONSTRUCTION.txt"
"THREE_IN_ONE_CONSTRUCTION_TRADING","no_results",0,"sec_results/THREE_IN_ONE_CONSTRUCTION_TRADING.txt"
"NENIKO_CONSTRUCTION_AND_SUPPLIES","no_results",0,"sec_results/NENIKO_CONSTRUCTION_AND_SUPPLIES.txt"
"IA_FERRER_CONSTRUCTION","success",1,"sec_results/IA_FERRER_CONSTRUCTION.txt"
"BUILDZONE_CONSTRUCTION","success",1,"sec_results/BUILDZONE_CONSTRUCTION.txt"
"WTG_CONSTRUCTION_AND_DEVELOPMENT_CORPORATION","success",1,"sec_results/WTG_CONSTRUCTION_AND_DEVELOPMENT_CORPORATION.txt"
"GLEYMARK_CONSTRUCTION","no_results",0,"sec_results/GLEYMARK_CONSTRUCTION.txt"
"L_L_MARRON_CONSTRUCTION","no_results",0,"sec_results/L_L_MARRON_CONSTRUCTION.txt"
"JCL86_BUILDERS_INC","no_results",0,"sec_results/JCL86_BUILDERS_INC.txt"
"MRRM_TRADING_&_CONSTRUCTION","no_results",0,"sec_results/MRRM_TRADING_&_CONSTRUCTION.txt"
"PABLO_S_LABASBAS_CONSTRUCTION","success",1,"sec_results/PABLO_S_LABASBAS_CONSTRUCTION.txt"
"AS_MACHA_CONSTRUCTION_AND_TRADING","no_results",0,"sec_results/AS_MACHA_CONSTRUCTION_AND_TRADING.txt"
"RHR_CONSTRUCTION","no_results",0,"sec_results/RHR_CONSTRUCTION.txt"
"JAMPAT_BUILDERS","success",1,"sec_results/JAMPAT_BUILDERS.txt"
"DAVAO_UNITED_BUILDERS_COOPERATIVE","no_results",0,"sec_results/DAVAO_UNITED_BUILDERS_COOPERATIVE.txt"
"VCD_CONSTRUCTION_AND_SUPPLY","no_results",0,"sec_results/VCD_CONSTRUCTION_AND_SUPPLY.txt"
"ZONIUQ_ENTERPRISES","no_results",0,"sec_results/ZONIUQ_ENTERPRISES.txt"
"NB_AVILA_CONSTRUCTION","success",3,"sec_results/NB_AVILA_CONSTRUCTION.txt"
"TSQUARE_CONSTRUCTION_CORPORATION_(FORMERLY:T-SQUARE_BUILDERS)","no_results",0,"sec_results/TSQUARE_CONSTRUCTION_CORPORATION_(FORMERLY:T-SQUARE_BUILDERS).txt"
"ALE_BUILDERS_CONSTRUCTION_AND_DEVELOPMENT_CORP.","no_results",0,"sec_results/ALE_BUILDERS_CONSTRUCTION_AND_DEVELOPMENT_CORP..txt"
"A3_CONSTRUCTION_&_SUPPLY","no_results",0,"sec_results/A3_CONSTRUCTION_&_SUPPLY.txt"
"GINTONG_TUBIG_ENGINEERING_VENTURE","no_results",0,"sec_results/GINTONG_TUBIG_ENGINEERING_VENTURE.txt"
"5S_DEVELOPMENT_CORPORATION","success",10,"sec_results/5S_DEVELOPMENT_CORPORATION.txt"
"EDWIN_ERWIN_SISON_CONSTRUCTION","no_results",0,"sec_results/EDWIN_ERWIN_SISON_CONSTRUCTION.txt"
"A._M._ORETA_&_CO.,_INC","success",2,"sec_results/A._M._ORETA_&_CO.,_INC.txt"
"SAGITTARIUS_CONSTRUCTION","success",1,"sec_results/SAGITTARIUS_CONSTRUCTION.txt"
"MACKRYSTAL_CONSTRUCTION_SUPPLY","no_results",0,"sec_results/MACKRYSTAL_CONSTRUCTION_SUPPLY.txt"
"BPDG_CONSTRUCTION_CORPORATION_(FORMERLY:_BPDG_CONSTRUCTION_&_TRADING)","no_results",0,"sec_results/BPDG_CONSTRUCTION_CORPORATION_(FORMERLY:_BPDG_CONSTRUCTION_&_TRADING).txt"
"PELCOM_CONSTRUCTION_SUPPLY","no_results",0,"sec_results/PELCOM_CONSTRUCTION_SUPPLY.txt"
"AUDRIC_CONSTRUCTION_&_SUPPLY","no_results",0,"sec_results/AUDRIC_CONSTRUCTION_&_SUPPLY.txt"
"R.S._MESA_CONSTRUCTION_CORPORATION","success",1,"sec_results/R.S._MESA_CONSTRUCTION_CORPORATION.txt"
"HHH_DEVELOPER_AND_REAL_ESTATE_INC.","no_results",0,"sec_results/HHH_DEVELOPER_AND_REAL_ESTATE_INC..txt"
"RAG_CORONA_CONSTRUCTION_AND_AGGREGATES_SUPPLY","no_results",0,"sec_results/RAG_CORONA_CONSTRUCTION_AND_AGGREGATES_SUPPLY.txt"
"TM_ABAD_CONSTRUCTION","success",1,"sec_results/TM_ABAD_CONSTRUCTION.txt"
"GFJ_CONSTRUCTION_SUPPLY_&_MERCHANDISE","no_results",0,"sec_results/GFJ_CONSTRUCTION_SUPPLY_&_MERCHANDISE.txt"
"R.C._MELGAZO_BUILDERS","no_results",0,"sec_results/R.C._MELGAZO_BUILDERS.txt"
"DANSBURG_MACRO-BUILDERS_INC","success",1,"sec_results/DANSBURG_MACRO-BUILDERS_INC.txt"
"JAMJLE_PROPERTIES","success",1,"sec_results/JAMJLE_PROPERTIES.txt"
"LONG_ISLAND_BUILDERS_&_CONSTRUCTION","no_results",0,"sec_results/LONG_ISLAND_BUILDERS_&_CONSTRUCTION.txt"
"CHRISHUA_CONSTRUCTION_SERVICES","no_results",0,"sec_results/CHRISHUA_CONSTRUCTION_SERVICES.txt"
"IJK_MAE_CONSTRUCTION_INC.","success",1,"sec_results/IJK_MAE_CONSTRUCTION_INC..txt"
"R.F._FLORES_CONSTRUCTION","success",5,"sec_results/R.F._FLORES_CONSTRUCTION.txt"
"ARM-ASIA_CONSTRUCTION","no_results",0,"sec_results/ARM-ASIA_CONSTRUCTION.txt"
"ANIMAS_BROS_CONSTRUCTION_CORPORATION_(FORMERLY:_ANIMAS_BROS_CONSTRUCTION)","no_results",0,"sec_results/ANIMAS_BROS_CONSTRUCTION_CORPORATION_(FORMERLY:_ANIMAS_BROS_CONSTRUCTION).txt"
"ETTS_CORNERSTONE_CONSTRUCTION_SERVICES","no_results",0,"sec_results/ETTS_CORNERSTONE_CONSTRUCTION_SERVICES.txt"
"CHU_CONSTRUCTION","success",1,"sec_results/CHU_CONSTRUCTION.txt"
"EC_BUILDERS","success",10,"sec_results/EC_BUILDERS.txt"
"REMOTE_CONSTRUCTION","no_results",0,"sec_results/REMOTE_CONSTRUCTION.txt"
"RAYMAN_BUILDERS_INC.,","no_results",0,"sec_results/RAYMAN_BUILDERS_INC.,.txt"
"FTRF_CONSTRUCTION","no_results",0,"sec_results/FTRF_CONSTRUCTION.txt"
"NEW_MINDORENOS_LUMBER,_HARDWARE_AND_GEN_MERCHANDISE","no_results",0,"sec_results/NEW_MINDORENOS_LUMBER,_HARDWARE_AND_GEN_MERCHANDISE.txt"
"FULL_BLAST_TRADING_&_CONSTRUCTION","no_results",0,"sec_results/FULL_BLAST_TRADING_&_CONSTRUCTION.txt"
"BADOC_BUILDER_SUPPLY_ST_GERRARD_CONSTRUCTION_GEN_CONTRACTOR_DEVELOPMENT_CORP_FORMERLY_ST_GERRARD_CONSTRUCTION","no_results",0,"sec_results/BADOC_BUILDER_SUPPLY_ST_GERRARD_CONSTRUCTION_GEN_CONTRACTOR_DEVELOPMENT_CORP_FORMERLY_ST_GERRARD_CONSTRUCTION.txt"
"ORMOC_MACMERCURY_HARDWARE_&AMP;_ALLIED_SERVICES,_INC","no_results",0,"sec_results/ORMOC_MACMERCURY_HARDWARE_&AMP;_ALLIED_SERVICES,_INC.txt"
"JBERNARDO_CONSTRUCTION","no_results",0,"sec_results/JBERNARDO_CONSTRUCTION.txt"
"L_BROS_CONSTRUCTION_AND_SUPPLY_INC_FORMERLY_L_BROS_CONSTRUCTION_SUPPLY","no_results",0,"sec_results/L_BROS_CONSTRUCTION_AND_SUPPLY_INC_FORMERLY_L_BROS_CONSTRUCTION_SUPPLY.txt"
"ALEXA_TRADING_AND_CONSTRUCTION","no_results",0,"sec_results/ALEXA_TRADING_AND_CONSTRUCTION.txt"
"GOLDEN_CONSTRUCTION","success",7,"sec_results/GOLDEN_CONSTRUCTION.txt"
"G.L._LUMBAN_CONSTRUCTION","no_results",0,"sec_results/G.L._LUMBAN_CONSTRUCTION.txt"
"JCAL_M_ENTERPRISES","no_results",0,"sec_results/JCAL_M_ENTERPRISES.txt"
"TRI-LINE_BUILDERS","no_results",0,"sec_results/TRI-LINE_BUILDERS.txt"
"FL_REYES_DESIGN_&_CONSTRUCTION","no_results",0,"sec_results/FL_REYES_DESIGN_&_CONSTRUCTION.txt"
"SOUTHCAST_CONSTRUCTION","no_results",0,"sec_results/SOUTHCAST_CONSTRUCTION.txt"
"DATREBIL_CONSTRUCTION_&_SUPPLY","no_results",0,"sec_results/DATREBIL_CONSTRUCTION_&_SUPPLY.txt"
"KENBE_CONSTRUCTION_SUPPLY","no_results",0,"sec_results/KENBE_CONSTRUCTION_SUPPLY.txt"
"FRANZCOR_TRADING","no_results",0,"sec_results/FRANZCOR_TRADING.txt"
"JHARKHA_CONSTRUCTION_AND_SUPPLY","no_results",0,"sec_results/JHARKHA_CONSTRUCTION_AND_SUPPLY.txt"
"MEGAGOLD_CONSTRUCTION_AND_DEVELOPMENT,_OPC","success",1,"sec_results/MEGAGOLD_CONSTRUCTION_AND_DEVELOPMENT,_OPC.txt"
"AMORICH_CONSTRUCTION_SERVICES_&_SUPPLY","no_results",0,"sec_results/AMORICH_CONSTRUCTION_SERVICES_&_SUPPLY.txt"
"POKLES_CONSTRUCTION","no_results",0,"sec_results/POKLES_CONSTRUCTION.txt"
"J.C._TAMAYO_ENTERPRISES","no_results",0,"sec_results/J.C._TAMAYO_ENTERPRISES.txt"
"C_B_GARAY_PHILWIDE_BUILDERS","success",2,"sec_results/C_B_GARAY_PHILWIDE_BUILDERS.txt"
"M.E._SICAT","no_results",0,"sec_results/M.E._SICAT.txt"
"G8F_HARDWARE_&AMP;_STICK_RETAILING","no_results",0,"sec_results/G8F_HARDWARE_&AMP;_STICK_RETAILING.txt"
"BIGA_CONSTRUCTION","success",1,"sec_results/BIGA_CONSTRUCTION.txt"
"CMSEL_CONSTRUCTION_&_DEVELOPER","no_results",0,"sec_results/CMSEL_CONSTRUCTION_&_DEVELOPER.txt"
"JASMIN_CONSTRUCTION","success",1,"sec_results/JASMIN_CONSTRUCTION.txt"
"LUG_KONSTRACT","success",1,"sec_results/LUG_KONSTRACT.txt"
"RA_PAHATI_CONST__SUPPLY_INC","no_results",0,"sec_results/RA_PAHATI_CONST__SUPPLY_INC.txt"
"4M_GENERAL_MERCHANDISE","no_results",0,"sec_results/4M_GENERAL_MERCHANDISE.txt"
"JQD_CONSTRUCTION_&_GENERAL_SERVICES","no_results",0,"sec_results/JQD_CONSTRUCTION_&_GENERAL_SERVICES.txt"
"SUNWEST","no_results",0,"sec_results/SUNWEST.txt"
"CONST_SUPPLY_COMPANY_INC","no_results",0,"sec_results/CONST_SUPPLY_COMPANY_INC.txt"
"M.T._MALIUANAG_CONSTRUCTION_SERVICES","no_results",0,"sec_results/M.T._MALIUANAG_CONSTRUCTION_SERVICES.txt"
"WTG_CONSTRUCTION__DEVELOPMENT_CORPORATION","no_results",0,"sec_results/WTG_CONSTRUCTION__DEVELOPMENT_CORPORATION.txt"
"NESGIN_BUILDERS_&_SUPPLIES","no_results",0,"sec_results/NESGIN_BUILDERS_&_SUPPLIES.txt"
"PYUKEI_CONSTRUCTION_INC","success",1,"sec_results/PYUKEI_CONSTRUCTION_INC.txt"
"TWO_DEGREES_CONSTRUCTION_AND_SUPPLY","no_results",0,"sec_results/TWO_DEGREES_CONSTRUCTION_AND_SUPPLY.txt"
"ALZEN_ENGINEERING_CONSTRUCTION_SUPPLIES","no_results",0,"sec_results/ALZEN_ENGINEERING_CONSTRUCTION_SUPPLIES.txt"
"T.E._TRINIDAD_CONSTRUCTION","no_results",0,"sec_results/T.E._TRINIDAD_CONSTRUCTION.txt"
"E.L._GOMEZ_CONSTRUCTION","success",2,"sec_results/E.L._GOMEZ_CONSTRUCTION.txt"
"HONEYVILLECONST_AND_DEVELOPMENT_CORPORATION","no_results",0,"sec_results/HONEYVILLECONST_AND_DEVELOPMENT_CORPORATION.txt"
"ISHIZAKI_CONSTRUCTION_&_DEVELOPMENT_CORPORATION","success",1,"sec_results/ISHIZAKI_CONSTRUCTION_&_DEVELOPMENT_CORPORATION.txt"
"DQT_BUILDERS_AND_SUPPLY","no_results",0,"sec_results/DQT_BUILDERS_AND_SUPPLY.txt"
"ARKY_CONSTRUCTION_AND_SUPPLY","no_results",0,"sec_results/ARKY_CONSTRUCTION_AND_SUPPLY.txt"
"CS_CONST._AND_SUPPLY_INC._(FORMERLY:_CS_CONSTRUCTION_AND_SUPPLY)","no_results",0,"sec_results/CS_CONST._AND_SUPPLY_INC._(FORMERLY:_CS_CONSTRUCTION_AND_SUPPLY).txt"
"CABUGUIASAN_BUILDERS","success",4,"sec_results/CABUGUIASAN_BUILDERS.txt"
"ENYE_CONSTRUCTION_&_DEVELOPMENT_INC","no_results",0,"sec_results/ENYE_CONSTRUCTION_&_DEVELOPMENT_INC.txt"
"ALEXANDER_BUILDERS","no_results",0,"sec_results/ALEXANDER_BUILDERS.txt"
"MM_SERRANO_CONSTRUCTION_COMPANY","success",2,"sec_results/MM_SERRANO_CONSTRUCTION_COMPANY.txt"
"MURIELEVEN_BUILDERS_AND_CONSTRUCTION_SUPPLY_CORP","no_results",0,"sec_results/MURIELEVEN_BUILDERS_AND_CONSTRUCTION_SUPPLY_CORP.txt"
"RMH_CONSTRUCTION_AND_SUPPLY","no_results",0,"sec_results/RMH_CONSTRUCTION_AND_SUPPLY.txt"
"OLIN_DEVELOPMENT_ENGINEERING_&_CONSTRUCTION","no_results",0,"sec_results/OLIN_DEVELOPMENT_ENGINEERING_&_CONSTRUCTION.txt"
"DRAGON_TWELVE_BUILDERS_&_CONSTRUCTION_SUPPLY","no_results",0,"sec_results/DRAGON_TWELVE_BUILDERS_&_CONSTRUCTION_SUPPLY.txt"
"G-CUBE_CONSTRUCTION","no_results",0,"sec_results/G-CUBE_CONSTRUCTION.txt"
"APRIL_ROSE_ENT._&_BUILDERS","no_results",0,"sec_results/APRIL_ROSE_ENT._&_BUILDERS.txt"
"J_A_OLIVAR_ENGINEERING_DESIGN_CONSTRUCTION","success",10,"sec_results/J_A_OLIVAR_ENGINEERING_DESIGN_CONSTRUCTION.txt"
"RD_MANDANAS_CONSTRUCTION","no_results",0,"sec_results/RD_MANDANAS_CONSTRUCTION.txt"
"BNR_CONSTRUCTION_DEVELOPMENT_CORP","no_results",0,"sec_results/BNR_CONSTRUCTION_DEVELOPMENT_CORP.txt"
"BALINTUGAN_CONSTRUCTION","no_results",0,"sec_results/BALINTUGAN_CONSTRUCTION.txt"
"GEETY_REALTY_&_DEVELOPMENT_CORP","no_results",0,"sec_results/GEETY_REALTY_&_DEVELOPMENT_CORP.txt"
"CHEEREL_CONSTRUCTION_SUPPLY","no_results",0,"sec_results/CHEEREL_CONSTRUCTION_SUPPLY.txt"
"ALMOND_ENGINEERING_&_CONSTRUCTION","no_results",0,"sec_results/ALMOND_ENGINEERING_&_CONSTRUCTION.txt"
"L._B._LEONCIO_TRADING_AND_CONSTRUCTION_CORPORATION_(FORMERLY:_L.B._LEONCIO_TRADING_&_CONSTRUCTION)","no_results",0,"sec_results/L._B._LEONCIO_TRADING_AND_CONSTRUCTION_CORPORATION_(FORMERLY:_L.B._LEONCIO_TRADING_&_CONSTRUCTION).txt"
"HI-TONE_CONSTRUCTION_&_DEVELOPMENT_CORP.","no_results",0,"sec_results/HI-TONE_CONSTRUCTION_&_DEVELOPMENT_CORP..txt"
"MORTAR_MASTERS__CONCRETE_BUILDERS","no_results",0,"sec_results/MORTAR_MASTERS__CONCRETE_BUILDERS.txt"
"LIBRA_SEVEN_CONSTRUCTION","success",1,"sec_results/LIBRA_SEVEN_CONSTRUCTION.txt"
"C_BROS_CONSTRUCTION","success",10,"sec_results/C_BROS_CONSTRUCTION.txt"
"XY_BUILDERS","no_results",0,"sec_results/XY_BUILDERS.txt"
"GLOBAL_TECH_DESIGN_BUILDERS_INCORPORATED","no_results",0,"sec_results/GLOBAL_TECH_DESIGN_BUILDERS_INCORPORATED.txt"
"TBB_CONSTRUCTION_CORP.","success",1,"sec_results/TBB_CONSTRUCTION_CORP..txt"
"CARTESIAN_BUILDERS_CORPORATION","no_results",0,"sec_results/CARTESIAN_BUILDERS_CORPORATION.txt"
"BUILDERS_EXPONENT_EMPIRE_CORP._(FORMERLY:_BUILDERS_EXPONENT_ENTERPRISE)","no_results",0,"sec_results/BUILDERS_EXPONENT_EMPIRE_CORP._(FORMERLY:_BUILDERS_EXPONENT_ENTERPRISE).txt"
"NGS_CONSTRUCTION_SUPPLY","no_results",0,"sec_results/NGS_CONSTRUCTION_SUPPLY.txt"
"CARCEL_CONSTRUCTION_AND_DEVELOPMENT_CORPORATION","success",1,"sec_results/CARCEL_CONSTRUCTION_AND_DEVELOPMENT_CORPORATION.txt"
"V_TRILLANA_BUILDERS_TRADING","no_results",0,"sec_results/V_TRILLANA_BUILDERS_TRADING.txt"
"USB_BUILDERS","no_results",0,"sec_results/USB_BUILDERS.txt"
"RIMJ_CONSTRUCTION_SUPPLIES_AND_SERVICES_(FOR:_ROMINA_CONSTRUCTION)","no_results",0,"sec_results/RIMJ_CONSTRUCTION_SUPPLIES_AND_SERVICES_(FOR:_ROMINA_CONSTRUCTION).txt"
"JAICA_CONST_CORP","success",1,"sec_results/JAICA_CONST_CORP.txt"
"ZEDIK_BUILDERS","success",1,"sec_results/ZEDIK_BUILDERS.txt"
"LUCKY_EIGHTY-THREE_CONSTRUCTION_AND_SUPPLY_FOR_VRP","no_results",0,"sec_results/LUCKY_EIGHTY-THREE_CONSTRUCTION_AND_SUPPLY_FOR_VRP.txt"
"647_CONSTRUCTION_AND_DEVELOPMENT_CORPORATION","success",1,"sec_results/647_CONSTRUCTION_AND_DEVELOPMENT_CORPORATION.txt"
"TUBIGAN_BUILDERS","no_results",0,"sec_results/TUBIGAN_BUILDERS.txt"
"JM2K_CONSTRUCTION","no_results",0,"sec_results/JM2K_CONSTRUCTION.txt"
"ARVEA'S_CONSTRUCTION","no_results",0,"sec_results/ARVEA'S_CONSTRUCTION.txt"
"HALREY_CONSTRUCTION_INC.","no_results",0,"sec_results/HALREY_CONSTRUCTION_INC..txt"
"HI_TONE_CONSTRUCTION_DEVELOPMENT_CORPORATION","no_results",0,"sec_results/HI_TONE_CONSTRUCTION_DEVELOPMENT_CORPORATION.txt"
"J.M._DAPING_CONSTRUCTION_SERVICES","no_results",0,"sec_results/J.M._DAPING_CONSTRUCTION_SERVICES.txt"
"RAB_CONSTRUCTION_AND_SUPPLY","no_results",0,"sec_results/RAB_CONSTRUCTION_AND_SUPPLY.txt"
"22_PRIME_CONSTRUCTION_AND_REALTY_DEVELOPMENT_INC","success",1,"sec_results/22_PRIME_CONSTRUCTION_AND_REALTY_DEVELOPMENT_INC.txt"
"REDSON_CONSTRUCTION_AND_SUPPLIES_INC","success",1,"sec_results/REDSON_CONSTRUCTION_AND_SUPPLIES_INC.txt"
"R._GABRIEL_CONSTRUCTION","success",1,"sec_results/R._GABRIEL_CONSTRUCTION.txt"
"E_S_L_BUILDERS_PARTS_SUPPLY","no_results",0,"sec_results/E_S_L_BUILDERS_PARTS_SUPPLY.txt"
"ERIC_VAN_P._SESBREÃ‘O_CONSTRUCTION","no_results",0,"sec_results/ERIC_VAN_P._SESBREÃ‘O_CONSTRUCTION.txt"
"EJ'S_ENGINEERING_SERVICES_AND_CONSTRUCTION_SUPPLY","no_results",0,"sec_results/EJ'S_ENGINEERING_SERVICES_AND_CONSTRUCTION_SUPPLY.txt"
"GASAT_BUILDERS_AND_SUPPLIES_INC.","success",1,"sec_results/GASAT_BUILDERS_AND_SUPPLIES_INC..txt"
"F._CASALME_CONSTRUCTION_&_SUPPLY","no_results",0,"sec_results/F._CASALME_CONSTRUCTION_&_SUPPLY.txt"
"RCD_GEN_CONTRACTOR_CONSTRUCTION_SUPPLY","no_results",0,"sec_results/RCD_GEN_CONTRACTOR_CONSTRUCTION_SUPPLY.txt"
"CHERRY'S_MARKETING","no_results",0,"sec_results/CHERRY'S_MARKETING.txt"
"BERSON_S_CONSTRUCTION_TRADING","no_results",0,"sec_results/BERSON_S_CONSTRUCTION_TRADING.txt"
"CNL_CONSTRUCTION","no_results",0,"sec_results/CNL_CONSTRUCTION.txt"
"JG_ACES_HARDWARE_&_CONSTRUCTION_SUPPLY","no_results",0,"sec_results/JG_ACES_HARDWARE_&_CONSTRUCTION_SUPPLY.txt"
"RITCHE_NATHALIE_BUILDERS_AND_GENERAL_MERCHANDISE","no_results",0,"sec_results/RITCHE_NATHALIE_BUILDERS_AND_GENERAL_MERCHANDISE.txt"
"J.M._LACORTE_CONSTRUCTION","no_results",0,"sec_results/J.M._LACORTE_CONSTRUCTION.txt"
"T_REYES_CONSTRUCTION","success",10,"sec_results/T_REYES_CONSTRUCTION.txt"
"RV_DE_LEOS__CONSTRUCTION","no_results",0,"sec_results/RV_DE_LEOS__CONSTRUCTION.txt"
"PEARLCAST_CONSTRUCTION_&_TRADING","no_results",0,"sec_results/PEARLCAST_CONSTRUCTION_&_TRADING.txt"
"BUTUAN_AVP_MARKETING_CORPORATION","no_results",0,"sec_results/BUTUAN_AVP_MARKETING_CORPORATION.txt"
"KGB_ENGINEERING_AND_CONSTRUCTION","no_results",0,"sec_results/KGB_ENGINEERING_AND_CONSTRUCTION.txt"
"EJJ_CONSTRUCTION_AND_SUPPLY","no_results",0,"sec_results/EJJ_CONSTRUCTION_AND_SUPPLY.txt"
"AYESHIA_GENERAL_TRADING_CONSTRUCTION_AND_MAINTENANCE","no_results",0,"sec_results/AYESHIA_GENERAL_TRADING_CONSTRUCTION_AND_MAINTENANCE.txt"
"AL-JON_CONSTRUCTION_DEVELOPMENT,_INC._(FORMERLY:_ALJON_CONSTRUCTION_&_SUPPLY)","no_results",0,"sec_results/AL-JON_CONSTRUCTION_DEVELOPMENT,_INC._(FORMERLY:_ALJON_CONSTRUCTION_&_SUPPLY).txt"
"M.C._GERONIMO_CONSTRUCTION_AND_TRADING","no_results",0,"sec_results/M.C._GERONIMO_CONSTRUCTION_AND_TRADING.txt"
"AMADO_LIM_ENTERPRISES,_INC","no_results",0,"sec_results/AMADO_LIM_ENTERPRISES,_INC.txt"
"WEARR_ENTERPRISES_&_DEVELOPMENT_CORP","no_results",0,"sec_results/WEARR_ENTERPRISES_&_DEVELOPMENT_CORP.txt"
"TEE_ENTERPRISES","no_results",0,"sec_results/TEE_ENTERPRISES.txt"
"CHEDMARYL_CONST_&AMP;_SUPPLIES","no_results",0,"sec_results/CHEDMARYL_CONST_&AMP;_SUPPLIES.txt"
"CAGALAWAN_ENTERPRISES","success",1,"sec_results/CAGALAWAN_ENTERPRISES.txt"
"ALFAHAD_BUILDERS","no_results",0,"sec_results/ALFAHAD_BUILDERS.txt"
"HAPPY_ALL3_BUILDERS_CORPORATION","no_results",0,"sec_results/HAPPY_ALL3_BUILDERS_CORPORATION.txt"
"KP_GONZALES_CONSTRUCTION_SUPPLY_AND_TRADING","no_results",0,"sec_results/KP_GONZALES_CONSTRUCTION_SUPPLY_AND_TRADING.txt"
"CHS_CONSTRUCTION_AND_SUPPLY","no_results",0,"sec_results/CHS_CONSTRUCTION_AND_SUPPLY.txt"
"RUBIKS_CONSTRUCTION_CORPORATION","success",1,"sec_results/RUBIKS_CONSTRUCTION_CORPORATION.txt"
"JUNMICMARC_CONSTRUCTION","no_results",0,"sec_results/JUNMICMARC_CONSTRUCTION.txt"
"ESR_CONSTRUCTION_SUPPLIES","no_results",0,"sec_results/ESR_CONSTRUCTION_SUPPLIES.txt"
"AB_CASIANO_GRAVEL_AMP;_SAND_CONSTRUCTION_SUPPLY","no_results",0,"sec_results/AB_CASIANO_GRAVEL_AMP;_SAND_CONSTRUCTION_SUPPLY.txt"
"DMGR_BUILDERS","no_results",0,"sec_results/DMGR_BUILDERS.txt"
"MAMSAR_CONSTRUCTION_AND_INDUSTRIAL_CORPORATION","success",1,"sec_results/MAMSAR_CONSTRUCTION_AND_INDUSTRIAL_CORPORATION.txt"
"M_T_MALIUANAG_CONSTRUCTION_SERVICES","no_results",0,"sec_results/M_T_MALIUANAG_CONSTRUCTION_SERVICES.txt"
"CAANA_CONSTRUCTION_CORPORATION","success",4,"sec_results/CAANA_CONSTRUCTION_CORPORATION.txt"
"ROCKWORLD_INDUSTRIES","no_results",0,"sec_results/ROCKWORLD_INDUSTRIES.txt"
"JDR_CONSTRUCTION","success",1,"sec_results/JDR_CONSTRUCTION.txt"
"TRAME_ENTERPRISES","no_results",0,"sec_results/TRAME_ENTERPRISES.txt"
"EMSYM_CONSTRUCTION_CORP.","success",1,"sec_results/EMSYM_CONSTRUCTION_CORP..txt"
"JJRC_CONSTRUCTION_AND_SUPPLY","no_results",0,"sec_results/JJRC_CONSTRUCTION_AND_SUPPLY.txt"
"DRAGON_TWELVE_BUILDERS","no_results",0,"sec_results/DRAGON_TWELVE_BUILDERS.txt"
"IKM_BUILDERS_CONSTRUCTION_SUPPLY_T_SOLOMON_CONSTRUCTION_AND_DEVELOPMENT_CORPORATIO","no_results",0,"sec_results/IKM_BUILDERS_CONSTRUCTION_SUPPLY_T_SOLOMON_CONSTRUCTION_AND_DEVELOPMENT_CORPORATIO.txt"
"MAGDA_CONSTRUCTION_AND_SUPPLY_INC.","no_results",0,"sec_results/MAGDA_CONSTRUCTION_AND_SUPPLY_INC..txt"
"WOODLAND_CONSTRUCTION_AND_SUPPLY_INC","no_results",0,"sec_results/WOODLAND_CONSTRUCTION_AND_SUPPLY_INC.txt"
"PONG'S_ENTERPRISES","no_results",0,"sec_results/PONG'S_ENTERPRISES.txt"
"JANN-NORRIS_CONSTRUCTION_&_SUPPLIES","no_results",0,"sec_results/JANN-NORRIS_CONSTRUCTION_&_SUPPLIES.txt"
"A_R_LUSTRE_JR_CONSTRUCTION","success",1,"sec_results/A_R_LUSTRE_JR_CONSTRUCTION.txt"
"RUDHIL_CONSTRUCTION__ENTERPRISES_INC","no_results",0,"sec_results/RUDHIL_CONSTRUCTION__ENTERPRISES_INC.txt"
"L&L_CONSTRUCTION","success",10,"sec_results/L&L_CONSTRUCTION.txt"
"ROCKWELL_BUILDERS","success",1,"sec_results/ROCKWELL_BUILDERS.txt"
"ACD_ASTROBUILT_CONSTRUCTION_DEVELOPMENT_INC","success",1,"sec_results/ACD_ASTROBUILT_CONSTRUCTION_DEVELOPMENT_INC.txt"
"LOUREL_DEVELOPMENT_CORPORATION","success",1,"sec_results/LOUREL_DEVELOPMENT_CORPORATION.txt"
"1HB_CONSTRUCTION_CORP_","success",1,"sec_results/1HB_CONSTRUCTION_CORP_.txt"
"A.V._LAYNES_TRADING_AND_CONSTRUCTION","no_results",0,"sec_results/A.V._LAYNES_TRADING_AND_CONSTRUCTION.txt"
"TAM_CONSTRUCTION_&_SUPPLIES","no_results",0,"sec_results/TAM_CONSTRUCTION_&_SUPPLIES.txt"
"JAMRAY_BUILDERS","no_results",0,"sec_results/JAMRAY_BUILDERS.txt"
"RTY_CONSTRUCTION","no_results",0,"sec_results/RTY_CONSTRUCTION.txt"
"DIANE_CONSTRUCTION_&_ENTERPRISES","no_results",0,"sec_results/DIANE_CONSTRUCTION_&_ENTERPRISES.txt"
"CBC_CONSTRUCTION_&_SUPPLY","no_results",0,"sec_results/CBC_CONSTRUCTION_&_SUPPLY.txt"
"VERDAX_BUILDERS","success",1,"sec_results/VERDAX_BUILDERS.txt"
"M_A_CONSTRUCTION","success",10,"sec_results/M_A_CONSTRUCTION.txt"
"4_DOUBLERS_TRADING","no_results",0,"sec_results/4_DOUBLERS_TRADING.txt"
"DQT_BUILDERS","success",2,"sec_results/DQT_BUILDERS.txt"
"3_L_CONSTRUCTION","success",10,"sec_results/3_L_CONSTRUCTION.txt"
"BLUE_MOUNTAIN_BUILDERS_AMP;_GENERAL_MERCHANDISE","no_results",0,"sec_results/BLUE_MOUNTAIN_BUILDERS_AMP;_GENERAL_MERCHANDISE.txt"
"FLORDES_CONSTRUCTION_TRADING_CORP","no_results",0,"sec_results/FLORDES_CONSTRUCTION_TRADING_CORP.txt"
"DINAH_RBS_CONSTRUCTION","success",1,"sec_results/DINAH_RBS_CONSTRUCTION.txt"
"F_J_GENERAL_CONSTRUCTION_SUPPLY_CORP","success",2,"sec_results/F_J_GENERAL_CONSTRUCTION_SUPPLY_CORP.txt"
"GONZALODO_ENTERPRISES","success",1,"sec_results/GONZALODO_ENTERPRISES.txt"
"ALMRIN_BUILDERS_CORPORATION","no_results",0,"sec_results/ALMRIN_BUILDERS_CORPORATION.txt"
"BHENLLABIEN_BUILDERS_CONSTRUCTION","no_results",0,"sec_results/BHENLLABIEN_BUILDERS_CONSTRUCTION.txt"
"LAV_CONSTRUCTION_&_SUPPLY","no_results",0,"sec_results/LAV_CONSTRUCTION_&_SUPPLY.txt"
"CHL_CONSTRUCTION_&_DEVELOPMENT_ENTERPRISES,_INC.","no_results",0,"sec_results/CHL_CONSTRUCTION_&_DEVELOPMENT_ENTERPRISES,_INC..txt"
"L.P.O._ENTERPRISES","success",10,"sec_results/L.P.O._ENTERPRISES.txt"
"VERGUZ_CONSTRUCTION","no_results",0,"sec_results/VERGUZ_CONSTRUCTION.txt"
"KAWAII_BUILDERS_SUPPLIES","no_results",0,"sec_results/KAWAII_BUILDERS_SUPPLIES.txt"
"AB_DIAMOND23_CONSTRUCTION","no_results",0,"sec_results/AB_DIAMOND23_CONSTRUCTION.txt"
"TONKA_CONSTRUCTION","no_results",0,"sec_results/TONKA_CONSTRUCTION.txt"
"N-J_CONSTRUCTION","success",10,"sec_results/N-J_CONSTRUCTION.txt"
"SOLFIO_P_JACINTO_CONSTRUCTION_INC","success",1,"sec_results/SOLFIO_P_JACINTO_CONSTRUCTION_INC.txt"
"VELSTAND_CONSTRUCTION","no_results",0,"sec_results/VELSTAND_CONSTRUCTION.txt"
"V.N._GRANDE_BUILDERS_&_SUPPLY","no_results",0,"sec_results/V.N._GRANDE_BUILDERS_&_SUPPLY.txt"
"N.B._AVILA_CONSTRUCTION_-_CAVITE","no_results",0,"sec_results/N.B._AVILA_CONSTRUCTION_-_CAVITE.txt"
"JB_DANTE_BUILDERS","no_results",0,"sec_results/JB_DANTE_BUILDERS.txt"
"JM_LACORTE_CONSTRUCTION","no_results",0,"sec_results/JM_LACORTE_CONSTRUCTION.txt"
"JAYKRIS_ENTERPRISES","no_results",0,"sec_results/JAYKRIS_ENTERPRISES.txt"
"MICKEY'S_ENTERPRISES","no_results",0,"sec_results/MICKEY'S_ENTERPRISES.txt"
"F_GURREA_CONSTRUCTION_INC","no_results",0,"sec_results/F_GURREA_CONSTRUCTION_INC.txt"
"JAICA_CONST._CORP","success",1,"sec_results/JAICA_CONST._CORP.txt"
"AGONG_BUILDERS_AND_CONSTRUCTION_SUPPLY_INC","success",1,"sec_results/AGONG_BUILDERS_AND_CONSTRUCTION_SUPPLY_INC.txt"
"JOMA-CONSTRUCTION_AND_SUPPLY","no_results",0,"sec_results/JOMA-CONSTRUCTION_AND_SUPPLY.txt"
"KCX'_SUPPLY_WHOLESALING","no_results",0,"sec_results/KCX'_SUPPLY_WHOLESALING.txt"
"JMJP_CONST._AND_SUPPLY","no_results",0,"sec_results/JMJP_CONST._AND_SUPPLY.txt"
"GREAT_WALL_ENGINEERING","no_results",0,"sec_results/GREAT_WALL_ENGINEERING.txt"
"CAMINS_CONSTRUCTION_&_ENTERPRISES","no_results",0,"sec_results/CAMINS_CONSTRUCTION_&_ENTERPRISES.txt"
"R.K.F._BUILDERS","no_results",0,"sec_results/R.K.F._BUILDERS.txt"
"MARCUS_CONSTRUCTION_&_SUPPLY","no_results",0,"sec_results/MARCUS_CONSTRUCTION_&_SUPPLY.txt"
"ELC_CONSTRUCTION_AND_TRADING","no_results",0,"sec_results/ELC_CONSTRUCTION_AND_TRADING.txt"
"DGSARM_BUILDERS_INC._(FORMERLY:_D.G._SARMENTA_CONSTRUCTION)","no_results",0,"sec_results/DGSARM_BUILDERS_INC._(FORMERLY:_D.G._SARMENTA_CONSTRUCTION).txt"
"JIMWELL_BUILDERS","success",1,"sec_results/JIMWELL_BUILDERS.txt"
"DMDANAN_CONSTRUCTION","no_results",0,"sec_results/DMDANAN_CONSTRUCTION.txt"
"CASAN_CONSTRUCTION_AND_TRADING","success",1,"sec_results/CASAN_CONSTRUCTION_AND_TRADING.txt"
"M.A._TEJADA_CONSTRUCTION","no_results",0,"sec_results/M.A._TEJADA_CONSTRUCTION.txt"
"N.T._SOTELO_CONSTRUCTION_AND_SUPPLY_CORPORATION","success",1,"sec_results/N.T._SOTELO_CONSTRUCTION_AND_SUPPLY_CORPORATION.txt"
"JEJOR'S_CONSTRUCTION_CORPORATION","success",1,"sec_results/JEJOR'S_CONSTRUCTION_CORPORATION.txt"
"JBA_CONSTRUCTION_AND_BUILDERS","no_results",0,"sec_results/JBA_CONSTRUCTION_AND_BUILDERS.txt"
"TOUGHBUILT_CONSTRUCTION_&_TRADING,_INC.","success",1,"sec_results/TOUGHBUILT_CONSTRUCTION_&_TRADING,_INC..txt"
"SANRHO_CONST_AND_SUPPL_3RB_CONSTRUCTION_SUPPLY","no_results",0,"sec_results/SANRHO_CONST_AND_SUPPL_3RB_CONSTRUCTION_SUPPLY.txt"
"1ST_J_E_ADLAWAN_CONSTRUCTION","success",1,"sec_results/1ST_J_E_ADLAWAN_CONSTRUCTION.txt"
"RO_BUILDERS_DEVELOPMENT_CORPORATION","success",10,"sec_results/RO_BUILDERS_DEVELOPMENT_CORPORATION.txt"
"KURDZ_CONSTRUCTION","no_results",0,"sec_results/KURDZ_CONSTRUCTION.txt"
"CONSTRUCTION_SUPPLY_AND_ALLIED_SERVICES","no_results",0,"sec_results/CONSTRUCTION_SUPPLY_AND_ALLIED_SERVICES.txt"
"CONCRETE_BUILDERS","success",1,"sec_results/CONCRETE_BUILDERS.txt"
"BOADO_ENGINEERING_DESIGN_&_CONSTRUCTION","no_results",0,"sec_results/BOADO_ENGINEERING_DESIGN_&_CONSTRUCTION.txt"
"J.M._MALIGAYA_CONSTRUCTION_&_CONSTRUCTION_SUPPLY","no_results",0,"sec_results/J.M._MALIGAYA_CONSTRUCTION_&_CONSTRUCTION_SUPPLY.txt"
"HONY_TRADING_CONSTRUCTION","no_results",0,"sec_results/HONY_TRADING_CONSTRUCTION.txt"
"CEK_CONSTRUCTION_AND_WATER_SUPPLY","no_results",0,"sec_results/CEK_CONSTRUCTION_AND_WATER_SUPPLY.txt"
"DANRICH_BUILDERS_CORPORATION","success",1,"sec_results/DANRICH_BUILDERS_CORPORATION.txt"
"ERNA_CONSTRUCTION_AND_SUPPLIES","no_results",0,"sec_results/ERNA_CONSTRUCTION_AND_SUPPLIES.txt"
"VISTA_CONSTRUCTION","no_results",0,"sec_results/VISTA_CONSTRUCTION.txt"
"VERLYN_PONCE_PHOTOGRAPHY","no_results",0,"sec_results/VERLYN_PONCE_PHOTOGRAPHY.txt"
"ESR_CONSTRUCTION_&_SUPPLIES","no_results",0,"sec_results/ESR_CONSTRUCTION_&_SUPPLIES.txt"
"DEVELOPMENT_CORPORATIO","no_results",0,"sec_results/DEVELOPMENT_CORPORATIO.txt"
"ROTAFLEX_CONSTRUCTION_DEVELOPMENT_CORP","no_results",0,"sec_results/ROTAFLEX_CONSTRUCTION_DEVELOPMENT_CORP.txt"
"BELCONSTRUCT_CORPORATION","success",1,"sec_results/BELCONSTRUCT_CORPORATION.txt"
"TJB_CONSTRUCTION","no_results",0,"sec_results/TJB_CONSTRUCTION.txt"
"AARJG_BUILDERS_CORPORATION","success",1,"sec_results/AARJG_BUILDERS_CORPORATION.txt"
"CM_TAN_CONSTRUCTION","no_results",0,"sec_results/CM_TAN_CONSTRUCTION.txt"
"MIGO_CONSTRUCTION","success",2,"sec_results/MIGO_CONSTRUCTION.txt"
"CARLSON_CONSTRUCTION_AND_SUPPLY","no_results",0,"sec_results/CARLSON_CONSTRUCTION_AND_SUPPLY.txt"
"T.N.G_CONSTRUCTION_CORPORATION","no_results",0,"sec_results/T.N.G_CONSTRUCTION_CORPORATION.txt"
"JONOR_DC_CONSTRUCTION","no_results",0,"sec_results/JONOR_DC_CONSTRUCTION.txt"
"R.A._MATIAS_CONSTRUCTION_AND_DEVELOPERS_INC","no_results",0,"sec_results/R.A._MATIAS_CONSTRUCTION_AND_DEVELOPERS_INC.txt"
"ALBANO_CONSTRUCTION_AND_TRADING","no_results",0,"sec_results/ALBANO_CONSTRUCTION_AND_TRADING.txt"
"MGB_BUILDERS","no_results",0,"sec_results/MGB_BUILDERS.txt"
"DREAMBOLT_BUILDERS_CORPORATION","success",1,"sec_results/DREAMBOLT_BUILDERS_CORPORATION.txt"
"JS_LIM_CONSTRUCTION_TRADING","no_results",0,"sec_results/JS_LIM_CONSTRUCTION_TRADING.txt"
"FE_S._REYES_GENERAL_CONTRACTOR_CORP.","success",1,"sec_results/FE_S._REYES_GENERAL_CONTRACTOR_CORP..txt"
"T2B3_BUILDERS_AND_SUPPLIES_CORP","success",1,"sec_results/T2B3_BUILDERS_AND_SUPPLIES_CORP.txt"
"M_S_RAMOS_CONSTRUCTION_INC_FORMERLY_M_S_RAMOS","no_results",0,"sec_results/M_S_RAMOS_CONSTRUCTION_INC_FORMERLY_M_S_RAMOS.txt"
"KCS_CONSTRUCTION_AND_SUPPLY","no_results",0,"sec_results/KCS_CONSTRUCTION_AND_SUPPLY.txt"
"SLP_CONSTRUCTION","no_results",0,"sec_results/SLP_CONSTRUCTION.txt"
"EMQ_DESIGN_CONSTRUCTION","no_results",0,"sec_results/EMQ_DESIGN_CONSTRUCTION.txt"
"N.N._YU_CONSTRUCTION,_INC._(FORMERLY:_YU_CONSTRUCTION)","no_results",0,"sec_results/N.N._YU_CONSTRUCTION,_INC._(FORMERLY:_YU_CONSTRUCTION).txt"
"MEL_JEAN_CONSTRUCTION_CORPORATION","no_results",0,"sec_results/MEL_JEAN_CONSTRUCTION_CORPORATION.txt"
"4RMCONSTRUCTION_SUPPLIES","no_results",0,"sec_results/4RMCONSTRUCTION_SUPPLIES.txt"
"HVC_SAGITTARIUS_COMMERCIAL_&_CONSTRUCTION","no_results",0,"sec_results/HVC_SAGITTARIUS_COMMERCIAL_&_CONSTRUCTION.txt"
"ROIM_BUILDERS_AND_CONSTRUCTION_SUPPY","no_results",0,"sec_results/ROIM_BUILDERS_AND_CONSTRUCTION_SUPPY.txt"
"LABB_CONSTRUCTION_DEVELOPMENT_INC","success",1,"sec_results/LABB_CONSTRUCTION_DEVELOPMENT_INC.txt"
"A_Y_U_ENGINEERING_CONSTRUCTION","success",10,"sec_results/A_Y_U_ENGINEERING_CONSTRUCTION.txt"
"SOLID_STAR_BUILDERS_AND_CONSTRUCTION_SUPPLY","no_results",0,"sec_results/SOLID_STAR_BUILDERS_AND_CONSTRUCTION_SUPPLY.txt"
"HEAZ_CONSTRUCTION","no_results",0,"sec_results/HEAZ_CONSTRUCTION.txt"
"W.D._NAVARRO_CONSTRUCTION_CO","no_results",0,"sec_results/W.D._NAVARRO_CONSTRUCTION_CO.txt"
"AQUALINE_CONSTRUCTION_CORPORATION","success",1,"sec_results/AQUALINE_CONSTRUCTION_CORPORATION.txt"
"KCN_CONSTRUCTION","no_results",0,"sec_results/KCN_CONSTRUCTION.txt"
"DEVELOPMENT_CORPORAT","no_results",0,"sec_results/DEVELOPMENT_CORPORAT.txt"
"O_G_SANTOS_CONSTRUCTION","success",10,"sec_results/O_G_SANTOS_CONSTRUCTION.txt"
"ZYSA_ENTERPRISES_CONSTRUCTION_AND_SUPPLY","no_results",0,"sec_results/ZYSA_ENTERPRISES_CONSTRUCTION_AND_SUPPLY.txt"
"ORANI_CONSTRUCTION_AND_SUPPLY_CORPORATION_(FORMERLY:ORANI_BUILDERS_&_SUPPLY)","no_results",0,"sec_results/ORANI_CONSTRUCTION_AND_SUPPLY_CORPORATION_(FORMERLY:ORANI_BUILDERS_&_SUPPLY).txt"
"SOLID_MERCHANDISING","no_results",0,"sec_results/SOLID_MERCHANDISING.txt"
"BARILLO_CONSTRUCTION_&_ENTERPRISES","no_results",0,"sec_results/BARILLO_CONSTRUCTION_&_ENTERPRISES.txt"
"KINGSROAD_CONSTRUCTION","no_results",0,"sec_results/KINGSROAD_CONSTRUCTION.txt"
"M.J._APIN_BUILDERS","no_results",0,"sec_results/M.J._APIN_BUILDERS.txt"
"WAWAO_BUILDERS","success",1,"sec_results/WAWAO_BUILDERS.txt"
"HBT_BUILDERS","no_results",0,"sec_results/HBT_BUILDERS.txt"
"LLABAN_CONSTRUCTION_&_SUPPLY_(FORMERLY:_LLABAN_CON","no_results",0,"sec_results/LLABAN_CONSTRUCTION_&_SUPPLY_(FORMERLY:_LLABAN_CON.txt"
"BIG_BERTHA_CONSTRUCTION_DEVELOPMENT","no_results",0,"sec_results/BIG_BERTHA_CONSTRUCTION_DEVELOPMENT.txt"
"D_C_SANDIL_CONSTRUCTION","no_results",0,"sec_results/D_C_SANDIL_CONSTRUCTION.txt"
"DISTRICT_4B_CONSTRUCTION_CORPORATION","no_results",0,"sec_results/DISTRICT_4B_CONSTRUCTION_CORPORATION.txt"
"DDS_BUILDERS","success",1,"sec_results/DDS_BUILDERS.txt"
"GALFONS_BUILDERS_&_SUPPLY,_INC.","success",1,"sec_results/GALFONS_BUILDERS_&_SUPPLY,_INC..txt"
"RMA_BUILDERS_&_SUPPLIES_CORPORATION","success",1,"sec_results/RMA_BUILDERS_&_SUPPLIES_CORPORATION.txt"
"SHAWIN_KONSTRAK_CONSTRUCTION_AND_CONSTRUCTION_SUPPLY","no_results",0,"sec_results/SHAWIN_KONSTRAK_CONSTRUCTION_AND_CONSTRUCTION_SUPPLY.txt"
"ST_JOSEPH_CONSTRUCTION_AND_TRADING","no_results",0,"sec_results/ST_JOSEPH_CONSTRUCTION_AND_TRADING.txt"
"JASMIG_CONSTRUCTION_CORPORATION","success",1,"sec_results/JASMIG_CONSTRUCTION_CORPORATION.txt"
"QUIRANTE_CONSTRUCTION_CORPORATION","success",1,"sec_results/QUIRANTE_CONSTRUCTION_CORPORATION.txt"
"O.G._SANTOS_CONSTRUCTION","no_results",0,"sec_results/O.G._SANTOS_CONSTRUCTION.txt"
"VRP_LUCKY_EIGHTY-THREE_CONSTRUCTION_AND_SUPPLY_FOR_VRP","no_results",0,"sec_results/VRP_LUCKY_EIGHTY-THREE_CONSTRUCTION_AND_SUPPLY_FOR_VRP.txt"
"PLUS_CONSTRUCTION_INDUSTRIES_CORP.","success",1,"sec_results/PLUS_CONSTRUCTION_INDUSTRIES_CORP..txt"
"TOUGHBILT_CONSTRUCTION_&_TRADING,_INC.","success",1,"sec_results/TOUGHBILT_CONSTRUCTION_&_TRADING,_INC..txt"
"JP_ESPIRITU_CONSTRUCTION_SERVICES_AND_SUPPLY","no_results",0,"sec_results/JP_ESPIRITU_CONSTRUCTION_SERVICES_AND_SUPPLY.txt"
"JMT_CONSTRUCTION","success",1,"sec_results/JMT_CONSTRUCTION.txt"
"FERDSTAR_BUILDERS_INC","success",1,"sec_results/FERDSTAR_BUILDERS_INC.txt"
"GACT_ENTERPRISES","no_results",0,"sec_results/GACT_ENTERPRISES.txt"
"NUEDA_BUILDERS_CONSTRUCTION_&_SUPPLY_INC","success",1,"sec_results/NUEDA_BUILDERS_CONSTRUCTION_&_SUPPLY_INC.txt"
"J.A.B._CONSTRUCTION","no_results",0,"sec_results/J.A.B._CONSTRUCTION.txt"
"EDDIE-C_TRADERS","no_results",0,"sec_results/EDDIE-C_TRADERS.txt"
"V.B._MANUBAY_CONSTRUCTION","success",2,"sec_results/V.B._MANUBAY_CONSTRUCTION.txt"
"EURO_CONSTRUCTION_AND_SUPPLY","no_results",0,"sec_results/EURO_CONSTRUCTION_AND_SUPPLY.txt"
"ASIAN_PEARL_CONSTRUCTION_&_DEVT._CORP.","no_results",0,"sec_results/ASIAN_PEARL_CONSTRUCTION_&_DEVT._CORP..txt"
"JANN-NORRIS_CONSTRUCTION","success",1,"sec_results/JANN-NORRIS_CONSTRUCTION.txt"
"4B_CONSTRUCTION_CORPORATION","success",10,"sec_results/4B_CONSTRUCTION_CORPORATION.txt"
"E_R_RODRIGUEZ_CONSTRUCTION_CORPORATION","success",2,"sec_results/E_R_RODRIGUEZ_CONSTRUCTION_CORPORATION.txt"
"JASA_BUILDERS","no_results",0,"sec_results/JASA_BUILDERS.txt"
"B_P_CRUZ_BUILDERS","success",10,"sec_results/B_P_CRUZ_BUILDERS.txt"
"RKEA_BUILDERS_&_SUPPLY","no_results",0,"sec_results/RKEA_BUILDERS_&_SUPPLY.txt"
"LIRA_CONSTRUCTION","no_results",0,"sec_results/LIRA_CONSTRUCTION.txt"
"DEBRIS_ENTERPRISES","no_results",0,"sec_results/DEBRIS_ENTERPRISES.txt"
"TIBIAO_ANTIQUE_NK_ENTERPRISE_INC","no_results",0,"sec_results/TIBIAO_ANTIQUE_NK_ENTERPRISE_INC.txt"
"GENERAL_MAINTENANCE_OPC","success",1,"sec_results/GENERAL_MAINTENANCE_OPC.txt"
"STONELINE_CONSTRUCTION","no_results",0,"sec_results/STONELINE_CONSTRUCTION.txt"
"ZULAR_AZ_CONSTRUCTION_AND_SUPPLY_INC","success",1,"sec_results/ZULAR_AZ_CONSTRUCTION_AND_SUPPLY_INC.txt"
"ZANEYA_BUILDERS_&_SUPPLY","no_results",0,"sec_results/ZANEYA_BUILDERS_&_SUPPLY.txt"
"LEBERN_BUILDERS_TRADING_GENERAL_SERVICES","no_results",0,"sec_results/LEBERN_BUILDERS_TRADING_GENERAL_SERVICES.txt"
"LEXAND_CONSTRUCTION_DEVELOPMENT","no_results",0,"sec_results/LEXAND_CONSTRUCTION_DEVELOPMENT.txt"
"MANGEN_TECHNO-BUILDERS_INC","no_results",0,"sec_results/MANGEN_TECHNO-BUILDERS_INC.txt"
"N._LIM_DY_CONSTRUCTION","no_results",0,"sec_results/N._LIM_DY_CONSTRUCTION.txt"
"J._M._LUCIANO_CONSTRUCTION,_INC","no_results",0,"sec_results/J._M._LUCIANO_CONSTRUCTION,_INC.txt"
"J_C_PINON_CONSTRUCTION_INC","no_results",0,"sec_results/J_C_PINON_CONSTRUCTION_INC.txt"
"4MD_JSL_CONSTRUCTION_INC._(FORMERLY:_JUST_SAFE_LEADING_(JSL)_INNOVATIVE_CREATION_CORPORATION)","no_results",0,"sec_results/4MD_JSL_CONSTRUCTION_INC._(FORMERLY:_JUST_SAFE_LEADING_(JSL)_INNOVATIVE_CREATION_CORPORATION).txt"
"QPJ_GENERAL_ENGINEERING_CONSTRUCTION_AND_SUPPLY","no_results",0,"sec_results/QPJ_GENERAL_ENGINEERING_CONSTRUCTION_AND_SUPPLY.txt"
"LR_TIQUI_BUILDERS_INC","no_results",0,"sec_results/LR_TIQUI_BUILDERS_INC.txt"
"M._MONTESCLAROS_ENTERPRISES,_INC.","success",1,"sec_results/M._MONTESCLAROS_ENTERPRISES,_INC..txt"
"LARD_BUILDERS","no_results",0,"sec_results/LARD_BUILDERS.txt"
"FLEURDELIS_CONSTRUCTION_AND_SUPPLY","no_results",0,"sec_results/FLEURDELIS_CONSTRUCTION_AND_SUPPLY.txt"
"ARL_CONSTRUCTION","no_results",0,"sec_results/ARL_CONSTRUCTION.txt"
"BALLESTEROS_CONSTRUCTION_AND_SUPPLY","no_results",0,"sec_results/BALLESTEROS_CONSTRUCTION_AND_SUPPLY.txt"
"C.E.M._CONSTRUCTION,_INC","no_results",0,"sec_results/C.E.M._CONSTRUCTION,_INC.txt"
"R-II_BUILDERS,_INC.","no_results",0,"sec_results/R-II_BUILDERS,_INC..txt"
"R_L_PACANAS_CONSTRUCTION_DEVELOPMENT","no_results",0,"sec_results/R_L_PACANAS_CONSTRUCTION_DEVELOPMENT.txt"
"3R3M_CONSTRUCTION_AND_SUPPLY_CORPORATION","success",1,"sec_results/3R3M_CONSTRUCTION_AND_SUPPLY_CORPORATION.txt"
"ALJON_CONSTRUCTION_&_SUPPLY","no_results",0,"sec_results/ALJON_CONSTRUCTION_&_SUPPLY.txt"
"EQUIPMENT_RENTAL","no_results",0,"sec_results/EQUIPMENT_RENTAL.txt"
"VENRAY_CONSTRUCTION_CORPORATION","success",1,"sec_results/VENRAY_CONSTRUCTION_CORPORATION.txt"
"DIAMOND_HEAD_CONSTRUCTION","no_results",0,"sec_results/DIAMOND_HEAD_CONSTRUCTION.txt"
"HVC_SAGITTARIUS_COMMERCIAL","success",1,"sec_results/HVC_SAGITTARIUS_COMMERCIAL.txt"
"E_V_INTERIOR_CONSTRUCTION","success",7,"sec_results/E_V_INTERIOR_CONSTRUCTION.txt"
"RITCHE_NATHALIE_BUILDERS_AND_GEN_MERCHANDISE","no_results",0,"sec_results/RITCHE_NATHALIE_BUILDERS_AND_GEN_MERCHANDISE.txt"
"D_T_RECIO_INCORPORATED","no_results",0,"sec_results/D_T_RECIO_INCORPORATED.txt"
"APTJ_CONSTRUCTION_SERVICES","no_results",0,"sec_results/APTJ_CONSTRUCTION_SERVICES.txt"
"HAWK_KEY_CONSTRUCTION_AND_GENERAL_MERCHANDISE_CORP","success",1,"sec_results/HAWK_KEY_CONSTRUCTION_AND_GENERAL_MERCHANDISE_CORP.txt"
"IRC_CONSTRUCTION_AND_SUPPLIES","no_results",0,"sec_results/IRC_CONSTRUCTION_AND_SUPPLIES.txt"
"ST._LOUISE_PRIME_BUILDERS_&_DEVELOPMENT_CORP.","success",1,"sec_results/ST._LOUISE_PRIME_BUILDERS_&_DEVELOPMENT_CORP..txt"
"RITCHE-NATHALIE_DEVELOPMENT_CORPORATION_(FORMERLY:_RITCHE-NATHALIE_BUILDERS_AND_GEN._MERCHANDISE)","no_results",0,"sec_results/RITCHE-NATHALIE_DEVELOPMENT_CORPORATION_(FORMERLY:_RITCHE-NATHALIE_BUILDERS_AND_GEN._MERCHANDISE).txt"
"RCD_GENERAL_CONTRACTOR_CONSTRUCTION_SUPPLY","no_results",0,"sec_results/RCD_GENERAL_CONTRACTOR_CONSTRUCTION_SUPPLY.txt"
"TOP_KMC_CONSTRUCTION_AND_SUPPLY_CORP","success",1,"sec_results/TOP_KMC_CONSTRUCTION_AND_SUPPLY_CORP.txt"
"TUANSON_CONSTRUCTION","success",1,"sec_results/TUANSON_CONSTRUCTION.txt"
"ST_GERRARD_CONSTRUCTION","success",3,"sec_results/ST_GERRARD_CONSTRUCTION.txt"
"SILVERRIA_CONSTRUCTION_AND_CONSTRUCTION_SUPPLY_COMPANY,_OPC","success",1,"sec_results/SILVERRIA_CONSTRUCTION_AND_CONSTRUCTION_SUPPLY_COMPANY,_OPC.txt"
"A.J._LAVA_BUIL","no_results",0,"sec_results/A.J._LAVA_BUIL.txt"
"RKF_BUILDERS","no_results",0,"sec_results/RKF_BUILDERS.txt"
"DELA_ROSA_CONSTRUCTION_&_DEVT._CORP","no_results",0,"sec_results/DELA_ROSA_CONSTRUCTION_&_DEVT._CORP.txt"
"ETVR_TRADING","no_results",0,"sec_results/ETVR_TRADING.txt"
"MY_BUILDERS_&_CONSTRUCTION","no_results",0,"sec_results/MY_BUILDERS_&_CONSTRUCTION.txt"
"THREE_K_CONSTRUCTION_AND_ENTERPRISES,_INC","success",1,"sec_results/THREE_K_CONSTRUCTION_AND_ENTERPRISES,_INC.txt"
"A.T._DUMLAO_CONSTRUCTION,_INC._FORMERLYANDONI_T._D","no_results",0,"sec_results/A.T._DUMLAO_CONSTRUCTION,_INC._FORMERLYANDONI_T._D.txt"
"G.T.J._ENTERPRISES","success",10,"sec_results/G.T.J._ENTERPRISES.txt"
"RANIA_CONSTRUCTION_AND_SUPPLIES","no_results",0,"sec_results/RANIA_CONSTRUCTION_AND_SUPPLIES.txt"
"GIBUILD_DEVELOPMENT_CORP","no_results",0,"sec_results/GIBUILD_DEVELOPMENT_CORP.txt"
"P.L._SEBASTIAN_CONSTRUCTION,_INC._(FORMERLY:_P.L._SEBASTIAN_CONSTRUCTION)","no_results",0,"sec_results/P.L._SEBASTIAN_CONSTRUCTION,_INC._(FORMERLY:_P.L._SEBASTIAN_CONSTRUCTION).txt"
"QUEEN_MARIECRIS_CONSTRUCTION_CORP.","success",1,"sec_results/QUEEN_MARIECRIS_CONSTRUCTION_CORP..txt"
"W.M._SALAYOG_CONSTRUCTION_&_GENERAL_MERCHANDISE","no_results",0,"sec_results/W.M._SALAYOG_CONSTRUCTION_&_GENERAL_MERCHANDISE.txt"
"DELPAR_CONSTRUCTION_&_SUPPLIES","no_results",0,"sec_results/DELPAR_CONSTRUCTION_&_SUPPLIES.txt"
"CAMBERWELL_CONSTRUCTION","no_results",0,"sec_results/CAMBERWELL_CONSTRUCTION.txt"
"KS_AGAD_CONSTRUCTION","no_results",0,"sec_results/KS_AGAD_CONSTRUCTION.txt"
"D.T._TIZON_CONSTRUCTION_AND_TRADING","no_results",0,"sec_results/D.T._TIZON_CONSTRUCTION_AND_TRADING.txt"
"MC_GEOMETRIC_PROPORTIONS,_INC","no_results",0,"sec_results/MC_GEOMETRIC_PROPORTIONS,_INC.txt"
"E.B._MATIAS_CONSTRUCTION_&_TRADING","no_results",0,"sec_results/E.B._MATIAS_CONSTRUCTION_&_TRADING.txt"
"TOKWING_CONSTRUC","no_results",0,"sec_results/TOKWING_CONSTRUC.txt"
"MAIR_CONSTRUCTION_AND_GENERAL__MERCHANDISE","no_results",0,"sec_results/MAIR_CONSTRUCTION_AND_GENERAL__MERCHANDISE.txt"
"MONOLITHIC_CONSTRUCTION_&_CONCRETE_PRODUCTS,_INC","no_results",0,"sec_results/MONOLITHIC_CONSTRUCTION_&_CONCRETE_PRODUCTS,_INC.txt"
"5_STAR_J_ENTERPRISES","no_results",0,"sec_results/5_STAR_J_ENTERPRISES.txt"
"RWD_CONSTRUCTION","no_results",0,"sec_results/RWD_CONSTRUCTION.txt"
"G_O_C_BUILDERS","success",10,"sec_results/G_O_C_BUILDERS.txt"
"BOSONGAN_CONSTRUCTION","no_results",0,"sec_results/BOSONGAN_CONSTRUCTION.txt"
"MIK_AND_MEL_CONSTRUCTION_AND_SUPPLY","no_results",0,"sec_results/MIK_AND_MEL_CONSTRUCTION_AND_SUPPLY.txt"
"CASAN_CONSTRUCTION","success",1,"sec_results/CASAN_CONSTRUCTION.txt"
"SURIGAO_LA_SUERTE_CORPORATION","no_results",0,"sec_results/SURIGAO_LA_SUERTE_CORPORATION.txt"
"YUNAKIM_CONSTRUCTION","no_results",0,"sec_results/YUNAKIM_CONSTRUCTION.txt"
"ALMAKAR_BUILDERS_&_METAL_WORKS","no_results",0,"sec_results/ALMAKAR_BUILDERS_&_METAL_WORKS.txt"
"FERMIDA_CONSTRUCTION_SERVICES_AND_SUPPLIES_(FORMERLY:_FERMIDA_CONSTRUCTION_SERVICES)","no_results",0,"sec_results/FERMIDA_CONSTRUCTION_SERVICES_AND_SUPPLIES_(FORMERLY:_FERMIDA_CONSTRUCTION_SERVICES).txt"
"REVILO_CONSTRUCTION","no_results",0,"sec_results/REVILO_CONSTRUCTION.txt"
"MBT_CONSTRUCTION","no_results",0,"sec_results/MBT_CONSTRUCTION.txt"
"TAGEL_CORP","no_results",0,"sec_results/TAGEL_CORP.txt"
"R._IBAÃ‘EZ_CONSTRUCTION","no_results",0,"sec_results/R._IBAÃ‘EZ_CONSTRUCTION.txt"
"POWER_K_CONSTRUCTION_SUPPLY_&_SERVICES","no_results",0,"sec_results/POWER_K_CONSTRUCTION_SUPPLY_&_SERVICES.txt"
"CONRADO_B_BAUTISTA_CONST","success",1,"sec_results/CONRADO_B_BAUTISTA_CONST.txt"
"WTG_CONSTRUCTION_DEVELOPMENT_CORPORATION","no_results",0,"sec_results/WTG_CONSTRUCTION_DEVELOPMENT_CORPORATION.txt"
"GVDPM_CONSTRUCTION_CORP_FORMERLY_ZM_CONSTRUCTIO","no_results",0,"sec_results/GVDPM_CONSTRUCTION_CORP_FORMERLY_ZM_CONSTRUCTIO.txt"
"RITCHE-NATHALIE_DEVELOPMENT_CORPORATION","success",1,"sec_results/RITCHE-NATHALIE_DEVELOPMENT_CORPORATION.txt"
"MIGHTY_HOK_SUMMIT_CONSTRUCTION_&_DEVELOPMENT_CORP.","success",1,"sec_results/MIGHTY_HOK_SUMMIT_CONSTRUCTION_&_DEVELOPMENT_CORP..txt"
"J_M_L_R_CONSTRUCTION_AND_SUPPLY","success",10,"sec_results/J_M_L_R_CONSTRUCTION_AND_SUPPLY.txt"
"G2XD_CONSTRUCTION_SERVICES","no_results",0,"sec_results/G2XD_CONSTRUCTION_SERVICES.txt"
"MORNING_STEEL_CONSTRUCTION","no_results",0,"sec_results/MORNING_STEEL_CONSTRUCTION.txt"
"C_F_CONSTRUCTION_AND_DEVELOPMENT_CORPORATION","success",10,"sec_results/C_F_CONSTRUCTION_AND_DEVELOPMENT_CORPORATION.txt"
"CHUCON_BUILDERS_CORPORATION_(FORMERLY:_CHU_CONSTRUCTION)","no_results",0,"sec_results/CHUCON_BUILDERS_CORPORATION_(FORMERLY:_CHU_CONSTRUCTION).txt"
"J.A._BUILDERS_AND_SUPPLY","success",10,"sec_results/J.A._BUILDERS_AND_SUPPLY.txt"
"RRJ_BUILDERS_CONSTRUCTION_AND_GENERAL_MERCHANDISE","no_results",0,"sec_results/RRJ_BUILDERS_CONSTRUCTION_AND_GENERAL_MERCHANDISE.txt"
"JAI_BUILDERS_CORPORATION_(_FORMERLY_JAI_BUILDERS_AND_SUPPLY)","no_results",0,"sec_results/JAI_BUILDERS_CORPORATION_(_FORMERLY_JAI_BUILDERS_AND_SUPPLY).txt"
"DRJY_CONSTRUCTION","success",1,"sec_results/DRJY_CONSTRUCTION.txt"
"SUPREME_ABF_CONST._&_CONST._SUPPLY_COMPANY_INC.","no_results",0,"sec_results/SUPREME_ABF_CONST._&_CONST._SUPPLY_COMPANY_INC..txt"
"BADOC_BUILDERS_&_SUPPLY","no_results",0,"sec_results/BADOC_BUILDERS_&_SUPPLY.txt"
"NEW_BIAN_YEK_COMMERCIAL,_INC","no_results",0,"sec_results/NEW_BIAN_YEK_COMMERCIAL,_INC.txt"
"ISULAN_ECT_CONSTRUCTION_&_GENERAL_MERCHANDISE_INC","success",1,"sec_results/ISULAN_ECT_CONSTRUCTION_&_GENERAL_MERCHANDISE_INC.txt"
"R.T._MORABE_CONSTRUCTION","no_results",0,"sec_results/R.T._MORABE_CONSTRUCTION.txt"
"DJSEVILLA_CONSOLIDATED_BUILDERS_CORPORATION","no_results",0,"sec_results/DJSEVILLA_CONSOLIDATED_BUILDERS_CORPORATION.txt"
"N-22_CONSTRUCTION_AND_TRADING","success",10,"sec_results/N-22_CONSTRUCTION_AND_TRADING.txt"
"MJMS_CONSTRUCTION_&_DEVELOPMENT_CORP.","success",1,"sec_results/MJMS_CONSTRUCTION_&_DEVELOPMENT_CORP..txt"
"JABEN_GENERAL_CONTRACTING","no_results",0,"sec_results/JABEN_GENERAL_CONTRACTING.txt"
"GENERAL_MARKETING","success",10,"sec_results/GENERAL_MARKETING.txt"
"RANRAC_CONSTRUCTION_CORPORATION","no_results",0,"sec_results/RANRAC_CONSTRUCTION_CORPORATION.txt"
"PAG-UN_BUILDERS_&_SUPPLY","no_results",0,"sec_results/PAG-UN_BUILDERS_&_SUPPLY.txt"
"A.S.T_BUILDERS","no_results",0,"sec_results/A.S.T_BUILDERS.txt"
"OLYMPUS_MINING_AND_BUILDERS_GROUP_PHILS._CORP","no_results",0,"sec_results/OLYMPUS_MINING_AND_BUILDERS_GROUP_PHILS._CORP.txt"
"BAMM_BUSINESS_VENTURES_INC.","no_results",0,"sec_results/BAMM_BUSINESS_VENTURES_INC..txt"
"AMP_CONSTRUCTION_KEVIN_PAUL_CONSTRUCTION","no_results",0,"sec_results/AMP_CONSTRUCTION_KEVIN_PAUL_CONSTRUCTION.txt"
"LUG_KONSTRACT,_INC._(FORMERLY:_LUG_KONSTRACT)","no_results",0,"sec_results/LUG_KONSTRACT,_INC._(FORMERLY:_LUG_KONSTRACT).txt"
"VERET_CONSTRUCTION","no_results",0,"sec_results/VERET_CONSTRUCTION.txt"
"AL-FAHDEL_CONSTRUCTION_&_ENGINEERING","no_results",0,"sec_results/AL-FAHDEL_CONSTRUCTION_&_ENGINEERING.txt"
"NORBANO_BUILDERS","no_results",0,"sec_results/NORBANO_BUILDERS.txt"
"VICTORIA_DEVELOPMENT_AND_VENTURES_CORP","success",1,"sec_results/VICTORIA_DEVELOPMENT_AND_VENTURES_CORP.txt"
"CITYWEST_BUILDERS","no_results",0,"sec_results/CITYWEST_BUILDERS.txt"
"M.M.A._ACHIEVER_CONSTRUCTION_&_DEVELOPMENT_CORP.","success",1,"sec_results/M.M.A._ACHIEVER_CONSTRUCTION_&_DEVELOPMENT_CORP..txt"
"A.C._SOLIVEN_CONSTRUCTION_AND_GENERAL_MERCHANDISE","no_results",0,"sec_results/A.C._SOLIVEN_CONSTRUCTION_AND_GENERAL_MERCHANDISE.txt"
"JQD_CONSTRUCTION_GENERAL_SERVICES","no_results",0,"sec_results/JQD_CONSTRUCTION_GENERAL_SERVICES.txt"
"C_ZARLES_CONSTRUCTION_SUPPLY","no_results",0,"sec_results/C_ZARLES_CONSTRUCTION_SUPPLY.txt"
"PUREGOLD_CONSTRUCTION_&_DEVELOPMENT_CORP","no_results",0,"sec_results/PUREGOLD_CONSTRUCTION_&_DEVELOPMENT_CORP.txt"
"BIGFOOT_CONSTRUCTION_AND_SUPPLY","no_results",0,"sec_results/BIGFOOT_CONSTRUCTION_AND_SUPPLY.txt"
"VIKING_CONSTRUCTION_AND_SUPPLIES","no_results",0,"sec_results/VIKING_CONSTRUCTION_AND_SUPPLIES.txt"
"M.G._SALAZAR_CONSTRUCTION_CORP._(FOR._M.G._SALAZAR","no_results",0,"sec_results/M.G._SALAZAR_CONSTRUCTION_CORP._(FOR._M.G._SALAZAR.txt"
"HANNA_VIA_CONSTRUCTION_INC","success",1,"sec_results/HANNA_VIA_CONSTRUCTION_INC.txt"
"DANILORSO_CORP_OPERATING_UNDER_THE_NAME_OF_DRS_BUILDERS","no_results",0,"sec_results/DANILORSO_CORP_OPERATING_UNDER_THE_NAME_OF_DRS_BUILDERS.txt"
"A_Y_U_ENGINEERING","success",10,"sec_results/A_Y_U_ENGINEERING.txt"
"CR_DOMINGO_CONSTRUCTION_AND_POWER_DEVELOPMENT_INC","success",1,"sec_results/CR_DOMINGO_CONSTRUCTION_AND_POWER_DEVELOPMENT_INC.txt"
"ST._TIMOTHY_CONSTRUCTION_CORPORATION","success",1,"sec_results/ST._TIMOTHY_CONSTRUCTION_CORPORATION.txt"
"A.M._GOTO_CONSTRUCTION","no_results",0,"sec_results/A.M._GOTO_CONSTRUCTION.txt"
"A_L_ACHARON_CONSTRUCTION","no_results",0,"sec_results/A_L_ACHARON_CONSTRUCTION.txt"
"VIKING_CONSTRUCTION_SUPPLIES","no_results",0,"sec_results/VIKING_CONSTRUCTION_SUPPLIES.txt"
"DANDEX_CONSTRUCTION","no_results",0,"sec_results/DANDEX_CONSTRUCTION.txt"
"RAF_GENERAL_CONSTRUCTION","success",1,"sec_results/RAF_GENERAL_CONSTRUCTION.txt"
"MCB_ZAMORA_CONSTRUCTION_&_SUPPLY","no_results",0,"sec_results/MCB_ZAMORA_CONSTRUCTION_&_SUPPLY.txt"
"DD_LIKIGAN_CONSTRUCTION","no_results",0,"sec_results/DD_LIKIGAN_CONSTRUCTION.txt"
"729_CONSTRUCTION,_INC._(FORMERLY_722_CONSTRUCTION,_INC.)","no_results",0,"sec_results/729_CONSTRUCTION,_INC._(FORMERLY_722_CONSTRUCTION,_INC.).txt"
"NEMAR_LUMBER_AND_HARDWARE_CORPORATION","no_results",0,"sec_results/NEMAR_LUMBER_AND_HARDWARE_CORPORATION.txt"
"R.V._RIETA_TRADING_&_GENERAL_CONSTRUCTION","no_results",0,"sec_results/R.V._RIETA_TRADING_&_GENERAL_CONSTRUCTION.txt"
"ALPHARD_PRIMECON_CONSTRUCTION","success",1,"sec_results/ALPHARD_PRIMECON_CONSTRUCTION.txt"
"LBJ_CONSTRUCTION","no_results",0,"sec_results/LBJ_CONSTRUCTION.txt"
"GERRA_CONSTRUCTION_INCORPORATED","success",1,"sec_results/GERRA_CONSTRUCTION_INCORPORATED.txt"
"SUNWEST,_INC._(FORMERLY:_SUNWEST_CONSTRUCTION_&_DEVELOPMENT_CORPORATION)","no_results",0,"sec_results/SUNWEST,_INC._(FORMERLY:_SUNWEST_CONSTRUCTION_&_DEVELOPMENT_CORPORATION).txt"
"M._MONTESCLAROS_ENTERPRISES,_INC","success",1,"sec_results/M._MONTESCLAROS_ENTERPRISES,_INC.txt"
"DOUBLE_J1908_CONSTRUCTION","no_results",0,"sec_results/DOUBLE_J1908_CONSTRUCTION.txt"
"HDG_CONSTRUCTION_AND_ENTERPRISES","no_results",0,"sec_results/HDG_CONSTRUCTION_AND_ENTERPRISES.txt"
"ANDREN_ENTERPRISES","no_results",0,"sec_results/ANDREN_ENTERPRISES.txt"
"OLIVER_AQUINO_CONSTRUCTION","no_results",0,"sec_results/OLIVER_AQUINO_CONSTRUCTION.txt"
"CROSMAK_CONSTRUCTION_WORKS_INCORPORATED","no_results",0,"sec_results/CROSMAK_CONSTRUCTION_WORKS_INCORPORATED.txt"
"LOKNOY_CONSTRUCTION","no_results",0,"sec_results/LOKNOY_CONSTRUCTION.txt"
"TRI_JOHN_TRADING_CONSTRUCTION","no_results",0,"sec_results/TRI_JOHN_TRADING_CONSTRUCTION.txt"
"AEJ_HARDWARE_CONSTRUCTION","no_results",0,"sec_results/AEJ_HARDWARE_CONSTRUCTION.txt"
"QUIRANTE_CONSTRUCTION","success",1,"sec_results/QUIRANTE_CONSTRUCTION.txt"
"RS_RODRIGUEZ_CONSTRUCTION_&_SUPPLIES","no_results",0,"sec_results/RS_RODRIGUEZ_CONSTRUCTION_&_SUPPLIES.txt"
"722_CONSTRUCTION,_INC","no_results",0,"sec_results/722_CONSTRUCTION,_INC.txt"
"UY_CONDEV_CORPORATION_(FORMERLY:UY_CONSTRUCTION_&","no_results",0,"sec_results/UY_CONDEV_CORPORATION_(FORMERLY:UY_CONSTRUCTION_&.txt"
"OMENGAN_CONSTRUCTION_DEVELOPMENT_CORPORATION","no_results",0,"sec_results/OMENGAN_CONSTRUCTION_DEVELOPMENT_CORPORATION.txt"
"CHOLO_CONSTRUCTION_AND_TRADING","no_results",0,"sec_results/CHOLO_CONSTRUCTION_AND_TRADING.txt"
"OMENGAN_CONSTRUCTION_&_DEVELOPMENT_CORPORATION","no_results",0,"sec_results/OMENGAN_CONSTRUCTION_&_DEVELOPMENT_CORPORATION.txt"
"KRYPTONITE_6S_BUILDERS_INC","success",1,"sec_results/KRYPTONITE_6S_BUILDERS_INC.txt"
"R.A._PAHATI_CONST._&_SUPPLY,_INC.","success",1,"sec_results/R.A._PAHATI_CONST._&_SUPPLY,_INC..txt"
"A_J_LAVA_BUIL_R_O_BUILDERS_DEVELOPMENT_CORPORATION","success",2,"sec_results/A_J_LAVA_BUIL_R_O_BUILDERS_DEVELOPMENT_CORPORATION.txt"
"R.S.C._CONSTRUCTION_SERVICES","no_results",0,"sec_results/R.S.C._CONSTRUCTION_SERVICES.txt"
"DSB_CONSTRUCTION_SUPPLY_INC_FORMERLY_DSB_CO","no_results",0,"sec_results/DSB_CONSTRUCTION_SUPPLY_INC_FORMERLY_DSB_CO.txt"
"ASTROBUILT_CONSTRUCTION_DEVELOPMENT_ABU_CONSTRUCTION","no_results",0,"sec_results/ASTROBUILT_CONSTRUCTION_DEVELOPMENT_ABU_CONSTRUCTION.txt"
"CHIU_BUILDERS","no_results",0,"sec_results/CHIU_BUILDERS.txt"
"INDUSTRIAL_SERVICES_CORP","success",10,"sec_results/INDUSTRIAL_SERVICES_CORP.txt"
"BENJOSH_CONSTRUCTION_SUPPLY","no_results",0,"sec_results/BENJOSH_CONSTRUCTION_SUPPLY.txt"
"MAKITA_CONSTRUCTION","no_results",0,"sec_results/MAKITA_CONSTRUCTION.txt"
"CONCEPCION_BASIC_BUILDERS,_INC","success",1,"sec_results/CONCEPCION_BASIC_BUILDERS,_INC.txt"
"BNR_CONSTRUCTION_AND_DEVELOPMENT_CORPORATION","success",1,"sec_results/BNR_CONSTRUCTION_AND_DEVELOPMENT_CORPORATION.txt"
"I_F_CLEMENTE_CONSTRUCTION_CORPORATION","success",1,"sec_results/I_F_CLEMENTE_CONSTRUCTION_CORPORATION.txt"
"RMG_BUILDERS","success",1,"sec_results/RMG_BUILDERS.txt"
"SDLG_BUILDERS_&_GENERAL_MERCHANDISING","no_results",0,"sec_results/SDLG_BUILDERS_&_GENERAL_MERCHANDISING.txt"
"JAPUZ-JANSOL_ENTERPRISES","success",1,"sec_results/JAPUZ-JANSOL_ENTERPRISES.txt"
"CELSO_C_FERRER_CONTRACTOR","no_results",0,"sec_results/CELSO_C_FERRER_CONTRACTOR.txt"
"R.D._MANDANAS_CONSTRUCTION","no_results",0,"sec_results/R.D._MANDANAS_CONSTRUCTION.txt"
"A.J._LAVA_BUILDERS_CORP._(FORMERLY:_A.J._LAVA_BUIL","no_results",0,"sec_results/A.J._LAVA_BUILDERS_CORP._(FORMERLY:_A.J._LAVA_BUIL.txt"
"PANGASINAN_NEW_WILSON_LUMBER_CONSTRUCTION_SUPPLY","no_results",0,"sec_results/PANGASINAN_NEW_WILSON_LUMBER_CONSTRUCTION_SUPPLY.txt"
"AB_APONESTO_CONSTRUCTION_PARTS_AND_SUPPLY,_INC.","success",1,"sec_results/AB_APONESTO_CONSTRUCTION_PARTS_AND_SUPPLY,_INC..txt"
"RIGNE_GENERAL_CONSTRUCTION","no_results",0,"sec_results/RIGNE_GENERAL_CONSTRUCTION.txt"
"L.C._TING_CONSTRUCTION","success",2,"sec_results/L.C._TING_CONSTRUCTION.txt"
"PENJAN_BUILDERS_&_SUPPLIES","no_results",0,"sec_results/PENJAN_BUILDERS_&_SUPPLIES.txt"
"ERRA_CONSTRUCTION_AND_DEVELOPMENT_INC","no_results",0,"sec_results/ERRA_CONSTRUCTION_AND_DEVELOPMENT_INC.txt"
"A._COSTA_ENTERPRISES","no_results",0,"sec_results/A._COSTA_ENTERPRISES.txt"
"CMDV_CONSTRUCTION","no_results",0,"sec_results/CMDV_CONSTRUCTION.txt"
"NORTHLANDER_CONSTRUCTION","no_results",0,"sec_results/NORTHLANDER_CONSTRUCTION.txt"
"3K_ROCK_ENGINEERING","no_results",0,"sec_results/3K_ROCK_ENGINEERING.txt"
"TWO-BROTHERS_CONSTRUCTION","no_results",0,"sec_results/TWO-BROTHERS_CONSTRUCTION.txt"
"ER_VENZON_CONSTRUCTION","no_results",0,"sec_results/ER_VENZON_CONSTRUCTION.txt"
"PYRAMID_CONSOLIDATED_BUILDERS_&_GEN._MDSE.","no_results",0,"sec_results/PYRAMID_CONSOLIDATED_BUILDERS_&_GEN._MDSE..txt"
"TRIPLE_O_BUILDERS","no_results",0,"sec_results/TRIPLE_O_BUILDERS.txt"
"JOHN-JANN_CONST_AND_SUPPLIES_CORP","success",1,"sec_results/JOHN-JANN_CONST_AND_SUPPLIES_CORP.txt"
"BADSBRO_CONSTRUCTION_AND_GENERAL_MERCHANDISE","no_results",0,"sec_results/BADSBRO_CONSTRUCTION_AND_GENERAL_MERCHANDISE.txt"
"REKINA_CONSTRUCTION_SERVICES","no_results",0,"sec_results/REKINA_CONSTRUCTION_SERVICES.txt"
"FLORIANE_CONSTRUCTION_CORPORATION","success",1,"sec_results/FLORIANE_CONSTRUCTION_CORPORATION.txt"
"121_CONSTUC","no_results",0,"sec_results/121_CONSTUC.txt"
"P.C._PANOPIO_CONSTRUCTION_AND_TRADING","no_results",0,"sec_results/P.C._PANOPIO_CONSTRUCTION_AND_TRADING.txt"
"CH_BEATISULA_INC","success",1,"sec_results/CH_BEATISULA_INC.txt"
"CMSEL_CONSTRUCTION_DEVELOPER","no_results",0,"sec_results/CMSEL_CONSTRUCTION_DEVELOPER.txt"
"ED1SON_DEVELOPMENT_CONSTRUCTION_INC","success",1,"sec_results/ED1SON_DEVELOPMENT_CONSTRUCTION_INC.txt"
"NCL_BUILDERS_AND_CONSTRUCTION_SUPPLY","no_results",0,"sec_results/NCL_BUILDERS_AND_CONSTRUCTION_SUPPLY.txt"
"ENGINEERS","success",10,"sec_results/ENGINEERS.txt"
"WAYCON_BUILDERS_AND_CONSTRUCTION_SUPPLY_CORP","success",1,"sec_results/WAYCON_BUILDERS_AND_CONSTRUCTION_SUPPLY_CORP.txt"
"AVE_MIRA_CONSTRUCTION_AND_TRADING","no_results",0,"sec_results/AVE_MIRA_CONSTRUCTION_AND_TRADING.txt"
"DIAMOND_J_BUILDERS","no_results",0,"sec_results/DIAMOND_J_BUILDERS.txt"
"FEREST_DWAYNE_CONSTRUCTION","no_results",0,"sec_results/FEREST_DWAYNE_CONSTRUCTION.txt"
"T._REYES_CONSTRUCTION","no_results",0,"sec_results/T._REYES_CONSTRUCTION.txt"
"AL-REM_KONSTRUCT_INC.","success",1,"sec_results/AL-REM_KONSTRUCT_INC..txt"
"CBS_CONSTRUCTION_&_CONSTRUCTION_SUPPLY","no_results",0,"sec_results/CBS_CONSTRUCTION_&_CONSTRUCTION_SUPPLY.txt"
"LA_PRUEBA_CONSTRUCTION","no_results",0,"sec_results/LA_PRUEBA_CONSTRUCTION.txt"
"R26_CONSTRUCTION,_INC.","no_results",0,"sec_results/R26_CONSTRUCTION,_INC..txt"
"C._A._CONSTRUCTION_AND_SUPPLY","success",10,"sec_results/C._A._CONSTRUCTION_AND_SUPPLY.txt"
"J.G._GARCIA_CONSTRUCTION_&_SUPPLY","no_results",0,"sec_results/J.G._GARCIA_CONSTRUCTION_&_SUPPLY.txt"
"VIVID_CONSTRUCTION,_INC","no_results",0,"sec_results/VIVID_CONSTRUCTION,_INC.txt"
"NEW_MARCING_COCOLUMBER_AND_CONSTRUCTION_SUPPLY","no_results",0,"sec_results/NEW_MARCING_COCOLUMBER_AND_CONSTRUCTION_SUPPLY.txt"
"C_F_TRINIDAD_CONSTRUCTION_AND_SUPPLIES_CORP_FOR","no_results",0,"sec_results/C_F_TRINIDAD_CONSTRUCTION_AND_SUPPLIES_CORP_FOR.txt"
"R.Z._TIGAS_CONSTRUCTION_AND_TRADING","no_results",0,"sec_results/R.Z._TIGAS_CONSTRUCTION_AND_TRADING.txt"
"MSB_VITUG_CONSTRUCTION","success",1,"sec_results/MSB_VITUG_CONSTRUCTION.txt"
"NOLCAST_CONSTRUCTION_AND_SUPPLY","no_results",0,"sec_results/NOLCAST_CONSTRUCTION_AND_SUPPLY.txt"
"JABEN_GENERAL_CONTRACTING_&_ENG'G_SERVICES","no_results",0,"sec_results/JABEN_GENERAL_CONTRACTING_&_ENG'G_SERVICES.txt"
"MARKBILT_CONSTRUCTION_TRADING_&_DEVELOPMENT_CORP._(FORMERLY:MARKBILT_CONSTRUCTION)","no_results",0,"sec_results/MARKBILT_CONSTRUCTION_TRADING_&_DEVELOPMENT_CORP._(FORMERLY:MARKBILT_CONSTRUCTION).txt"
"EDVER_CONSTRUCTION_&_GENERAL_MERCHANDISE","no_results",0,"sec_results/EDVER_CONSTRUCTION_&_GENERAL_MERCHANDISE.txt"
"RZ_TIGAS_CONSTRUCTION_AND_TRADING","no_results",0,"sec_results/RZ_TIGAS_CONSTRUCTION_AND_TRADING.txt"
"REDSON_CONSTRUCTION_AND_SUPPLIES,_INC._(FORMERLY:_REDSON_CONSTRUCTION_AND_SUPPLIES)","no_results",0,"sec_results/REDSON_CONSTRUCTION_AND_SUPPLIES,_INC._(FORMERLY:_REDSON_CONSTRUCTION_AND_SUPPLIES).txt"
"JE_TICO_CONSTRUCTION_CO_INC","success",1,"sec_results/JE_TICO_CONSTRUCTION_CO_INC.txt"
"HLJ_CONSTRUCTION_ENTERPRISES","no_results",0,"sec_results/HLJ_CONSTRUCTION_ENTERPRISES.txt"
"RJLG_CONSTRUCTION_AND_SUPPLIES","no_results",0,"sec_results/RJLG_CONSTRUCTION_AND_SUPPLIES.txt"
"JEO_CONSTRUCTION_SUPPLY","no_results",0,"sec_results/JEO_CONSTRUCTION_SUPPLY.txt"
"FLT_ENTERPRISES","success",1,"sec_results/FLT_ENTERPRISES.txt"
"NEHEMIAH_EZEKIEL_CONSTRUCTION_SERVICES","no_results",0,"sec_results/NEHEMIAH_EZEKIEL_CONSTRUCTION_SERVICES.txt"
"JICLAM_BUILDERS_AND_ENTERPRISES","no_results",0,"sec_results/JICLAM_BUILDERS_AND_ENTERPRISES.txt"
"MSJAR_CONSTRUCTION_SERVICES","no_results",0,"sec_results/MSJAR_CONSTRUCTION_SERVICES.txt"
"JIAN_ARMEL_RICHARD_CHRISTERSON_CONSTRUCTION","no_results",0,"sec_results/JIAN_ARMEL_RICHARD_CHRISTERSON_CONSTRUCTION.txt"
"R.R.A._REQUILLAS_CONSTRUCTION_AND_SUPPLY","no_results",0,"sec_results/R.R.A._REQUILLAS_CONSTRUCTION_AND_SUPPLY.txt"
"HIGH_STRENGTH_DEV_CORPORATION","no_results",0,"sec_results/HIGH_STRENGTH_DEV_CORPORATION.txt"
"RLF_HARDWARE_&_GENERAL_MERCHANDISE","no_results",0,"sec_results/RLF_HARDWARE_&_GENERAL_MERCHANDISE.txt"
"C_F_TRINIDAD_CONSTRUCTION_AND_SUPPLIES_CORP","success",1,"sec_results/C_F_TRINIDAD_CONSTRUCTION_AND_SUPPLIES_CORP.txt"
"MARJAND_CONSTRUCTION","no_results",0,"sec_results/MARJAND_CONSTRUCTION.txt"
"NES-SAN_BUILDERS","no_results",0,"sec_results/NES-SAN_BUILDERS.txt"
"RED_CONSTRUCTION_TECHNIK","no_results",0,"sec_results/RED_CONSTRUCTION_TECHNIK.txt"
"J._SIMEON_CONSTRUCTION","no_results",0,"sec_results/J._SIMEON_CONSTRUCTION.txt"
"WERR_CORPORATION_INTERNATIONAL","no_results",0,"sec_results/WERR_CORPORATION_INTERNATIONAL.txt"
"REMIGIO_GENERAL_CONSTRUCTION","no_results",0,"sec_results/REMIGIO_GENERAL_CONSTRUCTION.txt"
"BANTAY_CONSTRUCTION","no_results",0,"sec_results/BANTAY_CONSTRUCTION.txt"
"INDUSTRIAL_CONTROLS_CORPORATION_(ICC)","success",1,"sec_results/INDUSTRIAL_CONTROLS_CORPORATION_(ICC).txt"
"BICOL_GOLDROCK_CONSTRUCTION_CORPORATION","no_results",0,"sec_results/BICOL_GOLDROCK_CONSTRUCTION_CORPORATION.txt"
"JOVENCIO_ENTERPRISES","no_results",0,"sec_results/JOVENCIO_ENTERPRISES.txt"
"LOTRIM_CONSTRUCTION,_INC.","no_results",0,"sec_results/LOTRIM_CONSTRUCTION,_INC..txt"
"KHAY_ALI_CONSTRUCTION","no_results",0,"sec_results/KHAY_ALI_CONSTRUCTION.txt"
"RIVBROS_CONSTRUCTION_FACTORS_DEVELOPMENT","no_results",0,"sec_results/RIVBROS_CONSTRUCTION_FACTORS_DEVELOPMENT.txt"
"ALFREGO_BUILDERS","success",1,"sec_results/ALFREGO_BUILDERS.txt"
"CEFF_TRADING_ENGINEERING_SERVICES","no_results",0,"sec_results/CEFF_TRADING_ENGINEERING_SERVICES.txt"
"RIANNE_CONSTRUCTION","success",1,"sec_results/RIANNE_CONSTRUCTION.txt"
"MT._GUITING-GUITING_CONSTRUCTION","success",1,"sec_results/MT._GUITING-GUITING_CONSTRUCTION.txt"
"FLAG_CONSTRUCTION_CORPORATION(FOR._FLAG_CONSTRUCTI","no_results",0,"sec_results/FLAG_CONSTRUCTION_CORPORATION(FOR._FLAG_CONSTRUCTI.txt"
"SISBRO_CONSTRUCTION_&_SUPPLY","no_results",0,"sec_results/SISBRO_CONSTRUCTION_&_SUPPLY.txt"
"MA_AN_CONSTRUCTION_CORP","success",10,"sec_results/MA_AN_CONSTRUCTION_CORP.txt"
"EDRO_CONSTRUCTION","no_results",0,"sec_results/EDRO_CONSTRUCTION.txt"
"DMLC_BUILDERS","no_results",0,"sec_results/DMLC_BUILDERS.txt"
"MKU_CONSTRUCTION_AND_SUPPLY","no_results",0,"sec_results/MKU_CONSTRUCTION_AND_SUPPLY.txt"
"ST_TIMOTHY_CONSTRUCTION_CORPORATION","success",1,"sec_results/ST_TIMOTHY_CONSTRUCTION_CORPORATION.txt"
"IM_CONSTRUCTION_CORPORATION","no_results",0,"sec_results/IM_CONSTRUCTION_CORPORATION.txt"
"HRB_CONSTRUCTION","no_results",0,"sec_results/HRB_CONSTRUCTION.txt"
"ALEBON_GENUINE_MERCHANDISING_INCORPORATED","success",1,"sec_results/ALEBON_GENUINE_MERCHANDISING_INCORPORATED.txt"
"TOUGHBUILT_CONSTRUCTION__TRADING_INC","success",1,"sec_results/TOUGHBUILT_CONSTRUCTION__TRADING_INC.txt"
"A3_CONSTRUCTION_AND_SUPPLY","no_results",0,"sec_results/A3_CONSTRUCTION_AND_SUPPLY.txt"
"BENJAMIN_ONG_JR._CONSTRUCTION","no_results",0,"sec_results/BENJAMIN_ONG_JR._CONSTRUCTION.txt"
"619_BUILDERS_CONSTRUCTION_CORPORATION","success",1,"sec_results/619_BUILDERS_CONSTRUCTION_CORPORATION.txt"
"SPYS_BUILDERS","success",1,"sec_results/SPYS_BUILDERS.txt"
"CSR_CONSTRUCTION_SUPPLY","no_results",0,"sec_results/CSR_CONSTRUCTION_SUPPLY.txt"
"NUMERICAL_GATE_CONSTRUCTION_SUPPLY_CORPORATION","no_results",0,"sec_results/NUMERICAL_GATE_CONSTRUCTION_SUPPLY_CORPORATION.txt"
"HALREY_CONSTRUCTION_INC","no_results",0,"sec_results/HALREY_CONSTRUCTION_INC.txt"
"CHARLZ_CONSTRUCTION","success",1,"sec_results/CHARLZ_CONSTRUCTION.txt"
"LMG_CONSTRUCTION","no_results",0,"sec_results/LMG_CONSTRUCTION.txt"
"TRANCOM_ENGINEERING_CONSTRUCTION","no_results",0,"sec_results/TRANCOM_ENGINEERING_CONSTRUCTION.txt"
"NEWBIG_FOUR_J_CONSTRUCTION_INC.,_(FORMERLY_FOUR_J","no_results",0,"sec_results/NEWBIG_FOUR_J_CONSTRUCTION_INC.,_(FORMERLY_FOUR_J.txt"
"I.A_._BOSQUE_CONSTRUCTION_CORPORATION","no_results",0,"sec_results/I.A_._BOSQUE_CONSTRUCTION_CORPORATION.txt"
"R2CG_BUILDERS_INC._(FORMERLY:_RRCG_8639_BUILDERS_INC.)","no_results",0,"sec_results/R2CG_BUILDERS_INC._(FORMERLY:_RRCG_8639_BUILDERS_INC.).txt"
"RELY_CONSTRUCTION_&_SUPPLY_INC","no_results",0,"sec_results/RELY_CONSTRUCTION_&_SUPPLY_INC.txt"
"L.S.D_CONSTRUCTION_&_SUPPLIES","success",10,"sec_results/L.S.D_CONSTRUCTION_&_SUPPLIES.txt"
"MJ_BARCELONA_CONSTRUCTION_SUPPLY","no_results",0,"sec_results/MJ_BARCELONA_CONSTRUCTION_SUPPLY.txt"
"PERRC_INC","success",1,"sec_results/PERRC_INC.txt"
"JEMAK_CONSTRUCTION_SUPPLY","no_results",0,"sec_results/JEMAK_CONSTRUCTION_SUPPLY.txt"
"DSB_CONSTRUCTION__SUPPLY_INC","success",1,"sec_results/DSB_CONSTRUCTION__SUPPLY_INC.txt"
"DREAMWORX_BUILDER_&_TRADING,_INC.","success",1,"sec_results/DREAMWORX_BUILDER_&_TRADING,_INC..txt"
"JCW_CONSTRUCTION","no_results",0,"sec_results/JCW_CONSTRUCTION.txt"
"VAN_MAKJAY_CONSTRUCTION","no_results",0,"sec_results/VAN_MAKJAY_CONSTRUCTION.txt"
"PRIMER_HARDWARE_&_CONSTRUCTION_SUPPLY","no_results",0,"sec_results/PRIMER_HARDWARE_&_CONSTRUCTION_SUPPLY.txt"
"K.A._BUILDERS_AND_SUPPLY","no_results",0,"sec_results/K.A._BUILDERS_AND_SUPPLY.txt"
"VILLAR_GENERAL_CONSTRUCTION_AND_SUPPLIES","no_results",0,"sec_results/VILLAR_GENERAL_CONSTRUCTION_AND_SUPPLIES.txt"
"HELM_CONSTRUCTION_&_SUPPLIES","no_results",0,"sec_results/HELM_CONSTRUCTION_&_SUPPLIES.txt"
"ITP_CONSTRUCTION,_INC.","success",1,"sec_results/ITP_CONSTRUCTION,_INC..txt"
"M.C.J._VALENZUELA_CONSTRUCTION_ENTERPRISES","no_results",0,"sec_results/M.C.J._VALENZUELA_CONSTRUCTION_ENTERPRISES.txt"
"MEGA_TAM_SUMMIT_INCORPORATED","success",1,"sec_results/MEGA_TAM_SUMMIT_INCORPORATED.txt"
"PETER_G._CHUA_BUILDERS","no_results",0,"sec_results/PETER_G._CHUA_BUILDERS.txt"
"830_BUILDERS_DEVELOPERS_CORP","success",1,"sec_results/830_BUILDERS_DEVELOPERS_CORP.txt"
"M_CONSTRUCTION_&_ENTERPRISES","success",10,"sec_results/M_CONSTRUCTION_&_ENTERPRISES.txt"
"JAMRAY_BUILDERS_AND_ENTERPRISES","no_results",0,"sec_results/JAMRAY_BUILDERS_AND_ENTERPRISES.txt"
"FULLEROS_BOTOX_BUILDERS_AND_DESIGN","no_results",0,"sec_results/FULLEROS_BOTOX_BUILDERS_AND_DESIGN.txt"
"KEASCIA_CONSTRUCTION_&_SUPPLY","no_results",0,"sec_results/KEASCIA_CONSTRUCTION_&_SUPPLY.txt"
"ECO_BUILDERS_CONSTRUCTION_&_SUPPLIES","no_results",0,"sec_results/ECO_BUILDERS_CONSTRUCTION_&_SUPPLIES.txt"
"RJR_CALCON_CORP.","success",1,"sec_results/RJR_CALCON_CORP..txt"
"GALENO_CONSTRUCTION,_INC.","no_results",0,"sec_results/GALENO_CONSTRUCTION,_INC..txt"
"WAYCON_BUILDERS_&_CONSTRUCTION_SUPPLY","no_results",0,"sec_results/WAYCON_BUILDERS_&_CONSTRUCTION_SUPPLY.txt"
"L.M.G._CONSTRUCTION_INCORPORATED_(FORMERLY:_LMG_CONSTRUCTION)","no_results",0,"sec_results/L.M.G._CONSTRUCTION_INCORPORATED_(FORMERLY:_LMG_CONSTRUCTION).txt"
"NUEDA_BUILDERS_CONST_SUPPLY_INC","no_results",0,"sec_results/NUEDA_BUILDERS_CONST_SUPPLY_INC.txt"
"KRYPTONITE_6S_BUILDERS,_INC","no_results",0,"sec_results/KRYPTONITE_6S_BUILDERS,_INC.txt"
"COORS_CONSTRUCTION_CO.,_INC","success",1,"sec_results/COORS_CONSTRUCTION_CO.,_INC.txt"
"GEORAVIN_CONSTRUCTION_AMP;_SUPPLIES","no_results",0,"sec_results/GEORAVIN_CONSTRUCTION_AMP;_SUPPLIES.txt"
"BARILLO_CONSTRUCTION_AND_ENTERPRISES","success",1,"sec_results/BARILLO_CONSTRUCTION_AND_ENTERPRISES.txt"
"RELY_CONSTRUCTION_&_SUPPLY_INC.(FORMERLY:_RELY_CONSTRUCTION_AND_SUPPLY)","no_results",0,"sec_results/RELY_CONSTRUCTION_&_SUPPLY_INC.(FORMERLY:_RELY_CONSTRUCTION_AND_SUPPLY).txt"
"G.O.C._BUILDERS","no_results",0,"sec_results/G.O.C._BUILDERS.txt"
"A.V_CONSTRUCTION_&_SUPPLY","no_results",0,"sec_results/A.V_CONSTRUCTION_&_SUPPLY.txt"
"ALEM'S_HOLLOW_BLOCKS_AND_CONSTRUCTION_SUPPLY","no_results",0,"sec_results/ALEM'S_HOLLOW_BLOCKS_AND_CONSTRUCTION_SUPPLY.txt"
"ROGENOX_CONSTRUCTION_AND_SUPPLY_CORPORATION","no_results",0,"sec_results/ROGENOX_CONSTRUCTION_AND_SUPPLY_CORPORATION.txt"
"RAPID_FOREMOST_CONST_CO","success",1,"sec_results/RAPID_FOREMOST_CONST_CO.txt"
"OLSIM_CONSTRUCTION","no_results",0,"sec_results/OLSIM_CONSTRUCTION.txt"
"R.O._BUILDERS_&_DEVELOPMENT_CORPORATION","success",10,"sec_results/R.O._BUILDERS_&_DEVELOPMENT_CORPORATION.txt"
"3R3M_CONSTRUCTION_AND_SUPPLY_CORPORATION_(FORMERLY:_3R3M_CONSTRUCTION_AND_SUPPLY)","no_results",0,"sec_results/3R3M_CONSTRUCTION_AND_SUPPLY_CORPORATION_(FORMERLY:_3R3M_CONSTRUCTION_AND_SUPPLY).txt"
"LEZA_CONSTRUCTION_AND_SUPPLY","no_results",0,"sec_results/LEZA_CONSTRUCTION_AND_SUPPLY.txt"
"G_C_I_CONSTRUCTION_AND_DEV_T_CORP","success",10,"sec_results/G_C_I_CONSTRUCTION_AND_DEV_T_CORP.txt"
"JCL86_BUILDERS_INC.","success",1,"sec_results/JCL86_BUILDERS_INC..txt"
"JAM_KONSTRUCT_CONSTRUCTION_AND_DEVELOPMENT_INC.","no_results",0,"sec_results/JAM_KONSTRUCT_CONSTRUCTION_AND_DEVELOPMENT_INC..txt"
"J.M.L.R._CONSTRUCTION_AND_SUPPLY","success",10,"sec_results/J.M.L.R._CONSTRUCTION_AND_SUPPLY.txt"
"JEICCA_BUILDERS","no_results",0,"sec_results/JEICCA_BUILDERS.txt"
"ANN-GIE_BUILDERS","no_results",0,"sec_results/ANN-GIE_BUILDERS.txt"
"MBB_CONSTRUCTION_AND_SUPPLY_(FORMERLY:_MBB_CONSTRUCTION)","no_results",0,"sec_results/MBB_CONSTRUCTION_AND_SUPPLY_(FORMERLY:_MBB_CONSTRUCTION).txt"
"GOLDFIN_CONSTRUCTION","success",1,"sec_results/GOLDFIN_CONSTRUCTION.txt"
"GKMM_CONSTRUCTION_SUPPLIES_INC","success",1,"sec_results/GKMM_CONSTRUCTION_SUPPLIES_INC.txt"
"SUPREME_ABF_CONST_CONST_SUPPLY_COMPANY_INC","no_results",0,"sec_results/SUPREME_ABF_CONST_CONST_SUPPLY_COMPANY_INC.txt"
"HILLSTONE_BUILDERS","no_results",0,"sec_results/HILLSTONE_BUILDERS.txt"
"SANLAHI_GROUP_OF_BUILDERS,_INC","no_results",0,"sec_results/SANLAHI_GROUP_OF_BUILDERS,_INC.txt"
"J_LINGAT_CONSTRUCTION","no_results",0,"sec_results/J_LINGAT_CONSTRUCTION.txt"
"B_VICENCIO_CONSTRUCTION","no_results",0,"sec_results/B_VICENCIO_CONSTRUCTION.txt"
"GDL_CONSTRUCTION","success",1,"sec_results/GDL_CONSTRUCTION.txt"
"CAMBERWELL_CONSTRUCTION_AND_SUPPLIES","no_results",0,"sec_results/CAMBERWELL_CONSTRUCTION_AND_SUPPLIES.txt"
"THEORBIA'S_CONSTRUCTION_SUPPLIES_AND_ENGINEERING_SERVICES","no_results",0,"sec_results/THEORBIA'S_CONSTRUCTION_SUPPLIES_AND_ENGINEERING_SERVICES.txt"
"C.V._CONSTRUCTION_&_DEVELOPMENT","success",10,"sec_results/C.V._CONSTRUCTION_&_DEVELOPMENT.txt"
"DEYAN_CONSTRUCTION","no_results",0,"sec_results/DEYAN_CONSTRUCTION.txt"
"ERIC_VAN_P_SESBRENO_CONSTRUCTION","success",10,"sec_results/ERIC_VAN_P_SESBRENO_CONSTRUCTION.txt"
"ULTIMOS_CONSTRUCTION_CORP.","success",1,"sec_results/ULTIMOS_CONSTRUCTION_CORP..txt"
"AC_SOLIVEN_CONSTRUCTION__GENERAL_MERCHANDISE","no_results",0,"sec_results/AC_SOLIVEN_CONSTRUCTION__GENERAL_MERCHANDISE.txt"
"ST._ROCH_CONSTRUCTION","no_results",0,"sec_results/ST._ROCH_CONSTRUCTION.txt"
"BTCJR_CONSTRUCTION_AND_ENGINEERING_SERVICES","no_results",0,"sec_results/BTCJR_CONSTRUCTION_AND_ENGINEERING_SERVICES.txt"
"PRIME_GIGABUILD_CONSTRUCTION_CORP.","no_results",0,"sec_results/PRIME_GIGABUILD_CONSTRUCTION_CORP..txt"
"ST_RAYMUND_CONSTRUCTION_INC","no_results",0,"sec_results/ST_RAYMUND_CONSTRUCTION_INC.txt"
"ST._GERRARD_CONSTRUCTION","success",3,"sec_results/ST._GERRARD_CONSTRUCTION.txt"
"R.G._DIAZ_BUILDERS_&_TRADING","no_results",0,"sec_results/R.G._DIAZ_BUILDERS_&_TRADING.txt"
"N.M.E._CONSTRUCTION","no_results",0,"sec_results/N.M.E._CONSTRUCTION.txt"
"ALEXI_LOUISSE_CONSTRUCTION_&_GENERAL_MERCHANDISE","no_results",0,"sec_results/ALEXI_LOUISSE_CONSTRUCTION_&_GENERAL_MERCHANDISE.txt"
"DAJ_BUILDERS","no_results",0,"sec_results/DAJ_BUILDERS.txt"
"EDCELCON_CONSTRUCTION_INC","success",1,"sec_results/EDCELCON_CONSTRUCTION_INC.txt"
"Triparco_Development_Corporation","no_results",0,"sec_results/Triparco_Development_Corporation.txt"
"NTL_BUILDERS_AND_DEVELOPER","no_results",0,"sec_results/NTL_BUILDERS_AND_DEVELOPER.txt"
"A2C_ENTERPRISES_INC._(FORMERLY:_M.G._CORPIN_CONSTRUCTION)","no_results",0,"sec_results/A2C_ENTERPRISES_INC._(FORMERLY:_M.G._CORPIN_CONSTRUCTION).txt"
"MAR_DEB_CONSTRUCTION_DEVELOPMENT","success",1,"sec_results/MAR_DEB_CONSTRUCTION_DEVELOPMENT.txt"
"VC_VARIN_CONSTRUCTION_AND_HARDWARE_SUPPLY","no_results",0,"sec_results/VC_VARIN_CONSTRUCTION_AND_HARDWARE_SUPPLY.txt"
"LANAO_BUILDER_&_ENTERPRISES","no_results",0,"sec_results/LANAO_BUILDER_&_ENTERPRISES.txt"
"C_T_LEONCIO_CONSTRUCTION_TRADING","success",4,"sec_results/C_T_LEONCIO_CONSTRUCTION_TRADING.txt"
"MMP_CONSTRUCTION_AND_SUPPLIES","no_results",0,"sec_results/MMP_CONSTRUCTION_AND_SUPPLIES.txt"
"CVK_STORE","no_results",0,"sec_results/CVK_STORE.txt"
"GAWIS_CONSTRUCTION_SERVICES","no_results",0,"sec_results/GAWIS_CONSTRUCTION_SERVICES.txt"
"GOLDEN_TILLER_CONSTRUCTION_AND_SUPPLY","no_results",0,"sec_results/GOLDEN_TILLER_CONSTRUCTION_AND_SUPPLY.txt"
"SOLFIO_P._JACINTO_CONSTRUCTION","no_results",0,"sec_results/SOLFIO_P._JACINTO_CONSTRUCTION.txt"
"REBTRADE_INTERNATIONAL_CORPORATION","success",1,"sec_results/REBTRADE_INTERNATIONAL_CORPORATION.txt"
"JOMZKI_CONSTRUCTION_&_SUPPLY","no_results",0,"sec_results/JOMZKI_CONSTRUCTION_&_SUPPLY.txt"
"UP_TOWN_INDUSTRIAL_SALES_INC","no_results",0,"sec_results/UP_TOWN_INDUSTRIAL_SALES_INC.txt"
"SAN_LAZARO_CONSTRUCTION","no_results",0,"sec_results/SAN_LAZARO_CONSTRUCTION.txt"
"LAB_GENERAL_ENGINEERING","no_results",0,"sec_results/LAB_GENERAL_ENGINEERING.txt"
"J.M.S._HARDWARE_AND_CONSTRUCTION_SUPPLY","no_results",0,"sec_results/J.M.S._HARDWARE_AND_CONSTRUCTION_SUPPLY.txt"
"ALPHA__OMEGA_GEN_CONTRACTOR__DEVELOPMENT_CORP","no_results",0,"sec_results/ALPHA__OMEGA_GEN_CONTRACTOR__DEVELOPMENT_CORP.txt"
"YN_BUILDERS_AND_SUPPLY","success",10,"sec_results/YN_BUILDERS_AND_SUPPLY.txt"
"MEGA_M_BUILDERS_CORPORATION_(FORMERLY:_MEGA_M_BUILDERS)","no_results",0,"sec_results/MEGA_M_BUILDERS_CORPORATION_(FORMERLY:_MEGA_M_BUILDERS).txt"
"QM_BUILDERS","success",10,"sec_results/QM_BUILDERS.txt"
"PGM_CONSTRUCTION_AND_PLUMBING_SERVICES","no_results",0,"sec_results/PGM_CONSTRUCTION_AND_PLUMBING_SERVICES.txt"
"ST_ALMERS_CONSTRUCTION_AND_ENTERPRISE","no_results",0,"sec_results/ST_ALMERS_CONSTRUCTION_AND_ENTERPRISE.txt"
"EEH_HARDWARE_&_GENERAL_MERCHANDISE","no_results",0,"sec_results/EEH_HARDWARE_&_GENERAL_MERCHANDISE.txt"
"B.A._LAGAZO_BUILDERS","no_results",0,"sec_results/B.A._LAGAZO_BUILDERS.txt"
"HOPPERS'_BUILDERS","no_results",0,"sec_results/HOPPERS'_BUILDERS.txt"
"CASTILLANES_CONSTRUCTION","no_results",0,"sec_results/CASTILLANES_CONSTRUCTION.txt"
"C_S_GARCIA_CONSTRUCTION","success",10,"sec_results/C_S_GARCIA_CONSTRUCTION.txt"
"MRS_BUILDERS_AND_SUPPLY","no_results",0,"sec_results/MRS_BUILDERS_AND_SUPPLY.txt"
"RUDHIL_CONSTRUCTION_AMP;_ENTERPRISES","no_results",0,"sec_results/RUDHIL_CONSTRUCTION_AMP;_ENTERPRISES.txt"
"A_V_LAYNES_TRADING_AND_CONSTRUCTION","no_results",0,"sec_results/A_V_LAYNES_TRADING_AND_CONSTRUCTION.txt"
"JENRICH_CONSTRUCTION_AND_SUPPLY","no_results",0,"sec_results/JENRICH_CONSTRUCTION_AND_SUPPLY.txt"
"3_K_S_INDUSTRIAL_MAINTENANCE_AND_SERVICES_INC","success",1,"sec_results/3_K_S_INDUSTRIAL_MAINTENANCE_AND_SERVICES_INC.txt"
"IVS_BUILDERS","no_results",0,"sec_results/IVS_BUILDERS.txt"
"MEGA_PLUS_CONSTRUCTION_AND_SUPPLY_CORP._(FORMERLY:_MEGA_PLUS_CONSTRUCTION)","no_results",0,"sec_results/MEGA_PLUS_CONSTRUCTION_AND_SUPPLY_CORP._(FORMERLY:_MEGA_PLUS_CONSTRUCTION).txt"
"STRONGLANE_BUILDERS_AND_TRADING_CORPORATION_(FORMERLY:_STRONGLANE_CONSTRUCTION_&_TRADING)","no_results",0,"sec_results/STRONGLANE_BUILDERS_AND_TRADING_CORPORATION_(FORMERLY:_STRONGLANE_CONSTRUCTION_&_TRADING).txt"
"VIRAC_NRC_CONSTRUCTION","success",1,"sec_results/VIRAC_NRC_CONSTRUCTION.txt"
"TUCHAR_CONSTRUCTION_CORP._(FORMERLY:TUCHAR_CONSTRU","no_results",0,"sec_results/TUCHAR_CONSTRUCTION_CORP._(FORMERLY:TUCHAR_CONSTRU.txt"
"BLUE_M","success",1,"sec_results/BLUE_M.txt"
"KALAHAN_GENERAL_CONSTRUCTION_AND_SUPPLIES","no_results",0,"sec_results/KALAHAN_GENERAL_CONSTRUCTION_AND_SUPPLIES.txt"
"BUSILAC_BUILDERS_INC.","success",1,"sec_results/BUSILAC_BUILDERS_INC..txt"
"THREE_W_BUILDERS_INC","success",2,"sec_results/THREE_W_BUILDERS_INC.txt"
"JAGONBUILD_CONSTRUCTION_CORP_FOR_JAGON_BUILDERS","no_results",0,"sec_results/JAGONBUILD_CONSTRUCTION_CORP_FOR_JAGON_BUILDERS.txt"
"MN_STEEL_WORKS_&_CONST._SUPPLY","no_results",0,"sec_results/MN_STEEL_WORKS_&_CONST._SUPPLY.txt"
"BOAZ_AND_JACHIN_CONSTRUCTION_SUPPLY_&_SERVICES","no_results",0,"sec_results/BOAZ_AND_JACHIN_CONSTRUCTION_SUPPLY_&_SERVICES.txt"
"PYRAMID_CONSOLIDATED_BUILDERS_&AMP;_GENERAL_MERCHANDISE","no_results",0,"sec_results/PYRAMID_CONSOLIDATED_BUILDERS_&AMP;_GENERAL_MERCHANDISE.txt"
"YURUSA_CONSTRUCTION_&_DEVELOPMENT_CORP","success",1,"sec_results/YURUSA_CONSTRUCTION_&_DEVELOPMENT_CORP.txt"
"JC_PALOMO_CONSTRUCTION","no_results",0,"sec_results/JC_PALOMO_CONSTRUCTION.txt"
"JT_GAMOLO_CONSTRUCTION,_INCORPORATION_(FORMERLY:J.T._GAMOLO_CONSTRUCTION)","no_results",0,"sec_results/JT_GAMOLO_CONSTRUCTION,_INCORPORATION_(FORMERLY:J.T._GAMOLO_CONSTRUCTION).txt"
"ROTAFLEX_CONSTRUCTION_AND_DEVELOPMENT_CORP","no_results",0,"sec_results/ROTAFLEX_CONSTRUCTION_AND_DEVELOPMENT_CORP.txt"
"STAR_WILLIAM_CONSTRUCTION","no_results",0,"sec_results/STAR_WILLIAM_CONSTRUCTION.txt"
"PAFJ_CONSTRUCTION_AND_SUPPLY,_INC","no_results",0,"sec_results/PAFJ_CONSTRUCTION_AND_SUPPLY,_INC.txt"
"J'NER_CEPADA_CONSTRUCTION","no_results",0,"sec_results/J'NER_CEPADA_CONSTRUCTION.txt"
"MAR_VEL_CONSTRUCTION_AMP;_SUPPLY","no_results",0,"sec_results/MAR_VEL_CONSTRUCTION_AMP;_SUPPLY.txt"
"DQT_BUILDERS_G_T_J_CONSTRUCTION","no_results",0,"sec_results/DQT_BUILDERS_G_T_J_CONSTRUCTION.txt"
"JUST_SAFE_LEADING_JSL_INNOVATIVE_CREATION_CORPORATION","no_results",0,"sec_results/JUST_SAFE_LEADING_JSL_INNOVATIVE_CREATION_CORPORATION.txt"
"L.N.R._CONSTRUCTION","no_results",0,"sec_results/L.N.R._CONSTRUCTION.txt"
"R.G._TABIN_CONSTRUCTION_&_SUPPLY","no_results",0,"sec_results/R.G._TABIN_CONSTRUCTION_&_SUPPLY.txt"
"ZIRKON_CONSTRUCTION","no_results",0,"sec_results/ZIRKON_CONSTRUCTION.txt"
"PAS_CONSTRUCTION_&_SUPPLIES","no_results",0,"sec_results/PAS_CONSTRUCTION_&_SUPPLIES.txt"
"TOPMOST_DEVELOPMENT_MKTG_CORP","no_results",0,"sec_results/TOPMOST_DEVELOPMENT_MKTG_CORP.txt"
"JASMIG_CONSTRUCTION_SUPPLY","no_results",0,"sec_results/JASMIG_CONSTRUCTION_SUPPLY.txt"
"JEDIDIAH_CONSTRUCTION","no_results",0,"sec_results/JEDIDIAH_CONSTRUCTION.txt"
"R._SEMILLA_CONSTRUCTION_AND_MARKETING_-_DAVAO_CITY","no_results",0,"sec_results/R._SEMILLA_CONSTRUCTION_AND_MARKETING_-_DAVAO_CITY.txt"
"A_C_RIVERO_DEVELOPMENT_CORPORATION","success",2,"sec_results/A_C_RIVERO_DEVELOPMENT_CORPORATION.txt"
"JDRC_CONSTRUCTION_&_SUPPLIES","no_results",0,"sec_results/JDRC_CONSTRUCTION_&_SUPPLIES.txt"
"FEDERAL_AGGREGATES_AND_DEVELOPMENT_CORP.","success",1,"sec_results/FEDERAL_AGGREGATES_AND_DEVELOPMENT_CORP..txt"
"GOLDEN_J'S_CONSTRUCTION_SERVICES","no_results",0,"sec_results/GOLDEN_J'S_CONSTRUCTION_SERVICES.txt"
"ANCHORVILLE_REALTY_DEV'T_CONSTRUCTION_CORP.","success",1,"sec_results/ANCHORVILLE_REALTY_DEV'T_CONSTRUCTION_CORP..txt"
"PTM_DEVELOPMENT_CORP.","success",1,"sec_results/PTM_DEVELOPMENT_CORP..txt"
"ANROL_CONSTRUCTION","success",1,"sec_results/ANROL_CONSTRUCTION.txt"
"WRC_CONSTRUCTION_AND_GENERAL_MERCHANDISE","no_results",0,"sec_results/WRC_CONSTRUCTION_AND_GENERAL_MERCHANDISE.txt"
"RAMJEQUO_CONSTRUCTION_AND_SUPPLY","no_results",0,"sec_results/RAMJEQUO_CONSTRUCTION_AND_SUPPLY.txt"
"TWIN_DRAGON_CONSTRUCTION","no_results",0,"sec_results/TWIN_DRAGON_CONSTRUCTION.txt"
"RL_EARTH_HAULING_&_EQUIPMENT_SERVICES_INC.","success",1,"sec_results/RL_EARTH_HAULING_&_EQUIPMENT_SERVICES_INC..txt"
"KAEL_CONSTRUCTION_AND_SUPPLY","success",1,"sec_results/KAEL_CONSTRUCTION_AND_SUPPLY.txt"
"VANMARVIL_CONSTRUCTION","no_results",0,"sec_results/VANMARVIL_CONSTRUCTION.txt"
"ELIJENRAE_BUILDERS_AND_CONSTRUCTION_SUPPLY","no_results",0,"sec_results/ELIJENRAE_BUILDERS_AND_CONSTRUCTION_SUPPLY.txt"
"CHIARA2300_INCORPORATED","success",1,"sec_results/CHIARA2300_INCORPORATED.txt"
"A-CUBE_CONSTRUCTION_AND_SUPPLY","no_results",0,"sec_results/A-CUBE_CONSTRUCTION_AND_SUPPLY.txt"
"TEN_TWENTY_ALLIED_DEVELOPERS","no_results",0,"sec_results/TEN_TWENTY_ALLIED_DEVELOPERS.txt"
"PRIMECON_BUILDERS,_INC.","success",1,"sec_results/PRIMECON_BUILDERS,_INC..txt"
"DANSBURG_MACRO-BUILDERS_INC.","success",1,"sec_results/DANSBURG_MACRO-BUILDERS_INC..txt"
"AQUA_DRAGON_CONSTRUCTION_SUPPLY","no_results",0,"sec_results/AQUA_DRAGON_CONSTRUCTION_SUPPLY.txt"
"DIOCLETIANS_CONST","no_results",0,"sec_results/DIOCLETIANS_CONST.txt"
"SAMARINAN_CONSTRUCTION_AND_DEVELOPMENT_CORPORATION_(FORMERLY:_SAMARINAN_CONSTRUCTION)","no_results",0,"sec_results/SAMARINAN_CONSTRUCTION_AND_DEVELOPMENT_CORPORATION_(FORMERLY:_SAMARINAN_CONSTRUCTION).txt"
"SWIFT_DEVELOPMENT_AND_SUPPLIES_CORP.","success",1,"sec_results/SWIFT_DEVELOPMENT_AND_SUPPLIES_CORP..txt"
"RENEO_TRADING","no_results",0,"sec_results/RENEO_TRADING.txt"
"MBC_BUILDERS_AND_SUPPLY","no_results",0,"sec_results/MBC_BUILDERS_AND_SUPPLY.txt"
"F.M._PUJEDA_BUILDERS_AND_CONSTRUCTION_SUPPLIES","no_results",0,"sec_results/F.M._PUJEDA_BUILDERS_AND_CONSTRUCTION_SUPPLIES.txt"
"GACUTAN_CONSTRUCTION_INC._(FORMERLY:_GACUTAN_CONSTRUCTION)","no_results",0,"sec_results/GACUTAN_CONSTRUCTION_INC._(FORMERLY:_GACUTAN_CONSTRUCTION).txt"
"EJR_BUILDERS_CONSTRUCTION_SUPPLY","no_results",0,"sec_results/EJR_BUILDERS_CONSTRUCTION_SUPPLY.txt"
"V_R_PATRON_BUILDERS_DEVELOPERS_CORP_PREVIOUSL","no_results",0,"sec_results/V_R_PATRON_BUILDERS_DEVELOPERS_CORP_PREVIOUSL.txt"
"ADP_CONSTRUCTION_SUPPLY","no_results",0,"sec_results/ADP_CONSTRUCTION_SUPPLY.txt"
"DANYSONS_CONSTRUCTION_AND_DEVELOPMENT_CORPORATION","no_results",0,"sec_results/DANYSONS_CONSTRUCTION_AND_DEVELOPMENT_CORPORATION.txt"
"JMBM_CONSTRUCTION","no_results",0,"sec_results/JMBM_CONSTRUCTION.txt"
"SILK_&_STEEL_CONSTRUCTION","no_results",0,"sec_results/SILK_&_STEEL_CONSTRUCTION.txt"
"JEMCO_BUILDERS_SUPPLY","no_results",0,"sec_results/JEMCO_BUILDERS_SUPPLY.txt"
"HUSAIN_CONSTRUCTION_AND_SUPPLY_CO.","success",1,"sec_results/HUSAIN_CONSTRUCTION_AND_SUPPLY_CO..txt"
"STRUKTURA_TEKNIKA_SERVICES_CO","no_results",0,"sec_results/STRUKTURA_TEKNIKA_SERVICES_CO.txt"
"RAMISES_CONSTRUCTION","no_results",0,"sec_results/RAMISES_CONSTRUCTION.txt"
"G.M.R._CONSTRUCTION_AND_SUPPLY","success",10,"sec_results/G.M.R._CONSTRUCTION_AND_SUPPLY.txt"
"E_L_TORRES_CONSTRUCTION_TRADING","no_results",0,"sec_results/E_L_TORRES_CONSTRUCTION_TRADING.txt"
"HIGH_ROAD_CONSTRUCTION_SERVICES","no_results",0,"sec_results/HIGH_ROAD_CONSTRUCTION_SERVICES.txt"
"STRUKTURA_TEKNIKA_SERVICES_CO.","no_results",0,"sec_results/STRUKTURA_TEKNIKA_SERVICES_CO..txt"
"DALESONS_MARKETING","no_results",0,"sec_results/DALESONS_MARKETING.txt"
"M.C._LAYGO_BUILDERS","no_results",0,"sec_results/M.C._LAYGO_BUILDERS.txt"
"JBRC_CONSTRUCTION_CORP","no_results",0,"sec_results/JBRC_CONSTRUCTION_CORP.txt"
"D.C._MANLUTAC_CONSTRUCTION_&_GEN._MDSE","no_results",0,"sec_results/D.C._MANLUTAC_CONSTRUCTION_&_GEN._MDSE.txt"
"M.E._SICAT_CONSTRUCTION,_INC._(FORMERLY_M.E._SICAT","no_results",0,"sec_results/M.E._SICAT_CONSTRUCTION,_INC._(FORMERLY_M.E._SICAT.txt"
"BLIMEX_CONSTRUCTION_SUPPLY","no_results",0,"sec_results/BLIMEX_CONSTRUCTION_SUPPLY.txt"
"ST._IVADZ_BUILDERS","no_results",0,"sec_results/ST._IVADZ_BUILDERS.txt"
"J.I._ESPINO_CONSTRUCTION","success",1,"sec_results/J.I._ESPINO_CONSTRUCTION.txt"
"DOUBLE_J_CONSTRUCTION_AND_SUPPLY","no_results",0,"sec_results/DOUBLE_J_CONSTRUCTION_AND_SUPPLY.txt"
"DELPAR_CONSTRUCTION","no_results",0,"sec_results/DELPAR_CONSTRUCTION.txt"
"HGG_BUILDERS_&_SUPPLY","no_results",0,"sec_results/HGG_BUILDERS_&_SUPPLY.txt"
"W.J.P._CONSTRUCTION_AND_SUPPLY","no_results",0,"sec_results/W.J.P._CONSTRUCTION_AND_SUPPLY.txt"
"DUMAGUETE_ZENITH_COMMERCIAL","no_results",0,"sec_results/DUMAGUETE_ZENITH_COMMERCIAL.txt"
"STRONGLANE_BUILDERS_AND_TRADING_CORPORATION","success",1,"sec_results/STRONGLANE_BUILDERS_AND_TRADING_CORPORATION.txt"
"SILVER_DRAGON_CONSTRUCTION_&_LUMBER_&_GLASS_SUPPLY_INC.","success",1,"sec_results/SILVER_DRAGON_CONSTRUCTION_&_LUMBER_&_GLASS_SUPPLY_INC..txt"
"1C4M_BUILDERS_INC","success",1,"sec_results/1C4M_BUILDERS_INC.txt"
"UPLAND_CONSTRUCTION_&_ENGINEERING_SERVICES","no_results",0,"sec_results/UPLAND_CONSTRUCTION_&_ENGINEERING_SERVICES.txt"
"JUST-IN_ENTERPRISES","no_results",0,"sec_results/JUST-IN_ENTERPRISES.txt"
"A.P._NA-OY_CONSTRUCTION,_SUPPLY_AND_AGGREGATES","no_results",0,"sec_results/A.P._NA-OY_CONSTRUCTION,_SUPPLY_AND_AGGREGATES.txt"
"A.P.B._CONSTRUCTION","success",10,"sec_results/A.P.B._CONSTRUCTION.txt"
"ROAD_RUNNER_BUILDING_TECHNOLOGIES_INC","success",1,"sec_results/ROAD_RUNNER_BUILDING_TECHNOLOGIES_INC.txt"
"D.C.E._CONSTRUCTION","success",10,"sec_results/D.C.E._CONSTRUCTION.txt"
"BSKP_CONSTRUCTION","no_results",0,"sec_results/BSKP_CONSTRUCTION.txt"
"EIRISH_BUILDERS__SUPPLY_INC","success",1,"sec_results/EIRISH_BUILDERS__SUPPLY_INC.txt"
"MONTAÃ‘O_CONSTRUCTION_DEVELOPMENT_CORPORATION","no_results",0,"sec_results/MONTAÃ‘O_CONSTRUCTION_DEVELOPMENT_CORPORATION.txt"
"SHEEN-SHEEN_CONSTRUCTION_CORPORATION_(FORMERLY:_SHEEN-SHEEN_CONSTRUCTION)","no_results",0,"sec_results/SHEEN-SHEEN_CONSTRUCTION_CORPORATION_(FORMERLY:_SHEEN-SHEEN_CONSTRUCTION).txt"
"MATTRO_CONSTRUCTION","no_results",0,"sec_results/MATTRO_CONSTRUCTION.txt"
"J_M_LUCIANO_CONSTRUCTION_INC","no_results",0,"sec_results/J_M_LUCIANO_CONSTRUCTION_INC.txt"
"THE_TRENDSETTER_CONSTRUCTION_AND_SUPPLY_CORP.","success",1,"sec_results/THE_TRENDSETTER_CONSTRUCTION_AND_SUPPLY_CORP..txt"
"GEJOMEB_CONSTRUCTION","no_results",0,"sec_results/GEJOMEB_CONSTRUCTION.txt"
"SECOND_A_CONSTRUCTION","no_results",0,"sec_results/SECOND_A_CONSTRUCTION.txt"
"ROTAFLEX_CONSTRUCTION_AND_DEVELOPMENT_CORP._(FORMERLY:ROTA_FLEX_CONSTRUCTION)","no_results",0,"sec_results/ROTAFLEX_CONSTRUCTION_AND_DEVELOPMENT_CORP._(FORMERLY:ROTA_FLEX_CONSTRUCTION).txt"
"QUIRANTE_CONSTRUCTION_CORPORATION_(FORMERLY:_QUIRANTE_CONSTRUCTION)","no_results",0,"sec_results/QUIRANTE_CONSTRUCTION_CORPORATION_(FORMERLY:_QUIRANTE_CONSTRUCTION).txt"
"CLC_CONSTRUCTION_SERVICES_AND_SUPPLY","no_results",0,"sec_results/CLC_CONSTRUCTION_SERVICES_AND_SUPPLY.txt"
"BENZEN_CONSTRUCTION","no_results",0,"sec_results/BENZEN_CONSTRUCTION.txt"
"H.L.J._CONSTRUCTION_&_ENTERPRISES","no_results",0,"sec_results/H.L.J._CONSTRUCTION_&_ENTERPRISES.txt"
"A_M_P_CONSTRUCTION_RPP_928_CONSTRUCTION_CORPORATION","no_results",0,"sec_results/A_M_P_CONSTRUCTION_RPP_928_CONSTRUCTION_CORPORATION.txt"
"ABIB_BUILDERS_ENTERPRISE","success",1,"sec_results/ABIB_BUILDERS_ENTERPRISE.txt"
"STO__CRISTO_CONSTRUCTION","no_results",0,"sec_results/STO__CRISTO_CONSTRUCTION.txt"
"AL_REM_KONSTRUCT_INC","success",1,"sec_results/AL_REM_KONSTRUCT_INC.txt"
"NICOMAG_UTILITY_PROJECTS_CONSTRUCTION","no_results",0,"sec_results/NICOMAG_UTILITY_PROJECTS_CONSTRUCTION.txt"
"TERMS_ENTERPRISES_CORPORATION","success",1,"sec_results/TERMS_ENTERPRISES_CORPORATION.txt"
"ROBUSTEK_CONSTRUCTION_AND_SERVICES_INC","no_results",0,"sec_results/ROBUSTEK_CONSTRUCTION_AND_SERVICES_INC.txt"
"PERRC_INC._(FORMERLY:_P.E.R.R.C._CONSTRUCTION_&_DEVELOPMENT_CORPORATION)","no_results",0,"sec_results/PERRC_INC._(FORMERLY:_P.E.R.R.C._CONSTRUCTION_&_DEVELOPMENT_CORPORATION).txt"
"ALTOS_CONSTRUCTION","no_results",0,"sec_results/ALTOS_CONSTRUCTION.txt"
"MAR-DEB_CONSTRUCTION_&_DEVELOPMENT_CORP._(FORMERLY:_MAR-DEB_CONSTRUCTION_&_DEVELOPMENT)","no_results",0,"sec_results/MAR-DEB_CONSTRUCTION_&_DEVELOPMENT_CORP._(FORMERLY:_MAR-DEB_CONSTRUCTION_&_DEVELOPMENT).txt"
"R._B._PANO_CONSTRUCTION_AND_SUPPLY","no_results",0,"sec_results/R._B._PANO_CONSTRUCTION_AND_SUPPLY.txt"
"3RB_CONSTRUCTION_&_SUPPLY","no_results",0,"sec_results/3RB_CONSTRUCTION_&_SUPPLY.txt"
"ROLOSA_CONSTRUCTION_&_SUPPLIES","no_results",0,"sec_results/ROLOSA_CONSTRUCTION_&_SUPPLIES.txt"
"RBG_CONSTRUCTION_SERVICES","no_results",0,"sec_results/RBG_CONSTRUCTION_SERVICES.txt"
"ARCINUE_COMM_L_CORPORATION","success",1,"sec_results/ARCINUE_COMM_L_CORPORATION.txt"
"F._JIMENEZ_CONSTRUCTION_AND_SUPPLY","no_results",0,"sec_results/F._JIMENEZ_CONSTRUCTION_AND_SUPPLY.txt"
"ARMED_BUILDERS_SUPPLY","no_results",0,"sec_results/ARMED_BUILDERS_SUPPLY.txt"
"GENETIAN_BUILDERS_AND_ENTERPRISES_INCORPORATED_(FORMERLY:_GENETIAN_BUILDERS)","no_results",0,"sec_results/GENETIAN_BUILDERS_AND_ENTERPRISES_INCORPORATED_(FORMERLY:_GENETIAN_BUILDERS).txt"
"SAN_IGMEDIO_BUILDERS_INCORPORATED","success",1,"sec_results/SAN_IGMEDIO_BUILDERS_INCORPORATED.txt"
"THREE_CM_BUILDERS","no_results",0,"sec_results/THREE_CM_BUILDERS.txt"
"FDS_CONSTRUCTION_&_SUPPLY","no_results",0,"sec_results/FDS_CONSTRUCTION_&_SUPPLY.txt"
"R_A_G_CORONA_CONSTRUCTION_AND_AGGREGATES_SUPPLY","no_results",0,"sec_results/R_A_G_CORONA_CONSTRUCTION_AND_AGGREGATES_SUPPLY.txt"
"FORTHRIGHT_CONSTRUCTION","no_results",0,"sec_results/FORTHRIGHT_CONSTRUCTION.txt"
"KOUZBARY_BUILDERS","no_results",0,"sec_results/KOUZBARY_BUILDERS.txt"
"INFRASERVE_BUILDERS","no_results",0,"sec_results/INFRASERVE_BUILDERS.txt"
"SAN_RAFAEL_BUILDERS","success",2,"sec_results/SAN_RAFAEL_BUILDERS.txt"
"MRK-SQUARE_CONSTRUCTION_AND_SUPPLY","no_results",0,"sec_results/MRK-SQUARE_CONSTRUCTION_AND_SUPPLY.txt"
"R_R_RICAFORT_CONSTRUCTION_AND_SUPPLIES","no_results",0,"sec_results/R_R_RICAFORT_CONSTRUCTION_AND_SUPPLIES.txt"
"ADAD_ENGINEERING_SERVICES_AND_SUPPLY","no_results",0,"sec_results/ADAD_ENGINEERING_SERVICES_AND_SUPPLY.txt"
"PASTRANA_CONSTRUCTION_SUPPLIES","no_results",0,"sec_results/PASTRANA_CONSTRUCTION_SUPPLIES.txt"
"KAUIE_BUILDERS_AND_CONSTRUCTION_SUPPLIES","no_results",0,"sec_results/KAUIE_BUILDERS_AND_CONSTRUCTION_SUPPLIES.txt"
"DAUNGAN_CONSTRUCTION_DEV_T_GEN_SUPPLIES_CO_INC","no_results",0,"sec_results/DAUNGAN_CONSTRUCTION_DEV_T_GEN_SUPPLIES_CO_INC.txt"
"C_ZARLES_CONSTRUCTION","no_results",0,"sec_results/C_ZARLES_CONSTRUCTION.txt"
"ST._BERNARDINE_CONSTRUCTION_&_ENTERPRISES","no_results",0,"sec_results/ST._BERNARDINE_CONSTRUCTION_&_ENTERPRISES.txt"
"BAGOLINYAN_CONSTRUCTION,_DESIGN_AND_SUPPLY","no_results",0,"sec_results/BAGOLINYAN_CONSTRUCTION,_DESIGN_AND_SUPPLY.txt"
"QUATRIX_CONSTRUCTION_AND_SUPPLY_INC","success",1,"sec_results/QUATRIX_CONSTRUCTION_AND_SUPPLY_INC.txt"
"VICENTE_T_LAO_CONSTRUCTION","no_results",0,"sec_results/VICENTE_T_LAO_CONSTRUCTION.txt"
"RPPARAYNO_CONSTRUCTION","no_results",0,"sec_results/RPPARAYNO_CONSTRUCTION.txt"
"MARYKNOLL_BUILDERS_AND_SUPPLY","no_results",0,"sec_results/MARYKNOLL_BUILDERS_AND_SUPPLY.txt"
"BHENLLABIEN_BUILDERS_CORPORATION_(FORMERLY:_BHENLLABIEN_BUILDERS_CONSTRUCTION)","no_results",0,"sec_results/BHENLLABIEN_BUILDERS_CORPORATION_(FORMERLY:_BHENLLABIEN_BUILDERS_CONSTRUCTION).txt"
"MACDOR_CONSTRUCTION","no_results",0,"sec_results/MACDOR_CONSTRUCTION.txt"
"TRIPLE_S_BUILDERS_INC","no_results",0,"sec_results/TRIPLE_S_BUILDERS_INC.txt"
"ROMANIQUE'S_OFFICE_SUPPLIES__&_GENERAL_MERCHANDISE","no_results",0,"sec_results/ROMANIQUE'S_OFFICE_SUPPLIES__&_GENERAL_MERCHANDISE.txt"
"JAI_BUILDERS_AND_SUPPLY","no_results",0,"sec_results/JAI_BUILDERS_AND_SUPPLY.txt"
"KRATOS_STRUCPRIME_CONSTRUCTION_AND_SUPPLY_CORP","success",1,"sec_results/KRATOS_STRUCPRIME_CONSTRUCTION_AND_SUPPLY_CORP.txt"
"1977_DEVELOPMENT_CORP","no_results",0,"sec_results/1977_DEVELOPMENT_CORP.txt"
"DATREBIL_CONSTRUCTION_AND_SUPPLY","no_results",0,"sec_results/DATREBIL_CONSTRUCTION_AND_SUPPLY.txt"
"ON_POINT_CONSTRUCTION_AND_DEVELOPMENT_CORPORATION_(FORMERLY:ON_POINT_CONSTRUCTION)","no_results",0,"sec_results/ON_POINT_CONSTRUCTION_AND_DEVELOPMENT_CORPORATION_(FORMERLY:ON_POINT_CONSTRUCTION).txt"
"LUCKY_EIGHTY-THREE_CONSTRUCTION_AND_SUPPLY(FOR.VRP","no_results",0,"sec_results/LUCKY_EIGHTY-THREE_CONSTRUCTION_AND_SUPPLY(FOR.VRP.txt"
"YZK_BUILDERS","no_results",0,"sec_results/YZK_BUILDERS.txt"
"RUPLINO_SEISMUNDO_CONSTRUCTION_CORPORATION_(FORMERLY:_R.R._SEISMUNDO_CONSTRUCTION_&_SUPPLY)","no_results",0,"sec_results/RUPLINO_SEISMUNDO_CONSTRUCTION_CORPORATION_(FORMERLY:_R.R._SEISMUNDO_CONSTRUCTION_&_SUPPLY).txt"
"BET_CONSTRUCTION_&_SUPPLY","no_results",0,"sec_results/BET_CONSTRUCTION_&_SUPPLY.txt"
"GOLDEN_ROADRUNNER_INTERNATIONAL_CORP.","no_results",0,"sec_results/GOLDEN_ROADRUNNER_INTERNATIONAL_CORP..txt"
"VHITS_D.G._BUILDERS_&_ENTERPRISES","no_results",0,"sec_results/VHITS_D.G._BUILDERS_&_ENTERPRISES.txt"
"RD_BUILDERS_CORPORATION_UNDER_THE_NAME_OF_RD_BUILDERS","no_results",0,"sec_results/RD_BUILDERS_CORPORATION_UNDER_THE_NAME_OF_RD_BUILDERS.txt"
"O.L._DE_LEON_CONSTRUCTION","success",3,"sec_results/O.L._DE_LEON_CONSTRUCTION.txt"
"AF_MANUEL_CONSTRUCTION_INC","no_results",0,"sec_results/AF_MANUEL_CONSTRUCTION_INC.txt"
"876_CONSTRUCTION_AND_SUPPLY","no_results",0,"sec_results/876_CONSTRUCTION_AND_SUPPLY.txt"
"MERRY_HEART_CONSTRUCTION","no_results",0,"sec_results/MERRY_HEART_CONSTRUCTION.txt"
"GOC_BUILDERS","no_results",0,"sec_results/GOC_BUILDERS.txt"
"FAME_BUILDER_PHILIPPINES","no_results",0,"sec_results/FAME_BUILDER_PHILIPPINES.txt"
"MAEDHEL_ENTERPRISES_&_GENERAL_MERCHANDISE","no_results",0,"sec_results/MAEDHEL_ENTERPRISES_&_GENERAL_MERCHANDISE.txt"
"ROMZ_BUILDERS","no_results",0,"sec_results/ROMZ_BUILDERS.txt"
"MIVICO_BUILDERS_AND_DEVELOPERS","no_results",0,"sec_results/MIVICO_BUILDERS_AND_DEVELOPERS.txt"
"ALFALFA_CONSTRUCTION","no_results",0,"sec_results/ALFALFA_CONSTRUCTION.txt"
"GJE_BUILDERS_CORPORATION","success",1,"sec_results/GJE_BUILDERS_CORPORATION.txt"
"BADOC_BUILDERS","success",1,"sec_results/BADOC_BUILDERS.txt"
"AJ_TAYLAN_CONSTRUCTION_CORPORATION_-_LAOAG","no_results",0,"sec_results/AJ_TAYLAN_CONSTRUCTION_CORPORATION_-_LAOAG.txt"
"BOJUS_SUN_BUILDERS_AND_SUPPLY_CORP","no_results",0,"sec_results/BOJUS_SUN_BUILDERS_AND_SUPPLY_CORP.txt"
"J.S._GENERAL_CONTRACTOR","success",10,"sec_results/J.S._GENERAL_CONTRACTOR.txt"
"CRJ_CONST","success",1,"sec_results/CRJ_CONST.txt"
"D.L._AUREO_CONSTRUCTION","no_results",0,"sec_results/D.L._AUREO_CONSTRUCTION.txt"
"VYRAGUS_CONSTRUCTION","no_results",0,"sec_results/VYRAGUS_CONSTRUCTION.txt"
"TOPMOST_DEVELOPMENT_&_MARKETING_CORPORATION","no_results",0,"sec_results/TOPMOST_DEVELOPMENT_&_MARKETING_CORPORATION.txt"
"REND_ENTERPRISES_&_GENERAL_CONTRACTOR","no_results",0,"sec_results/REND_ENTERPRISES_&_GENERAL_CONTRACTOR.txt"
"RINEL_CONSTRUCTION_SERVICES","no_results",0,"sec_results/RINEL_CONSTRUCTION_SERVICES.txt"
"L._EUSEBIO_ACE_DEVELOPMENT_CORPORATION","no_results",0,"sec_results/L._EUSEBIO_ACE_DEVELOPMENT_CORPORATION.txt"
"NOSIDE_CONSTRUCTION","no_results",0,"sec_results/NOSIDE_CONSTRUCTION.txt"
"E._GUADIZ_CONSTRUCTION","no_results",0,"sec_results/E._GUADIZ_CONSTRUCTION.txt"
"E_D_LIBUNAO_CONSTRUCTION","no_results",0,"sec_results/E_D_LIBUNAO_CONSTRUCTION.txt"
"A.P.D._CONSTRUCTION,_INC._(FORMERLY:_APD_CONSTRUCTION)","no_results",0,"sec_results/A.P.D._CONSTRUCTION,_INC._(FORMERLY:_APD_CONSTRUCTION).txt"
"B_VICENCIO_CONSTRUCTION_VHITS_D_G_BUILDERS_ENTERPRISES","no_results",0,"sec_results/B_VICENCIO_CONSTRUCTION_VHITS_D_G_BUILDERS_ENTERPRISES.txt"
"RU_AQUINO_CONSTRUCTION_AND_DEVELOPMENT_CORPORATION","success",1,"sec_results/RU_AQUINO_CONSTRUCTION_AND_DEVELOPMENT_CORPORATION.txt"
"888_ACY_ENTERPRISES","no_results",0,"sec_results/888_ACY_ENTERPRISES.txt"
"JEL_CONSTRUCTION_SUPPLY","no_results",0,"sec_results/JEL_CONSTRUCTION_SUPPLY.txt"
"NIDA_BUILDERS_SUPPLIES","no_results",0,"sec_results/NIDA_BUILDERS_SUPPLIES.txt"
"BUILDERS_EXPONENT_ENTERPRISE","no_results",0,"sec_results/BUILDERS_EXPONENT_ENTERPRISE.txt"
"JELM_CONSTRUCTION_CORP.","no_results",0,"sec_results/JELM_CONSTRUCTION_CORP..txt"
"NQA_CONSTRUCTION_&_SUPPLY","no_results",0,"sec_results/NQA_CONSTRUCTION_&_SUPPLY.txt"
"INFRA_BUILDERS_&AMP;_SELLERS,_PHILS","no_results",0,"sec_results/INFRA_BUILDERS_&AMP;_SELLERS,_PHILS.txt"
"BONNA_MARCY_GEN._MERCHANDISE","no_results",0,"sec_results/BONNA_MARCY_GEN._MERCHANDISE.txt"
"JUNDES_CONSTRUCTION_&_SUPPLY","no_results",0,"sec_results/JUNDES_CONSTRUCTION_&_SUPPLY.txt"
"JHAIRUS_DALE_BUILDERS","no_results",0,"sec_results/JHAIRUS_DALE_BUILDERS.txt"
"ORIENT_STAR_CONSTRUCTION,_INC._(FORMERLY:_ORIENT_S","no_results",0,"sec_results/ORIENT_STAR_CONSTRUCTION,_INC._(FORMERLY:_ORIENT_S.txt"
"HAFF_CONSTRUCTION_AND_SUPPLIES,_INC","success",1,"sec_results/HAFF_CONSTRUCTION_AND_SUPPLIES,_INC.txt"
"DOUBLE_12_CONSTRUCTION_&_SUPPLY","no_results",0,"sec_results/DOUBLE_12_CONSTRUCTION_&_SUPPLY.txt"
"GP_&_H_CONSTRUCTION_&_SUPPLY","no_results",0,"sec_results/GP_&_H_CONSTRUCTION_&_SUPPLY.txt"
"A_R_CASTILLO_CONSTRUCTION_ENTERPRISES","no_results",0,"sec_results/A_R_CASTILLO_CONSTRUCTION_ENTERPRISES.txt"
"RIGEL_CONSTRUCTION","no_results",0,"sec_results/RIGEL_CONSTRUCTION.txt"
"747_BUILDERS","success",1,"sec_results/747_BUILDERS.txt"
"J.R.A._AGRI_SUPPLY_&_GENERAL_MERCHANDISE","no_results",0,"sec_results/J.R.A._AGRI_SUPPLY_&_GENERAL_MERCHANDISE.txt"
"L.H.E._CONSTRUCTION_&_INDUSTRIAL_SERVICES,_INC","no_results",0,"sec_results/L.H.E._CONSTRUCTION_&_INDUSTRIAL_SERVICES,_INC.txt"
"DJCM_CONSTRUCTION_CORPORATION_(FORMERLY:_DJCM_CONSTRUCTION)","no_results",0,"sec_results/DJCM_CONSTRUCTION_CORPORATION_(FORMERLY:_DJCM_CONSTRUCTION).txt"
"JG_GARCIA_CONST","no_results",0,"sec_results/JG_GARCIA_CONST.txt"
"TEDDIE_CONSTRUCTION_DEVELOPMENT,_INC.","no_results",0,"sec_results/TEDDIE_CONSTRUCTION_DEVELOPMENT,_INC..txt"
"BADOC_BUILDERS_SUPPLY_INC","success",1,"sec_results/BADOC_BUILDERS_SUPPLY_INC.txt"
"ROWIES_CONSTRUCTION","no_results",0,"sec_results/ROWIES_CONSTRUCTION.txt"
"F.B._BANTALES_ENGINEERING_CONSTRUCTION","no_results",0,"sec_results/F.B._BANTALES_ENGINEERING_CONSTRUCTION.txt"
"LEGACY_CONSTRUCTION_MIGHTY_HOK_SUMMIT_CONSTRUCTION_DEVELOPMENT_CORP","no_results",0,"sec_results/LEGACY_CONSTRUCTION_MIGHTY_HOK_SUMMIT_CONSTRUCTION_DEVELOPMENT_CORP.txt"
"TOKWING_CONSTRUCTION_CORP","success",2,"sec_results/TOKWING_CONSTRUCTION_CORP.txt"
"FPJ_CONSTRUCTION_&AMP;_SUPPLY","no_results",0,"sec_results/FPJ_CONSTRUCTION_&AMP;_SUPPLY.txt"
"J_S_GENERAL_CONTRACTOR","success",10,"sec_results/J_S_GENERAL_CONTRACTOR.txt"
"M._G._JACINTO_CONSTRUCTION","success",3,"sec_results/M._G._JACINTO_CONSTRUCTION.txt"
"AMAZING_BUILDERS_AND_CONSTRUCTION","no_results",0,"sec_results/AMAZING_BUILDERS_AND_CONSTRUCTION.txt"
"BEGAL_DESIGN_CONSTRUCTION","no_results",0,"sec_results/BEGAL_DESIGN_CONSTRUCTION.txt"
"MECHE'S_BUILDERS_&_CONSTRUCTION_SUPPLY,_INC","success",1,"sec_results/MECHE'S_BUILDERS_&_CONSTRUCTION_SUPPLY,_INC.txt"
"MANYANGO_CONSTRUCTION_SUPPLY","no_results",0,"sec_results/MANYANGO_CONSTRUCTION_SUPPLY.txt"
"ROSE_PETAL_HARDWARE_&_CONSTRUCTION_SUPPLIES","no_results",0,"sec_results/ROSE_PETAL_HARDWARE_&_CONSTRUCTION_SUPPLIES.txt"
"M_&_R_GURION_CONSTRUCTION","no_results",0,"sec_results/M_&_R_GURION_CONSTRUCTION.txt"
"D.C._SANDIL_CONSTRUCTION_&_REALTY_DEVELOPMENT,_INC","no_results",0,"sec_results/D.C._SANDIL_CONSTRUCTION_&_REALTY_DEVELOPMENT,_INC.txt"
"IA_FERRER_CONSTRUCTION_&_SUPPLY","no_results",0,"sec_results/IA_FERRER_CONSTRUCTION_&_SUPPLY.txt"
"BAHRAMLEY_CONSTRUCTION","no_results",0,"sec_results/BAHRAMLEY_CONSTRUCTION.txt"
"DOUBLE_M_CONSTRUCTION_AND_SUPPLY","success",1,"sec_results/DOUBLE_M_CONSTRUCTION_AND_SUPPLY.txt"
"MESAGON_BUILDERS_INC","success",1,"sec_results/MESAGON_BUILDERS_INC.txt"
"4MD_JSL_CONSTRUCTION_INC","success",1,"sec_results/4MD_JSL_CONSTRUCTION_INC.txt"
"TABLAS_MEGA_CONSTRUCTION","no_results",0,"sec_results/TABLAS_MEGA_CONSTRUCTION.txt"
"MRBII_CONSTRUCTION_CORPORATION","success",1,"sec_results/MRBII_CONSTRUCTION_CORPORATION.txt"
"TUCHAR_CONSTRUCTION_CORP_FORMERLY_TUCHAR_CONSTRU","no_results",0,"sec_results/TUCHAR_CONSTRUCTION_CORP_FORMERLY_TUCHAR_CONSTRU.txt"
"TM_ABAD_CONSTRUCTION_CORP._(FOR:_TM_ABAD_CONST.)","no_results",0,"sec_results/TM_ABAD_CONSTRUCTION_CORP._(FOR:_TM_ABAD_CONST.).txt"
"EGB_CONSTRUCTION","no_results",0,"sec_results/EGB_CONSTRUCTION.txt"
"CAVACON_CORP","no_results",0,"sec_results/CAVACON_CORP.txt"
"GRECO_CONSTRUCTION_AND_SUPPLY","no_results",0,"sec_results/GRECO_CONSTRUCTION_AND_SUPPLY.txt"
"TOP_KMC_CONSTRUCTION_AND_SUPPLY_CORP.","success",1,"sec_results/TOP_KMC_CONSTRUCTION_AND_SUPPLY_CORP..txt"
"ST._RAYMUND_CONSTRUCTION,_INC","no_results",0,"sec_results/ST._RAYMUND_CONSTRUCTION,_INC.txt"
"GENETIAN_BUILDERS","success",1,"sec_results/GENETIAN_BUILDERS.txt"
"D._A._CADELIÃ‘A_CONSTRUCTION","no_results",0,"sec_results/D._A._CADELIÃ‘A_CONSTRUCTION.txt"
"IVY_MICHELLE_TRADING_CONTRUCTION_C_T_LEONCIO_CONSTRUCTION_TRADING","no_results",0,"sec_results/IVY_MICHELLE_TRADING_CONTRUCTION_C_T_LEONCIO_CONSTRUCTION_TRADING.txt"
"QUADROMETRIC_CONSTRUCTION","no_results",0,"sec_results/QUADROMETRIC_CONSTRUCTION.txt"
"MIGHTY_CONSTRUCTION_&_DEVELOPMENT_INC.","success",1,"sec_results/MIGHTY_CONSTRUCTION_&_DEVELOPMENT_INC..txt"
"JJ_PALACIO_CONSTRUCTION","no_results",0,"sec_results/JJ_PALACIO_CONSTRUCTION.txt"
"ALXM_CONSTRUCTION","success",1,"sec_results/ALXM_CONSTRUCTION.txt"
"A_J_LAVA_BUIL_BELL_CONSTRUCTION","success",2,"sec_results/A_J_LAVA_BUIL_BELL_CONSTRUCTION.txt"
"JAYLOT_TRADING","no_results",0,"sec_results/JAYLOT_TRADING.txt"
"FT_CONSTRUCTION_AND_GENERAL_MERCHANDISE","no_results",0,"sec_results/FT_CONSTRUCTION_AND_GENERAL_MERCHANDISE.txt"
"JJPR_CONSTRUCTION_SERVICES","no_results",0,"sec_results/JJPR_CONSTRUCTION_SERVICES.txt"
"HI-TONE_CONSTRUCTION__DEVELOPMENT_CORP_(FORMERLY","no_results",0,"sec_results/HI-TONE_CONSTRUCTION__DEVELOPMENT_CORP_(FORMERLY.txt"
"E.S._JOSEFA_CONSTRUCTION","no_results",0,"sec_results/E.S._JOSEFA_CONSTRUCTION.txt"
"A.L._DARE_CONSTRUCTION","no_results",0,"sec_results/A.L._DARE_CONSTRUCTION.txt"
"JYM_CONSTRUCTION_&_SUPPLY","no_results",0,"sec_results/JYM_CONSTRUCTION_&_SUPPLY.txt"
"CELSO_C_FERRER_CONSTRUCTION_CORP","no_results",0,"sec_results/CELSO_C_FERRER_CONSTRUCTION_CORP.txt"
"721_BUILDERS_CORPORATION","success",1,"sec_results/721_BUILDERS_CORPORATION.txt"
"SUDAN_CONSTRUCTION_AND_SUPPLY_CORP","no_results",0,"sec_results/SUDAN_CONSTRUCTION_AND_SUPPLY_CORP.txt"
"J_V_SARIGNAYA_CONSTRUCTION_CORPORATION","no_results",0,"sec_results/J_V_SARIGNAYA_CONSTRUCTION_CORPORATION.txt"
"DAYBREAK_ENTERPRISES_-_ENGINEERING","no_results",0,"sec_results/DAYBREAK_ENTERPRISES_-_ENGINEERING.txt"
"C_B_TAMPENGCO_CONSTRUCTION","success",1,"sec_results/C_B_TAMPENGCO_CONSTRUCTION.txt"
"NBZ_ENGINEERING_AND_CONSTRUCTION","no_results",0,"sec_results/NBZ_ENGINEERING_AND_CONSTRUCTION.txt"
"EMMARC_CONSTRUCTION","no_results",0,"sec_results/EMMARC_CONSTRUCTION.txt"
"11-16_CONSTRUCTION___BOLTRON_BUILDERS_CORPORATION","no_results",0,"sec_results/11-16_CONSTRUCTION___BOLTRON_BUILDERS_CORPORATION.txt"
"MAGA_CONSTRUCTION_AND_SUPPLIES_INC","success",1,"sec_results/MAGA_CONSTRUCTION_AND_SUPPLIES_INC.txt"
"AJAN_JEADA,_INC._(FORMERLY:_JEADA_CONSTRUCTION)","no_results",0,"sec_results/AJAN_JEADA,_INC._(FORMERLY:_JEADA_CONSTRUCTION).txt"
"MAINTIN_CONSTRUCTION_AND_SUPPLY","no_results",0,"sec_results/MAINTIN_CONSTRUCTION_AND_SUPPLY.txt"
"GREAT_WALL_BUILDERS","success",2,"sec_results/GREAT_WALL_BUILDERS.txt"
"MRI_CONSTRUCTION","no_results",0,"sec_results/MRI_CONSTRUCTION.txt"
"CAJUGOTAN_BUILDERS_AND_DEVELOPMENT_CORP._(FOR:_CAJUGOTAN_CONSTRUCTION_&_SUPPLY)","no_results",0,"sec_results/CAJUGOTAN_BUILDERS_AND_DEVELOPMENT_CORP._(FOR:_CAJUGOTAN_CONSTRUCTION_&_SUPPLY).txt"
"STO_CRISTO_CONSTRUCTION_TRADING","no_results",0,"sec_results/STO_CRISTO_CONSTRUCTION_TRADING.txt"
"E.C.P_CONSTRUCTION_SERVICES","success",10,"sec_results/E.C.P_CONSTRUCTION_SERVICES.txt"
"HONEYVILLECONST","success",1,"sec_results/HONEYVILLECONST.txt"
"BP_CRUZ_BUILDERS_AND_TRADING","no_results",0,"sec_results/BP_CRUZ_BUILDERS_AND_TRADING.txt"
"EIGHT_KIDS_CONSTRUCTION_AND_TRADING","no_results",0,"sec_results/EIGHT_KIDS_CONSTRUCTION_AND_TRADING.txt"
"FROMARC_BUILDERS","success",2,"sec_results/FROMARC_BUILDERS.txt"
"CGR_CAMILLE_BUILDER,_INC","no_results",0,"sec_results/CGR_CAMILLE_BUILDER,_INC.txt"
"HOMEWORLD_CONSTRUCTION_CORP._(FORMERLY_HOMEWORLD_E","no_results",0,"sec_results/HOMEWORLD_CONSTRUCTION_CORP._(FORMERLY_HOMEWORLD_E.txt"
"MUANA_CONSTRUCTION_AND_DEVELOPMENT_CORP._(FORMERLY","no_results",0,"sec_results/MUANA_CONSTRUCTION_AND_DEVELOPMENT_CORP._(FORMERLY.txt"
"HEBREWS_BUILDERS_AND_CONSTRUCTION_CORP.","success",1,"sec_results/HEBREWS_BUILDERS_AND_CONSTRUCTION_CORP..txt"
"SKYLINE_CONSTRUCTION_EQUIPMENT_AND_DEVELOPMENT_CORPORATION","success",1,"sec_results/SKYLINE_CONSTRUCTION_EQUIPMENT_AND_DEVELOPMENT_CORPORATION.txt"
"PYRAMID_CONSOLIDATED_BUILDERS_&_GEN._MDSE","no_results",0,"sec_results/PYRAMID_CONSOLIDATED_BUILDERS_&_GEN._MDSE.txt"
"JB_CONSTRUCTION_AND_SUPPLY_INC._(FORMERLY:JB_CONSTRUCTION_AND_SUPPLY)","no_results",0,"sec_results/JB_CONSTRUCTION_AND_SUPPLY_INC._(FORMERLY:JB_CONSTRUCTION_AND_SUPPLY).txt"
"MUNTOPAR_BUILDERS_CORP","success",1,"sec_results/MUNTOPAR_BUILDERS_CORP.txt"
"DEVELOPMENT_CORP","success",10,"sec_results/DEVELOPMENT_CORP.txt"
"R.E._SINGSON_CONSTRUCTION","success",1,"sec_results/R.E._SINGSON_CONSTRUCTION.txt"
"E_A_SANCHO_CONSTRUCTION_INC","success",1,"sec_results/E_A_SANCHO_CONSTRUCTION_INC.txt"
"ZYMX_CONSTRUCTION","no_results",0,"sec_results/ZYMX_CONSTRUCTION.txt"
"MARCBILT_CONSTRUCTION_INC","success",1,"sec_results/MARCBILT_CONSTRUCTION_INC.txt"
"SILVER_HAMMER_CONSTRUCTION_AND_SUPPLIES","no_results",0,"sec_results/SILVER_HAMMER_CONSTRUCTION_AND_SUPPLIES.txt"
"JCL_BUILDERS","no_results",0,"sec_results/JCL_BUILDERS.txt"
"HEKLER_BUILDERS_CORP","success",1,"sec_results/HEKLER_BUILDERS_CORP.txt"
"MEGA_PLUS_CONSTRUCTION","success",1,"sec_results/MEGA_PLUS_CONSTRUCTION.txt"
"DAVAO_CONCRETE__PRODUCTS","no_results",0,"sec_results/DAVAO_CONCRETE__PRODUCTS.txt"
"FM_PUJEDA_BUILDERS_AND_CONSTRUCTION_SUPPLIES","no_results",0,"sec_results/FM_PUJEDA_BUILDERS_AND_CONSTRUCTION_SUPPLIES.txt"
"GACUTAN_CONSTRUCTION","success",2,"sec_results/GACUTAN_CONSTRUCTION.txt"
"TDC_II_PRO_BUILDERS","no_results",0,"sec_results/TDC_II_PRO_BUILDERS.txt"
"TFG_CONSTRUCTION_AND_SUPPLIES","no_results",0,"sec_results/TFG_CONSTRUCTION_AND_SUPPLIES.txt"
"JYP_GENERAL_CONSTRUCTION","no_results",0,"sec_results/JYP_GENERAL_CONSTRUCTION.txt"
"A.L_CONSTRUCTION","success",10,"sec_results/A.L_CONSTRUCTION.txt"
"BALLESTEROS_CONSTRUCTION","no_results",0,"sec_results/BALLESTEROS_CONSTRUCTION.txt"
"LGC_CONSTRUCTION_AND_SUPPLY","no_results",0,"sec_results/LGC_CONSTRUCTION_AND_SUPPLY.txt"
"AQUINO_DELA_CRUZ_ENGINEERING_AND_CONSTRUCTION","no_results",0,"sec_results/AQUINO_DELA_CRUZ_ENGINEERING_AND_CONSTRUCTION.txt"
"ALOJA_BUILDERS","no_results",0,"sec_results/ALOJA_BUILDERS.txt"
"11-16_CONSTRUCTION","no_results",0,"sec_results/11-16_CONSTRUCTION.txt"
"REND_ENTERPRISES_AND_GENERAL_CONTRACTOR","no_results",0,"sec_results/REND_ENTERPRISES_AND_GENERAL_CONTRACTOR.txt"
"BEEROCK_ENTERPRISES_INCORPORATED","success",1,"sec_results/BEEROCK_ENTERPRISES_INCORPORATED.txt"
"S.B._SORIANO_CONSTRUCTION","no_results",0,"sec_results/S.B._SORIANO_CONSTRUCTION.txt"
"TRYST_BUILDERS_ENTERPRISES","no_results",0,"sec_results/TRYST_BUILDERS_ENTERPRISES.txt"
"RC_CONSTRUCTION_REALTY","success",10,"sec_results/RC_CONSTRUCTION_REALTY.txt"
"JAY_MAR_ENTERPRISES","no_results",0,"sec_results/JAY_MAR_ENTERPRISES.txt"
"SAIMAN_CONSTRUCTION_DEVELOPMENT","no_results",0,"sec_results/SAIMAN_CONSTRUCTION_DEVELOPMENT.txt"
"ABAYCER_CONSTRUCTION_SUPPLIES_AND_GENERAL_MERCHANDISE","no_results",0,"sec_results/ABAYCER_CONSTRUCTION_SUPPLIES_AND_GENERAL_MERCHANDISE.txt"
"BTM_CONSTRUCTION_&_ENTERPRISES","no_results",0,"sec_results/BTM_CONSTRUCTION_&_ENTERPRISES.txt"
"CS_CONSTRUCTION_AND_SUPPLY_GIBUILD_DEVELOPMENT_CORP","no_results",0,"sec_results/CS_CONSTRUCTION_AND_SUPPLY_GIBUILD_DEVELOPMENT_CORP.txt"
"SUNRISE_BUILDERS","success",4,"sec_results/SUNRISE_BUILDERS.txt"
"MARCANT_CONSTRUCTION_&_SUPPLY","no_results",0,"sec_results/MARCANT_CONSTRUCTION_&_SUPPLY.txt"
"BRPRIME_CONSTRUCTION_SUPPLIES","no_results",0,"sec_results/BRPRIME_CONSTRUCTION_SUPPLIES.txt"
"CHAO-MING_CONSTRUCTION_SERVICES","no_results",0,"sec_results/CHAO-MING_CONSTRUCTION_SERVICES.txt"
"SIXTEEN_ENTERPRISES-CALAPAN_BRANCH","no_results",0,"sec_results/SIXTEEN_ENTERPRISES-CALAPAN_BRANCH.txt"
"WINCES_CONSTRUCTION_AND_SUPPLY","no_results",0,"sec_results/WINCES_CONSTRUCTION_AND_SUPPLY.txt"
"DN'D_CONSTRUCTION_&_DEVELOPMENT","success",10,"sec_results/DN'D_CONSTRUCTION_&_DEVELOPMENT.txt"
"TEDDIE_CONSTRUCTION_DEVELOPMENT_INCORPORATION","no_results",0,"sec_results/TEDDIE_CONSTRUCTION_DEVELOPMENT_INCORPORATION.txt"
"CMG_JR_BUILDERS","no_results",0,"sec_results/CMG_JR_BUILDERS.txt"
"TIMBERLANDS_CONSTRUCTION","no_results",0,"sec_results/TIMBERLANDS_CONSTRUCTION.txt"
"ALMS_GENERAL_MERCHANDISE","success",1,"sec_results/ALMS_GENERAL_MERCHANDISE.txt"
"QUASAR_CONSTRUCTION_AND_SUPPLY","no_results",0,"sec_results/QUASAR_CONSTRUCTION_AND_SUPPLY.txt"
"DOM'S_HARDWARE_&_CONSTRUCTION_SUPPLY","no_results",0,"sec_results/DOM'S_HARDWARE_&_CONSTRUCTION_SUPPLY.txt"
"747_BUILDERS_TRADERS_INC","success",1,"sec_results/747_BUILDERS_TRADERS_INC.txt"
"HILONGOS_PACIFIC_GENERAL_MERCHANDISE","no_results",0,"sec_results/HILONGOS_PACIFIC_GENERAL_MERCHANDISE.txt"
"729_CONSTRUCTION_INC","success",1,"sec_results/729_CONSTRUCTION_INC.txt"
"E_F_CHUA_CONSTRUCTION_INC","success",2,"sec_results/E_F_CHUA_CONSTRUCTION_INC.txt"
"TRIDENT_PEAKS_BUILDERS_&_SERVICES_INC.","success",1,"sec_results/TRIDENT_PEAKS_BUILDERS_&_SERVICES_INC..txt"
"RRC_CO_INC","success",1,"sec_results/RRC_CO_INC.txt"
"MILESTONE_888_CONSTRUCTION_INC.","success",1,"sec_results/MILESTONE_888_CONSTRUCTION_INC..txt"
"JALENZ_CONSTRUCTION","no_results",0,"sec_results/JALENZ_CONSTRUCTION.txt"
"H.D._DE_CASTRO_CONSTRUCTION","success",4,"sec_results/H.D._DE_CASTRO_CONSTRUCTION.txt"
"RUDHIL_CONSTRUCTION_&AMP;_ENTERPRISES,_INC","no_results",0,"sec_results/RUDHIL_CONSTRUCTION_&AMP;_ENTERPRISES,_INC.txt"
"SISBRO_CONSTRUCTION_CORPORATION","no_results",0,"sec_results/SISBRO_CONSTRUCTION_CORPORATION.txt"
"GERRA_CONSTRUCTION_JOHN_DEE_B_BUSTAMANTE_CONSTRUCTION","no_results",0,"sec_results/GERRA_CONSTRUCTION_JOHN_DEE_B_BUSTAMANTE_CONSTRUCTION.txt"
"D.G.O._CONSTRUCTION","success",10,"sec_results/D.G.O._CONSTRUCTION.txt"
"J_G_MENDOZA_BUILDERS","success",4,"sec_results/J_G_MENDOZA_BUILDERS.txt"
"MJMARI_BUILDERS_AND_DEVELOPMENT_CORPORATION_(FORMERLY:_MJMARI_BUILDERS_AND_ENTERPRISES)","no_results",0,"sec_results/MJMARI_BUILDERS_AND_DEVELOPMENT_CORPORATION_(FORMERLY:_MJMARI_BUILDERS_AND_ENTERPRISES).txt"
"N._SALES_CONSTRUCTION","no_results",0,"sec_results/N._SALES_CONSTRUCTION.txt"
"BUILDZONE_CONSTRUCTION_AND_SUPPLY","no_results",0,"sec_results/BUILDZONE_CONSTRUCTION_AND_SUPPLY.txt"
"LAICAN_ENTERPRISES,_INC","no_results",0,"sec_results/LAICAN_ENTERPRISES,_INC.txt"
"1FC_DIZON_CORP_","success",1,"sec_results/1FC_DIZON_CORP_.txt"
"UY_CONSTRUCTION_&","no_results",0,"sec_results/UY_CONSTRUCTION_&.txt"
"LOVE_YOUNG_CONSTRUCTION_SERVICES","no_results",0,"sec_results/LOVE_YOUNG_CONSTRUCTION_SERVICES.txt"
"J.L._MALECDAN_CONSTRUCTION","no_results",0,"sec_results/J.L._MALECDAN_CONSTRUCTION.txt"
"RAMTER_ENTERPRISE_AND_CONSTRUCTION","no_results",0,"sec_results/RAMTER_ENTERPRISE_AND_CONSTRUCTION.txt"
"ILOILO_CITY_HARDWARE_INC","no_results",0,"sec_results/ILOILO_CITY_HARDWARE_INC.txt"
"CEBU_7H_TECHNOCHEM_INDUSTRIES,_INC.","success",1,"sec_results/CEBU_7H_TECHNOCHEM_INDUSTRIES,_INC..txt"
"CPAN_ENGINEERING_AND_ENT","no_results",0,"sec_results/CPAN_ENGINEERING_AND_ENT.txt"
"MONOLITHIC_CONSTRUCTION_CONCRETE_PRODUCTS_INC","no_results",0,"sec_results/MONOLITHIC_CONSTRUCTION_CONCRETE_PRODUCTS_INC.txt"
"UNIVERSAL_DE_LEON_CONSTRUCTION_AND_AGGREGATES","no_results",0,"sec_results/UNIVERSAL_DE_LEON_CONSTRUCTION_AND_AGGREGATES.txt"
"A.B._TAYLAN_CONST._&_DEVT._(FORMERLY:_ADSM_CONST.)","no_results",0,"sec_results/A.B._TAYLAN_CONST._&_DEVT._(FORMERLY:_ADSM_CONST.).txt"
"G.A.C._CONSTRUCTION","no_results",0,"sec_results/G.A.C._CONSTRUCTION.txt"
"FAV_CONSTRUCTION_AND_SUPPLY","no_results",0,"sec_results/FAV_CONSTRUCTION_AND_SUPPLY.txt"
"R.G._FLORENTINO_CONST._&_TRADING_INC.","no_results",0,"sec_results/R.G._FLORENTINO_CONST._&_TRADING_INC..txt"
"A_M_P_CONSTRUCTION_IJK_MAE_CONSTRUCTION_INC","no_results",0,"sec_results/A_M_P_CONSTRUCTION_IJK_MAE_CONSTRUCTION_INC.txt"
"INNOVATI_CONSTRUCTION_&_DEVELOPMENT_CORPORATION","no_results",0,"sec_results/INNOVATI_CONSTRUCTION_&_DEVELOPMENT_CORPORATION.txt"
"I_&_E_CONSTRUCTION_CORPORATION","no_results",0,"sec_results/I_&_E_CONSTRUCTION_CORPORATION.txt"
"DELOUKRIS_BUILDERS","no_results",0,"sec_results/DELOUKRIS_BUILDERS.txt"
"NUMERICAL_GATE_CONSTRUCTION_AND_SUPPLY_CORP","no_results",0,"sec_results/NUMERICAL_GATE_CONSTRUCTION_AND_SUPPLY_CORP.txt"
"JTC_CRUZ_CONSTRUCTION_CO.,_INC.","success",1,"sec_results/JTC_CRUZ_CONSTRUCTION_CO.,_INC..txt"
"EDCELCON_CONSTRUCTION_INC.","success",1,"sec_results/EDCELCON_CONSTRUCTION_INC..txt"
"3-L_CONSTRUCTION","no_results",0,"sec_results/3-L_CONSTRUCTION.txt"
"AFC_BUILDERS","no_results",0,"sec_results/AFC_BUILDERS.txt"
"RELY_CONSTRUCTION_AND_SUPPLY","success",1,"sec_results/RELY_CONSTRUCTION_AND_SUPPLY.txt"
"PRIME_MASTER_CONST._AND_DEV'T._CORP.","success",1,"sec_results/PRIME_MASTER_CONST._AND_DEV'T._CORP..txt"
"T._SOLOMON_CONSTRUCTION_AND_DEVELOPMENT_CORPORATIO","no_results",0,"sec_results/T._SOLOMON_CONSTRUCTION_AND_DEVELOPMENT_CORPORATIO.txt"
"EQUALYZ_TRADING","success",1,"sec_results/EQUALYZ_TRADING.txt"
"TOKWING_CONSTRUCTION,_CORP.(FOR;_TOKWING_CONSTRUC","no_results",0,"sec_results/TOKWING_CONSTRUCTION,_CORP.(FOR;_TOKWING_CONSTRUC.txt"
"DINAH_RBS_CONSTRUCTION_AND_SUPPLY_INCORPORATED","success",1,"sec_results/DINAH_RBS_CONSTRUCTION_AND_SUPPLY_INCORPORATED.txt"
"FNTC_CONSTRUCTION","no_results",0,"sec_results/FNTC_CONSTRUCTION.txt"
"T._A._D._CONSTRUCTION","no_results",0,"sec_results/T._A._D._CONSTRUCTION.txt"
"HI-DENSITY_INTERNATIONAL_CONSTRUCTION","no_results",0,"sec_results/HI-DENSITY_INTERNATIONAL_CONSTRUCTION.txt"
"ONE_MYRNA_CONSTRUCTION_&_SUPPLY","no_results",0,"sec_results/ONE_MYRNA_CONSTRUCTION_&_SUPPLY.txt"
"EBJR_CONSTRUCTION","no_results",0,"sec_results/EBJR_CONSTRUCTION.txt"
"E_E_CONSTRUCTION","success",10,"sec_results/E_E_CONSTRUCTION.txt"
"L.A._CLAMOR_CONSTRUCTION","no_results",0,"sec_results/L.A._CLAMOR_CONSTRUCTION.txt"
"JC_ALBASON_BUILDERS_AND_SUPPLY","no_results",0,"sec_results/JC_ALBASON_BUILDERS_AND_SUPPLY.txt"
"G_M_PAJARILLAGA_CONSTRUCTION","no_results",0,"sec_results/G_M_PAJARILLAGA_CONSTRUCTION.txt"
"A.Y.U._ENGINEERING_&_CONSTRUCTION","success",10,"sec_results/A.Y.U._ENGINEERING_&_CONSTRUCTION.txt"
"ZMS_CONST_DEV_CORP","success",1,"sec_results/ZMS_CONST_DEV_CORP.txt"
"LACUATA_HARDWARE_AND_CONSTRUCTION_SUPPLY","no_results",0,"sec_results/LACUATA_HARDWARE_AND_CONSTRUCTION_SUPPLY.txt"
"UBS_UNITED_BUILDERS_AND_SUPPLY_INC.","no_results",0,"sec_results/UBS_UNITED_BUILDERS_AND_SUPPLY_INC..txt"
"DPV_BUILDERS_AND_CONSTRUCTION_SUPPLY","no_results",0,"sec_results/DPV_BUILDERS_AND_CONSTRUCTION_SUPPLY.txt"
"BILL_CONSTRUCTION","no_results",0,"sec_results/BILL_CONSTRUCTION.txt"
"VHT_CAGAYAN_BUILDERS_CORPORATION","no_results",0,"sec_results/VHT_CAGAYAN_BUILDERS_CORPORATION.txt"
"COLBY_CONSTRUCTION","success",3,"sec_results/COLBY_CONSTRUCTION.txt"
"HENSO_CONSTRUCTION_INC.","success",1,"sec_results/HENSO_CONSTRUCTION_INC..txt"
"CARESYSTEM_TECHNOLOGY_SOLUTION_CO_INC","success",1,"sec_results/CARESYSTEM_TECHNOLOGY_SOLUTION_CO_INC.txt"
"S_ANG_CONSTRUCTION_AND_GENERAL_TRADING_INC","no_results",0,"sec_results/S_ANG_CONSTRUCTION_AND_GENERAL_TRADING_INC.txt"
"KYLE_CONSTRUCTION_SERVICES","no_results",0,"sec_results/KYLE_CONSTRUCTION_SERVICES.txt"
"BMJ_BUILDERS","success",1,"sec_results/BMJ_BUILDERS.txt"
"ARN_BUILDERS","success",1,"sec_results/ARN_BUILDERS.txt"
"SYNDTITE_CONSTRUCTION_CORPORATION_(FORMERLY:_R.C._TAGALA_CONSTRUCTION)","no_results",0,"sec_results/SYNDTITE_CONSTRUCTION_CORPORATION_(FORMERLY:_R.C._TAGALA_CONSTRUCTION).txt"
"RCDS_CONSTRUCTION_AND_SUPPLY_INC","no_results",0,"sec_results/RCDS_CONSTRUCTION_AND_SUPPLY_INC.txt"
"ASIA_STRUCTURAL_DEVELOPER_CORPORATION","no_results",0,"sec_results/ASIA_STRUCTURAL_DEVELOPER_CORPORATION.txt"
"ALBERTO_UY_CONSTRUCTION_&_DEVELOPMENT","no_results",0,"sec_results/ALBERTO_UY_CONSTRUCTION_&_DEVELOPMENT.txt"
"DL_ENTERPRISES","success",10,"sec_results/DL_ENTERPRISES.txt"
"LECAR_BUILDERS","no_results",0,"sec_results/LECAR_BUILDERS.txt"
"SOPHIA_GEU_CONSTRUCTION_AND_SUPPLY_CORPORATION_(FORMERLY:SOPHIA_CONSTRUCTION_AND_SUPPLY)","no_results",0,"sec_results/SOPHIA_GEU_CONSTRUCTION_AND_SUPPLY_CORPORATION_(FORMERLY:SOPHIA_CONSTRUCTION_AND_SUPPLY).txt"
"MAR_DEB_CONSTRUCTION_DEVELOPMENT_CORP","success",1,"sec_results/MAR_DEB_CONSTRUCTION_DEVELOPMENT_CORP.txt"
"ZI_9_BUILDERS_AND_SUPPLIES","no_results",0,"sec_results/ZI_9_BUILDERS_AND_SUPPLIES.txt"
"3CSL_CONSTRUCTION_AND_SUPPLY","no_results",0,"sec_results/3CSL_CONSTRUCTION_AND_SUPPLY.txt"
"R.D._TALENS_CONSTRUCTION_AND_TRADING","no_results",0,"sec_results/R.D._TALENS_CONSTRUCTION_AND_TRADING.txt"
"RJR'S_GENERAL_MERCHANDIZE","no_results",0,"sec_results/RJR'S_GENERAL_MERCHANDIZE.txt"
"ROCK_WBL_CONSTRUCTION_CORP","success",1,"sec_results/ROCK_WBL_CONSTRUCTION_CORP.txt"
"DRDB_CONSTRUCTION","no_results",0,"sec_results/DRDB_CONSTRUCTION.txt"
"BIG_BERTHA_CONSTRUCTION_&_DEVELOPMENT","no_results",0,"sec_results/BIG_BERTHA_CONSTRUCTION_&_DEVELOPMENT.txt"
"DS_PAMINTUAN_CONSTRUCTION","no_results",0,"sec_results/DS_PAMINTUAN_CONSTRUCTION.txt"
"DREIRICH_BUILDERS","no_results",0,"sec_results/DREIRICH_BUILDERS.txt"
"MAK-WELL_ENTERPRISES","no_results",0,"sec_results/MAK-WELL_ENTERPRISES.txt"
"MS_RAMOS_CONSTRUCTION_INC","success",3,"sec_results/MS_RAMOS_CONSTRUCTION_INC.txt"
"GKMM_CONSTRUCTION_&_SUPPLIES","success",1,"sec_results/GKMM_CONSTRUCTION_&_SUPPLIES.txt"
"N._PACER_HARDWARE_AND_CONSTRUCTION_SERVICES_(FORMERLY:_N._PACER_CONSTRUCTION)","no_results",0,"sec_results/N._PACER_HARDWARE_AND_CONSTRUCTION_SERVICES_(FORMERLY:_N._PACER_CONSTRUCTION).txt"
"RCEL_GENERAL_CONTRACTOR_GENERAL_MERCHANDISE","no_results",0,"sec_results/RCEL_GENERAL_CONTRACTOR_GENERAL_MERCHANDISE.txt"
"RA_PAHATI_CONST_SUPPLY","no_results",0,"sec_results/RA_PAHATI_CONST_SUPPLY.txt"
"ROSAND_BUILDERS_CORPORATION_(FORMERLY:_ROSAND_BUILDERS)","no_results",0,"sec_results/ROSAND_BUILDERS_CORPORATION_(FORMERLY:_ROSAND_BUILDERS).txt"
"J.P._ESPIRITU_CONSTRUCTION_SERVICES_AND_SUPPLY","no_results",0,"sec_results/J.P._ESPIRITU_CONSTRUCTION_SERVICES_AND_SUPPLY.txt"
"CAMORI_BUILDERS_SUPPLY","no_results",0,"sec_results/CAMORI_BUILDERS_SUPPLY.txt"
"BAMM_BUSINESS_VENTURES_INC","success",1,"sec_results/BAMM_BUSINESS_VENTURES_INC.txt"
"FAIRCHILD_BUILDERS_&_DEVELOPERS,_INC.","no_results",0,"sec_results/FAIRCHILD_BUILDERS_&_DEVELOPERS,_INC..txt"
"J_M_DAPING_CONSTRUCTION_SERVICES","no_results",0,"sec_results/J_M_DAPING_CONSTRUCTION_SERVICES.txt"
"ROJAYME_CONSTRUCTION_SERVICES","no_results",0,"sec_results/ROJAYME_CONSTRUCTION_SERVICES.txt"
"JM_COLLERA_KONSTRACT","no_results",0,"sec_results/JM_COLLERA_KONSTRACT.txt"
"MAHAYAHAY_MULTI_PURPOSE_COOPERATIVE","no_results",0,"sec_results/MAHAYAHAY_MULTI_PURPOSE_COOPERATIVE.txt"
"JEJAN_CONSTRUCT","no_results",0,"sec_results/JEJAN_CONSTRUCT.txt"
"JSY_CONSTRUCTION","success",1,"sec_results/JSY_CONSTRUCTION.txt"
"R.D._SADSAD_CONSTRUCTION_&_TRADING","no_results",0,"sec_results/R.D._SADSAD_CONSTRUCTION_&_TRADING.txt"
"PD_FELICIANO_CONSTRUCTION_SERVICES","no_results",0,"sec_results/PD_FELICIANO_CONSTRUCTION_SERVICES.txt"
"JMD_68_BUILDERS","no_results",0,"sec_results/JMD_68_BUILDERS.txt"
"NES_SAN_BUILDERS","no_results",0,"sec_results/NES_SAN_BUILDERS.txt"
"11_DIAMOND_EAGLE_CONSTRUCTION","success",1,"sec_results/11_DIAMOND_EAGLE_CONSTRUCTION.txt"
"CATTECORYLL_CONSTRUCTION_&_TRADING_CORP","success",1,"sec_results/CATTECORYLL_CONSTRUCTION_&_TRADING_CORP.txt"
"CHRIZMARIE_BUILDERS","success",1,"sec_results/CHRIZMARIE_BUILDERS.txt"
"CELJEM_CONSTRUCTION","success",1,"sec_results/CELJEM_CONSTRUCTION.txt"
"MALTA_CONSTRUCTION_AND_SUPPLY","no_results",0,"sec_results/MALTA_CONSTRUCTION_AND_SUPPLY.txt"
"POLYMER_VIC_CONSTRUCTION","success",1,"sec_results/POLYMER_VIC_CONSTRUCTION.txt"
"ROCKSTEEL_CONSTRUCTION_AND_DEVT_CORPORATION","no_results",0,"sec_results/ROCKSTEEL_CONSTRUCTION_AND_DEVT_CORPORATION.txt"
"CHARLZ_CONSTRUCTION_INC","success",1,"sec_results/CHARLZ_CONSTRUCTION_INC.txt"
"HOMEWORLD_CONSTRUCTION_CORP_FORMERLY_HOMEWORLD_E","no_results",0,"sec_results/HOMEWORLD_CONSTRUCTION_CORP_FORMERLY_HOMEWORLD_E.txt"
"JMARC-Q_CONSTRUCTION_AND_SUPPLY","no_results",0,"sec_results/JMARC-Q_CONSTRUCTION_AND_SUPPLY.txt"
"SDB_STEELSTRUCT_BUILDERS_ENTERPRISES","no_results",0,"sec_results/SDB_STEELSTRUCT_BUILDERS_ENTERPRISES.txt"
"LJPM_BUILDERS_CONST_SUPPLY","no_results",0,"sec_results/LJPM_BUILDERS_CONST_SUPPLY.txt"
"LANUZO'S_CONSTRUCTION_AND_SUPPLY","no_results",0,"sec_results/LANUZO'S_CONSTRUCTION_AND_SUPPLY.txt"
"EJ_CANTORIA_CONSTRUCTION","no_results",0,"sec_results/EJ_CANTORIA_CONSTRUCTION.txt"
"FROMARC_BUILDERS_GEN_MERCHANDISE","no_results",0,"sec_results/FROMARC_BUILDERS_GEN_MERCHANDISE.txt"
"JORMAND_CONSTRUCTION_&_SUPPLY","no_results",0,"sec_results/JORMAND_CONSTRUCTION_&_SUPPLY.txt"
"MJR_CONSTRUCTION_FIRM_AND_GENERAL_MAINTENANCE,_OPC","success",1,"sec_results/MJR_CONSTRUCTION_FIRM_AND_GENERAL_MAINTENANCE,_OPC.txt"
"MARCUS_CONSTRUCTION_SUPPLY","no_results",0,"sec_results/MARCUS_CONSTRUCTION_SUPPLY.txt"
"CLIFF_CONSTRUCTION_AGGREGATES","no_results",0,"sec_results/CLIFF_CONSTRUCTION_AGGREGATES.txt"
"EL_KAPITAN_CONSTRUCTION_SERVICES","no_results",0,"sec_results/EL_KAPITAN_CONSTRUCTION_SERVICES.txt"
"ASCENTIA_CONSTRUCTION_INCORPORATED","no_results",0,"sec_results/ASCENTIA_CONSTRUCTION_INCORPORATED.txt"
"FJ_MIRANDA_CONSTRUCTION","no_results",0,"sec_results/FJ_MIRANDA_CONSTRUCTION.txt"
"ZUIDEN_BUILDERS_INC","no_results",0,"sec_results/ZUIDEN_BUILDERS_INC.txt"
"KENWOOD_CONSTRUCTION_ENTERPRISES","success",1,"sec_results/KENWOOD_CONSTRUCTION_ENTERPRISES.txt"
"NIECER_TRADING_AND_BUILDER_COMPANY_INC.","success",1,"sec_results/NIECER_TRADING_AND_BUILDER_COMPANY_INC..txt"
"MT_GUITING_GUITING_CONST","no_results",0,"sec_results/MT_GUITING_GUITING_CONST.txt"
"CHELSJOSH_CONSTRUCTION","no_results",0,"sec_results/CHELSJOSH_CONSTRUCTION.txt"
"MIGHTY_HOK_SUMMIT_CONSTRUCTION__DEVELOPMENT_CORP","success",1,"sec_results/MIGHTY_HOK_SUMMIT_CONSTRUCTION__DEVELOPMENT_CORP.txt"
"PARTIDO_CONSTRUCTION_&_SUPPLY","no_results",0,"sec_results/PARTIDO_CONSTRUCTION_&_SUPPLY.txt"
"ACTSBUILT_CONST_SUPPLY_CORPORATION","success",1,"sec_results/ACTSBUILT_CONST_SUPPLY_CORPORATION.txt"
"DATREBIL_CONSTRUCTION","no_results",0,"sec_results/DATREBIL_CONSTRUCTION.txt"
"YBK_CONSTRUCTION","no_results",0,"sec_results/YBK_CONSTRUCTION.txt"
"JEROS_COSTRUCTION_&_SUPPLY","no_results",0,"sec_results/JEROS_COSTRUCTION_&_SUPPLY.txt"
"JH_CONSTRUCTION_INC","no_results",0,"sec_results/JH_CONSTRUCTION_INC.txt"
"E._F._CHUA_CONSTRUCTION,_INC.","success",2,"sec_results/E._F._CHUA_CONSTRUCTION,_INC..txt"
"MORTAR_MASTERS_&_CONCRETE_BUILDERS","no_results",0,"sec_results/MORTAR_MASTERS_&_CONCRETE_BUILDERS.txt"
"WORLDWIDE_BUILDERS","success",1,"sec_results/WORLDWIDE_BUILDERS.txt"
"DJCM_CONSTRUCTION","success",1,"sec_results/DJCM_CONSTRUCTION.txt"
"AZARRAGA_CONSTRUCTION","no_results",0,"sec_results/AZARRAGA_CONSTRUCTION.txt"
"121_CONSTRUCTION_CORPORATION_(FORMERLY_121_CONSTUC","no_results",0,"sec_results/121_CONSTRUCTION_CORPORATION_(FORMERLY_121_CONSTUC.txt"
"MK_CONSTRUCTION","no_results",0,"sec_results/MK_CONSTRUCTION.txt"
"FLORDES_CONSTRUCTION__TRADING_CORP","no_results",0,"sec_results/FLORDES_CONSTRUCTION__TRADING_CORP.txt"
"B_VICENCIO_BUILDERS_INC","no_results",0,"sec_results/B_VICENCIO_BUILDERS_INC.txt"
"N.C._AGUILAR_CONST._&_SUPPLY_INC","no_results",0,"sec_results/N.C._AGUILAR_CONST._&_SUPPLY_INC.txt"
"MG_SALAZAR_CONSTRUCTION_CORP","no_results",0,"sec_results/MG_SALAZAR_CONSTRUCTION_CORP.txt"
"GO_SOLID_BUILDERS_INC","success",1,"sec_results/GO_SOLID_BUILDERS_INC.txt"
"ECOMIXED_CONSTRUCTION_AND_DEVELOPMENT_CORPORATION","success",1,"sec_results/ECOMIXED_CONSTRUCTION_AND_DEVELOPMENT_CORPORATION.txt"
"GENESIS88_CONSTRUCTION_INC.","success",1,"sec_results/GENESIS88_CONSTRUCTION_INC..txt"
"ANGKAT_CONSTRUCTION_AND_SUPPLIES","no_results",0,"sec_results/ANGKAT_CONSTRUCTION_AND_SUPPLIES.txt"
"NBL_CONSTRUCTION","no_results",0,"sec_results/NBL_CONSTRUCTION.txt"
"BOAZ_AND_JACHIN_CONSTRUCTION_SUPPLY_AND_SERVICES","no_results",0,"sec_results/BOAZ_AND_JACHIN_CONSTRUCTION_SUPPLY_AND_SERVICES.txt"
"ADDED_CONSTRUCTION_SERVICES","no_results",0,"sec_results/ADDED_CONSTRUCTION_SERVICES.txt"
"UY_CONDEV_CORPORATION","success",4,"sec_results/UY_CONDEV_CORPORATION.txt"
"D_B_RAVELO_CONSTRUCTION_SUPPLY_RELY_CONSTRUCTION_SUPPLY_INC_FORMERLY_RELY_CONSTRUCTION_AND_SUPPLY","no_results",0,"sec_results/D_B_RAVELO_CONSTRUCTION_SUPPLY_RELY_CONSTRUCTION_SUPPLY_INC_FORMERLY_RELY_CONSTRUCTION_AND_SUPPLY.txt"
"RJLP_CONSTRUCTION_AND_SUPPLIES","no_results",0,"sec_results/RJLP_CONSTRUCTION_AND_SUPPLIES.txt"
"JASMIG_CONSTRUCTION_CORPORATION_(FORMERLY:_JASMIG_CONSTRUCTION_SUPPLY)","no_results",0,"sec_results/JASMIG_CONSTRUCTION_CORPORATION_(FORMERLY:_JASMIG_CONSTRUCTION_SUPPLY).txt"
"ESR_CONSTRUCTION_AND_DEVELOPMENT_CORPORATION_(FORMERLY:_ESR_CONSTRUCTION_&_SUPPLIES)","no_results",0,"sec_results/ESR_CONSTRUCTION_AND_DEVELOPMENT_CORPORATION_(FORMERLY:_ESR_CONSTRUCTION_&_SUPPLIES).txt"
"KAUIE_BUILDERS_&_SUPPLIES_INC._(FORMERLY:_KAUIE_BUILDERS_AND_CONSTRUCTION_SUPPLIES)","no_results",0,"sec_results/KAUIE_BUILDERS_&_SUPPLIES_INC._(FORMERLY:_KAUIE_BUILDERS_AND_CONSTRUCTION_SUPPLIES).txt"
"RPV_RED_MOUNTAIN_KONSTRUCT,_INC","no_results",0,"sec_results/RPV_RED_MOUNTAIN_KONSTRUCT,_INC.txt"
"YOYEN_ENTERPRISES","no_results",0,"sec_results/YOYEN_ENTERPRISES.txt"
"LONG_ISLAND_BUILDERS_CONSTRUCTION","no_results",0,"sec_results/LONG_ISLAND_BUILDERS_CONSTRUCTION.txt"
"C.D.J._BUILDERS_&_CONSTRUCTION_SUPPLIES","success",10,"sec_results/C.D.J._BUILDERS_&_CONSTRUCTION_SUPPLIES.txt"
"F_GURREA_CONSTRUCTION_INCORPORATED","success",1,"sec_results/F_GURREA_CONSTRUCTION_INCORPORATED.txt"
"G._UY_CONSTRUCTION","no_results",0,"sec_results/G._UY_CONSTRUCTION.txt"
"RRC_CO._INC._(FORMERLY:_R_R_C_CONSTRUCTION)","no_results",0,"sec_results/RRC_CO._INC._(FORMERLY:_R_R_C_CONSTRUCTION).txt"
"JTC_CRUZ_CONSTRUCTION_CO_INC","no_results",0,"sec_results/JTC_CRUZ_CONSTRUCTION_CO_INC.txt"
"LARSEN-DUTCHER_CONSTRACTOR_CORPORATION_(FORMERLY:LARSEN-DUTCHER_CONSTRACTOR)","no_results",0,"sec_results/LARSEN-DUTCHER_CONSTRACTOR_CORPORATION_(FORMERLY:LARSEN-DUTCHER_CONSTRACTOR).txt"
"SANTECH__BUILDERS_CORPORATION","success",1,"sec_results/SANTECH__BUILDERS_CORPORATION.txt"
"JAM-C_BUILDERS","no_results",0,"sec_results/JAM-C_BUILDERS.txt"
"BCG_DESIGN_AND_CONSTRUCTION","no_results",0,"sec_results/BCG_DESIGN_AND_CONSTRUCTION.txt"
"VESA_ENGINEERING_AND_CONSTRUCTION","no_results",0,"sec_results/VESA_ENGINEERING_AND_CONSTRUCTION.txt"
"BUILDHAUS_CENTRE_INC","success",1,"sec_results/BUILDHAUS_CENTRE_INC.txt"
"PASTRANA_CONSTRUCTION_&_SUPPLIES","no_results",0,"sec_results/PASTRANA_CONSTRUCTION_&_SUPPLIES.txt"
"22_PRIME_CONSTRUCTION","success",10,"sec_results/22_PRIME_CONSTRUCTION.txt"
"MORTAR_MASTERS_AND_CONCRETE_BUILDERS","no_results",0,"sec_results/MORTAR_MASTERS_AND_CONCRETE_BUILDERS.txt"
"ELDICO_BUILDERS","no_results",0,"sec_results/ELDICO_BUILDERS.txt"
"BOOMETRIX_DEVELOPMENT_CORP","success",1,"sec_results/BOOMETRIX_DEVELOPMENT_CORP.txt"
"GVN_BUILDERS","no_results",0,"sec_results/GVN_BUILDERS.txt"
"DAVE_CONSTRUCTION","no_results",0,"sec_results/DAVE_CONSTRUCTION.txt"
"CAAB_DEVELOPMENT_CORP","success",4,"sec_results/CAAB_DEVELOPMENT_CORP.txt"
"FAIRCHILD_BUILDERS_&_DEVELOPERS,_INC","no_results",0,"sec_results/FAIRCHILD_BUILDERS_&_DEVELOPERS,_INC.txt"
"RAMARPLUS_INCORPORATED_(FORMERLY_RAMAR_ENTERPRISES","no_results",0,"sec_results/RAMARPLUS_INCORPORATED_(FORMERLY_RAMAR_ENTERPRISES.txt"
"FNS_BUILDERS_&_ENTERPRISE","no_results",0,"sec_results/FNS_BUILDERS_&_ENTERPRISE.txt"
"NRMM_CONSTRUCTION_AND_DEV'T_CORP.","success",1,"sec_results/NRMM_CONSTRUCTION_AND_DEV'T_CORP..txt"
"DOMERALD_CONSTRUCTION_AND_SUPPLY","no_results",0,"sec_results/DOMERALD_CONSTRUCTION_AND_SUPPLY.txt"
"BAO-IDANG_CONSTRUCTION","no_results",0,"sec_results/BAO-IDANG_CONSTRUCTION.txt"
"ASTRO_BUILDERS_AND_CONSTRUCTION_RESOURCES_INC","success",1,"sec_results/ASTRO_BUILDERS_AND_CONSTRUCTION_RESOURCES_INC.txt"
"816_EMBER_CONSTRUCTION_CORPORATION","no_results",0,"sec_results/816_EMBER_CONSTRUCTION_CORPORATION.txt"
"KILUSANG_MAGKAIBIG","no_results",0,"sec_results/KILUSANG_MAGKAIBIG.txt"
"RD_SADSAD_CONSTRUCTION_AND_TRADING","no_results",0,"sec_results/RD_SADSAD_CONSTRUCTION_AND_TRADING.txt"
"BT_CONSTRUCTION_AND_GENERAL_SERVICES","success",10,"sec_results/BT_CONSTRUCTION_AND_GENERAL_SERVICES.txt"
"PALBIC_CONSTRUCTION_AND_SUPPLY","no_results",0,"sec_results/PALBIC_CONSTRUCTION_AND_SUPPLY.txt"
"JEMCO_BUILDERS_&_SUPPLY","no_results",0,"sec_results/JEMCO_BUILDERS_&_SUPPLY.txt"
"TAFT_AUTO_PARTS_AND_GENERAL_MERCHANDISE","no_results",0,"sec_results/TAFT_AUTO_PARTS_AND_GENERAL_MERCHANDISE.txt"
"WTL_CONSTRUCTION","no_results",0,"sec_results/WTL_CONSTRUCTION.txt"
"CVAP_CONSTRUCTION","no_results",0,"sec_results/CVAP_CONSTRUCTION.txt"
"SANDSTORM_CONSTRUCTION","no_results",0,"sec_results/SANDSTORM_CONSTRUCTION.txt"
"PERSAN_CONSTRUCTION_INC","success",1,"sec_results/PERSAN_CONSTRUCTION_INC.txt"
"RAM_BUILDERS","success",2,"sec_results/RAM_BUILDERS.txt"
"CELESTE_BUILDERS_&_SUPPLY","no_results",0,"sec_results/CELESTE_BUILDERS_&_SUPPLY.txt"
"A.M.P._CONSTRUCTION","no_results",0,"sec_results/A.M.P._CONSTRUCTION.txt"
"JOY-ANN_CONSTRUCTION_&_SUPPLIES","no_results",0,"sec_results/JOY-ANN_CONSTRUCTION_&_SUPPLIES.txt"
"BHENLLABIEN_BUILDERS_CORPORATION","no_results",0,"sec_results/BHENLLABIEN_BUILDERS_CORPORATION.txt"
"2H2L_CONSTRUCTION","no_results",0,"sec_results/2H2L_CONSTRUCTION.txt"
"JHJ_CONSTRUCTION","success",1,"sec_results/JHJ_CONSTRUCTION.txt"
"DICON_BUILDERS_CORP.","success",1,"sec_results/DICON_BUILDERS_CORP..txt"
"RDT_CONSTRUCTION_AND_GENERAL_MERCHANDISE","no_results",0,"sec_results/RDT_CONSTRUCTION_AND_GENERAL_MERCHANDISE.txt"
"FLORIANE_CONSTRUCTION_&_SUPPLY","no_results",0,"sec_results/FLORIANE_CONSTRUCTION_&_SUPPLY.txt"
"MIVICO_BUILDERS_&_DEVELOPERS","no_results",0,"sec_results/MIVICO_BUILDERS_&_DEVELOPERS.txt"
"LICSAL_CONSTRUCTION_CORPORATION","success",1,"sec_results/LICSAL_CONSTRUCTION_CORPORATION.txt"
"A3_CONSTRUCTION_SUPPLY","success",10,"sec_results/A3_CONSTRUCTION_SUPPLY.txt"
"V_B_MANUBAY_CONSTRUCTION","success",2,"sec_results/V_B_MANUBAY_CONSTRUCTION.txt"
"CDH_CONSTRUCTION","no_results",0,"sec_results/CDH_CONSTRUCTION.txt"
"R.F.VARQUEZ_CONSTRUCTION","no_results",0,"sec_results/R.F.VARQUEZ_CONSTRUCTION.txt"
"RF_FLORES_CONSTRUCTION","no_results",0,"sec_results/RF_FLORES_CONSTRUCTION.txt"
"JH_CONSTRUCTION_INC.","no_results",0,"sec_results/JH_CONSTRUCTION_INC..txt"
"CDC_CONSTRUCTION_&_SUPPLIES","no_results",0,"sec_results/CDC_CONSTRUCTION_&_SUPPLIES.txt"
"KLDS_TRADING_&_CONSTRUCTION","success",1,"sec_results/KLDS_TRADING_&_CONSTRUCTION.txt"
"BLUREX_CONSTRUCTION_&_SUPPLY","success",1,"sec_results/BLUREX_CONSTRUCTION_&_SUPPLY.txt"
"816_ALLEN_CONSTRUCTION_AND_DEVELOPMENT_CORPORATION","success",1,"sec_results/816_ALLEN_CONSTRUCTION_AND_DEVELOPMENT_CORPORATION.txt"
"BQPC_CORPORATION","no_results",0,"sec_results/BQPC_CORPORATION.txt"
"AJ_LAVA_BUILDERS_CORP","success",1,"sec_results/AJ_LAVA_BUILDERS_CORP.txt"
"ANIMAS_BROS_CONSTRUCTION_CORPORATION","success",1,"sec_results/ANIMAS_BROS_CONSTRUCTION_CORPORATION.txt"
"CIRCLE_Z_VENTURES_&_DEVELOPMENT_CORP.","no_results",0,"sec_results/CIRCLE_Z_VENTURES_&_DEVELOPMENT_CORP..txt"
"TALUDS_ENTERPRISES","no_results",0,"sec_results/TALUDS_ENTERPRISES.txt"
"UNIVERSAL_DE_LEON_CONSTRUCTION_&_AGGREGATES","no_results",0,"sec_results/UNIVERSAL_DE_LEON_CONSTRUCTION_&_AGGREGATES.txt"
"CAPILINIA_CONSTRUCTION_AND_TRADING_CORPORATION","success",1,"sec_results/CAPILINIA_CONSTRUCTION_AND_TRADING_CORPORATION.txt"
"LEZA_CONSTRUCTION_&_SUPPLY","no_results",0,"sec_results/LEZA_CONSTRUCTION_&_SUPPLY.txt"
"JCM_AMEG_BUILDERS_CORPORATION_(FORMERLY:_AMEG_CONSTRUCTION_&_SUPPLY)","no_results",0,"sec_results/JCM_AMEG_BUILDERS_CORPORATION_(FORMERLY:_AMEG_CONSTRUCTION_&_SUPPLY).txt"
"EDISON_C_BUILDERS","no_results",0,"sec_results/EDISON_C_BUILDERS.txt"
"NEW_FRENZEL_ENTERPRISE","no_results",0,"sec_results/NEW_FRENZEL_ENTERPRISE.txt"
"CEBU_7H_TECHNOCHEM_INDUSTRIES_INC","success",1,"sec_results/CEBU_7H_TECHNOCHEM_INDUSTRIES_INC.txt"
"NIRVANA_CONSTRUCTION_AND_SUPPLIES","no_results",0,"sec_results/NIRVANA_CONSTRUCTION_AND_SUPPLIES.txt"
"C.R._DOMINGO_CONSTRUCTION_AND_POWER_DEVELOPMENT,_INC","no_results",0,"sec_results/C.R._DOMINGO_CONSTRUCTION_AND_POWER_DEVELOPMENT,_INC.txt"
"MITCH_CONSTRUCTION_&_SUPPLY","no_results",0,"sec_results/MITCH_CONSTRUCTION_&_SUPPLY.txt"
"TOPNOTCH_CATALYST_BUILDERS_INC","no_results",0,"sec_results/TOPNOTCH_CATALYST_BUILDERS_INC.txt"
"DAVAO_CONCRETE_PRODUCTS","success",2,"sec_results/DAVAO_CONCRETE_PRODUCTS.txt"
"MEL'S_CONSTRUCTION_&_CONCRETE_PRODUCTS","no_results",0,"sec_results/MEL'S_CONSTRUCTION_&_CONCRETE_PRODUCTS.txt"
"R.B._ABITAL_CONSTRUCTION_CORP.","success",1,"sec_results/R.B._ABITAL_CONSTRUCTION_CORP..txt"
"WEARR_ENTERPRISES_DEVELOPMENT_CORPORATION","no_results",0,"sec_results/WEARR_ENTERPRISES_DEVELOPMENT_CORPORATION.txt"
"FR_ESPIRITU_BUILDERS","success",2,"sec_results/FR_ESPIRITU_BUILDERS.txt"
"METRO_GEAR_CONSTRUCTION_CORP","no_results",0,"sec_results/METRO_GEAR_CONSTRUCTION_CORP.txt"
"Y_PANTALAN_BUILDERS","no_results",0,"sec_results/Y_PANTALAN_BUILDERS.txt"
"MICKAJETTE_CONSTRUCTION_AND_TRADING","no_results",0,"sec_results/MICKAJETTE_CONSTRUCTION_AND_TRADING.txt"
"ADAD_ENGINEERING_SERVICES_SUPPLY","no_results",0,"sec_results/ADAD_ENGINEERING_SERVICES_SUPPLY.txt"
"HMM_BUILDERS","no_results",0,"sec_results/HMM_BUILDERS.txt"
"MAMA'S_BOY_CONSTRUCTION","no_results",0,"sec_results/MAMA'S_BOY_CONSTRUCTION.txt"
"ALFREGO_BUILDERS_&_SUPPLY","no_results",0,"sec_results/ALFREGO_BUILDERS_&_SUPPLY.txt"
"GENETIAN_BUILDERS_ZMS_CONST_DEV_CORP_FORMERLY_ZMS_CONSTRUCTION","success",1,"sec_results/GENETIAN_BUILDERS_ZMS_CONST_DEV_CORP_FORMERLY_ZMS_CONSTRUCTION.txt"
"TIJ_CONSTRUCTION_INC.","success",1,"sec_results/TIJ_CONSTRUCTION_INC..txt"
"ILFREO_CONSTRUCTION_TRADING_CORP","no_results",0,"sec_results/ILFREO_CONSTRUCTION_TRADING_CORP.txt"
"FULLEROS_BOTOX_BUILDERS","no_results",0,"sec_results/FULLEROS_BOTOX_BUILDERS.txt"
"J._D._MADRID_CONSTRUCTION","no_results",0,"sec_results/J._D._MADRID_CONSTRUCTION.txt"
"MJIEL_CONSTRUCTION_&_SUPPLIES","no_results",0,"sec_results/MJIEL_CONSTRUCTION_&_SUPPLIES.txt"
"NORTHPINE_CONSTRUCTION","no_results",0,"sec_results/NORTHPINE_CONSTRUCTION.txt"
"MCARV_CONSTRUCTION_SERVICES","no_results",0,"sec_results/MCARV_CONSTRUCTION_SERVICES.txt"
"MARGARITA_CONSTRUCTION","no_results",0,"sec_results/MARGARITA_CONSTRUCTION.txt"
"ZHEREB_CONSTRUCTION","no_results",0,"sec_results/ZHEREB_CONSTRUCTION.txt"
"GVDPM_CONSTRUCTION_CORP._(FORMERLY:_ZM_CONSTRUCTIO","no_results",0,"sec_results/GVDPM_CONSTRUCTION_CORP._(FORMERLY:_ZM_CONSTRUCTIO.txt"
"SOLFIO_P_JACINTO_CONSTRUCTION","success",1,"sec_results/SOLFIO_P_JACINTO_CONSTRUCTION.txt"
"LR_DE_GUZMAN_CONSTRUCTION","success",4,"sec_results/LR_DE_GUZMAN_CONSTRUCTION.txt"
"NICAP_CONSTRUCTION","no_results",0,"sec_results/NICAP_CONSTRUCTION.txt"
"R.G.TABIN_CONSTRUCTION_AND_SUPPLY","no_results",0,"sec_results/R.G.TABIN_CONSTRUCTION_AND_SUPPLY.txt"
"JB_KONSTRUKTURA_COMPANY","success",1,"sec_results/JB_KONSTRUKTURA_COMPANY.txt"
"SUPREME_BUILDERS_CONSTRUCTION_AND_TRADING","no_results",0,"sec_results/SUPREME_BUILDERS_CONSTRUCTION_AND_TRADING.txt"
"830_BUILDERS","success",1,"sec_results/830_BUILDERS.txt"
"DALANON_CONSTRUCTION__CORPORATION","success",1,"sec_results/DALANON_CONSTRUCTION__CORPORATION.txt"
"VR_PATRON_BUILDERS__DEVELOPERS_CORP","success",1,"sec_results/VR_PATRON_BUILDERS__DEVELOPERS_CORP.txt"
"M.P.Z._CARREON_BUILDERS","no_results",0,"sec_results/M.P.Z._CARREON_BUILDERS.txt"
"RED_MATRIX_BUILDERS_AND_TRADING","no_results",0,"sec_results/RED_MATRIX_BUILDERS_AND_TRADING.txt"
"BRYAN_PAUL_P._PACHECO_CONST._CORP.","success",1,"sec_results/BRYAN_PAUL_P._PACHECO_CONST._CORP..txt"
"JEJAN_CONSTRUCTION","success",1,"sec_results/JEJAN_CONSTRUCTION.txt"
"NEW_RICH_GENERAL_CONTRACTOR_SERVICES_TRADING_CO_INC","no_results",0,"sec_results/NEW_RICH_GENERAL_CONTRACTOR_SERVICES_TRADING_CO_INC.txt"
"CEM_CONSTRUCTION_INC","no_results",0,"sec_results/CEM_CONSTRUCTION_INC.txt"
"FS_CO_BUILDERS","success",10,"sec_results/FS_CO_BUILDERS.txt"
"KRB_CONSTRUCTION","no_results",0,"sec_results/KRB_CONSTRUCTION.txt"
"ATLAS_GENERAL_CONSTRUCTION_&_ENTERPRISES_CORP","no_results",0,"sec_results/ATLAS_GENERAL_CONSTRUCTION_&_ENTERPRISES_CORP.txt"
"BMK_CONSTRUCTION_CORPORATION","success",1,"sec_results/BMK_CONSTRUCTION_CORPORATION.txt"
"PPAR_ENTERPRISES_&_GENERAL_MERCHANDISE","no_results",0,"sec_results/PPAR_ENTERPRISES_&_GENERAL_MERCHANDISE.txt"
"KOMICHOV_GENERAL_CONSTRUCTION","no_results",0,"sec_results/KOMICHOV_GENERAL_CONSTRUCTION.txt"
"CDU_CONSTRUCTION","no_results",0,"sec_results/CDU_CONSTRUCTION.txt"
"5G_GALVEZ_CONSTRUCTION_AND_SUPPLY","no_results",0,"sec_results/5G_GALVEZ_CONSTRUCTION_AND_SUPPLY.txt"
"CONTE_BUILDERS_CONSTRUCTION_SUPPLY","no_results",0,"sec_results/CONTE_BUILDERS_CONSTRUCTION_SUPPLY.txt"
"ESJ_AND_SONS_CONSTRUCTION_CONSTRUCTION_SUPPLY_INC","no_results",0,"sec_results/ESJ_AND_SONS_CONSTRUCTION_CONSTRUCTION_SUPPLY_INC.txt"
"KENNETH_CONSTRUCTION_AND_GENERAL_MERCHANDISE","no_results",0,"sec_results/KENNETH_CONSTRUCTION_AND_GENERAL_MERCHANDISE.txt"
"V._TRILLANA_BUILDERS_&_TRADING","no_results",0,"sec_results/V._TRILLANA_BUILDERS_&_TRADING.txt"
"RAMONA_CONSTRUCTION_AND_ENTERPRISES","no_results",0,"sec_results/RAMONA_CONSTRUCTION_AND_ENTERPRISES.txt"
"Q_&_M_CONSTRUCTION_AND_SUPPLY","no_results",0,"sec_results/Q_&_M_CONSTRUCTION_AND_SUPPLY.txt"
"DAVAO_ROCK_MIXER_ENTERPRISES_CHARIFER_BUILDERS_INC","no_results",0,"sec_results/DAVAO_ROCK_MIXER_ENTERPRISES_CHARIFER_BUILDERS_INC.txt"
"TOPMOST_DEVELOPMENT_&_MKTG._CORP.","no_results",0,"sec_results/TOPMOST_DEVELOPMENT_&_MKTG._CORP..txt"
"888RV_CONSTRUCTION","no_results",0,"sec_results/888RV_CONSTRUCTION.txt"
"B._A._L._ENTERPRISES","no_results",0,"sec_results/B._A._L._ENTERPRISES.txt"
"ECBJ_EAST_COAST_CONSTRUCTION","no_results",0,"sec_results/ECBJ_EAST_COAST_CONSTRUCTION.txt"
"ADB_DYNAMIC_BUILDERS","no_results",0,"sec_results/ADB_DYNAMIC_BUILDERS.txt"
"AB_APONESTO_CONSTRUCTION_PARTS_AND_SUPPLY","success",1,"sec_results/AB_APONESTO_CONSTRUCTION_PARTS_AND_SUPPLY.txt"
"L.S.D._CONSTRUCTION_&_SUPPLIES","success",10,"sec_results/L.S.D._CONSTRUCTION_&_SUPPLIES.txt"
"AT_DUMLAO_CONSTRUCTION_INC","success",1,"sec_results/AT_DUMLAO_CONSTRUCTION_INC.txt"
"MDQR_CONSTRUCTION_SUPPLY","no_results",0,"sec_results/MDQR_CONSTRUCTION_SUPPLY.txt"
"F.F._GALANG_CONSTRUCTION","no_results",0,"sec_results/F.F._GALANG_CONSTRUCTION.txt"
"V._JYN_ENTERPRISES","no_results",0,"sec_results/V._JYN_ENTERPRISES.txt"
"DZEE_BUILDERS_CONSTRUCTION_SUPPLY","no_results",0,"sec_results/DZEE_BUILDERS_CONSTRUCTION_SUPPLY.txt"
"QM_BUILDERS_INC","success",1,"sec_results/QM_BUILDERS_INC.txt"
"FIRST_GRANDEUR_BUILDERS","success",1,"sec_results/FIRST_GRANDEUR_BUILDERS.txt"
"A_V_LAYNES_TRADING","no_results",0,"sec_results/A_V_LAYNES_TRADING.txt"
"BERSONS_CONSTRUCTION_TRADING","no_results",0,"sec_results/BERSONS_CONSTRUCTION_TRADING.txt"
"BENDIMIL_CONSTRUCTION_DEVELOPMENT_CORP","no_results",0,"sec_results/BENDIMIL_CONSTRUCTION_DEVELOPMENT_CORP.txt"
"A_MAQUILING_CONSTRUCTION_AND_SUPPLY","no_results",0,"sec_results/A_MAQUILING_CONSTRUCTION_AND_SUPPLY.txt"
"S_ANG_CONSTRUCTION_GENERAL_TRADING_INC","success",1,"sec_results/S_ANG_CONSTRUCTION_GENERAL_TRADING_INC.txt"
"ALBERTO_UY_CONSTRUCTION","no_results",0,"sec_results/ALBERTO_UY_CONSTRUCTION.txt"
"META_CONSTRUCTION_-_SANTIAGO_CITY","no_results",0,"sec_results/META_CONSTRUCTION_-_SANTIAGO_CITY.txt"
"AKN_CONSTRUCTION_CORPORATION","no_results",0,"sec_results/AKN_CONSTRUCTION_CORPORATION.txt"
"CHOLO_CONSTRUCTION","no_results",0,"sec_results/CHOLO_CONSTRUCTION.txt"
"GENESIS88_CONSTRUCTION_INC","no_results",0,"sec_results/GENESIS88_CONSTRUCTION_INC.txt"
"POLYMER-VIC_CONSTRUCTION","success",1,"sec_results/POLYMER-VIC_CONSTRUCTION.txt"
"ROPRIM_CONSTRUCTION_CORPORATION","success",1,"sec_results/ROPRIM_CONSTRUCTION_CORPORATION.txt"
"R.C_SIMON_CONSTRUCTION","no_results",0,"sec_results/R.C_SIMON_CONSTRUCTION.txt"
"SONNY_BOY_CONSTRUCTION","no_results",0,"sec_results/SONNY_BOY_CONSTRUCTION.txt"
"I_E_CONSTR_MOTIONTRADE_DEVELOPMENT_CORPORATION","success",1,"sec_results/I_E_CONSTR_MOTIONTRADE_DEVELOPMENT_CORPORATION.txt"
"BJMJB_CONSTRUCTION_&_SUPPLY","no_results",0,"sec_results/BJMJB_CONSTRUCTION_&_SUPPLY.txt"
"ROCKCON_BUILDERS_AND_CONSTRUCTION_SUPPLY","no_results",0,"sec_results/ROCKCON_BUILDERS_AND_CONSTRUCTION_SUPPLY.txt"
"D.B._BARAQUIEL_CONSTRUCTION","no_results",0,"sec_results/D.B._BARAQUIEL_CONSTRUCTION.txt"
"CDCC_CONSTRUCTION_AND_SUPPLY","no_results",0,"sec_results/CDCC_CONSTRUCTION_AND_SUPPLY.txt"
"IGWT_JAV_CONSTRUCTION_AMP;_DEVELOPMENT_CORPORATION","no_results",0,"sec_results/IGWT_JAV_CONSTRUCTION_AMP;_DEVELOPMENT_CORPORATION.txt"
"CREST92_CONSTRUCTION_DEVELOPMENT_CORPORATION","success",10,"sec_results/CREST92_CONSTRUCTION_DEVELOPMENT_CORPORATION.txt"
"ELITE_GENERAL_CONTRACTOR_AND_DEVELOPMENT_CORP.","success",1,"sec_results/ELITE_GENERAL_CONTRACTOR_AND_DEVELOPMENT_CORP..txt"
"M3_KONSTRACT_CORPORATION","success",3,"sec_results/M3_KONSTRACT_CORPORATION.txt"
"SILVERGRACES_CONSTRUCTION_AND_CONSTRUCTION_SUPPLY","success",1,"sec_results/SILVERGRACES_CONSTRUCTION_AND_CONSTRUCTION_SUPPLY.txt"
"MONOLITHIC_CONSTRUCTION_AND_CONCRETE_PRODUCTS_INC","success",1,"sec_results/MONOLITHIC_CONSTRUCTION_AND_CONCRETE_PRODUCTS_INC.txt"
"RIMATYRE_CONSTRUCTION_SERVICES","no_results",0,"sec_results/RIMATYRE_CONSTRUCTION_SERVICES.txt"
"R&B_LAURINE_CONSTRUCTION","no_results",0,"sec_results/R&B_LAURINE_CONSTRUCTION.txt"
"ST._JOSEPH_CONSTRUCTION_&_TRADING","no_results",0,"sec_results/ST._JOSEPH_CONSTRUCTION_&_TRADING.txt"
"ONE_NINE_ONE_TRADING","no_results",0,"sec_results/ONE_NINE_ONE_TRADING.txt"
"BORDERLINE_CONSTRUCTION_SUPPLY","no_results",0,"sec_results/BORDERLINE_CONSTRUCTION_SUPPLY.txt"
"BJMJB_CONSTRUCTION_SUPPLY","no_results",0,"sec_results/BJMJB_CONSTRUCTION_SUPPLY.txt"
"MJ_BARCELONA_CONSTRUCTION_&_SUPPLY","no_results",0,"sec_results/MJ_BARCELONA_CONSTRUCTION_&_SUPPLY.txt"
"D_M_MALIWANAG_BUILDERS","no_results",0,"sec_results/D_M_MALIWANAG_BUILDERS.txt"
"ZIRAM_BG_CONSTRUCTION_SERVICES","no_results",0,"sec_results/ZIRAM_BG_CONSTRUCTION_SERVICES.txt"
"XERSES_ENTERPRISES","no_results",0,"sec_results/XERSES_ENTERPRISES.txt"
"LILIW_MUNICIPAL_EMPLOYEES_MULTI-PURPOSE_COOPERATIVE","no_results",0,"sec_results/LILIW_MUNICIPAL_EMPLOYEES_MULTI-PURPOSE_COOPERATIVE.txt"
"OLISON_CORPORATION","success",1,"sec_results/OLISON_CORPORATION.txt"
"R_U_SANGAYAB_CONSTRUCTION","no_results",0,"sec_results/R_U_SANGAYAB_CONSTRUCTION.txt"
"DAUNGAN_CONSTRUCTION_DEV'T._&_GEN._SUPPLIES_CO.,_INC.","no_results",0,"sec_results/DAUNGAN_CONSTRUCTION_DEV'T._&_GEN._SUPPLIES_CO.,_INC..txt"
"E.E._MADAYAG_CONSTRUCTION","no_results",0,"sec_results/E.E._MADAYAG_CONSTRUCTION.txt"
"M.P._TABERAO_CONSTRUCTION_SERVICES_AND_SUPPLIES","success",10,"sec_results/M.P._TABERAO_CONSTRUCTION_SERVICES_AND_SUPPLIES.txt"
"GMP_BUILDERS","success",1,"sec_results/GMP_BUILDERS.txt"
"C.B._TAMPENGCO_CONSTRUCTION_&_SUPPLY","no_results",0,"sec_results/C.B._TAMPENGCO_CONSTRUCTION_&_SUPPLY.txt"
"WILKINSON_CONSTRUCTION","success",1,"sec_results/WILKINSON_CONSTRUCTION.txt"
"BK_SY_TU_CONSTRUCTION","no_results",0,"sec_results/BK_SY_TU_CONSTRUCTION.txt"
"8G_CONSTRUCTION_AND_GENERAL_SERVICES","success",10,"sec_results/8G_CONSTRUCTION_AND_GENERAL_SERVICES.txt"
"TADIAN_GENERAL_CONSTRUCTION","success",1,"sec_results/TADIAN_GENERAL_CONSTRUCTION.txt"
"LIBRIUS_CONSTRUCTION_&_SUPPLY_CORPORATION","success",1,"sec_results/LIBRIUS_CONSTRUCTION_&_SUPPLY_CORPORATION.txt"
"CMMJ_CONSTRUCTION","no_results",0,"sec_results/CMMJ_CONSTRUCTION.txt"
"VICTORIA_DEV'T_AND_CONST._CORP","no_results",0,"sec_results/VICTORIA_DEV'T_AND_CONST._CORP.txt"
"F_A_TORRES_CONSTRUCTION","success",7,"sec_results/F_A_TORRES_CONSTRUCTION.txt"
"JAEJR_ELECTRICAL,_CONSTRUCTION_&_SUPPLY","no_results",0,"sec_results/JAEJR_ELECTRICAL,_CONSTRUCTION_&_SUPPLY.txt"
"NIVIN_DEVELOPMENT_CONSTRUCTION_CORP.","success",1,"sec_results/NIVIN_DEVELOPMENT_CONSTRUCTION_CORP..txt"
"808_CONSTRUCTION_&_SUPPLY","no_results",0,"sec_results/808_CONSTRUCTION_&_SUPPLY.txt"
"PANTOC_HARDWARE_AND_CONSTRUCTION","no_results",0,"sec_results/PANTOC_HARDWARE_AND_CONSTRUCTION.txt"
"BETTER_WORK_CONSTRUCTION","success",1,"sec_results/BETTER_WORK_CONSTRUCTION.txt"
"E.C.V._CONSTRUCTION","no_results",0,"sec_results/E.C.V._CONSTRUCTION.txt"
"TERNARY_CONSTRUCTION_CORP","no_results",0,"sec_results/TERNARY_CONSTRUCTION_CORP.txt"
"AKC_BUILDERS","success",1,"sec_results/AKC_BUILDERS.txt"
"KIRSKAT_VENTURE","success",2,"sec_results/KIRSKAT_VENTURE.txt"
"BADOC_BUILDER_SUPPLY","no_results",0,"sec_results/BADOC_BUILDER_SUPPLY.txt"
"NANA_BUILDERS","no_results",0,"sec_results/NANA_BUILDERS.txt"
"RAPID_FOREMOST_CONST._CO","success",1,"sec_results/RAPID_FOREMOST_CONST._CO.txt"
"EMB_CONSTRUCTION_AND_SUPPLY","no_results",0,"sec_results/EMB_CONSTRUCTION_AND_SUPPLY.txt"
"MORTE_CONSTRUCTION","no_results",0,"sec_results/MORTE_CONSTRUCTION.txt"
"DAVAO_ROCK_MIXER_ENTERPRISES","no_results",0,"sec_results/DAVAO_ROCK_MIXER_ENTERPRISES.txt"
"J.S._LAYSON_&_CO._,_INC.","success",3,"sec_results/J.S._LAYSON_&_CO._,_INC..txt"
"CONRADO_B._BAUTISTA_CONST._&_SUPPLY_CORP._(FORMERL","no_results",0,"sec_results/CONRADO_B._BAUTISTA_CONST._&_SUPPLY_CORP._(FORMERL.txt"
"P.V.B._CONSTRUCTION_AND_DEVELOPMENT_CORP.","success",10,"sec_results/P.V.B._CONSTRUCTION_AND_DEVELOPMENT_CORP..txt"
"STO._CRISTO_CONSTRUCTION_&_TRADING_INC._(FOR:_STO._CRISTO_CONSTRUCTION_&_TRADING)","no_results",0,"sec_results/STO._CRISTO_CONSTRUCTION_&_TRADING_INC._(FOR:_STO._CRISTO_CONSTRUCTION_&_TRADING).txt"
"AL-NOORWAY_CORPORATION","success",1,"sec_results/AL-NOORWAY_CORPORATION.txt"
"BUILDERS_EXPONENT_EMPIRE_CORP","no_results",0,"sec_results/BUILDERS_EXPONENT_EMPIRE_CORP.txt"
"M.G.M._CONSTRUCTION","success",10,"sec_results/M.G.M._CONSTRUCTION.txt"
"M.R._VARGAS_CONSTRUCTION_CORPORATION_(FORMERLY:_M.R._VARGAS_CONSTRUCTION)","no_results",0,"sec_results/M.R._VARGAS_CONSTRUCTION_CORPORATION_(FORMERLY:_M.R._VARGAS_CONSTRUCTION).txt"
"JRD_D2_ENTERPRISES","no_results",0,"sec_results/JRD_D2_ENTERPRISES.txt"
"ORANI_BUILDERS_SUPPLY","no_results",0,"sec_results/ORANI_BUILDERS_SUPPLY.txt"
"RNN_CONSTRU","no_results",0,"sec_results/RNN_CONSTRU.txt"
"ADFIL_Corporation","success",1,"sec_results/ADFIL_Corporation.txt"
"O.Q._CONSTRUCTION_AND_SUPPLY","no_results",0,"sec_results/O.Q._CONSTRUCTION_AND_SUPPLY.txt"
"LOUIESE_TRADING_AND_CONSTRUCTION","no_results",0,"sec_results/LOUIESE_TRADING_AND_CONSTRUCTION.txt"
"EG-VRYLE_CONSTRUCTION_&_ENTERPRISES","no_results",0,"sec_results/EG-VRYLE_CONSTRUCTION_&_ENTERPRISES.txt"
"LEGACY_BSCA_CONSTRUCTION_AND_SUPPLY_CORP.","success",1,"sec_results/LEGACY_BSCA_CONSTRUCTION_AND_SUPPLY_CORP..txt"
"TG_SURCON_BUILDERS_INC.","success",1,"sec_results/TG_SURCON_BUILDERS_INC..txt"
"R._ALLOSA_CONSTRUCTION_&_TRUCKING_SERVICES","no_results",0,"sec_results/R._ALLOSA_CONSTRUCTION_&_TRUCKING_SERVICES.txt"
"REDCAR_TRADING_AND_CONSTRUCTION","no_results",0,"sec_results/REDCAR_TRADING_AND_CONSTRUCTION.txt"
"D'_DREAMER_DEVELOPMENT_CORPORATION","success",1,"sec_results/D'_DREAMER_DEVELOPMENT_CORPORATION.txt"
"TWINCARE_BUILDERS_INC","success",1,"sec_results/TWINCARE_BUILDERS_INC.txt"
"A.R.T._DWELL_LIFESTYLE_STORE_AND_ECO_BUILDERS","no_results",0,"sec_results/A.R.T._DWELL_LIFESTYLE_STORE_AND_ECO_BUILDERS.txt"
"SHAMHENCE_CONSTRUCTION_AND_SUPPLIES","no_results",0,"sec_results/SHAMHENCE_CONSTRUCTION_AND_SUPPLIES.txt"
"MT_MALIUANAG_CONSTRUCTION_SERVICES","no_results",0,"sec_results/MT_MALIUANAG_CONSTRUCTION_SERVICES.txt"
"ELKANKONSTRAK_DEVELOPMENT_CORPORATION","success",1,"sec_results/ELKANKONSTRAK_DEVELOPMENT_CORPORATION.txt"
"JFR_CONSTRUCTION_INC","success",1,"sec_results/JFR_CONSTRUCTION_INC.txt"
"ETAN_CONSTRUCTION","success",1,"sec_results/ETAN_CONSTRUCTION.txt"
"JIMWEN_CONSTRUCTION_AND_GENERAL_MERCHANDISE","no_results",0,"sec_results/JIMWEN_CONSTRUCTION_AND_GENERAL_MERCHANDISE.txt"
"GATEWAY_21-25_CONSTRUCTION_CORPORATION","no_results",0,"sec_results/GATEWAY_21-25_CONSTRUCTION_CORPORATION.txt"
"NEWADIS_CONSTRUCTION","no_results",0,"sec_results/NEWADIS_CONSTRUCTION.txt"
"LOG-AKA_CONSTRUCTION","no_results",0,"sec_results/LOG-AKA_CONSTRUCTION.txt"
"KAPALONG_GOVERNMENT_OFFICIALS_AND_EMPLOYEES_COOPERATIVE","no_results",0,"sec_results/KAPALONG_GOVERNMENT_OFFICIALS_AND_EMPLOYEES_COOPERATIVE.txt"
"RUFINO_BRODETH_&_CO.,_INCORPORATED","success",1,"sec_results/RUFINO_BRODETH_&_CO.,_INCORPORATED.txt"
"VICTORIANO_C_LIM_CONSTRUCTION_CORPORATION","no_results",0,"sec_results/VICTORIANO_C_LIM_CONSTRUCTION_CORPORATION.txt"
"HAWK_KEY_CONSTRUCTION_AND_GENERAL_MERCHANDISE_CORPORATION","no_results",0,"sec_results/HAWK_KEY_CONSTRUCTION_AND_GENERAL_MERCHANDISE_CORPORATION.txt"
"VSP_STRUCTURE_VENTURES_CORP","success",1,"sec_results/VSP_STRUCTURE_VENTURES_CORP.txt"
"JSONS_BUILDERS","no_results",0,"sec_results/JSONS_BUILDERS.txt"
"GMPA_CONSTRUCTION_SERVICES","no_results",0,"sec_results/GMPA_CONSTRUCTION_SERVICES.txt"
"JLE_HARDWARE_AND_CONSTRUCTION_SUPPLY","no_results",0,"sec_results/JLE_HARDWARE_AND_CONSTRUCTION_SUPPLY.txt"
"DE_JESUS_CONSTRUCTION_AND_DESIGN","no_results",0,"sec_results/DE_JESUS_CONSTRUCTION_AND_DESIGN.txt"
"EMIRAM_CONSTRUCTION_AND_SUPPLY","no_results",0,"sec_results/EMIRAM_CONSTRUCTION_AND_SUPPLY.txt"
"SONPRO_CONSTRUCTION","no_results",0,"sec_results/SONPRO_CONSTRUCTION.txt"
"ABSOLUTE_ENGINEERING_AND_SUPPLIES","no_results",0,"sec_results/ABSOLUTE_ENGINEERING_AND_SUPPLIES.txt"
"NORNAD_BUILDERS_AND_SUPPLY","success",1,"sec_results/NORNAD_BUILDERS_AND_SUPPLY.txt"
"DRAGON_TWELVE_BUILDERS_CONSTRUCTION_SUPPLY","no_results",0,"sec_results/DRAGON_TWELVE_BUILDERS_CONSTRUCTION_SUPPLY.txt"
"J-NINE-INFINITY_BUILDERS_AND_SUPPLIES","no_results",0,"sec_results/J-NINE-INFINITY_BUILDERS_AND_SUPPLIES.txt"
"PYRAMID_CONSOLIDATED_BUILDERS_&_GENERAL_MERCHANDISE","no_results",0,"sec_results/PYRAMID_CONSOLIDATED_BUILDERS_&_GENERAL_MERCHANDISE.txt"
"F.C._MARTINEZ_CONSTRUCTION_DEVELOPMENT_AND_SUPPLY_CORPORATION","no_results",0,"sec_results/F.C._MARTINEZ_CONSTRUCTION_DEVELOPMENT_AND_SUPPLY_CORPORATION.txt"
"FR_ESPIRITU_JR_BUILDERS","no_results",0,"sec_results/FR_ESPIRITU_JR_BUILDERS.txt"
"CHRISTIAN_IAN_CONSTRUCTION_CORPORATION","no_results",0,"sec_results/CHRISTIAN_IAN_CONSTRUCTION_CORPORATION.txt"
"SANRHO_BUILDERS,_INC.(FOR._SANRHO_CONST._AND_SUPPL","no_results",0,"sec_results/SANRHO_BUILDERS,_INC.(FOR._SANRHO_CONST._AND_SUPPL.txt"
"JORENZ_BUILDERS_DEVELOPMENT_CORP.","success",1,"sec_results/JORENZ_BUILDERS_DEVELOPMENT_CORP..txt"
"M.V._SABALBURO_CONSTRUCTION_AND_SUPPLY","success",1,"sec_results/M.V._SABALBURO_CONSTRUCTION_AND_SUPPLY.txt"
"CREST92_CONSTRUCTION","success",10,"sec_results/CREST92_CONSTRUCTION.txt"
"EA_ESCUDERO_BUILDERS_AND_SUPPLIES_INC","success",1,"sec_results/EA_ESCUDERO_BUILDERS_AND_SUPPLIES_INC.txt"
"RAKKI_CORPORATION","success",1,"sec_results/RAKKI_CORPORATION.txt"
"UNIMASTERS_CONGLOMERATION,_INCORPORATED","no_results",0,"sec_results/UNIMASTERS_CONGLOMERATION,_INCORPORATED.txt"
"ZHEANTELLE_CONSTRUCTION_CORP","success",1,"sec_results/ZHEANTELLE_CONSTRUCTION_CORP.txt"
"JMSKI_CONSTRUCTION_AND_TRADING","no_results",0,"sec_results/JMSKI_CONSTRUCTION_AND_TRADING.txt"
"TECKCON_CONSTRUCTION","no_results",0,"sec_results/TECKCON_CONSTRUCTION.txt"
"NFH_CONSTRUCTION_&_SUPPLY","success",1,"sec_results/NFH_CONSTRUCTION_&_SUPPLY.txt"
"AMETHYST_HORIZON_BUILDERS_AND_GEN._CONTRACTOR_AND_DEVELOPMENT_CORP.","success",1,"sec_results/AMETHYST_HORIZON_BUILDERS_AND_GEN._CONTRACTOR_AND_DEVELOPMENT_CORP..txt"
"HARDHAT_BUILDERS_AND_CONSTRUCTION_SUPPLY","no_results",0,"sec_results/HARDHAT_BUILDERS_AND_CONSTRUCTION_SUPPLY.txt"
"JT_GAMOLO_CONSTRUCTION,_INC","no_results",0,"sec_results/JT_GAMOLO_CONSTRUCTION,_INC.txt"
"AMPSLEO_CONSTRUCTION","no_results",0,"sec_results/AMPSLEO_CONSTRUCTION.txt"
"N.N._YU_CONSTRUCTION,_INC","no_results",0,"sec_results/N.N._YU_CONSTRUCTION,_INC.txt"
"CPR_CONSTRUCTION_AND_SUPPLY_417_LP_CONSTRUCTION_CORPORATION","success",10,"sec_results/CPR_CONSTRUCTION_AND_SUPPLY_417_LP_CONSTRUCTION_CORPORATION.txt"
"ATP_CONSTRUCTION","no_results",0,"sec_results/ATP_CONSTRUCTION.txt"
"JA_OLIVAR_ENGG_DESIGN_CONSTRUCTION_AND_SUPPLIES","no_results",0,"sec_results/JA_OLIVAR_ENGG_DESIGN_CONSTRUCTION_AND_SUPPLIES.txt"
"CHUROCK_BUILDERS_INC.(FORMERLY:_CHUROCK_BUILDERS)","no_results",0,"sec_results/CHUROCK_BUILDERS_INC.(FORMERLY:_CHUROCK_BUILDERS).txt"
"JFQ_JOEMARI_MARKETING","no_results",0,"sec_results/JFQ_JOEMARI_MARKETING.txt"
"BAQPRINCE_CONSTRUCTION","success",1,"sec_results/BAQPRINCE_CONSTRUCTION.txt"
"SOLID_PILE_CONSTRUCTION","no_results",0,"sec_results/SOLID_PILE_CONSTRUCTION.txt"
"CZARLES_CONSTRUCTION__SUPPLY","no_results",0,"sec_results/CZARLES_CONSTRUCTION__SUPPLY.txt"
"B._VICENCIO_BUILDERS_(BVB),_INC._(FORMERLY:B._VICENCIO_CONSTRUCTION)","no_results",0,"sec_results/B._VICENCIO_BUILDERS_(BVB),_INC._(FORMERLY:B._VICENCIO_CONSTRUCTION).txt"
"BADOC_BUILDER_SUPPLY_ST_MATTHEW_GEN_CONTRACTOR_DEVELOPMENT_CORP","no_results",0,"sec_results/BADOC_BUILDER_SUPPLY_ST_MATTHEW_GEN_CONTRACTOR_DEVELOPMENT_CORP.txt"
"PRIME_HAUS_BUILDERS_&_ENTERPRISES","no_results",0,"sec_results/PRIME_HAUS_BUILDERS_&_ENTERPRISES.txt"
"PANAAD_CONSTRUCTION","no_results",0,"sec_results/PANAAD_CONSTRUCTION.txt"
"DARCY_ANNA_BUILDERS_TRADING","no_results",0,"sec_results/DARCY_ANNA_BUILDERS_TRADING.txt"
"RCC_BUILDERS_AND_ENTERPRISES","no_results",0,"sec_results/RCC_BUILDERS_AND_ENTERPRISES.txt"
"ARADEL_CONSTRUCTION_AND_SUPPLIES","no_results",0,"sec_results/ARADEL_CONSTRUCTION_AND_SUPPLIES.txt"
"MARCBILT_CONSTRUCTION,_INC.","success",1,"sec_results/MARCBILT_CONSTRUCTION,_INC..txt"
"RBM_ENTERPRISES","no_results",0,"sec_results/RBM_ENTERPRISES.txt"
"HB_CONSTRUCTION","success",10,"sec_results/HB_CONSTRUCTION.txt"
"J-NAC_CONSTRUCTION_&_SUPPLY","no_results",0,"sec_results/J-NAC_CONSTRUCTION_&_SUPPLY.txt"
"LA_ABEL_CONSTRUCTION_AND_SUPPLY","no_results",0,"sec_results/LA_ABEL_CONSTRUCTION_AND_SUPPLY.txt"
"ROVING_PREMIER_CONTRACTORS,_INC.","success",1,"sec_results/ROVING_PREMIER_CONTRACTORS,_INC..txt"
"TRIPLE_8_CONST._&_SUPPLY","success",1,"sec_results/TRIPLE_8_CONST._&_SUPPLY.txt"
"DJ_AND_C_CONSTRUCTION_SERVICES","no_results",0,"sec_results/DJ_AND_C_CONSTRUCTION_SERVICES.txt"
"MERJAN_P_HAMBON_GENERAL_CONSTRUCTION","no_results",0,"sec_results/MERJAN_P_HAMBON_GENERAL_CONSTRUCTION.txt"
"M.J._BEVANT_CORP","no_results",0,"sec_results/M.J._BEVANT_CORP.txt"
"JE-JEI_BUILDERS_AND_SUPPLY","no_results",0,"sec_results/JE-JEI_BUILDERS_AND_SUPPLY.txt"
"J_F_GABOTERO_INC","success",1,"sec_results/J_F_GABOTERO_INC.txt"
"K_URBINA_CONSTRUCTION","no_results",0,"sec_results/K_URBINA_CONSTRUCTION.txt"
"KTE_CONSTRUCTION_AND_SUPPLY","no_results",0,"sec_results/KTE_CONSTRUCTION_AND_SUPPLY.txt"
"N&AMP;J_CONSTRUCTION_AND_SUPPLY","no_results",0,"sec_results/N&AMP;J_CONSTRUCTION_AND_SUPPLY.txt"
"P.J._SAN_PEDRO_CONSTRUCTION_&_SUPPLY","no_results",0,"sec_results/P.J._SAN_PEDRO_CONSTRUCTION_&_SUPPLY.txt"
"EDDIE_G_GUILLEN_BUILDERS_INC","success",1,"sec_results/EDDIE_G_GUILLEN_BUILDERS_INC.txt"
"CSD_ENGINEERING_AND_CONSTRUCTION","no_results",0,"sec_results/CSD_ENGINEERING_AND_CONSTRUCTION.txt"
"ER_RODRIGUEZ_CONSTRUCTION","success",5,"sec_results/ER_RODRIGUEZ_CONSTRUCTION.txt"
"ARDRAW_CONSTRUCTION_AND_SUPPLY_CORPORATION","no_results",0,"sec_results/ARDRAW_CONSTRUCTION_AND_SUPPLY_CORPORATION.txt"
"M.V._CALDO_CONSTRUCTION_AND_SUPPLY_CORPORATION","success",2,"sec_results/M.V._CALDO_CONSTRUCTION_AND_SUPPLY_CORPORATION.txt"
"ALRO_CONSTRUCTION_&_DEVELOPMENT_CORP.","no_results",0,"sec_results/ALRO_CONSTRUCTION_&_DEVELOPMENT_CORP..txt"
"JIMWELL_BUILDERS_AND_SUPPLIES_CORPORATION_(FORMERLY:JIMWELL_BUILDERS)","no_results",0,"sec_results/JIMWELL_BUILDERS_AND_SUPPLIES_CORPORATION_(FORMERLY:JIMWELL_BUILDERS).txt"
"CZMAC_CONSTRUCTION_SERVICES","no_results",0,"sec_results/CZMAC_CONSTRUCTION_SERVICES.txt"
"TAÃ‘ON_CONSTRUCTION_&_SUPPLIES","no_results",0,"sec_results/TAÃ‘ON_CONSTRUCTION_&_SUPPLIES.txt"
"VICTORIA_BUILDERS_AND_TRADING","success",1,"sec_results/VICTORIA_BUILDERS_AND_TRADING.txt"
"RDJM_CONSTRUCTION_AND_SUPPLY","no_results",0,"sec_results/RDJM_CONSTRUCTION_AND_SUPPLY.txt"
"BONIFACIO_M._CARLOS_CONSTRUCTION_CORP","success",1,"sec_results/BONIFACIO_M._CARLOS_CONSTRUCTION_CORP.txt"
"NUMERICAL_GATE_CONSTRUCTION_&_SUPPLY_CORPORATION","success",1,"sec_results/NUMERICAL_GATE_CONSTRUCTION_&_SUPPLY_CORPORATION.txt"
"EMRA_CONSTRUCTION_AND_SUPPLY_SERVICES","no_results",0,"sec_results/EMRA_CONSTRUCTION_AND_SUPPLY_SERVICES.txt"
"ZELAN_CONSTRUCTION_AND_SUPPLY","no_results",0,"sec_results/ZELAN_CONSTRUCTION_AND_SUPPLY.txt"
"ISNAG_BUILDERS_DEVELOPMENT_CORPORATION","no_results",0,"sec_results/ISNAG_BUILDERS_DEVELOPMENT_CORPORATION.txt"
"G_F_ROVERO_MERCHANDISING","no_results",0,"sec_results/G_F_ROVERO_MERCHANDISING.txt"
"KENSAL_RISE_CONSTRUCTION","no_results",0,"sec_results/KENSAL_RISE_CONSTRUCTION.txt"
"STEVEN_CONSTRUCTION__SUPPLY","no_results",0,"sec_results/STEVEN_CONSTRUCTION__SUPPLY.txt"
"SETTLERS_BUILDER","no_results",0,"sec_results/SETTLERS_BUILDER.txt"
"JANRHYLL_CONSTRUCTION","no_results",0,"sec_results/JANRHYLL_CONSTRUCTION.txt"
"MCB_ZAMORA_CONSTRUCTION_SUPPLY","no_results",0,"sec_results/MCB_ZAMORA_CONSTRUCTION_SUPPLY.txt"
"ZAS_CONSTRUCTION_AND_SUPPLY","no_results",0,"sec_results/ZAS_CONSTRUCTION_AND_SUPPLY.txt"
"CMAC_CONSTRUCTION_&_SUPPLY","no_results",0,"sec_results/CMAC_CONSTRUCTION_&_SUPPLY.txt"
"MB_ANG_CONSTRUCTION_AND_SUPPLY","no_results",0,"sec_results/MB_ANG_CONSTRUCTION_AND_SUPPLY.txt"
"KME_DESIGN_AND_CONSTRUCTION","no_results",0,"sec_results/KME_DESIGN_AND_CONSTRUCTION.txt"
"EMQ_DESIGN","no_results",0,"sec_results/EMQ_DESIGN.txt"
"DC_ENTERPRISES","success",10,"sec_results/DC_ENTERPRISES.txt"
"3-SIDES_BUILDERS_&_TRADING_CORP.","success",1,"sec_results/3-SIDES_BUILDERS_&_TRADING_CORP..txt"
"JUNTEREAL_INDUSTRIAL","no_results",0,"sec_results/JUNTEREAL_INDUSTRIAL.txt"
"BANAYOYO_CONSTRUCTION","no_results",0,"sec_results/BANAYOYO_CONSTRUCTION.txt"
"RJB_CONSTRUCTION_&_SUPPLY","no_results",0,"sec_results/RJB_CONSTRUCTION_&_SUPPLY.txt"
"MAR-DEB_CONSTRUCTION_AND_DEVELOPMENT","no_results",0,"sec_results/MAR-DEB_CONSTRUCTION_AND_DEVELOPMENT.txt"
"SARGASSO_CONSTRUCTION_&_DEVELOPMENT_CORP.","no_results",0,"sec_results/SARGASSO_CONSTRUCTION_&_DEVELOPMENT_CORP..txt"
"AQUILA_CONSTRUCTION_CO","success",1,"sec_results/AQUILA_CONSTRUCTION_CO.txt"
"JMK_BUILDERS_CONSTRUCTION","success",2,"sec_results/JMK_BUILDERS_CONSTRUCTION.txt"
"CRESTA_MANAGEMENT_&_CONSTRUCTION","no_results",0,"sec_results/CRESTA_MANAGEMENT_&_CONSTRUCTION.txt"
"HI-TONE_CONSTRUCTION__DEVELOPMENT_CORP","no_results",0,"sec_results/HI-TONE_CONSTRUCTION__DEVELOPMENT_CORP.txt"
"BNR_CONSTRUCTION_&_DEVELOPMENT_CORP.","no_results",0,"sec_results/BNR_CONSTRUCTION_&_DEVELOPMENT_CORP..txt"
"DSA_PRIME_BUILDERS_CORPORATION","success",1,"sec_results/DSA_PRIME_BUILDERS_CORPORATION.txt"
"TRIPLE_8_CONSTRUCTION__SUPPLY_INC","no_results",0,"sec_results/TRIPLE_8_CONSTRUCTION__SUPPLY_INC.txt"
"DEVELOPMENT_OPC","success",10,"sec_results/DEVELOPMENT_OPC.txt"
"ELLE-BUILDERS_AND_CONSTRUCTION_SUPPLY","no_results",0,"sec_results/ELLE-BUILDERS_AND_CONSTRUCTION_SUPPLY.txt"
"LSD_CONSTRUCTION_AND_SUPPLIES","no_results",0,"sec_results/LSD_CONSTRUCTION_AND_SUPPLIES.txt"
"JAY_ARCIE_CONSTRUCTION_AND_SUPPLY","no_results",0,"sec_results/JAY_ARCIE_CONSTRUCTION_AND_SUPPLY.txt"
"ARCKIT_BUILDERS_AND_SUPPLY","no_results",0,"sec_results/ARCKIT_BUILDERS_AND_SUPPLY.txt"
"C.L._MORALES_CONSTRUCTION_AND_TRADING","no_results",0,"sec_results/C.L._MORALES_CONSTRUCTION_AND_TRADING.txt"
"JNER_CEPADA_CONSTRUCTION","no_results",0,"sec_results/JNER_CEPADA_CONSTRUCTION.txt"
"DALEBO_CONSTRUCTION_GEN_MERCHANDISE","no_results",0,"sec_results/DALEBO_CONSTRUCTION_GEN_MERCHANDISE.txt"
"MG_SIBUYAN_ISLAND_GENERAL_MERCHANDISE","no_results",0,"sec_results/MG_SIBUYAN_ISLAND_GENERAL_MERCHANDISE.txt"
"MDU_ENTERPRISES_AND_CONSTRUCTION","no_results",0,"sec_results/MDU_ENTERPRISES_AND_CONSTRUCTION.txt"
"F.C._MARTINEZ_CONSTRUCTION_DEVELOPMENT_AND_SUPPLY_CORPORATION_(FORMERLY:F.C._MARTINEZ_CONSTRUCTION)","no_results",0,"sec_results/F.C._MARTINEZ_CONSTRUCTION_DEVELOPMENT_AND_SUPPLY_CORPORATION_(FORMERLY:F.C._MARTINEZ_CONSTRUCTION).txt"
"MAC_CONSTRUCTION","success",3,"sec_results/MAC_CONSTRUCTION.txt"
"ROBETH_CONST._AND_DEV'T._CORP._(FORMERLY:_ROBETH_GEN._MDSE._CONST._&_SUPPLY)","no_results",0,"sec_results/ROBETH_CONST._AND_DEV'T._CORP._(FORMERLY:_ROBETH_GEN._MDSE._CONST._&_SUPPLY).txt"
"A.T._MACROHON_CONSTRUCTION_COMPANY","no_results",0,"sec_results/A.T._MACROHON_CONSTRUCTION_COMPANY.txt"
"R.R._ENCABO_CONSTRUCTORS_INC","no_results",0,"sec_results/R.R._ENCABO_CONSTRUCTORS_INC.txt"
"GEORAVIN_CONSTRUCTION_&_SUPPLIES","no_results",0,"sec_results/GEORAVIN_CONSTRUCTION_&_SUPPLIES.txt"
"R.K.X._ODIAMAR_CONSTRUCTION","no_results",0,"sec_results/R.K.X._ODIAMAR_CONSTRUCTION.txt"
"2_R_CONSTRUCTION_SUPPLY","success",10,"sec_results/2_R_CONSTRUCTION_SUPPLY.txt"
"IFUBENG_CONST_ENTERPRISE_&_CONSTRUCTION_SUPPLY","no_results",0,"sec_results/IFUBENG_CONST_ENTERPRISE_&_CONSTRUCTION_SUPPLY.txt"
"YCT_BUILDERS_CENTER_CO.,_INC","no_results",0,"sec_results/YCT_BUILDERS_CENTER_CO.,_INC.txt"
"J.C._PINON_CONSTRUCTION_INC.","no_results",0,"sec_results/J.C._PINON_CONSTRUCTION_INC..txt"
"ADB_DYNAMIC_BUILDERS_&_SUPPLY","no_results",0,"sec_results/ADB_DYNAMIC_BUILDERS_&_SUPPLY.txt"
"PRECIOUS_CONSTRUCTION","no_results",0,"sec_results/PRECIOUS_CONSTRUCTION.txt"
"PRIMECON_BUILDERS,_INC","success",1,"sec_results/PRIMECON_BUILDERS,_INC.txt"
"JA.VI_CONSTRUCTION","no_results",0,"sec_results/JA.VI_CONSTRUCTION.txt"
"IMPREZA_CONSTRUCTION_SERVICES","no_results",0,"sec_results/IMPREZA_CONSTRUCTION_SERVICES.txt"
"DIADEMA_ENTERPRISES_AF3_CONSTRUCTION_CORPORATION","no_results",0,"sec_results/DIADEMA_ENTERPRISES_AF3_CONSTRUCTION_CORPORATION.txt"
"E.A._AYALA_CONSTRUCTION_AND_SUPPLY","no_results",0,"sec_results/E.A._AYALA_CONSTRUCTION_AND_SUPPLY.txt"
"XA_CONSTRUCTION","no_results",0,"sec_results/XA_CONSTRUCTION.txt"
"2-R_CONSTRUCTION_SUPPLY","success",10,"sec_results/2-R_CONSTRUCTION_SUPPLY.txt"
"THREE-IN-ONE_CONSTRUCTION__TRADING","no_results",0,"sec_results/THREE-IN-ONE_CONSTRUCTION__TRADING.txt"
"ROYAL_CROWN_MONARCH_CONSTRUCTION_&_SUPPLIES_CORP.","no_results",0,"sec_results/ROYAL_CROWN_MONARCH_CONSTRUCTION_&_SUPPLIES_CORP..txt"
"MRRM_TRADING__CONSTRUCTION","no_results",0,"sec_results/MRRM_TRADING__CONSTRUCTION.txt"
"CS_GONZALES_CONSTRUCTION_AND_SUPPLY","no_results",0,"sec_results/CS_GONZALES_CONSTRUCTION_AND_SUPPLY.txt"
"A.R._CASTILLO_CONSTRUCTION_ENTERPRISES","no_results",0,"sec_results/A.R._CASTILLO_CONSTRUCTION_ENTERPRISES.txt"
"ZLREJ_TRADING_AND_CONSTRUCTION_CORPORATION","success",1,"sec_results/ZLREJ_TRADING_AND_CONSTRUCTION_CORPORATION.txt"
"VN_GRANDE_BUILDERS_AMP;_SUPPLY","no_results",0,"sec_results/VN_GRANDE_BUILDERS_AMP;_SUPPLY.txt"
"RNN_CONSTRUCTION_CORPORATION","success",1,"sec_results/RNN_CONSTRUCTION_CORPORATION.txt"
"RUSLIN_CONSTRUCTION","no_results",0,"sec_results/RUSLIN_CONSTRUCTION.txt"
"BLUEBEAM_CONSTRUCTION","no_results",0,"sec_results/BLUEBEAM_CONSTRUCTION.txt"
"UNIMASTERS_CONGLOMERATION,_INC","no_results",0,"sec_results/UNIMASTERS_CONGLOMERATION,_INC.txt"
"REPOLMAN_CONSTRUCTION_CORP._(FORMERLY:_REPOLMAN_CONSTRUCTION)","no_results",0,"sec_results/REPOLMAN_CONSTRUCTION_CORP._(FORMERLY:_REPOLMAN_CONSTRUCTION).txt"
"EM_ANGELES_ENTERPRISES","success",3,"sec_results/EM_ANGELES_ENTERPRISES.txt"
"RAICON_DEVELOPMENT_CORPORATION","success",1,"sec_results/RAICON_DEVELOPMENT_CORPORATION.txt"
"GATEWAY_21-25_CONSTRUCTION_CORP","success",1,"sec_results/GATEWAY_21-25_CONSTRUCTION_CORP.txt"
"AVE-MIRA_CONSTRUCTION_AND_TRADING","no_results",0,"sec_results/AVE-MIRA_CONSTRUCTION_AND_TRADING.txt"
"A.B._CASIANO_GRAVEL_&_SAND_CONSTRUCTION_SUPPLY","no_results",0,"sec_results/A.B._CASIANO_GRAVEL_&_SAND_CONSTRUCTION_SUPPLY.txt"
"22_PRIME_CONSTRUCTION_AND_REALTY_DEVELOPMENT_INC.","success",1,"sec_results/22_PRIME_CONSTRUCTION_AND_REALTY_DEVELOPMENT_INC..txt"
"3R3M_CONSTRUCTION_AND_SUPPLY","success",1,"sec_results/3R3M_CONSTRUCTION_AND_SUPPLY.txt"
"ERRA_CONSTRUCTION_AND_DEVELOPMENT_INC._(FORMERLY_ERRA_CONSTRUCTION)","no_results",0,"sec_results/ERRA_CONSTRUCTION_AND_DEVELOPMENT_INC._(FORMERLY_ERRA_CONSTRUCTION).txt"
"MT._GUITING-GUITING_CONST","no_results",0,"sec_results/MT._GUITING-GUITING_CONST.txt"
"MEGALINE_BUILDERS_AND_SUPPLY","no_results",0,"sec_results/MEGALINE_BUILDERS_AND_SUPPLY.txt"
"8-10_NEHEMIAH_CONSTRUCTION","success",1,"sec_results/8-10_NEHEMIAH_CONSTRUCTION.txt"
"MO_DE_GUZMAN_BUILDERS_AND_SUPPLY","no_results",0,"sec_results/MO_DE_GUZMAN_BUILDERS_AND_SUPPLY.txt"
"ACCV_BUILDERS","no_results",0,"sec_results/ACCV_BUILDERS.txt"
"SUNWEST_CONSTRUCTION","no_results",0,"sec_results/SUNWEST_CONSTRUCTION.txt"
"E.G._CANABE_CONSTRUCTION","success",1,"sec_results/E.G._CANABE_CONSTRUCTION.txt"
"JC_PALOMO_CONSTRUCTION_&_CONSTRUCTION_SUPPLY","no_results",0,"sec_results/JC_PALOMO_CONSTRUCTION_&_CONSTRUCTION_SUPPLY.txt"
"JT_GAMOLO_CONSTRUCTION,_INCORPORATION","no_results",0,"sec_results/JT_GAMOLO_CONSTRUCTION,_INCORPORATION.txt"
"DON_VIRGILIO_BUILDERS_AND_SUPPLY","success",1,"sec_results/DON_VIRGILIO_BUILDERS_AND_SUPPLY.txt"
"A.P.O._GENERAL_CONSTRUCTION","success",10,"sec_results/A.P.O._GENERAL_CONSTRUCTION.txt"
"BUILDERS_EXPONENT_ENTERPRISE_ORANI_CONSTRUCTION_AND_SUPPLY_CORPORATION_FORMERLY_ORANI_BUILDERS_SUPPLY","no_results",0,"sec_results/BUILDERS_EXPONENT_ENTERPRISE_ORANI_CONSTRUCTION_AND_SUPPLY_CORPORATION_FORMERLY_ORANI_BUILDERS_SUPPLY.txt"
"H.A.H._REVERIE_CONSTRUCTION_CORP","no_results",0,"sec_results/H.A.H._REVERIE_CONSTRUCTION_CORP.txt"
"BORONGAN_MBC_MERCHANDISING","no_results",0,"sec_results/BORONGAN_MBC_MERCHANDISING.txt"
"FZI_CONSTRUCTION,_PARTS,_&AMP;_SUPPLY","no_results",0,"sec_results/FZI_CONSTRUCTION,_PARTS,_&AMP;_SUPPLY.txt"
"ALMANA_CONSTRUCTION_AND_DEV'T_CORPORATION","success",1,"sec_results/ALMANA_CONSTRUCTION_AND_DEV'T_CORPORATION.txt"
"LLEB_CONSTRUCTION_AND_TRADING","no_results",0,"sec_results/LLEB_CONSTRUCTION_AND_TRADING.txt"
"THE_TRENDSETTER_CONSTRUCTION_AND_SUPPLY_CORPORATION","no_results",0,"sec_results/THE_TRENDSETTER_CONSTRUCTION_AND_SUPPLY_CORPORATION.txt"
"H._G._LOPEZ_CONSTRUCTION","no_results",0,"sec_results/H._G._LOPEZ_CONSTRUCTION.txt"
"F_A_M_E_CONSTRUCTION_TRADING","success",10,"sec_results/F_A_M_E_CONSTRUCTION_TRADING.txt"
"HORTINELA_CONSTRUCTION_&_SUPPLY","no_results",0,"sec_results/HORTINELA_CONSTRUCTION_&_SUPPLY.txt"
"JDE_CONSTRUCTION","no_results",0,"sec_results/JDE_CONSTRUCTION.txt"
"JRBT_CONSTRUCTION_AND_SUPPLY","no_results",0,"sec_results/JRBT_CONSTRUCTION_AND_SUPPLY.txt"
"D.O.T._CONSTRUCTION","success",10,"sec_results/D.O.T._CONSTRUCTION.txt"
"J-FRANZ_CONSTRUCTION_AND_SUPPLY","no_results",0,"sec_results/J-FRANZ_CONSTRUCTION_AND_SUPPLY.txt"
"COLBONGAN_CONSTRUCTION_SERVICES","no_results",0,"sec_results/COLBONGAN_CONSTRUCTION_SERVICES.txt"
"MERJAN_P._HAMBON_GENERAL_CONSTRUCTION","no_results",0,"sec_results/MERJAN_P._HAMBON_GENERAL_CONSTRUCTION.txt"
"DANILORSO_CORP_OPERATING_UNDER_THE_NAME_OF_DRS_BUILDERS_AND_CONSTRUCTION_SUPPLIES","no_results",0,"sec_results/DANILORSO_CORP_OPERATING_UNDER_THE_NAME_OF_DRS_BUILDERS_AND_CONSTRUCTION_SUPPLIES.txt"
"TRIPLE_8_CONSTRUCTION_&_SUPPLY,_INC","no_results",0,"sec_results/TRIPLE_8_CONSTRUCTION_&_SUPPLY,_INC.txt"
"VR_PATRON_BUILDERS_DEVELOPERS_CORP","no_results",0,"sec_results/VR_PATRON_BUILDERS_DEVELOPERS_CORP.txt"
"JAIME_B._CHING_ENTERPRISES","no_results",0,"sec_results/JAIME_B._CHING_ENTERPRISES.txt"
"A_M_P_CONSTRUCTION_BRYAN_PAUL_P_PACHECO_CONST_CORP","no_results",0,"sec_results/A_M_P_CONSTRUCTION_BRYAN_PAUL_P_PACHECO_CONST_CORP.txt"
"PANAY_EAST_COAST_CONSTRUCTION_SUPPLY","no_results",0,"sec_results/PANAY_EAST_COAST_CONSTRUCTION_SUPPLY.txt"
"CONCEPCION_BASIC_BUILDERS_INC.","success",1,"sec_results/CONCEPCION_BASIC_BUILDERS_INC..txt"
"RK_STAR_ECOENGINEERING","no_results",0,"sec_results/RK_STAR_ECOENGINEERING.txt"
"KATHA_BUILDERS","success",1,"sec_results/KATHA_BUILDERS.txt"
"DTWOL_ENTERPRISES","no_results",0,"sec_results/DTWOL_ENTERPRISES.txt"
"A._D._PENDON_CONSTRUCTION_&AMP;_SUPPLY,_INC","no_results",0,"sec_results/A._D._PENDON_CONSTRUCTION_&AMP;_SUPPLY,_INC.txt"
"NA_IBARRA_CONSTRUCTION","no_results",0,"sec_results/NA_IBARRA_CONSTRUCTION.txt"
"AST_BUILDERS","no_results",0,"sec_results/AST_BUILDERS.txt"
"JFR_CONSTRUCTION","success",1,"sec_results/JFR_CONSTRUCTION.txt"
"PLL_BUILDERS_INC.","success",1,"sec_results/PLL_BUILDERS_INC..txt"
"CALIFORNIAROCK_CONSTRUCTION","no_results",0,"sec_results/CALIFORNIAROCK_CONSTRUCTION.txt"
"ATHENA_CONSTRUCTION_AND_DEVELOPMENT","no_results",0,"sec_results/ATHENA_CONSTRUCTION_AND_DEVELOPMENT.txt"
"PELCOM_CONSTRUCTION_&_SUPPLY","no_results",0,"sec_results/PELCOM_CONSTRUCTION_&_SUPPLY.txt"
"LOUREL_D","no_results",0,"sec_results/LOUREL_D.txt"
"OIC_CONZTRUCT_AND_SUPPLY_CORPORATION(FORMERLY:OIC_CONST.)","no_results",0,"sec_results/OIC_CONZTRUCT_AND_SUPPLY_CORPORATION(FORMERLY:OIC_CONST.).txt"
"CELSO_C._FERRER__CONSTRUCTION_CORP","no_results",0,"sec_results/CELSO_C._FERRER__CONSTRUCTION_CORP.txt"
"FILZAND_CONSTRUCTION","no_results",0,"sec_results/FILZAND_CONSTRUCTION.txt"
"SOUTHROAD_BUILDER_SUPPLY","no_results",0,"sec_results/SOUTHROAD_BUILDER_SUPPLY.txt"
"ALBE_CONSTRUCTION_&_ENTERPRISES","no_results",0,"sec_results/ALBE_CONSTRUCTION_&_ENTERPRISES.txt"
"JD-RG_CONSTRUCTION_AND_SUPPLIES_CORP._(FORMERLY:_JD-RG_CONSTRUCTION_CORPORATION)","no_results",0,"sec_results/JD-RG_CONSTRUCTION_AND_SUPPLIES_CORP._(FORMERLY:_JD-RG_CONSTRUCTION_CORPORATION).txt"
"HARDROCKPLATINUM_DEVELOPMENT_CORPORATION","success",1,"sec_results/HARDROCKPLATINUM_DEVELOPMENT_CORPORATION.txt"
"YPR_GEN_CONTRACTOR_AND_CONSTRUCTION_SUPPLY_INC","success",1,"sec_results/YPR_GEN_CONTRACTOR_AND_CONSTRUCTION_SUPPLY_INC.txt"
"JCL_CONSTRUCTION_AND_SUPPLY","no_results",0,"sec_results/JCL_CONSTRUCTION_AND_SUPPLY.txt"
"AROBOAN_CONSTRUCTION_AND_SUPPLY","no_results",0,"sec_results/AROBOAN_CONSTRUCTION_AND_SUPPLY.txt"
"POLO_ENGINEERING_AND_CONSTRUCTION","no_results",0,"sec_results/POLO_ENGINEERING_AND_CONSTRUCTION.txt"
"NEWBIG_FOUR_J_CONSTRUCTION_INC_FORMERLY_FOUR_J","no_results",0,"sec_results/NEWBIG_FOUR_J_CONSTRUCTION_INC_FORMERLY_FOUR_J.txt"
"DANILORSO_CORP._OPERATING_UNDER_THE_NAME_OF_DRS_BUILDERS_AND_CONSTRUCTION_SUPPLIES","no_results",0,"sec_results/DANILORSO_CORP._OPERATING_UNDER_THE_NAME_OF_DRS_BUILDERS_AND_CONSTRUCTION_SUPPLIES.txt"
"FEDERAL_AGGREGATES","success",1,"sec_results/FEDERAL_AGGREGATES.txt"
"N_D_M_SANCHEZ_BUILDERS_DEVELOPMENT_CORPORATION","success",1,"sec_results/N_D_M_SANCHEZ_BUILDERS_DEVELOPMENT_CORPORATION.txt"
"R.R._SEISMUNDO_CONSTRUCTION_&_SUPPLY","no_results",0,"sec_results/R.R._SEISMUNDO_CONSTRUCTION_&_SUPPLY.txt"
"ROCK-WBL_CONSTRUCTION_CORP","success",1,"sec_results/ROCK-WBL_CONSTRUCTION_CORP.txt"
"MOLROW_CONSTRUCTION_&_SUPPLY","no_results",0,"sec_results/MOLROW_CONSTRUCTION_&_SUPPLY.txt"
"J._I._VIACRUSIS_CONSTRUCTION","no_results",0,"sec_results/J._I._VIACRUSIS_CONSTRUCTION.txt"
"LANAO_VENTURES_ENTERPRISES","no_results",0,"sec_results/LANAO_VENTURES_ENTERPRISES.txt"
"E.A._SANCHO_CONST._INC.","no_results",0,"sec_results/E.A._SANCHO_CONST._INC..txt"
"FIT_CONSTRUCTION","no_results",0,"sec_results/FIT_CONSTRUCTION.txt"
"ST_GERRARD_CONSTRUCTION_GEN_CONTRACTOR_DEVELOPMENT_CORP","success",1,"sec_results/ST_GERRARD_CONSTRUCTION_GEN_CONTRACTOR_DEVELOPMENT_CORP.txt"
"A._DE_GUIA_CONSTRUCTION_AND_DEVELOPMENT_CORPORATION_(FORMERLY:_A._DE_GUIA_CONSTRUCTION)","no_results",0,"sec_results/A._DE_GUIA_CONSTRUCTION_AND_DEVELOPMENT_CORPORATION_(FORMERLY:_A._DE_GUIA_CONSTRUCTION).txt"
"GREEN_ISLAND_ENTERPRISES","no_results",0,"sec_results/GREEN_ISLAND_ENTERPRISES.txt"
"ESCORR_BUILDERS_AND_TRADERS_INC","success",1,"sec_results/ESCORR_BUILDERS_AND_TRADERS_INC.txt"
"MEGAJES_CONSTRUCTION_CORP.","success",1,"sec_results/MEGAJES_CONSTRUCTION_CORP..txt"
"ALAGON_CONSTRUCTION","no_results",0,"sec_results/ALAGON_CONSTRUCTION.txt"
"E.V._INTERIOR_CONSTRUCTION","success",7,"sec_results/E.V._INTERIOR_CONSTRUCTION.txt"
"EBTITIWA_GENERAL_ENGINEERING_AND_CONSTRUCTION_SERVICES","no_results",0,"sec_results/EBTITIWA_GENERAL_ENGINEERING_AND_CONSTRUCTION_SERVICES.txt"
"PONARBUILT_CONSTRUCTION_AND_GENERAL_MERCHANDISE","no_results",0,"sec_results/PONARBUILT_CONSTRUCTION_AND_GENERAL_MERCHANDISE.txt"
"B-_CONSTRUCTION_AND_TRADING_CORPORATION","success",10,"sec_results/B-_CONSTRUCTION_AND_TRADING_CORPORATION.txt"
"SYMMETRICON_BUILDERS_CORP","no_results",0,"sec_results/SYMMETRICON_BUILDERS_CORP.txt"
"EL_TORRES_CONSTRUCTION_AND_TRADING_INC","success",1,"sec_results/EL_TORRES_CONSTRUCTION_AND_TRADING_INC.txt"
"RACER_&_DAWN_GENERAL_MERCHANDISE","no_results",0,"sec_results/RACER_&_DAWN_GENERAL_MERCHANDISE.txt"
"GOOD_FORTUNE_INTERNATIONAL,_INC","no_results",0,"sec_results/GOOD_FORTUNE_INTERNATIONAL,_INC.txt"
"MS_CONSTRUCTION_AND_SUPPLIES","success",10,"sec_results/MS_CONSTRUCTION_AND_SUPPLIES.txt"
"A.S.V._CONSTRUCTION_SUPPLY_&_SERVICES","no_results",0,"sec_results/A.S.V._CONSTRUCTION_SUPPLY_&_SERVICES.txt"
"MUANA_CONSTRUCTION_AND_DEVELOPMENT_CORP_FORMERLY","no_results",0,"sec_results/MUANA_CONSTRUCTION_AND_DEVELOPMENT_CORP_FORMERLY.txt"
"1_BEATUS_BUILDERS_CORP","no_results",0,"sec_results/1_BEATUS_BUILDERS_CORP.txt"
"ERS_CONSTRUCTION","no_results",0,"sec_results/ERS_CONSTRUCTION.txt"
"MGT_BUILDER'S_&_SUPPLY","no_results",0,"sec_results/MGT_BUILDER'S_&_SUPPLY.txt"
"MANUEL_A._DELA_TORRE_JR._BUILDERS","no_results",0,"sec_results/MANUEL_A._DELA_TORRE_JR._BUILDERS.txt"
"SWANA_MERCANTILE,_INC","no_results",0,"sec_results/SWANA_MERCANTILE,_INC.txt"
"E.M._CUERPO,_INC","no_results",0,"sec_results/E.M._CUERPO,_INC.txt"
"MAC_BUILDERS_CIVIL_ENGINEERING_CONSTRUCTION","no_results",0,"sec_results/MAC_BUILDERS_CIVIL_ENGINEERING_CONSTRUCTION.txt"
"RMT_CORPORATION","success",1,"sec_results/RMT_CORPORATION.txt"
"A_DE_GUIA_CONSTRUCTION_AND_DEVELOPMENT_CORPORATION","success",2,"sec_results/A_DE_GUIA_CONSTRUCTION_AND_DEVELOPMENT_CORPORATION.txt"
"JAMA88_BUILDERS_INC","success",1,"sec_results/JAMA88_BUILDERS_INC.txt"
"HI-TONE_CONSTRUCTION_DEVELOPMENT_CORPORATION","no_results",0,"sec_results/HI-TONE_CONSTRUCTION_DEVELOPMENT_CORPORATION.txt"
"MELGAZO_CONSTRUCTION_AND_SUPPLY","no_results",0,"sec_results/MELGAZO_CONSTRUCTION_AND_SUPPLY.txt"
"HIGH_STRENGTH_DEVELOPMENT_CORPORATION","no_results",0,"sec_results/HIGH_STRENGTH_DEVELOPMENT_CORPORATION.txt"
"ST._LOUISE_PRIME_BUILDERS_&_DEVELOPMENT_CORP","no_results",0,"sec_results/ST._LOUISE_PRIME_BUILDERS_&_DEVELOPMENT_CORP.txt"
"MEGAY_CONSTRUCTION","success",1,"sec_results/MEGAY_CONSTRUCTION.txt"
"SIX_SILVERS_CONSTRUCTION_AND_DEVELOPMENT_CORP","success",1,"sec_results/SIX_SILVERS_CONSTRUCTION_AND_DEVELOPMENT_CORP.txt"
"ZERO_ONE_CONSTRUCTION_AND_SUPPLY","no_results",0,"sec_results/ZERO_ONE_CONSTRUCTION_AND_SUPPLY.txt"
"ES_JOSEFA_CONSTRUCTION","no_results",0,"sec_results/ES_JOSEFA_CONSTRUCTION.txt"
"DABALOS_CONSTRUCTION_AND_CONCRETE_PRODUCTS","no_results",0,"sec_results/DABALOS_CONSTRUCTION_AND_CONCRETE_PRODUCTS.txt"
"STX_ENTERPRISES","success",1,"sec_results/STX_ENTERPRISES.txt"
"ITP_CONSTRUCTION,_INC","success",1,"sec_results/ITP_CONSTRUCTION,_INC.txt"
"BLACKRAM_BUILDERS,_INC","no_results",0,"sec_results/BLACKRAM_BUILDERS,_INC.txt"
"PAGADIAN_AGGREGATES_&_MARKETING","no_results",0,"sec_results/PAGADIAN_AGGREGATES_&_MARKETING.txt"
"RITCHE-NATHALIE_BUILDERS__GENERAL_MERCHANDISE","no_results",0,"sec_results/RITCHE-NATHALIE_BUILDERS__GENERAL_MERCHANDISE.txt"
"REDCAR_TRADING_&_CONSTRUCTION","success",1,"sec_results/REDCAR_TRADING_&_CONSTRUCTION.txt"
"DEX_CONSTRUCTION_AND_SUPPLY","no_results",0,"sec_results/DEX_CONSTRUCTION_AND_SUPPLY.txt"
"ESPERANZA_COMMERCIAL","no_results",0,"sec_results/ESPERANZA_COMMERCIAL.txt"
"AYLAN_CONSTRUCTION_AND_TRADING","success",1,"sec_results/AYLAN_CONSTRUCTION_AND_TRADING.txt"
"A_D_CONSTRUCTION_AND_SUPPLY","success",10,"sec_results/A_D_CONSTRUCTION_AND_SUPPLY.txt"
"JOP_CONSTRUCTION_SERVICES","no_results",0,"sec_results/JOP_CONSTRUCTION_SERVICES.txt"
"D_C_SANDIL_CONSTRUCTION_AND_REALTY_DEVELOPMENT_I","no_results",0,"sec_results/D_C_SANDIL_CONSTRUCTION_AND_REALTY_DEVELOPMENT_I.txt"
"EUCLIDCON_BUILDERS","no_results",0,"sec_results/EUCLIDCON_BUILDERS.txt"
"FABRO_CONSTRUCTION","success",1,"sec_results/FABRO_CONSTRUCTION.txt"
"VIBRANIUM_BUILDERS_CORPORATION","success",2,"sec_results/VIBRANIUM_BUILDERS_CORPORATION.txt"
"DELPAR_CONSTRUCTION_SUPPLIES","no_results",0,"sec_results/DELPAR_CONSTRUCTION_SUPPLIES.txt"
"RIVERBED_ENTERPRISES","no_results",0,"sec_results/RIVERBED_ENTERPRISES.txt"
"JUNCYNTH_CONSTRUCTION_&_GENERAL_SERVICES","no_results",0,"sec_results/JUNCYNTH_CONSTRUCTION_&_GENERAL_SERVICES.txt"
"SKYSCRAPERPH_CONSTRUCTION_CORPORATION","success",1,"sec_results/SKYSCRAPERPH_CONSTRUCTION_CORPORATION.txt"
"JEP_CONSTRUCTION","no_results",0,"sec_results/JEP_CONSTRUCTION.txt"
"RCODE_BUILDERS_AND_AGGREGATE_SUPPLY","no_results",0,"sec_results/RCODE_BUILDERS_AND_AGGREGATE_SUPPLY.txt"
"ISHIZAKI_CONSTRUCTION","success",10,"sec_results/ISHIZAKI_CONSTRUCTION.txt"
"CREST_CONSTRUCTION","success",6,"sec_results/CREST_CONSTRUCTION.txt"
"KANE_CONSTRUCTION,_INC","no_results",0,"sec_results/KANE_CONSTRUCTION,_INC.txt"
"N.B._AVILA_CONSTRUCTION","no_results",0,"sec_results/N.B._AVILA_CONSTRUCTION.txt"
"C.F._TRINIDAD_CONSTRUCTION_AND_SUPPLIES_CORP._(FOR","no_results",0,"sec_results/C.F._TRINIDAD_CONSTRUCTION_AND_SUPPLIES_CORP._(FOR.txt"
"GAC_CONSTRUCTION","success",1,"sec_results/GAC_CONSTRUCTION.txt"
"BBC_CONSTRUCTION","success",1,"sec_results/BBC_CONSTRUCTION.txt"
"BLESSING_BUILDERS_AND_CONSTRUCTION_SUPPLY","success",1,"sec_results/BLESSING_BUILDERS_AND_CONSTRUCTION_SUPPLY.txt"
"G.A._PINEDA_CONSTRUCTION","success",3,"sec_results/G.A._PINEDA_CONSTRUCTION.txt"
"RRC_CONSTRUCTION","success",1,"sec_results/RRC_CONSTRUCTION.txt"
"PERSAN_CONSTRUCTION_INC_FORMERLY_PERSAN_CONST","no_results",0,"sec_results/PERSAN_CONSTRUCTION_INC_FORMERLY_PERSAN_CONST.txt"
"DONATO_-_SAKIWAT_CONSTRUCTION","success",1,"sec_results/DONATO_-_SAKIWAT_CONSTRUCTION.txt"
"SUNLIGHT_BUILDERS_AND_SUPPLY","no_results",0,"sec_results/SUNLIGHT_BUILDERS_AND_SUPPLY.txt"
"GCLT_CONSTRUCTION","success",1,"sec_results/GCLT_CONSTRUCTION.txt"
"FLAG_CONSTRUCTION_CORPORATION","success",1,"sec_results/FLAG_CONSTRUCTION_CORPORATION.txt"
"REGERYS_CONSTRUCTION_&_SUPPLY","no_results",0,"sec_results/REGERYS_CONSTRUCTION_&_SUPPLY.txt"
"JANZEL_BUILDERS_&_SUPPLIES","no_results",0,"sec_results/JANZEL_BUILDERS_&_SUPPLIES.txt"
"GROUND_HUG_CONSTRUCTION","no_results",0,"sec_results/GROUND_HUG_CONSTRUCTION.txt"
"MAK-_JAMS_CONSTRUCTION","no_results",0,"sec_results/MAK-_JAMS_CONSTRUCTION.txt"
"ALFEL_CONSTRUCTION_CORPORATION","success",1,"sec_results/ALFEL_CONSTRUCTION_CORPORATION.txt"
"AD_MARRERO_GENERAL_CONSTRUCTION","success",1,"sec_results/AD_MARRERO_GENERAL_CONSTRUCTION.txt"
"K84_CONSTRUCTION_AND_DEVELOPMENT_CORPORATION","success",1,"sec_results/K84_CONSTRUCTION_AND_DEVELOPMENT_CORPORATION.txt"
"MCB_CONSTRUCTION_&_SUPPLY","no_results",0,"sec_results/MCB_CONSTRUCTION_&_SUPPLY.txt"
"JOHN_DEE_B._BUSTAMANTE_CONSTRUCTION","no_results",0,"sec_results/JOHN_DEE_B._BUSTAMANTE_CONSTRUCTION.txt"
"O.I.C._CONSTRUCTION_&_SUPPLY","no_results",0,"sec_results/O.I.C._CONSTRUCTION_&_SUPPLY.txt"
"GADAV_BUILDERS","no_results",0,"sec_results/GADAV_BUILDERS.txt"
"JANN-NORRIS_CONSTRUCTION_AND_SUPPLIES_INC._(FORMELY:_JANN-NORRIS_CONSTRUCTION_AND_SUPPLIES)","no_results",0,"sec_results/JANN-NORRIS_CONSTRUCTION_AND_SUPPLIES_INC._(FORMELY:_JANN-NORRIS_CONSTRUCTION_AND_SUPPLIES).txt"
"WJP_CONSTRUCTION_AND_SUPPLY","success",1,"sec_results/WJP_CONSTRUCTION_AND_SUPPLY.txt"
"EFV_CONSTRUCTION,_INC","success",1,"sec_results/EFV_CONSTRUCTION,_INC.txt"
"PECDASEN_BUILDERS","no_results",0,"sec_results/PECDASEN_BUILDERS.txt"
"CTC_BUILDER_AND_SUPPLIES_INCORPORATED","success",1,"sec_results/CTC_BUILDER_AND_SUPPLIES_INCORPORATED.txt"
"EJR_BUILDERS_&_CONSTRUCTION_SUPPLY","no_results",0,"sec_results/EJR_BUILDERS_&_CONSTRUCTION_SUPPLY.txt"
"JAY_ARCIE_CONSTRUCTION","no_results",0,"sec_results/JAY_ARCIE_CONSTRUCTION.txt"
"REFUGE_CONSTRUCTION_SERVICES","no_results",0,"sec_results/REFUGE_CONSTRUCTION_SERVICES.txt"
"FB_BANTALES_ENGINEERING_CONSTRUCTION","no_results",0,"sec_results/FB_BANTALES_ENGINEERING_CONSTRUCTION.txt"
"APS_CONSTRUCTION","success",1,"sec_results/APS_CONSTRUCTION.txt"
"SBD_BUILDERS","no_results",0,"sec_results/SBD_BUILDERS.txt"
"GMR_CONSTRUCTION_AND_SUPPLY","no_results",0,"sec_results/GMR_CONSTRUCTION_AND_SUPPLY.txt"
"YES_CONSTRUCTION","success",1,"sec_results/YES_CONSTRUCTION.txt"
"AMP_CONSTRUCTION","no_results",0,"sec_results/AMP_CONSTRUCTION.txt"
"EBCAL_CONSTRUCTION_AMP;_HARDWARE_SUPPLY","no_results",0,"sec_results/EBCAL_CONSTRUCTION_AMP;_HARDWARE_SUPPLY.txt"
"M._MONTESCLAROS_ENT.,_INC","no_results",0,"sec_results/M._MONTESCLAROS_ENT.,_INC.txt"
"ROGENOX_CONSTRUCTION_AND_SUPPLY_CORP.","success",1,"sec_results/ROGENOX_CONSTRUCTION_AND_SUPPLY_CORP..txt"
"LC_TING_CONSTRUCTION","success",2,"sec_results/LC_TING_CONSTRUCTION.txt"
"CT_LEONCIO_CONSTRUCTION__TRADING","no_results",0,"sec_results/CT_LEONCIO_CONSTRUCTION__TRADING.txt"
"MIGHTY_CONSTRUCTION","no_results",0,"sec_results/MIGHTY_CONSTRUCTION.txt"
"LPS_CONSTRUCTION_GROUP,_INC.","success",1,"sec_results/LPS_CONSTRUCTION_GROUP,_INC..txt"
"QDC_CONSTRUCTION_AND_SUPPLY","no_results",0,"sec_results/QDC_CONSTRUCTION_AND_SUPPLY.txt"
"CAMCU_CONSTRUCTION_AND_SUPPLIES","no_results",0,"sec_results/CAMCU_CONSTRUCTION_AND_SUPPLIES.txt"
"MJ_TIONGSON_CONSTRUCTION_(FORMERLY:_MJT_BUILDERS)","no_results",0,"sec_results/MJ_TIONGSON_CONSTRUCTION_(FORMERLY:_MJT_BUILDERS).txt"
"R._D._INTERIOR_JUNIOR_CONSTRUCTION","no_results",0,"sec_results/R._D._INTERIOR_JUNIOR_CONSTRUCTION.txt"
"RISM_BUILDERS_AND_CONSTRUCTION_SERVICES,_INC._(FORMERLY_RISM_DESIGNER'S_&_GEN._MDSE._&_ENG'G.)","no_results",0,"sec_results/RISM_BUILDERS_AND_CONSTRUCTION_SERVICES,_INC._(FORMERLY_RISM_DESIGNER'S_&_GEN._MDSE._&_ENG'G.).txt"
"830_BUILDERS_&_DEVELOPERS_CORP.","success",1,"sec_results/830_BUILDERS_&_DEVELOPERS_CORP..txt"
"JRM_CONSTRUCTION_AND_SUPPLY","no_results",0,"sec_results/JRM_CONSTRUCTION_AND_SUPPLY.txt"
"ALEXI_LOUISSE_CONSTRUCTION","success",1,"sec_results/ALEXI_LOUISSE_CONSTRUCTION.txt"
"STAVRI_CONSTRUCTION_AND_SUPPLIES","no_results",0,"sec_results/STAVRI_CONSTRUCTION_AND_SUPPLIES.txt"
"MITZIE_CONSTRUCTION","no_results",0,"sec_results/MITZIE_CONSTRUCTION.txt"
"MPR_BUILDERS_SUPPLY","no_results",0,"sec_results/MPR_BUILDERS_SUPPLY.txt"
"JEADA_CONSTRUCTION","no_results",0,"sec_results/JEADA_CONSTRUCTION.txt"
"RUDHIL_CONSTRUCTION_ENTERPRISES_INC","success",1,"sec_results/RUDHIL_CONSTRUCTION_ENTERPRISES_INC.txt"
"GPC_CONSTRUCTION_&_ENTERPRISES","no_results",0,"sec_results/GPC_CONSTRUCTION_&_ENTERPRISES.txt"
"GEOHEART_CONSTRUCTION","success",1,"sec_results/GEOHEART_CONSTRUCTION.txt"
"SISAM_CONSTRUCTION_&_SUPPLIES","no_results",0,"sec_results/SISAM_CONSTRUCTION_&_SUPPLIES.txt"
"C.A._BETALAC_CONSTRUCTION_&_GENERAL_MERCHANDISE","no_results",0,"sec_results/C.A._BETALAC_CONSTRUCTION_&_GENERAL_MERCHANDISE.txt"
"JJHAK_CONSTRUCTION","no_results",0,"sec_results/JJHAK_CONSTRUCTION.txt"
"JUST_SAFE_LEADING_(JSL)_INNOVATIVE_CREATION_CORPORATION","no_results",0,"sec_results/JUST_SAFE_LEADING_(JSL)_INNOVATIVE_CREATION_CORPORATION.txt"
"O._G._SANTOS_CONSTRUCTION","no_results",0,"sec_results/O._G._SANTOS_CONSTRUCTION.txt"
"N.A._IBARRA_CONSTRUCTION(FOR._DIOCLETIANS_CONST.)","no_results",0,"sec_results/N.A._IBARRA_CONSTRUCTION(FOR._DIOCLETIANS_CONST.).txt"
"GOOD_FORTUNE_INTERNATIONAL_INC","no_results",0,"sec_results/GOOD_FORTUNE_INTERNATIONAL_INC.txt"
"ROLCO_CONSTRUCTION__DEVELOPMENT_CORPORATION","no_results",0,"sec_results/ROLCO_CONSTRUCTION__DEVELOPMENT_CORPORATION.txt"
"JKD_CONSTRUCTION_&_SUPPLY","no_results",0,"sec_results/JKD_CONSTRUCTION_&_SUPPLY.txt"
"BARR_STEEL_CONSTRUCTION","no_results",0,"sec_results/BARR_STEEL_CONSTRUCTION.txt"
"IGWT-JAV_CONSTRUCTION_&_DEVELOPMENT_CORPORATION","no_results",0,"sec_results/IGWT-JAV_CONSTRUCTION_&_DEVELOPMENT_CORPORATION.txt"
"ALGIMAR_CONSTRUCTION_CORPORATION","success",1,"sec_results/ALGIMAR_CONSTRUCTION_CORPORATION.txt"
"GILTOP_CIVIL_ENGINEERING_CONSTRUCTION","no_results",0,"sec_results/GILTOP_CIVIL_ENGINEERING_CONSTRUCTION.txt"
"E_T_LATAWAN_CONSTRUCTION","no_results",0,"sec_results/E_T_LATAWAN_CONSTRUCTION.txt"
"EF_CHUA_CONSTRUCTION","success",4,"sec_results/EF_CHUA_CONSTRUCTION.txt"
"JAGGER_ENTERPRISES","no_results",0,"sec_results/JAGGER_ENTERPRISES.txt"
"SJ_MILLENNIUM_CONSTRUCTION_AND_CONSTRUCTION_SUPPLY_CORPORATION","success",1,"sec_results/SJ_MILLENNIUM_CONSTRUCTION_AND_CONSTRUCTION_SUPPLY_CORPORATION.txt"
"MRJR_CONSTRUCTION_TRADING","no_results",0,"sec_results/MRJR_CONSTRUCTION_TRADING.txt"
"YURICH_BUILDERS_AND_CONSTRUCTION_SUPPLY_INC","success",1,"sec_results/YURICH_BUILDERS_AND_CONSTRUCTION_SUPPLY_INC.txt"
"LLABAN_CON","no_results",0,"sec_results/LLABAN_CON.txt"
"ET_LATAWAN_CONSTRUCTION","no_results",0,"sec_results/ET_LATAWAN_CONSTRUCTION.txt"
"GLJ_CONSTRUCTION","no_results",0,"sec_results/GLJ_CONSTRUCTION.txt"
"JSAM_CONSTRUCTION","no_results",0,"sec_results/JSAM_CONSTRUCTION.txt"
"MEGA_M_BUILDERS_CORPORATION","no_results",0,"sec_results/MEGA_M_BUILDERS_CORPORATION.txt"
"NORSAM_BUILDERS_&_CONSTRUCTION_SUPPLY_-_CATARMAN","no_results",0,"sec_results/NORSAM_BUILDERS_&_CONSTRUCTION_SUPPLY_-_CATARMAN.txt"
"FIVE_MASSIVE_INFRA_SUPPLY_CORP","success",1,"sec_results/FIVE_MASSIVE_INFRA_SUPPLY_CORP.txt"
"MIROLA_HARDWARE_INC","success",1,"sec_results/MIROLA_HARDWARE_INC.txt"
"AKV_BUILDERS_AND_CONSTRUCTION_SUPPLIES","no_results",0,"sec_results/AKV_BUILDERS_AND_CONSTRUCTION_SUPPLIES.txt"
"SQUARE_CUBE_CONSTRUCTION","no_results",0,"sec_results/SQUARE_CUBE_CONSTRUCTION.txt"
"KING_S_BUILDERS","no_results",0,"sec_results/KING_S_BUILDERS.txt"
"F.R._MAPILISAN_CONSTRUCTION","no_results",0,"sec_results/F.R._MAPILISAN_CONSTRUCTION.txt"
"BADOC_BUILDER_&_SUPPLY","no_results",0,"sec_results/BADOC_BUILDER_&_SUPPLY.txt"
"BELTRAN_SB_AGA_GENERAL_MERCHANDISE_AND_CONSTRUCTION","no_results",0,"sec_results/BELTRAN_SB_AGA_GENERAL_MERCHANDISE_AND_CONSTRUCTION.txt"
"CGI_CONSTRUCTION","no_results",0,"sec_results/CGI_CONSTRUCTION.txt"
"NIÃ‘AS_CONSTRUCTION_CORP","no_results",0,"sec_results/NIÃ‘AS_CONSTRUCTION_CORP.txt"
"NEW_EASTPOINT_BUILDERS_CORP","success",1,"sec_results/NEW_EASTPOINT_BUILDERS_CORP.txt"
"EVENPAR_CONSTRUCTION_AND_DEVELOPMENT_CORPORATION","no_results",0,"sec_results/EVENPAR_CONSTRUCTION_AND_DEVELOPMENT_CORPORATION.txt"
"PABLO_S_LABASBAS_CONSTRUCTION_CORPORATION","success",1,"sec_results/PABLO_S_LABASBAS_CONSTRUCTION_CORPORATION.txt"
"DAUNGAN_CONSTRUCTION_DEV'T._&_GEN._SUPPLIES_CO.,_INC","no_results",0,"sec_results/DAUNGAN_CONSTRUCTION_DEV'T._&_GEN._SUPPLIES_CO.,_INC.txt"
"LEXAND_CONSTRUCTION_&_DEVELOPMENT","no_results",0,"sec_results/LEXAND_CONSTRUCTION_&_DEVELOPMENT.txt"
"AQUINO-DELA_CRUZ_ENGINEERING_CONSTRUCTION","no_results",0,"sec_results/AQUINO-DELA_CRUZ_ENGINEERING_CONSTRUCTION.txt"
"HOR-VERT_ENTERPRISES","no_results",0,"sec_results/HOR-VERT_ENTERPRISES.txt"
"BEAM_TEAM_DEVELOPER_SPECIALIST_INC","success",1,"sec_results/BEAM_TEAM_DEVELOPER_SPECIALIST_INC.txt"
"VERZONTAL_INFRASTRUCTURE_CORPORATION","success",1,"sec_results/VERZONTAL_INFRASTRUCTURE_CORPORATION.txt"
"JIMMY_AND_JOHN_SYDNEY_CONSTRUCTION","no_results",0,"sec_results/JIMMY_AND_JOHN_SYDNEY_CONSTRUCTION.txt"
"MN_BAYALAS_CONSTRUCTION","success",1,"sec_results/MN_BAYALAS_CONSTRUCTION.txt"
"A.D._GONZALES_JR._CONSTRUCTION_&_TRADING_CO._INC.","no_results",0,"sec_results/A.D._GONZALES_JR._CONSTRUCTION_&_TRADING_CO._INC..txt"
"EXEL_CONCEPTS_CORP","no_results",0,"sec_results/EXEL_CONCEPTS_CORP.txt"
"NEW_JET_HARDWARE_&AMP;_ELECTRICAL_SUPPLIES,_INC","no_results",0,"sec_results/NEW_JET_HARDWARE_&AMP;_ELECTRICAL_SUPPLIES,_INC.txt"
"CEY_BUILDERS","no_results",0,"sec_results/CEY_BUILDERS.txt"
"G.T.J._CONSTRUCTION","no_results",0,"sec_results/G.T.J._CONSTRUCTION.txt"
"L&M_RODRIGUEZ_CONSTRUCTION_AND_TRADING_INC._(FORMERLY:_M.M._RODRIGUEZ_TRADING_AND_CONSTRUCTION)","no_results",0,"sec_results/L&M_RODRIGUEZ_CONSTRUCTION_AND_TRADING_INC._(FORMERLY:_M.M._RODRIGUEZ_TRADING_AND_CONSTRUCTION).txt"
"GEN_SUPPLIES_CO_INC","no_results",0,"sec_results/GEN_SUPPLIES_CO_INC.txt"
"ALPHA_OMEGA_GEN_CONTRACTOR_DEVELOPMENT_CORPORATION","no_results",0,"sec_results/ALPHA_OMEGA_GEN_CONTRACTOR_DEVELOPMENT_CORPORATION.txt"
"QUANTUMWAYS_BUILDERS_ROAD_CONSTRUCTION","no_results",0,"sec_results/QUANTUMWAYS_BUILDERS_ROAD_CONSTRUCTION.txt"
"CHELSEA_BUILDERS","no_results",0,"sec_results/CHELSEA_BUILDERS.txt"
"VSP_Structure_Ventures_Corp","success",1,"sec_results/VSP_Structure_Ventures_Corp.txt"
"GS_FERROLINO_CONSTRUCTION_&_SUPPLY","no_results",0,"sec_results/GS_FERROLINO_CONSTRUCTION_&_SUPPLY.txt"
"TRICHES_CONSTRUCTION_TRADING","no_results",0,"sec_results/TRICHES_CONSTRUCTION_TRADING.txt"
"ISNAG_BUILDERS_DEV_T_CORPORATION","success",1,"sec_results/ISNAG_BUILDERS_DEV_T_CORPORATION.txt"
"KASANGA_CONSTRUCTION_AND_SUPPLIES","no_results",0,"sec_results/KASANGA_CONSTRUCTION_AND_SUPPLIES.txt"
"BADOC_BUILDERS__SUPPLY_INC","no_results",0,"sec_results/BADOC_BUILDERS__SUPPLY_INC.txt"
"KING_EIGHT_BUILDERS","no_results",0,"sec_results/KING_EIGHT_BUILDERS.txt"
"A.I.P._CONSTRUCTION","no_results",0,"sec_results/A.I.P._CONSTRUCTION.txt"
"SHEAR_CONSTRUCTION_AND_SUPPLY","no_results",0,"sec_results/SHEAR_CONSTRUCTION_AND_SUPPLY.txt"
"RITCHE-NATHALIE_BUILDERS_&_GENERAL_MERCHANDISE","no_results",0,"sec_results/RITCHE-NATHALIE_BUILDERS_&_GENERAL_MERCHANDISE.txt"
"MARTINEZ_ENTERPRISES","no_results",0,"sec_results/MARTINEZ_ENTERPRISES.txt"
"A_C_SOLIVEN_CONSTRUCTION_GENERAL_MERCHANDISE","no_results",0,"sec_results/A_C_SOLIVEN_CONSTRUCTION_GENERAL_MERCHANDISE.txt"
"NC_CONSTRUCTION","no_results",0,"sec_results/NC_CONSTRUCTION.txt"
"TAGUM","success",10,"sec_results/TAGUM.txt"
"GIZA_BUILDERS_CORPORATION","success",1,"sec_results/GIZA_BUILDERS_CORPORATION.txt"
"CNRJ_CONSTRUCTION","no_results",0,"sec_results/CNRJ_CONSTRUCTION.txt"
"THE_STEADFAST_BUILDERS","success",1,"sec_results/THE_STEADFAST_BUILDERS.txt"
"ALRO_CONSTRUCTION__DEVELOPMENT_CORP","no_results",0,"sec_results/ALRO_CONSTRUCTION__DEVELOPMENT_CORP.txt"
"KMCM_BUILDERS_AND_DEVELOPMENT_CORPORATION","success",1,"sec_results/KMCM_BUILDERS_AND_DEVELOPMENT_CORPORATION.txt"
"FIRST_NORTHWAY_DEVELOPMENT_&_CONSTRUCTION_CORP.","no_results",0,"sec_results/FIRST_NORTHWAY_DEVELOPMENT_&_CONSTRUCTION_CORP..txt"
"WELMAR_MERCHANDISING","no_results",0,"sec_results/WELMAR_MERCHANDISING.txt"
"GEMMA_CON","no_results",0,"sec_results/GEMMA_CON.txt"
"LR_TIQUI_BUILDERS","success",1,"sec_results/LR_TIQUI_BUILDERS.txt"
"REASON'S_CONSTRUCTION_&_SUPPLIES","no_results",0,"sec_results/REASON'S_CONSTRUCTION_&_SUPPLIES.txt"
"HLH_MARKETING,_INC","no_results",0,"sec_results/HLH_MARKETING,_INC.txt"
"ISABELA_WJC_HARDWARE_AND_GENERAL_MERCHANDISE,_INC","no_results",0,"sec_results/ISABELA_WJC_HARDWARE_AND_GENERAL_MERCHANDISE,_INC.txt"
"MELROSHEAN_CONSTRUCTION_CORPORATION","success",1,"sec_results/MELROSHEAN_CONSTRUCTION_CORPORATION.txt"
"EDISON_C_BUILDERS_&_CONSTRUCTION_SUPPLY","no_results",0,"sec_results/EDISON_C_BUILDERS_&_CONSTRUCTION_SUPPLY.txt"
"AFG_CONSTRUCTION_CORPORATION","success",1,"sec_results/AFG_CONSTRUCTION_CORPORATION.txt"
"FL_REYES_DESIGN_CONSTRUCTION","no_results",0,"sec_results/FL_REYES_DESIGN_CONSTRUCTION.txt"
"JANRA8_BUILDERS","success",1,"sec_results/JANRA8_BUILDERS.txt"
"ALEXI_LOUISSE_CONSTRUCTION_GENERAL_MERCHANDISE","no_results",0,"sec_results/ALEXI_LOUISSE_CONSTRUCTION_GENERAL_MERCHANDISE.txt"
"ARDA_CONSTRUCTION_AND_SUPPLY","no_results",0,"sec_results/ARDA_CONSTRUCTION_AND_SUPPLY.txt"
"GOLDSTAR_MARKETING_CONSTRUCTION_SERVICES_INC","success",1,"sec_results/GOLDSTAR_MARKETING_CONSTRUCTION_SERVICES_INC.txt"
"JG_GARCIA_CONSTRUCTION__SUPPLY","no_results",0,"sec_results/JG_GARCIA_CONSTRUCTION__SUPPLY.txt"
"NOVA_VENTUS_CONSTRUCTION_INC.","success",1,"sec_results/NOVA_VENTUS_CONSTRUCTION_INC..txt"
"8_J'_S_CONSTRUCTION_&AMP;_GENERAL_MERCHANDISE","no_results",0,"sec_results/8_J'_S_CONSTRUCTION_&AMP;_GENERAL_MERCHANDISE.txt"
"ARIK_CONSTRUCTION","no_results",0,"sec_results/ARIK_CONSTRUCTION.txt"
"J_C_ALBASON_BUILDERS","success",10,"sec_results/J_C_ALBASON_BUILDERS.txt"
"EC_SOLICON_BUILDERS_&_SUPPLY,_INC.","success",1,"sec_results/EC_SOLICON_BUILDERS_&_SUPPLY,_INC..txt"
"LINEAR_CONSTRUCTION_CORP.","no_results",0,"sec_results/LINEAR_CONSTRUCTION_CORP..txt"
"RR_RICAFORT_CONSTRUCTION_AND_SUPPLIES","no_results",0,"sec_results/RR_RICAFORT_CONSTRUCTION_AND_SUPPLIES.txt"
"NUEDA_BUILDERS_CONST._&_SUPPLY,_INC","no_results",0,"sec_results/NUEDA_BUILDERS_CONST._&_SUPPLY,_INC.txt"
"LVRO_CONSTRUCTION_AND_SUPPLY","no_results",0,"sec_results/LVRO_CONSTRUCTION_AND_SUPPLY.txt"
"JAN-REAL_CONSTRUCTION_SERVICES","no_results",0,"sec_results/JAN-REAL_CONSTRUCTION_SERVICES.txt"
"ASEAS_CONSTRUCTION_AND_ENTERPRISES","no_results",0,"sec_results/ASEAS_CONSTRUCTION_AND_ENTERPRISES.txt"
"ALGO_CONSTRUCTION_AND_POWER_DEVELOPMENT_INC","success",1,"sec_results/ALGO_CONSTRUCTION_AND_POWER_DEVELOPMENT_INC.txt"
"R.E.A._CONSTRUCTION","success",10,"sec_results/R.E.A._CONSTRUCTION.txt"
"JF_BIASCA_CONSTRUCTION_AMP;_SUPPLIES","no_results",0,"sec_results/JF_BIASCA_CONSTRUCTION_AMP;_SUPPLIES.txt"
"JOCYN_CONSTRUCTION","no_results",0,"sec_results/JOCYN_CONSTRUCTION.txt"
"ERRA_CONSTRUCTION","no_results",0,"sec_results/ERRA_CONSTRUCTION.txt"
"A_&_D_CONSTRUCTION_AND_SUPPLY","no_results",0,"sec_results/A_&_D_CONSTRUCTION_AND_SUPPLY.txt"
"LEO-J_CONSTRUCTION_SERVICES","no_results",0,"sec_results/LEO-J_CONSTRUCTION_SERVICES.txt"
"ED1SON_DEVELOPMENT","success",1,"sec_results/ED1SON_DEVELOPMENT.txt"
"JFBIASCA_CONSTRUCTION_&_SUPPLIES","no_results",0,"sec_results/JFBIASCA_CONSTRUCTION_&_SUPPLIES.txt"
"LOUREL_DEVELOPMENT_CORPORATION_FORMERLY_LOUREL_D","no_results",0,"sec_results/LOUREL_DEVELOPMENT_CORPORATION_FORMERLY_LOUREL_D.txt"
"ABU_CONSTRUCTION","no_results",0,"sec_results/ABU_CONSTRUCTION.txt"
"NEW_WELLINGTON_LUMBER_AND_HARDWARE","no_results",0,"sec_results/NEW_WELLINGTON_LUMBER_AND_HARDWARE.txt"
"PHILIPPIANS_CDO_CONSTRUCTION_CORPORATION","no_results",0,"sec_results/PHILIPPIANS_CDO_CONSTRUCTION_CORPORATION.txt"
"SUMAG_BUILDERS_CONSTRUCTION","no_results",0,"sec_results/SUMAG_BUILDERS_CONSTRUCTION.txt"
"ARRIANNE_MERCHANDISING_AND_CONSTRUCTION_SERVICES_INCORPORATED","success",1,"sec_results/ARRIANNE_MERCHANDISING_AND_CONSTRUCTION_SERVICES_INCORPORATED.txt"
"A._F._MANUEL_CONSTRUCTION","no_results",0,"sec_results/A._F._MANUEL_CONSTRUCTION.txt"
"MILESTONE_888_CONSTRUCTION_INC","success",1,"sec_results/MILESTONE_888_CONSTRUCTION_INC.txt"
"G.F._ROVERO_MERCHANDISING","no_results",0,"sec_results/G.F._ROVERO_MERCHANDISING.txt"
"CALCON_ENGINEERING","no_results",0,"sec_results/CALCON_ENGINEERING.txt"
"JIIK_CONSTRUCTION_SERVICES","no_results",0,"sec_results/JIIK_CONSTRUCTION_SERVICES.txt"
"BOSH_MEGATRADE","no_results",0,"sec_results/BOSH_MEGATRADE.txt"
"HB_CONSTRUCTION_DAHL_CONSTRUCTION_CORP_FORMERLY_DAHL_CONSTRUCTION","no_results",0,"sec_results/HB_CONSTRUCTION_DAHL_CONSTRUCTION_CORP_FORMERLY_DAHL_CONSTRUCTION.txt"
"MIGHTY_CONSTRUCTION_&_DEVELOPMENT_INC","no_results",0,"sec_results/MIGHTY_CONSTRUCTION_&_DEVELOPMENT_INC.txt"
"ONE_ORCHARD_CONSTRUCTION_CORPORATION","success",1,"sec_results/ONE_ORCHARD_CONSTRUCTION_CORPORATION.txt"
"EDISON_DEVELOPMENT_&_CONSTRUCTION","no_results",0,"sec_results/EDISON_DEVELOPMENT_&_CONSTRUCTION.txt"
"LISA_CONSTRUCTION","no_results",0,"sec_results/LISA_CONSTRUCTION.txt"
"CM'S_GENERAL_MERCHANDISE_AND_CONSTRUCTION_SUPPLY","no_results",0,"sec_results/CM'S_GENERAL_MERCHANDISE_AND_CONSTRUCTION_SUPPLY.txt"
"PHESCO_INCORPORATED","success",1,"sec_results/PHESCO_INCORPORATED.txt"
"GEN_MDSE","success",10,"sec_results/GEN_MDSE.txt"
"DQT_BUILDERS_CORPORATION_(FORMERLY_DQT_BUILDERS)","no_results",0,"sec_results/DQT_BUILDERS_CORPORATION_(FORMERLY_DQT_BUILDERS).txt"
"DINAH_JANE_CONSTRUCTION_AND_SUPPLY_JUGA_BUILDERS_CONSTRUCTION_SUPPLY","no_results",0,"sec_results/DINAH_JANE_CONSTRUCTION_AND_SUPPLY_JUGA_BUILDERS_CONSTRUCTION_SUPPLY.txt"
"J.A._OLIVAR_ENGINEERING_DESIGN,_CONSTRUCTION_AND_S","no_results",0,"sec_results/J.A._OLIVAR_ENGINEERING_DESIGN,_CONSTRUCTION_AND_S.txt"
"CHRISTFER_CONSTRUCTION","no_results",0,"sec_results/CHRISTFER_CONSTRUCTION.txt"
"ENYE_CONSTRUCTION_&_DEVELOPMENT_INC.","no_results",0,"sec_results/ENYE_CONSTRUCTION_&_DEVELOPMENT_INC..txt"
"PLL_BUILDERS_INC","success",1,"sec_results/PLL_BUILDERS_INC.txt"
"JIRK_CONSTRUCTION","no_results",0,"sec_results/JIRK_CONSTRUCTION.txt"
"ABELARDE_BUILDERS","no_results",0,"sec_results/ABELARDE_BUILDERS.txt"
"ALUMINUM","success",10,"sec_results/ALUMINUM.txt"
"TCSC_CORP.","success",1,"sec_results/TCSC_CORP..txt"
"PYRAMID_CONSOLIDATED_BUILDERS_GEN_MDSE","no_results",0,"sec_results/PYRAMID_CONSOLIDATED_BUILDERS_GEN_MDSE.txt"
"A.D._MARRERO_GENERAL_CONSTRUCTION","success",1,"sec_results/A.D._MARRERO_GENERAL_CONSTRUCTION.txt"
"EMNAR_CONSTRUCTION_AND_ENGINEERING_SERVICES","no_results",0,"sec_results/EMNAR_CONSTRUCTION_AND_ENGINEERING_SERVICES.txt"
"MARKBILT_CONSTRUCTION_TRADING_DEVELOPMENT_CORP","success",1,"sec_results/MARKBILT_CONSTRUCTION_TRADING_DEVELOPMENT_CORP.txt"
"TUCHAR_CONSTRUCTION_CORP","success",1,"sec_results/TUCHAR_CONSTRUCTION_CORP.txt"
"RONWOOD_CORPORATION","success",1,"sec_results/RONWOOD_CORPORATION.txt"
"ROCKSTEEL_CONSTRUCTION_AND_DEV_T_CORPORATION","success",1,"sec_results/ROCKSTEEL_CONSTRUCTION_AND_DEV_T_CORPORATION.txt"
"BET_CONSTRUCTION_SUPPLY","no_results",0,"sec_results/BET_CONSTRUCTION_SUPPLY.txt"
"NORTHBASE_CONSTRUCTION","success",1,"sec_results/NORTHBASE_CONSTRUCTION.txt"
"V.R._PATRON_BUILDERS_&_DEVELOPERS_CORP._(PREVIOUSL","no_results",0,"sec_results/V.R._PATRON_BUILDERS_&_DEVELOPERS_CORP._(PREVIOUSL.txt"
"SYMMETRICON_BUILDERS_CORP.","success",1,"sec_results/SYMMETRICON_BUILDERS_CORP..txt"
"LLABAN_CONSTRUCTION_SUPPLY","no_results",0,"sec_results/LLABAN_CONSTRUCTION_SUPPLY.txt"
"JWU_CONSTRUCTION_AND_SUPPLY","no_results",0,"sec_results/JWU_CONSTRUCTION_AND_SUPPLY.txt"
"VANVI_CONSTRUCTION","no_results",0,"sec_results/VANVI_CONSTRUCTION.txt"
"VN_GRANDE_BUILDERS_SUPPLY","no_results",0,"sec_results/VN_GRANDE_BUILDERS_SUPPLY.txt"
"STRONGLANE_CONSTRUCTION_TRADING","no_results",0,"sec_results/STRONGLANE_CONSTRUCTION_TRADING.txt"
"ERCI_CONSTRUCTION_SERVICES","no_results",0,"sec_results/ERCI_CONSTRUCTION_SERVICES.txt"
"E.T._LATAWAN_CONSTRUCTION","no_results",0,"sec_results/E.T._LATAWAN_CONSTRUCTION.txt"
"GOLDRICH_CONSTRUCTION_AND_TRADING","no_results",0,"sec_results/GOLDRICH_CONSTRUCTION_AND_TRADING.txt"
"J.M._BAYATAN_CONSTRUCTION_AND_SUPPLY","no_results",0,"sec_results/J.M._BAYATAN_CONSTRUCTION_AND_SUPPLY.txt"
"BENTRIX_BUILDERS","no_results",0,"sec_results/BENTRIX_BUILDERS.txt"
"GEVANS_GENERAL_MERCHANDISE","success",1,"sec_results/GEVANS_GENERAL_MERCHANDISE.txt"
"EVERBUILT_CONSTRUCTION","success",1,"sec_results/EVERBUILT_CONSTRUCTION.txt"
"JERRY_R._SANTIAGO_CONSTRUCTION_CORP._(FORMERLY:_JERRY_SANTIAGO_CONSTRUCTION)","no_results",0,"sec_results/JERRY_R._SANTIAGO_CONSTRUCTION_CORP._(FORMERLY:_JERRY_SANTIAGO_CONSTRUCTION).txt"
"N.C._AGUILAR_CONST._&_SUPPLY_INC.","success",1,"sec_results/N.C._AGUILAR_CONST._&_SUPPLY_INC..txt"
"SUDAN_CONSTRUCTION_AND_SUPPLY_CORP.","success",1,"sec_results/SUDAN_CONSTRUCTION_AND_SUPPLY_CORP..txt"
"CARESYSTEM_TECHNOLOGY_SOLUTION_CO.,_INC.","success",1,"sec_results/CARESYSTEM_TECHNOLOGY_SOLUTION_CO.,_INC..txt"
"ACCELERATED_METAL_TECHNOLOGY","success",1,"sec_results/ACCELERATED_METAL_TECHNOLOGY.txt"
"KVC_CONSTRUCTION","no_results",0,"sec_results/KVC_CONSTRUCTION.txt"
"ALBERTO_UY_CONSTRUCTION_DEVELOPMENT","no_results",0,"sec_results/ALBERTO_UY_CONSTRUCTION_DEVELOPMENT.txt"
"INFRA_BUILDERS","success",10,"sec_results/INFRA_BUILDERS.txt"
"R.R._LEONCIO_CONSTRUCTION","success",4,"sec_results/R.R._LEONCIO_CONSTRUCTION.txt"
"SAN_NARCISO_BUILDERS_CORPORATION","success",1,"sec_results/SAN_NARCISO_BUILDERS_CORPORATION.txt"
"LOC_CONSTRUCTION_AND_SUPPLY","no_results",0,"sec_results/LOC_CONSTRUCTION_AND_SUPPLY.txt"
"MARTIN_BUILDERS_INC._(FOR:MARTIN_BUILDERS_CONSTRUCTION_SERVICES)","no_results",0,"sec_results/MARTIN_BUILDERS_INC._(FOR:MARTIN_BUILDERS_CONSTRUCTION_SERVICES).txt"
"NEW_MINDOREÃ‘OS_LUMBER,_HARDWARE_AND_GENERAL_MERCHANDISE","no_results",0,"sec_results/NEW_MINDOREÃ‘OS_LUMBER,_HARDWARE_AND_GENERAL_MERCHANDISE.txt"
"AQUINO-DELA_CRUZ_ENGINEERING","no_results",0,"sec_results/AQUINO-DELA_CRUZ_ENGINEERING.txt"
"RAMAR_CONSTRUCTION_SUPPLY","no_results",0,"sec_results/RAMAR_CONSTRUCTION_SUPPLY.txt"
"R.E._SINGSON_CONSTRUCTION_AND_DEVELOPMENT_INC._(FORMERLY:_R.E._SINGSON_CONSTRUCTION)","no_results",0,"sec_results/R.E._SINGSON_CONSTRUCTION_AND_DEVELOPMENT_INC._(FORMERLY:_R.E._SINGSON_CONSTRUCTION).txt"
"L.S.D.__CONSTRUCTION_&_SUPPLIES","success",10,"sec_results/L.S.D.__CONSTRUCTION_&_SUPPLIES.txt"
"SENTINA_CONSTRUCTION_AND_SUPPLY","success",1,"sec_results/SENTINA_CONSTRUCTION_AND_SUPPLY.txt"
"A.D._PENDON_CONSTRUCTION_&_SUPPLY,_INC","success",1,"sec_results/A.D._PENDON_CONSTRUCTION_&_SUPPLY,_INC.txt"
"WEISENWORK_CONSTRUCTION","no_results",0,"sec_results/WEISENWORK_CONSTRUCTION.txt"
"WBX_CONSTRUCTION","no_results",0,"sec_results/WBX_CONSTRUCTION.txt"
"V.N.MENDOZA_CONSTRUCTION_AND_CO","no_results",0,"sec_results/V.N.MENDOZA_CONSTRUCTION_AND_CO.txt"
"RSWINSLET_CONSTRUCTION","no_results",0,"sec_results/RSWINSLET_CONSTRUCTION.txt"
"JMILA_BUILDERS","no_results",0,"sec_results/JMILA_BUILDERS.txt"
"INFRASERVE_BUILDERS_AND_SUPPLIES","no_results",0,"sec_results/INFRASERVE_BUILDERS_AND_SUPPLIES.txt"
"MEGA_MYKON_BUILDERS","success",1,"sec_results/MEGA_MYKON_BUILDERS.txt"
"ALL_EML_CONSTRUCTION_CORPORATION","success",1,"sec_results/ALL_EML_CONSTRUCTION_CORPORATION.txt"
"J.E.L._CONSTRUCTION_&_SUPPLY","no_results",0,"sec_results/J.E.L._CONSTRUCTION_&_SUPPLY.txt"
"JJ_&J_CONSTRUCTION_&_GENERAL_SUPPLY","no_results",0,"sec_results/JJ_&J_CONSTRUCTION_&_GENERAL_SUPPLY.txt"
"AYANA_CONSTRUCTION_AND_TRADING","no_results",0,"sec_results/AYANA_CONSTRUCTION_AND_TRADING.txt"
"D.S.T_METAL_CRAFT_AND_ENGINEERING_WORKS","no_results",0,"sec_results/D.S.T_METAL_CRAFT_AND_ENGINEERING_WORKS.txt"
"PGO_CONSTRUCTION","no_results",0,"sec_results/PGO_CONSTRUCTION.txt"
"BUILDHAUS_CENTRE,_INC","no_results",0,"sec_results/BUILDHAUS_CENTRE,_INC.txt"
"G._ANORE_CONSTRUCTION","success",1,"sec_results/G._ANORE_CONSTRUCTION.txt"
"WILCU_CONSTRUCTION","no_results",0,"sec_results/WILCU_CONSTRUCTION.txt"
"MLR_SOLID_CONSTRUCTION_AND_DEVELOPMENT_CORPORATION","no_results",0,"sec_results/MLR_SOLID_CONSTRUCTION_AND_DEVELOPMENT_CORPORATION.txt"
"MPZ_CARREON_BUILDERS","no_results",0,"sec_results/MPZ_CARREON_BUILDERS.txt"
"ALPHA_OMEGA_GEN_CONTRACTOR_DEVELOPMENT_CORP","success",1,"sec_results/ALPHA_OMEGA_GEN_CONTRACTOR_DEVELOPMENT_CORP.txt"
"BIG_BEN_CONSTRUCTION","success",1,"sec_results/BIG_BEN_CONSTRUCTION.txt"
"RA_MATIAS_CONSTRUCTION_AND_DEVELOPERS","no_results",0,"sec_results/RA_MATIAS_CONSTRUCTION_AND_DEVELOPERS.txt"
"CALIBER_INDUSTRIAL_SALES_CORP","no_results",0,"sec_results/CALIBER_INDUSTRIAL_SALES_CORP.txt"
"ANCHORVILLE_REALTY_DEV_T_CONSTRUCTION_CORP","success",1,"sec_results/ANCHORVILLE_REALTY_DEV_T_CONSTRUCTION_CORP.txt"
"GMO_CONSTRUCTION","no_results",0,"sec_results/GMO_CONSTRUCTION.txt"
"MAR_DEB_CONSTRUCTION_AND_DEVELOPMENT","no_results",0,"sec_results/MAR_DEB_CONSTRUCTION_AND_DEVELOPMENT.txt"
"BERTO_LUCCI_BUILDERS_&_SUPPLY","no_results",0,"sec_results/BERTO_LUCCI_BUILDERS_&_SUPPLY.txt"
"RED_DIAMOND_CONSTRUCTION_AND_SUPPLY_CORPORATION_(FORMERLY:_RED_DIAMOND_CONSTRUCTION)","no_results",0,"sec_results/RED_DIAMOND_CONSTRUCTION_AND_SUPPLY_CORPORATION_(FORMERLY:_RED_DIAMOND_CONSTRUCTION).txt"
"ARVEAS_CONSTRUCTION","no_results",0,"sec_results/ARVEAS_CONSTRUCTION.txt"
"HOMEWORLD_CONSTRUCTION_CORP","no_results",0,"sec_results/HOMEWORLD_CONSTRUCTION_CORP.txt"
"GJE_BUILDERS","success",1,"sec_results/GJE_BUILDERS.txt"
"GREENPLAINS_CONSTRUCTION","no_results",0,"sec_results/GREENPLAINS_CONSTRUCTION.txt"
"EFLER_CONSTRUCTION_AND_ENTERPRISE","no_results",0,"sec_results/EFLER_CONSTRUCTION_AND_ENTERPRISE.txt"
"RBM_CONSTRUCTION","no_results",0,"sec_results/RBM_CONSTRUCTION.txt"
"BONIMAR_CONSTRUCTION_ENTERPRISES","no_results",0,"sec_results/BONIMAR_CONSTRUCTION_ENTERPRISES.txt"
"HEXAMINDZ_CORPORATION","no_results",0,"sec_results/HEXAMINDZ_CORPORATION.txt"
"RNMK_CONSTRUCTION,_SUPPLY_AND_DEVELOPMENT_CORP._(FOR:_RNMK_CONST._&_DEV'T)","no_results",0,"sec_results/RNMK_CONSTRUCTION,_SUPPLY_AND_DEVELOPMENT_CORP._(FOR:_RNMK_CONST._&_DEV'T).txt"
"DCD_BUILDERS_&_ENTERPRISES","no_results",0,"sec_results/DCD_BUILDERS_&_ENTERPRISES.txt"
"NME_CONSTRUCTION","success",1,"sec_results/NME_CONSTRUCTION.txt"
"CMMS_CONSTRUCTION_ENTERPRISES","no_results",0,"sec_results/CMMS_CONSTRUCTION_ENTERPRISES.txt"
"ALJ_CONSTRUCTION_AND_SUPPLY","no_results",0,"sec_results/ALJ_CONSTRUCTION_AND_SUPPLY.txt"
"NLC_CONSTRUCTION_AND_SUPPLIES","no_results",0,"sec_results/NLC_CONSTRUCTION_AND_SUPPLIES.txt"
"A.M._SALONG_CONSTRUCTION","no_results",0,"sec_results/A.M._SALONG_CONSTRUCTION.txt"
"VINNEX_ENTERPRISES","no_results",0,"sec_results/VINNEX_ENTERPRISES.txt"
"TRIPLE_P_CONSTRUCTION","no_results",0,"sec_results/TRIPLE_P_CONSTRUCTION.txt"
"MAI_CONSTRUCTION_&_SUPPLY","no_results",0,"sec_results/MAI_CONSTRUCTION_&_SUPPLY.txt"
"TR_CONSTRUCTION_CORPORATION_(FOR:_TR_CONSTRUCTION)","no_results",0,"sec_results/TR_CONSTRUCTION_CORPORATION_(FOR:_TR_CONSTRUCTION).txt"
"NQA_CONSTRUCTION_AND_SUPPLY","no_results",0,"sec_results/NQA_CONSTRUCTION_AND_SUPPLY.txt"
"8_ALLIED_AND_ASSOCIATES_CONSTRUCTION_AND_DEVELOPMENT_INCORPORATED","no_results",0,"sec_results/8_ALLIED_AND_ASSOCIATES_CONSTRUCTION_AND_DEVELOPMENT_INCORPORATED.txt"
"C.B._GARAY_PHILWIDE_BUILDERS","success",2,"sec_results/C.B._GARAY_PHILWIDE_BUILDERS.txt"
"VRF_CONSTRUCTION","no_results",0,"sec_results/VRF_CONSTRUCTION.txt"
"RONGBIN_ENTERPRISES","no_results",0,"sec_results/RONGBIN_ENTERPRISES.txt"
"E_R_RODRIGUEZ_CONSTRUCTION","success",5,"sec_results/E_R_RODRIGUEZ_CONSTRUCTION.txt"
"LILIW_MUNICIPAL_EMPLOYEES_MULTI_PURPOSE_COOPERATIVE","success",1,"sec_results/LILIW_MUNICIPAL_EMPLOYEES_MULTI_PURPOSE_COOPERATIVE.txt"
"R.B._MORALLO_CONSTRUCTION","no_results",0,"sec_results/R.B._MORALLO_CONSTRUCTION.txt"
"ADROIT_CONSTRUCTION","no_results",0,"sec_results/ADROIT_CONSTRUCTION.txt"
"D._T._RECIO,_INCORPORATED","no_results",0,"sec_results/D._T._RECIO,_INCORPORATED.txt"
"ABADA_CONSTRUCTION_AND_SUPPLY","no_results",0,"sec_results/ABADA_CONSTRUCTION_AND_SUPPLY.txt"
"BET_CONSTRUCTION__SUPPLY","no_results",0,"sec_results/BET_CONSTRUCTION__SUPPLY.txt"
"METRO_GEAR_CONSTRUCTION_CORPORATION","success",1,"sec_results/METRO_GEAR_CONSTRUCTION_CORPORATION.txt"
"ST_SALCEDO_CONSTRUCTION_CORPORATION","no_results",0,"sec_results/ST_SALCEDO_CONSTRUCTION_CORPORATION.txt"
"D.M._MALIWANAG_BUILDERS_AND_ENTERPRISES","no_results",0,"sec_results/D.M._MALIWANAG_BUILDERS_AND_ENTERPRISES.txt"
"NLL_CONSTRUCTION","no_results",0,"sec_results/NLL_CONSTRUCTION.txt"
"J.G._ORANZA_CONSTRUCTION","no_results",0,"sec_results/J.G._ORANZA_CONSTRUCTION.txt"
"MRB_CONS","no_results",0,"sec_results/MRB_CONS.txt"
"P.S._AQUINO_CONSTRUCTION","no_results",0,"sec_results/P.S._AQUINO_CONSTRUCTION.txt"
"CAVDEAL-CAVITE_IDEAL_INT'L._CONST._&_DEV'T._CORP.","no_results",0,"sec_results/CAVDEAL-CAVITE_IDEAL_INT'L._CONST._&_DEV'T._CORP..txt"
"L.N._SALVADOR_CONSTRUCTION_CORP._(FOR:_L.N._SALVADOR_CONSTRUCTION)","no_results",0,"sec_results/L.N._SALVADOR_CONSTRUCTION_CORP._(FOR:_L.N._SALVADOR_CONSTRUCTION).txt"
"INSTA_BUILDERS_SUPPLIES_CORP","success",1,"sec_results/INSTA_BUILDERS_SUPPLIES_CORP.txt"
"ARQ_BUILDERS","no_results",0,"sec_results/ARQ_BUILDERS.txt"
"JAM_C_BUILDERS","no_results",0,"sec_results/JAM_C_BUILDERS.txt"
"JAYSABB_CONSTRUCTION","no_results",0,"sec_results/JAYSABB_CONSTRUCTION.txt"
"JZL_BUILDERS_&_ENTERPRISES","no_results",0,"sec_results/JZL_BUILDERS_&_ENTERPRISES.txt"
"S.T._SALCEDO_CONSTRUCTION_CORPORATION","no_results",0,"sec_results/S.T._SALCEDO_CONSTRUCTION_CORPORATION.txt"
"E.V._CABALLERO_CONSTRUCTION","no_results",0,"sec_results/E.V._CABALLERO_CONSTRUCTION.txt"
"TRIPLE_S_BUILDERS_INC.","success",1,"sec_results/TRIPLE_S_BUILDERS_INC..txt"
"PC_PANOPIO_CONSTRUCTION_TRADING","no_results",0,"sec_results/PC_PANOPIO_CONSTRUCTION_TRADING.txt"
"MAINTIN_CONSTRUCTION_&_SUPPLY","no_results",0,"sec_results/MAINTIN_CONSTRUCTION_&_SUPPLY.txt"
"JOLARIS_CONSTRUCTION","no_results",0,"sec_results/JOLARIS_CONSTRUCTION.txt"
"MECA_BUILDERS_&_TRADERS","no_results",0,"sec_results/MECA_BUILDERS_&_TRADERS.txt"
"KATHA_BUILDERS_SUPPLIES_INC","no_results",0,"sec_results/KATHA_BUILDERS_SUPPLIES_INC.txt"
"DIANNE_BUILDERS","no_results",0,"sec_results/DIANNE_BUILDERS.txt"
"MAI_CONSTRUCTION_AND_SUPPLY","no_results",0,"sec_results/MAI_CONSTRUCTION_AND_SUPPLY.txt"
"BLUE_MOUNTAIN_BUILDERS","no_results",0,"sec_results/BLUE_MOUNTAIN_BUILDERS.txt"
"816_ALLEN_CONSTRUCTION_AND_DEVELOPMENT_CORPORATION_(FORMERLY:ALLEN_CONSTRUCTION)","no_results",0,"sec_results/816_ALLEN_CONSTRUCTION_AND_DEVELOPMENT_CORPORATION_(FORMERLY:ALLEN_CONSTRUCTION).txt"
"REX_E_MORALES_CONSTRUCTION","no_results",0,"sec_results/REX_E_MORALES_CONSTRUCTION.txt"
"COMPASS_ROSE_BUILDERS","no_results",0,"sec_results/COMPASS_ROSE_BUILDERS.txt"
"B.D._OLOWAN_CONSTRUCTION_AND_SUPPLY","no_results",0,"sec_results/B.D._OLOWAN_CONSTRUCTION_AND_SUPPLY.txt"
"C_N_E_CONSTRUCTION","success",10,"sec_results/C_N_E_CONSTRUCTION.txt"
"F.A._TORRES_CONSTRUCTION","no_results",0,"sec_results/F.A._TORRES_CONSTRUCTION.txt"
"AQUINO-DELA_CRUZ_ENGINEERING_&_CONSTRUCTION","no_results",0,"sec_results/AQUINO-DELA_CRUZ_ENGINEERING_&_CONSTRUCTION.txt"
"RPE_CONSTRUCTION","no_results",0,"sec_results/RPE_CONSTRUCTION.txt"
"F.A._ASPRER_CONSTRUCTION","no_results",0,"sec_results/F.A._ASPRER_CONSTRUCTION.txt"
"T._GAMAYO_CONSTRUCTION_SUPPLY","success",1,"sec_results/T._GAMAYO_CONSTRUCTION_SUPPLY.txt"
"JAYLOT_TRADING_&_CONSTRUCTION","no_results",0,"sec_results/JAYLOT_TRADING_&_CONSTRUCTION.txt"
"ANG_YAP_BUILDERS_AND_AGGREGATE_SUPPLIES_INC.","no_results",0,"sec_results/ANG_YAP_BUILDERS_AND_AGGREGATE_SUPPLIES_INC..txt"
"CZARLES_CONSTRUCTION_SUPPLY","no_results",0,"sec_results/CZARLES_CONSTRUCTION_SUPPLY.txt"
"ALPHA_VECTOR_CONSTRUCTION_AND_SUPPLY","success",1,"sec_results/ALPHA_VECTOR_CONSTRUCTION_AND_SUPPLY.txt"
"DAVAO_TCM_HARDWARE_-_BRANCH","no_results",0,"sec_results/DAVAO_TCM_HARDWARE_-_BRANCH.txt"
"HUESAGE_CONSTRUCTION_AND_SUPPLY","no_results",0,"sec_results/HUESAGE_CONSTRUCTION_AND_SUPPLY.txt"
"SOLFIO_P._JACINTO_CONSTRUCTION_INC.","success",1,"sec_results/SOLFIO_P._JACINTO_CONSTRUCTION_INC..txt"
"3K_BUILDERS","success",10,"sec_results/3K_BUILDERS.txt"
"JASA_BUILDER'S","no_results",0,"sec_results/JASA_BUILDER'S.txt"
"NORTH_WIDE_JAAR_CONSTRUCTION_CORPORATION","success",1,"sec_results/NORTH_WIDE_JAAR_CONSTRUCTION_CORPORATION.txt"
"CAD-ERA_GENERAL_SUPPLY","no_results",0,"sec_results/CAD-ERA_GENERAL_SUPPLY.txt"
"V.B._GINES_CONSTRUCTION","no_results",0,"sec_results/V.B._GINES_CONSTRUCTION.txt"
"STREAMLINE_BUILDERS_CORPORATION","success",1,"sec_results/STREAMLINE_BUILDERS_CORPORATION.txt"
"H_FRANCISCO_CONSTRUCTION_&_SUPPLY","no_results",0,"sec_results/H_FRANCISCO_CONSTRUCTION_&_SUPPLY.txt"
"KATHA_BUILDERS_&_SUPPLIES_INC.","no_results",0,"sec_results/KATHA_BUILDERS_&_SUPPLIES_INC..txt"
"K._URBINA_CONSTRUCTION","no_results",0,"sec_results/K._URBINA_CONSTRUCTION.txt"
"CAMORI_BUILDERS_&_SUPPLY","no_results",0,"sec_results/CAMORI_BUILDERS_&_SUPPLY.txt"
"RUSMEN_BUILDERS_&_DEVELOPMENT_CORPORATION_(FORMERL","no_results",0,"sec_results/RUSMEN_BUILDERS_&_DEVELOPMENT_CORPORATION_(FORMERL.txt"
"PRIME_BUILT_CONSTRUCTION_&_SUPPLY","no_results",0,"sec_results/PRIME_BUILT_CONSTRUCTION_&_SUPPLY.txt"
"RED_AXE_BUILDERS_AND_SUPPLY","no_results",0,"sec_results/RED_AXE_BUILDERS_AND_SUPPLY.txt"
"ACCELERATED_METAL_TECHNOLOGY_CONSTRUCTION_INC","no_results",0,"sec_results/ACCELERATED_METAL_TECHNOLOGY_CONSTRUCTION_INC.txt"
"POLO_ENGINEERING_&_CONSTRUCTION","no_results",0,"sec_results/POLO_ENGINEERING_&_CONSTRUCTION.txt"
"CDTECH_BUILDERS","no_results",0,"sec_results/CDTECH_BUILDERS.txt"
"J-1_BUILDERS_CORPORATION","no_results",0,"sec_results/J-1_BUILDERS_CORPORATION.txt"
"D_B_RAVELO_CONSTRUCTION_SUPPLY","no_results",0,"sec_results/D_B_RAVELO_CONSTRUCTION_SUPPLY.txt"
"GREENFIELD_CONSTRUCTION","success",2,"sec_results/GREENFIELD_CONSTRUCTION.txt"
"MFN_BUILDERS","no_results",0,"sec_results/MFN_BUILDERS.txt"
"EXPRESS_CONSTRUCTION","no_results",0,"sec_results/EXPRESS_CONSTRUCTION.txt"
"ELFCT_CONSTRUCTION","no_results",0,"sec_results/ELFCT_CONSTRUCTION.txt"
"INDUSTRIAL_CORPORATION","success",10,"sec_results/INDUSTRIAL_CORPORATION.txt"
"DREAMWORX_BUILDER","success",1,"sec_results/DREAMWORX_BUILDER.txt"
"BMP_BUILDERS_SUPPLY","success",1,"sec_results/BMP_BUILDERS_SUPPLY.txt"
"EDANNA_CONSTRUCTION","no_results",0,"sec_results/EDANNA_CONSTRUCTION.txt"
"EDFROBON_CONSTRUCTION_SERVICES_INCORPORATED","success",1,"sec_results/EDFROBON_CONSTRUCTION_SERVICES_INCORPORATED.txt"
"1ST_J_E_ADLAWAN_CONSTRUCTION_SUPPLY_CORPORATION","success",1,"sec_results/1ST_J_E_ADLAWAN_CONSTRUCTION_SUPPLY_CORPORATION.txt"
"120_OVER_CONSTRUCTION_CO.","success",1,"sec_results/120_OVER_CONSTRUCTION_CO..txt"
"LUCKY_EIGHTY-THREE_CONSTRUCTION_AND_SUPPLY","no_results",0,"sec_results/LUCKY_EIGHTY-THREE_CONSTRUCTION_AND_SUPPLY.txt"
"ALJON_CONSTRUCTION_SUPPLY","no_results",0,"sec_results/ALJON_CONSTRUCTION_SUPPLY.txt"
"MAR-DEB_CONSTRUCTION_&_DEVELOPMENT","no_results",0,"sec_results/MAR-DEB_CONSTRUCTION_&_DEVELOPMENT.txt"
"EARTHWORK_MOVERS","success",1,"sec_results/EARTHWORK_MOVERS.txt"
"A_M_P_CONSTRUCTION_KEVIN_PAUL_CONSTRUCTION","no_results",0,"sec_results/A_M_P_CONSTRUCTION_KEVIN_PAUL_CONSTRUCTION.txt"
"SAN_SEBASTIAN_CONSTRUCTION","success",1,"sec_results/SAN_SEBASTIAN_CONSTRUCTION.txt"
"EDELSONS_BUILDERS_INC","success",1,"sec_results/EDELSONS_BUILDERS_INC.txt"
"ALL_EML_CONSTRUCTION_CORPORATION_(FORMERLY:_E.M.L._CONSTRUCTION_&_TRADING)","no_results",0,"sec_results/ALL_EML_CONSTRUCTION_CORPORATION_(FORMERLY:_E.M.L._CONSTRUCTION_&_TRADING).txt"
"ALMAKAR_BUILDERS_METAL_WORKS","no_results",0,"sec_results/ALMAKAR_BUILDERS_METAL_WORKS.txt"
"ISECURE_BUILDER","no_results",0,"sec_results/ISECURE_BUILDER.txt"
"HHH_DEVELOPER_AND_REAL_ESTATE,_INC","no_results",0,"sec_results/HHH_DEVELOPER_AND_REAL_ESTATE,_INC.txt"
"JHR_ENTERPRISES","no_results",0,"sec_results/JHR_ENTERPRISES.txt"
"AKV_BUILDERS","no_results",0,"sec_results/AKV_BUILDERS.txt"
"KOUSEF_CONSTRUCTION_AND_GENERAL_MERCHANDISE","no_results",0,"sec_results/KOUSEF_CONSTRUCTION_AND_GENERAL_MERCHANDISE.txt"
"ORMOC_LIBERTY_MARKETING_INCORPORATED","success",1,"sec_results/ORMOC_LIBERTY_MARKETING_INCORPORATED.txt"
"FROMARC_BUILDERS_&_GEN._MERCHANDISE","no_results",0,"sec_results/FROMARC_BUILDERS_&_GEN._MERCHANDISE.txt"
"BOGO_GLASS_CENTER_INC","success",1,"sec_results/BOGO_GLASS_CENTER_INC.txt"
"VAEMAR_CONSTRUCTION_AND_SUPPLY","no_results",0,"sec_results/VAEMAR_CONSTRUCTION_AND_SUPPLY.txt"
"DYLAN_EQUIPMENT_CONSTRUCTION_AND_SUPPLIES","no_results",0,"sec_results/DYLAN_EQUIPMENT_CONSTRUCTION_AND_SUPPLIES.txt"
"ROVING_PREMIER_CONTRACTORS_INC","success",1,"sec_results/ROVING_PREMIER_CONTRACTORS_INC.txt"
"J_SIMEON_CONSTRUCTION","no_results",0,"sec_results/J_SIMEON_CONSTRUCTION.txt"
"VITALTECH_CONSTRUCTION_CORPORATION","no_results",0,"sec_results/VITALTECH_CONSTRUCTION_CORPORATION.txt"
"EGB_CONSTRUCTION_CORPORATION","no_results",0,"sec_results/EGB_CONSTRUCTION_CORPORATION.txt"
"NIÃ‘AS_CONSTRUCTION_CORP._(FORMERLY:_NINA'S_CONSTRUCTION_AND_SUPPLIES)","no_results",0,"sec_results/NIÃ‘AS_CONSTRUCTION_CORP._(FORMERLY:_NINA'S_CONSTRUCTION_AND_SUPPLIES).txt"
"HI-TONE_CONSTRUCTION","no_results",0,"sec_results/HI-TONE_CONSTRUCTION.txt"
"FIRST_BUILDERS_AND_DEVELOPERS","no_results",0,"sec_results/FIRST_BUILDERS_AND_DEVELOPERS.txt"
"SPRINGSTAR_CONSTRUCTION_&_SUPPLY","no_results",0,"sec_results/SPRINGSTAR_CONSTRUCTION_&_SUPPLY.txt"
"SANLAHI_GROUP_OF_BUILDERS_INC.","success",1,"sec_results/SANLAHI_GROUP_OF_BUILDERS_INC..txt"
"FF4_ENTERPRISES","no_results",0,"sec_results/FF4_ENTERPRISES.txt"
"GEMMA_CONSTRUCTION_SUPPLY_INC_FORMERLY_GEMMA_CON","no_results",0,"sec_results/GEMMA_CONSTRUCTION_SUPPLY_INC_FORMERLY_GEMMA_CON.txt"
"YU_YEK_DY_HARDWARE_AND_AUTO_SPARE_PARTS_SUPPLY,_INC","no_results",0,"sec_results/YU_YEK_DY_HARDWARE_AND_AUTO_SPARE_PARTS_SUPPLY,_INC.txt"
"H._F._ENTERPRISES","no_results",0,"sec_results/H._F._ENTERPRISES.txt"
"NDM_SANCHEZ_BUILDERS_DEVELOPMENT_CORPORATION","no_results",0,"sec_results/NDM_SANCHEZ_BUILDERS_DEVELOPMENT_CORPORATION.txt"
"A_M_P_CONSTRUCTION_R_G_DELA_CRUZ_CONSTRUCTION","no_results",0,"sec_results/A_M_P_CONSTRUCTION_R_G_DELA_CRUZ_CONSTRUCTION.txt"
"MAGA_CONSTRUCTION_AND_SUPPLIES","success",1,"sec_results/MAGA_CONSTRUCTION_AND_SUPPLIES.txt"
"STAR_PRIME_PROPERTY_DEVELOPERS,_INC.","success",1,"sec_results/STAR_PRIME_PROPERTY_DEVELOPERS,_INC..txt"
"RCUBE_ENGINEERING_SERVICES","no_results",0,"sec_results/RCUBE_ENGINEERING_SERVICES.txt"
"MA_TESORO_CONSTRUCTION","success",1,"sec_results/MA_TESORO_CONSTRUCTION.txt"
"RM30_PSG_CONSTRUCTION_CORPORATION","success",1,"sec_results/RM30_PSG_CONSTRUCTION_CORPORATION.txt"
"PRIME_MOVER'S_PHILS._CONSTRUCTION_AND_SUPPLIES_INC.","success",1,"sec_results/PRIME_MOVER'S_PHILS._CONSTRUCTION_AND_SUPPLIES_INC..txt"
"CMMS_CONSTRUCTION_&_ENTERPRISES","no_results",0,"sec_results/CMMS_CONSTRUCTION_&_ENTERPRISES.txt"
"J._I._ESPINO_CONSTRUCTION","success",1,"sec_results/J._I._ESPINO_CONSTRUCTION.txt"
"HOMEWORLD_E","no_results",0,"sec_results/HOMEWORLD_E.txt"
"SALMEGA_BUILDERS","no_results",0,"sec_results/SALMEGA_BUILDERS.txt"
"RAICON_DEVELOPMENT_CORPORATION_(FORMERLY_:_RA_IGNACIO_CONST._CORP.)","no_results",0,"sec_results/RAICON_DEVELOPMENT_CORPORATION_(FORMERLY_:_RA_IGNACIO_CONST._CORP.).txt"
"P7_BUILDERS_INC.","success",10,"sec_results/P7_BUILDERS_INC..txt"
"AL_SUR_TRADING","success",6,"sec_results/AL_SUR_TRADING.txt"
"ESD_CRUZ_CONSTRUCTION_SUPPLY","no_results",0,"sec_results/ESD_CRUZ_CONSTRUCTION_SUPPLY.txt"
"ECOSENSE_CONSTRUCTION","success",1,"sec_results/ECOSENSE_CONSTRUCTION.txt"
"F.N._MAYOR_CONSTRUCTION_AND_SUPPLY","no_results",0,"sec_results/F.N._MAYOR_CONSTRUCTION_AND_SUPPLY.txt"
"PHILSOUTH_BUILDERS","success",1,"sec_results/PHILSOUTH_BUILDERS.txt"
"GALFONS_BUILDERS_SUPPLY_INC","success",1,"sec_results/GALFONS_BUILDERS_SUPPLY_INC.txt"
"CAVDEAL-CAVITE_IDEAL_INT_L_CONST","no_results",0,"sec_results/CAVDEAL-CAVITE_IDEAL_INT_L_CONST.txt"
"DEOJ_CONSTRUCTION","no_results",0,"sec_results/DEOJ_CONSTRUCTION.txt"
"RA_N_CONSTRUCTION_AND_SUPPLY","success",10,"sec_results/RA_N_CONSTRUCTION_AND_SUPPLY.txt"
"FILCAN_UNITED_CONSTRUCTION","success",1,"sec_results/FILCAN_UNITED_CONSTRUCTION.txt"
"ST._BERNARDINE_CONSTRUCTION_&_ENTERPRISES_(FOR._ST","no_results",0,"sec_results/ST._BERNARDINE_CONSTRUCTION_&_ENTERPRISES_(FOR._ST.txt"
"HERBERT_MALMIS_GENERAL_MERCHANDISING","no_results",0,"sec_results/HERBERT_MALMIS_GENERAL_MERCHANDISING.txt"
"GRAND_ILOCANDIA_CONSTRUCTION_AND_CONSTRUCTION_SUPPLY","no_results",0,"sec_results/GRAND_ILOCANDIA_CONSTRUCTION_AND_CONSTRUCTION_SUPPLY.txt"
"NJNY_CONSTRUCTION_&_SUPPLY","no_results",0,"sec_results/NJNY_CONSTRUCTION_&_SUPPLY.txt"
"MSMV_CONSTRUCTION_AND_SUPPLY","no_results",0,"sec_results/MSMV_CONSTRUCTION_AND_SUPPLY.txt"
"TR_CONSTRUCTION_CORPORATION","no_results",0,"sec_results/TR_CONSTRUCTION_CORPORATION.txt"
"SUPREME_MEGA_STRUCTURE_BUILDERS,_INC","no_results",0,"sec_results/SUPREME_MEGA_STRUCTURE_BUILDERS,_INC.txt"
"JAMJLE_PROPERTIES_DEVELOPMENT_CORPORATION","no_results",0,"sec_results/JAMJLE_PROPERTIES_DEVELOPMENT_CORPORATION.txt"
"REYDAN_BUILDERS","success",1,"sec_results/REYDAN_BUILDERS.txt"
"ADROIT_EJD_CONSTRUCTION_CORP._(FORMERLY:_ADROIT_CONSTRUCTION)","no_results",0,"sec_results/ADROIT_EJD_CONSTRUCTION_CORP._(FORMERLY:_ADROIT_CONSTRUCTION).txt"
"C.E.M._CONSTRUCTION_INC","no_results",0,"sec_results/C.E.M._CONSTRUCTION_INC.txt"
"G.F._FALCIS_CONSTRUCTION_&_SUPPLY","no_results",0,"sec_results/G.F._FALCIS_CONSTRUCTION_&_SUPPLY.txt"
"PETER_JOHN_CONSTRUCTION_SUPPLY","no_results",0,"sec_results/PETER_JOHN_CONSTRUCTION_SUPPLY.txt"
"PREMIUM_MEGASTRUCTURES_INC.","success",1,"sec_results/PREMIUM_MEGASTRUCTURES_INC..txt"
"CAJUGOTAN_BUILDERS","success",1,"sec_results/CAJUGOTAN_BUILDERS.txt"
"ATHENA_CONSTRUCTION","no_results",0,"sec_results/ATHENA_CONSTRUCTION.txt"
"BNYU_DEVELOPMENT_CORPORATION_(FORMERLY:BNYU_ENTERPRISES_&_CONSTRUCTION)","no_results",0,"sec_results/BNYU_DEVELOPMENT_CORPORATION_(FORMERLY:BNYU_ENTERPRISES_&_CONSTRUCTION).txt"
"AV_LAYNES_TRADING_AND_CONSTRUCTION","no_results",0,"sec_results/AV_LAYNES_TRADING_AND_CONSTRUCTION.txt"
"TIONGCO_MENDOZA_CONSTRUCTION_CO._INC.","success",1,"sec_results/TIONGCO_MENDOZA_CONSTRUCTION_CO._INC..txt"
"DSB_CONSTRUCTION_SUPPLY_INC","success",1,"sec_results/DSB_CONSTRUCTION_SUPPLY_INC.txt"
"JARGON_CONSTRUCTION","success",1,"sec_results/JARGON_CONSTRUCTION.txt"
"3C'SL_CONSTRUCTION_AND_SUPPLY","no_results",0,"sec_results/3C'SL_CONSTRUCTION_AND_SUPPLY.txt"
"FLORIANE_CONSTRUCTION_SUPPLY","no_results",0,"sec_results/FLORIANE_CONSTRUCTION_SUPPLY.txt"
"BRIX_CONSTRUCTION_AND_SUPPLY","no_results",0,"sec_results/BRIX_CONSTRUCTION_AND_SUPPLY.txt"
"E_D_DE","no_results",0,"sec_results/E_D_DE.txt"
"LYNBERT'S_ENTERPRISES","no_results",0,"sec_results/LYNBERT'S_ENTERPRISES.txt"
"LITO_HEAVY_EQUIPMENT_AND_TRUCKING_SERVICES","no_results",0,"sec_results/LITO_HEAVY_EQUIPMENT_AND_TRUCKING_SERVICES.txt"
"ANCOR_WATER_RESOURCES","no_results",0,"sec_results/ANCOR_WATER_RESOURCES.txt"
"L.C._CONSTRUCTION_CORPORATION_(FOR:_L.C._CONSTRUCTION)","no_results",0,"sec_results/L.C._CONSTRUCTION_CORPORATION_(FOR:_L.C._CONSTRUCTION).txt"
"JEUSMACK_BUILDERS_&_CONSTRUCTION_SUPPLY","no_results",0,"sec_results/JEUSMACK_BUILDERS_&_CONSTRUCTION_SUPPLY.txt"
"D'_5J_CONSTRUCTION_&_SUPPLY","success",10,"sec_results/D'_5J_CONSTRUCTION_&_SUPPLY.txt"
"HUSAIN_CONSTRUCTION_AND_SUPPLY_CO","success",1,"sec_results/HUSAIN_CONSTRUCTION_AND_SUPPLY_CO.txt"
"BOMEL_CONSTRUCTION","success",1,"sec_results/BOMEL_CONSTRUCTION.txt"
"JORGZ_KONZTRAK_AND_SUPPLY","no_results",0,"sec_results/JORGZ_KONZTRAK_AND_SUPPLY.txt"
"RDT_CONSTRUCTION_&_GENERAL_MERCHANDISE","no_results",0,"sec_results/RDT_CONSTRUCTION_&_GENERAL_MERCHANDISE.txt"
"STELLAR_BUILDERS","no_results",0,"sec_results/STELLAR_BUILDERS.txt"
"JKD_CONSTRUCTION_SUPPLY","no_results",0,"sec_results/JKD_CONSTRUCTION_SUPPLY.txt"
"E.A._PADILLA_BUILDERS","success",2,"sec_results/E.A._PADILLA_BUILDERS.txt"
"CS_CONSTRUCTION_AND_SUPPLY_ALPXR_CONST_BLDRS_CORP","no_results",0,"sec_results/CS_CONSTRUCTION_AND_SUPPLY_ALPXR_CONST_BLDRS_CORP.txt"
"M.T.__MALIUANAG_CONSTRUCTION_SERVICES","no_results",0,"sec_results/M.T.__MALIUANAG_CONSTRUCTION_SERVICES.txt"
"MARCBILT_CONSTRUCTION,_INC","no_results",0,"sec_results/MARCBILT_CONSTRUCTION,_INC.txt"
"RPP_928_CONSTRUCTION_CORPORATION","success",1,"sec_results/RPP_928_CONSTRUCTION_CORPORATION.txt"
"DITTER_ENTERPRISES","no_results",0,"sec_results/DITTER_ENTERPRISES.txt"
"EARTHWORK_BUILDERS,_INC._(FORMERLY:_EARTHWORK_MOVERS)","no_results",0,"sec_results/EARTHWORK_BUILDERS,_INC._(FORMERLY:_EARTHWORK_MOVERS).txt"
"BA_LAGAZO_BUILDERS","no_results",0,"sec_results/BA_LAGAZO_BUILDERS.txt"
"PISTOL_CONSTRUCTION_AND_SUPPLY","no_results",0,"sec_results/PISTOL_CONSTRUCTION_AND_SUPPLY.txt"
"JKOJ_CONSTRUCTION_SUPPLIES_TRADING","no_results",0,"sec_results/JKOJ_CONSTRUCTION_SUPPLIES_TRADING.txt"
"121_CONSTRUCTION_CORPORATION","success",1,"sec_results/121_CONSTRUCTION_CORPORATION.txt"
"C_A_BETALAC_CONSTRUCTION","success",1,"sec_results/C_A_BETALAC_CONSTRUCTION.txt"
"CJBJ_CONSTRUCTION_&_SUPPLIES","no_results",0,"sec_results/CJBJ_CONSTRUCTION_&_SUPPLIES.txt"
"JCHARDHAT_INC","no_results",0,"sec_results/JCHARDHAT_INC.txt"
"EDDIE_G._GUILLEN_BUILDERS","no_results",0,"sec_results/EDDIE_G._GUILLEN_BUILDERS.txt"
"LM_CONSTRUCTION_AND_GENERAL_MARKETING","success",1,"sec_results/LM_CONSTRUCTION_AND_GENERAL_MARKETING.txt"
"GRAIA_CONSTRUCTION_CORPORATION","no_results",0,"sec_results/GRAIA_CONSTRUCTION_CORPORATION.txt"
"JOYNIELTIN_CONSTRUCTION_AND_TRADING","no_results",0,"sec_results/JOYNIELTIN_CONSTRUCTION_AND_TRADING.txt"
"AA_PAHATI_CONSTRUCTION","success",1,"sec_results/AA_PAHATI_CONSTRUCTION.txt"
"GRANDE_BUILDERS_&_SUPPLY","no_results",0,"sec_results/GRANDE_BUILDERS_&_SUPPLY.txt"
"LLABAN_CONSTRUCTION_SUPPLY_FORMERLY_LLABAN_CON","no_results",0,"sec_results/LLABAN_CONSTRUCTION_SUPPLY_FORMERLY_LLABAN_CON.txt"
"WELEX_CONSTRUCTION_INCORPORATED","success",1,"sec_results/WELEX_CONSTRUCTION_INCORPORATED.txt"
"PAG_BUILDERS","success",1,"sec_results/PAG_BUILDERS.txt"
"QUATRO_AMIGOS_BUILDERS_&AMP;_SUPPLY","no_results",0,"sec_results/QUATRO_AMIGOS_BUILDERS_&AMP;_SUPPLY.txt"
"JUNROSE_CONSTRUCTION_SUPPLY","no_results",0,"sec_results/JUNROSE_CONSTRUCTION_SUPPLY.txt"
"INSTA_BUILDERS","success",1,"sec_results/INSTA_BUILDERS.txt"
"N.B._SALBO_CONSTRUCTION_-_ILIGAN_CITY","no_results",0,"sec_results/N.B._SALBO_CONSTRUCTION_-_ILIGAN_CITY.txt"
"TDR_CONSTRUCTION_&_SUPPLY","no_results",0,"sec_results/TDR_CONSTRUCTION_&_SUPPLY.txt"
"WOODLAND_CONSTRUCTION_&_SUPPLY,_INC","no_results",0,"sec_results/WOODLAND_CONSTRUCTION_&_SUPPLY,_INC.txt"
"AERAKA_CONSTRUCTION_AND_SUPPLY_CORP","no_results",0,"sec_results/AERAKA_CONSTRUCTION_AND_SUPPLY_CORP.txt"
"SAINT_RALPH_CONSTRUCTION_&_SUPPLY","no_results",0,"sec_results/SAINT_RALPH_CONSTRUCTION_&_SUPPLY.txt"
"KLDS_TRADING_CONSTRUCTION","success",1,"sec_results/KLDS_TRADING_CONSTRUCTION.txt"
"MORALES_MUNCAL_ENTERPRISES","no_results",0,"sec_results/MORALES_MUNCAL_ENTERPRISES.txt"
"R.A._FANGLAYAN__GENERAL_CONSTRUCTION_INC","no_results",0,"sec_results/R.A._FANGLAYAN__GENERAL_CONSTRUCTION_INC.txt"
"FOUR-G_CONSTRUCTION","success",1,"sec_results/FOUR-G_CONSTRUCTION.txt"
"C-BROS_CONSTRUCTION","success",10,"sec_results/C-BROS_CONSTRUCTION.txt"
"UNITEC_BUILDER,_INCORPORATED","no_results",0,"sec_results/UNITEC_BUILDER,_INCORPORATED.txt"
"ESER_ENTERPRISES","success",1,"sec_results/ESER_ENTERPRISES.txt"
"FP_ALONTO_CONSTRUCTION_SERVICES","no_results",0,"sec_results/FP_ALONTO_CONSTRUCTION_SERVICES.txt"
"POWER_MOVE_BUILDERS_&_CONSTRUCTION_SUPPLY","no_results",0,"sec_results/POWER_MOVE_BUILDERS_&_CONSTRUCTION_SUPPLY.txt"
"EER_HARDWARE_&_CONSTRUCTION_SUPPLIES","no_results",0,"sec_results/EER_HARDWARE_&_CONSTRUCTION_SUPPLIES.txt"
"RJ_CONSTRUCTION_SUPPLY","success",10,"sec_results/RJ_CONSTRUCTION_SUPPLY.txt"
"MADSAM_ENTERPRISES","no_results",0,"sec_results/MADSAM_ENTERPRISES.txt"
"SANRHO_CONST_AND_SUPPL","no_results",0,"sec_results/SANRHO_CONST_AND_SUPPL.txt"
"BNYU_DEVELOPMENT_CORPORATION","success",1,"sec_results/BNYU_DEVELOPMENT_CORPORATION.txt"
"JEBRON_BUILDERS_DEVELOPMENT_CORP","no_results",0,"sec_results/JEBRON_BUILDERS_DEVELOPMENT_CORP.txt"
"IJK_MAE_CONSTRUCTION_INC","success",1,"sec_results/IJK_MAE_CONSTRUCTION_INC.txt"
"NT_SOTELO_CONSTRUCTION_AND_SUPPLY_CORPORATION","no_results",0,"sec_results/NT_SOTELO_CONSTRUCTION_AND_SUPPLY_CORPORATION.txt"
"ABUBAKAR_ENGINEERING_EXPONENT","no_results",0,"sec_results/ABUBAKAR_ENGINEERING_EXPONENT.txt"
"HANNA_VIA_CONSTRUCTION,_INC._(FORMERLY:HANNA_VIA_DESIGN_&_CONSTRUCTION)","no_results",0,"sec_results/HANNA_VIA_CONSTRUCTION,_INC._(FORMERLY:HANNA_VIA_DESIGN_&_CONSTRUCTION).txt"
"MOTHER'S_ROLE_CONSTRUCTION","no_results",0,"sec_results/MOTHER'S_ROLE_CONSTRUCTION.txt"
"CONSTRUCTION_SUPPLY_INCORPORAT","no_results",0,"sec_results/CONSTRUCTION_SUPPLY_INCORPORAT.txt"
"V.R._GUEVARRA_CONSTRUCTION_AND_TRADING","no_results",0,"sec_results/V.R._GUEVARRA_CONSTRUCTION_AND_TRADING.txt"
"MCGABRIEL_CONSTRUCTION","no_results",0,"sec_results/MCGABRIEL_CONSTRUCTION.txt"
"STA_ANA_RAYCON_CORP","success",1,"sec_results/STA_ANA_RAYCON_CORP.txt"
"GC_BUILDERS","success",10,"sec_results/GC_BUILDERS.txt"
"747_BUILDERS_&_TRADERS,INC._(FORMERLY:747_BUILDERS_&_TRADER)","no_results",0,"sec_results/747_BUILDERS_&_TRADERS,INC._(FORMERLY:747_BUILDERS_&_TRADER).txt"
"DIAZ_AQUINO_CONSTRUCTION_CORP","success",1,"sec_results/DIAZ_AQUINO_CONSTRUCTION_CORP.txt"
"MICAH_CONSTRUCTION_&_SUPPLY","no_results",0,"sec_results/MICAH_CONSTRUCTION_&_SUPPLY.txt"
"ZAMBUSMAN_INTEGRATED_BUSINESS_VENTURES_INC","no_results",0,"sec_results/ZAMBUSMAN_INTEGRATED_BUSINESS_VENTURES_INC.txt"
"R.R._ENCABO_CONSTRUCTORS_INCORPORATED_(FORMERLY","no_results",0,"sec_results/R.R._ENCABO_CONSTRUCTORS_INCORPORATED_(FORMERLY.txt"
"D.M._ALMERO_ENTERPRISES","no_results",0,"sec_results/D.M._ALMERO_ENTERPRISES.txt"
"ROLA_CONSTRUCTION","no_results",0,"sec_results/ROLA_CONSTRUCTION.txt"
"JAYSABB_CONSTRUCTION_AND_SUPPLY","no_results",0,"sec_results/JAYSABB_CONSTRUCTION_AND_SUPPLY.txt"
"VIGUZ_CONSTRUCTION_CORPORATION","no_results",0,"sec_results/VIGUZ_CONSTRUCTION_CORPORATION.txt"
"GTM_BUILDERS_SUPPLY","no_results",0,"sec_results/GTM_BUILDERS_SUPPLY.txt"
"IKM_BUILDERS_AND_CONSTRUCTION_SUPPLY_CORPORATION","success",1,"sec_results/IKM_BUILDERS_AND_CONSTRUCTION_SUPPLY_CORPORATION.txt"
"A_R_LUSTRE_JR_CONSTRUCTION_A_R_L_CONSTRUCTION","no_results",0,"sec_results/A_R_LUSTRE_JR_CONSTRUCTION_A_R_L_CONSTRUCTION.txt"
"SKYBISON_CONSTRUCTION","no_results",0,"sec_results/SKYBISON_CONSTRUCTION.txt"
"HGG_BUILDERS","no_results",0,"sec_results/HGG_BUILDERS.txt"
"JLY_CONSTRUCTION","no_results",0,"sec_results/JLY_CONSTRUCTION.txt"
"SUPREME_ABF_CONSTRUCTION_AND_CONSTRUCTION_SUPPLY_COMPANY_INC","no_results",0,"sec_results/SUPREME_ABF_CONSTRUCTION_AND_CONSTRUCTION_SUPPLY_COMPANY_INC.txt"
"ST_GERRARD_CONSTRUCTION_GEN_CONTRACTOR__DEVELOPMENT_CORP","no_results",0,"sec_results/ST_GERRARD_CONSTRUCTION_GEN_CONTRACTOR__DEVELOPMENT_CORP.txt"
"AGDCON_BUILDERS","success",1,"sec_results/AGDCON_BUILDERS.txt"
"ANNCON_BUILDERS","no_results",0,"sec_results/ANNCON_BUILDERS.txt"
"DICON_BUILDERS_CORPORATION","no_results",0,"sec_results/DICON_BUILDERS_CORPORATION.txt"
"JOE_ANAS_BUILDERS","success",1,"sec_results/JOE_ANAS_BUILDERS.txt"
"GASAT_BUILDERS_AND_SUPPLIES_INC","success",1,"sec_results/GASAT_BUILDERS_AND_SUPPLIES_INC.txt"
"PHILIPPINE_CHEMSTEEL_INDUSTRIES,_INC.","no_results",0,"sec_results/PHILIPPINE_CHEMSTEEL_INDUSTRIES,_INC..txt"
"ALFAHAD_BUILDERS_AND_ENTERPRISES","no_results",0,"sec_results/ALFAHAD_BUILDERS_AND_ENTERPRISES.txt"
"BLACK_HARDHAT_INC._(FORMERLY:_JCHARDHAT_INC.)","no_results",0,"sec_results/BLACK_HARDHAT_INC._(FORMERLY:_JCHARDHAT_INC.).txt"
"ALPHAHAWK_CONSTRUCTION_CORP","success",1,"sec_results/ALPHAHAWK_CONSTRUCTION_CORP.txt"
"BDA_JR_CONSTRUCTION","success",1,"sec_results/BDA_JR_CONSTRUCTION.txt"
"AG_CHUNGALAN_CONSTRUCTION","no_results",0,"sec_results/AG_CHUNGALAN_CONSTRUCTION.txt"
"JIANE'S_TECH_ENTERPRISE","no_results",0,"sec_results/JIANE'S_TECH_ENTERPRISE.txt"
"MG_GUERRERO_CONSTRUCTION","no_results",0,"sec_results/MG_GUERRERO_CONSTRUCTION.txt"
"CAJUGOTAN_CONSTRUCTION_&_SUPPLY","no_results",0,"sec_results/CAJUGOTAN_CONSTRUCTION_&_SUPPLY.txt"
"PEU_CONSTRUCTION_AND_SUPPLY","no_results",0,"sec_results/PEU_CONSTRUCTION_AND_SUPPLY.txt"
"SPECO_BUILDERS_INC._(FORMERLY_VRF_CONSTRUCTION)","no_results",0,"sec_results/SPECO_BUILDERS_INC._(FORMERLY_VRF_CONSTRUCTION).txt"
"A_R_L_CONSTRUCTION","success",10,"sec_results/A_R_L_CONSTRUCTION.txt"
"SNAS_CONSTRUCTION_AND_SUPPLIES","no_results",0,"sec_results/SNAS_CONSTRUCTION_AND_SUPPLIES.txt"
"TG_SURCON_BUILDERS_INC","no_results",0,"sec_results/TG_SURCON_BUILDERS_INC.txt"
"ARROW_CONSTRUCTION","success",4,"sec_results/ARROW_CONSTRUCTION.txt"
"JEUSMACK_BUILDERS__CONSTRUCTION_SUPPLY","no_results",0,"sec_results/JEUSMACK_BUILDERS__CONSTRUCTION_SUPPLY.txt"
"COFEJOK_CONSTRUCTION_AND_SUPPLY_CORPORATION_(FORME","no_results",0,"sec_results/COFEJOK_CONSTRUCTION_AND_SUPPLY_CORPORATION_(FORME.txt"
"GREEN_BUILDER","success",3,"sec_results/GREEN_BUILDER.txt"
"UNIMAX_STEEL_STRUCTURE_AND_CONSTRUCTION_CORP","success",1,"sec_results/UNIMAX_STEEL_STRUCTURE_AND_CONSTRUCTION_CORP.txt"
"AD_PENDON_CONSTRUCTION__SUPPLY_INC","success",1,"sec_results/AD_PENDON_CONSTRUCTION__SUPPLY_INC.txt"
"R_NARRAZID_TRADING_AND_CONSTRUCTION","no_results",0,"sec_results/R_NARRAZID_TRADING_AND_CONSTRUCTION.txt"
"SHASHA'S_CONSTRUCTION_AND_SUPPLIES","no_results",0,"sec_results/SHASHA'S_CONSTRUCTION_AND_SUPPLIES.txt"
"DZEE_BUILDERS_AND_CONSTRUCTION_SUPPLY","no_results",0,"sec_results/DZEE_BUILDERS_AND_CONSTRUCTION_SUPPLY.txt"
"J.G._MENDOZA_BUILDERS","success",4,"sec_results/J.G._MENDOZA_BUILDERS.txt"
"SMMILEY_BUILDERS_AND_TRADING","no_results",0,"sec_results/SMMILEY_BUILDERS_AND_TRADING.txt"
"F_J_GENERAL_CONSTRUCTION_AND_SUPPLY_CORPORATION","no_results",0,"sec_results/F_J_GENERAL_CONSTRUCTION_AND_SUPPLY_CORPORATION.txt"
"TARLAC_-G_CONSTRUCTION_&_DEVELOPMENT_CORPORATION","no_results",0,"sec_results/TARLAC_-G_CONSTRUCTION_&_DEVELOPMENT_CORPORATION.txt"
"UNITEC_BUILDER_INCORPORATED","no_results",0,"sec_results/UNITEC_BUILDER_INCORPORATED.txt"
"6_JEWELS_CONSTRUCTION","success",1,"sec_results/6_JEWELS_CONSTRUCTION.txt"
"GOLDEN_3T_CONSTRUCTION_CORPORATION","success",1,"sec_results/GOLDEN_3T_CONSTRUCTION_CORPORATION.txt"
"RBC_CONSTRUCTION_SERVICES","no_results",0,"sec_results/RBC_CONSTRUCTION_SERVICES.txt"
"B._BERNARDO_CONSTRUCTION","no_results",0,"sec_results/B._BERNARDO_CONSTRUCTION.txt"
"MBB_CONSTRUCTION_SUPPLY","no_results",0,"sec_results/MBB_CONSTRUCTION_SUPPLY.txt"
"SOLSONA_-_GANAL_CONSTRUCTION_&_SUPPLY","no_results",0,"sec_results/SOLSONA_-_GANAL_CONSTRUCTION_&_SUPPLY.txt"
"E_GARCIA_CONSTRUCTION_CORP_FOR_E_GARCIA_CONST","no_results",0,"sec_results/E_GARCIA_CONSTRUCTION_CORP_FOR_E_GARCIA_CONST.txt"
"EZ_GOLD_CONSTRUCTION_AND_SUPPLY","no_results",0,"sec_results/EZ_GOLD_CONSTRUCTION_AND_SUPPLY.txt"
"AMP_BUILDERS_AND_CONSTRUCTION_SUPPLY","no_results",0,"sec_results/AMP_BUILDERS_AND_CONSTRUCTION_SUPPLY.txt"
"JUCONS_CONSTRUCTION_SUPPLY_EZJONES_CONSTRUCTION_INC","no_results",0,"sec_results/JUCONS_CONSTRUCTION_SUPPLY_EZJONES_CONSTRUCTION_INC.txt"
"AJC_BUILDERS","success",2,"sec_results/AJC_BUILDERS.txt"
"PALMARES_GENERAL_MERCHANDISE","success",1,"sec_results/PALMARES_GENERAL_MERCHANDISE.txt"
"ASC_CONSTRUCTION__CONCRETE_PRODUCTS","no_results",0,"sec_results/ASC_CONSTRUCTION__CONCRETE_PRODUCTS.txt"
"4_DOUBLERS_TRADING_AND_CONTRACTOR","no_results",0,"sec_results/4_DOUBLERS_TRADING_AND_CONTRACTOR.txt"
"G.T.Y._CONSTRUCTION","success",10,"sec_results/G.T.Y._CONSTRUCTION.txt"
"SCP_CONSTRUCTION","no_results",0,"sec_results/SCP_CONSTRUCTION.txt"
"DYNAMIC_BUILDERS","success",10,"sec_results/DYNAMIC_BUILDERS.txt"
"GOLDRICH_CONSTRUCTION","success",2,"sec_results/GOLDRICH_CONSTRUCTION.txt"
"MAR_VEL_CONSTRUCTION_SUPPLY","no_results",0,"sec_results/MAR_VEL_CONSTRUCTION_SUPPLY.txt"
"MAGDA_CONSTRUCTION_AND_SUPPLY","success",1,"sec_results/MAGDA_CONSTRUCTION_AND_SUPPLY.txt"
"RMH_CONSTRUCTION_&_SUPPLY","no_results",0,"sec_results/RMH_CONSTRUCTION_&_SUPPLY.txt"
"D.C._SANDIL_CONSTRUCTION_AND_REALTY_DEVELOPMENT,_I","no_results",0,"sec_results/D.C._SANDIL_CONSTRUCTION_AND_REALTY_DEVELOPMENT,_I.txt"
"SILVER_DRAGON_CONSTRUCTION_LUMBER_GLASS_SUPPLY_INC","success",1,"sec_results/SILVER_DRAGON_CONSTRUCTION_LUMBER_GLASS_SUPPLY_INC.txt"
"L_AND_A_BUILDERS_AND_SUPPLY_CORPORATION","no_results",0,"sec_results/L_AND_A_BUILDERS_AND_SUPPLY_CORPORATION.txt"
"M_C_J_VALENZUELA_CONSTRUCTION_ENTERPRISES","no_results",0,"sec_results/M_C_J_VALENZUELA_CONSTRUCTION_ENTERPRISES.txt"
"GATEWAY_21-25_CONSTRUCTION_CORP._(FORMERLY_E.D._DE","no_results",0,"sec_results/GATEWAY_21-25_CONSTRUCTION_CORP._(FORMERLY_E.D._DE.txt"
"HGG_BUILDERS__SUPPLY","no_results",0,"sec_results/HGG_BUILDERS__SUPPLY.txt"
"S.A._PLEYTO_CONSTRUCTION","no_results",0,"sec_results/S.A._PLEYTO_CONSTRUCTION.txt"
"TONY_HARDWARE_&_CONSTRUCTION_SUPPLIES","no_results",0,"sec_results/TONY_HARDWARE_&_CONSTRUCTION_SUPPLIES.txt"
"DUBC_CONST_CORP","success",1,"sec_results/DUBC_CONST_CORP.txt"
"8AR_CONSTRUCTION_AND_DEVELOPMENT_CORPORATION","success",1,"sec_results/8AR_CONSTRUCTION_AND_DEVELOPMENT_CORPORATION.txt"
"MAPEXARC_CONSTRUCTION","no_results",0,"sec_results/MAPEXARC_CONSTRUCTION.txt"
"JORENZ_BUILDERS_DEVELOPMENT_CORP","success",1,"sec_results/JORENZ_BUILDERS_DEVELOPMENT_CORP.txt"
"VB_MANUBAY_CONSTRUCTION","no_results",0,"sec_results/VB_MANUBAY_CONSTRUCTION.txt"
"RNGM_CONSTRUCTION_CORPORATION","no_results",0,"sec_results/RNGM_CONSTRUCTION_CORPORATION.txt"
"G_UY_CONSTRUCTION","success",10,"sec_results/G_UY_CONSTRUCTION.txt"
"JELSIE_CONSTRUCTION__SUPPLY","no_results",0,"sec_results/JELSIE_CONSTRUCTION__SUPPLY.txt"
"MELBERT_GENERAL_MERCHANT","no_results",0,"sec_results/MELBERT_GENERAL_MERCHANT.txt"
"GF_ROVERO_MERCHANDISING","no_results",0,"sec_results/GF_ROVERO_MERCHANDISING.txt"
"R_AND_L_BUILDERS_AND_CONSTRUCTION_SUPPLY_CORP.","success",1,"sec_results/R_AND_L_BUILDERS_AND_CONSTRUCTION_SUPPLY_CORP..txt"
"GSIXTY_CONSTRUCTION_SERVICES","no_results",0,"sec_results/GSIXTY_CONSTRUCTION_SERVICES.txt"
"ABC_EAST_MULTI_BUILDERS_AND_TRADERS","no_results",0,"sec_results/ABC_EAST_MULTI_BUILDERS_AND_TRADERS.txt"
"HONY_TRADING_&_CONSTRUCTION","no_results",0,"sec_results/HONY_TRADING_&_CONSTRUCTION.txt"
"JAPZ_CONSTRUCTION","no_results",0,"sec_results/JAPZ_CONSTRUCTION.txt"
"ROCK-WILLIAN_CONSTRUCTION_AND_SUPPLY","no_results",0,"sec_results/ROCK-WILLIAN_CONSTRUCTION_AND_SUPPLY.txt"
"MG_CONSTRUCTION","success",10,"sec_results/MG_CONSTRUCTION.txt"
"MP_TABERAO_CONSTRUCTION_SERVICES_AND_SUPPLIES","no_results",0,"sec_results/MP_TABERAO_CONSTRUCTION_SERVICES_AND_SUPPLIES.txt"
"C.H._BEATISULA,_INC","no_results",0,"sec_results/C.H._BEATISULA,_INC.txt"
"P-SQUARE_CONTRACTING_&AMP;_SERVICES","no_results",0,"sec_results/P-SQUARE_CONTRACTING_&AMP;_SERVICES.txt"
"ND_CARANZO_BUILDERS_AND_CONSTRUCTION_SUPPLY","no_results",0,"sec_results/ND_CARANZO_BUILDERS_AND_CONSTRUCTION_SUPPLY.txt"
"STO_CRISTO_CONSTRUCTION_AND_TRADING_INC","success",1,"sec_results/STO_CRISTO_CONSTRUCTION_AND_TRADING_INC.txt"
"TRIPLE_8_CONST_SUPPLY_INC","success",1,"sec_results/TRIPLE_8_CONST_SUPPLY_INC.txt"
"ME_3_CONSTRUCTION","no_results",0,"sec_results/ME_3_CONSTRUCTION.txt"
"BORDERLINE_CONSTRUCTION_&_SUPPLY","no_results",0,"sec_results/BORDERLINE_CONSTRUCTION_&_SUPPLY.txt"
"JHI_CONSTRUCTION__SUPPLY","no_results",0,"sec_results/JHI_CONSTRUCTION__SUPPLY.txt"
"B_VICENCIO_CONSTRUCTION_C_N_E_CONSTRUCTION","no_results",0,"sec_results/B_VICENCIO_CONSTRUCTION_C_N_E_CONSTRUCTION.txt"
"ECANGELES_CONSTRUCTION_CONST_SUPPLY","no_results",0,"sec_results/ECANGELES_CONSTRUCTION_CONST_SUPPLY.txt"
"C_F_TRINIDAD_CONSTRUCTION","success",2,"sec_results/C_F_TRINIDAD_CONSTRUCTION.txt"
"AMB_ENTERPRISES","no_results",0,"sec_results/AMB_ENTERPRISES.txt"
"JOUIR_GENERAL_MERCHANDISE","no_results",0,"sec_results/JOUIR_GENERAL_MERCHANDISE.txt"
"G.M._PAJARILLAGA_CONSTRUCTION_&_SUPPLY","no_results",0,"sec_results/G.M._PAJARILLAGA_CONSTRUCTION_&_SUPPLY.txt"
"HELM_CONSTRUCTION_AMP;_SUPPLIES","no_results",0,"sec_results/HELM_CONSTRUCTION_AMP;_SUPPLIES.txt"
"CARL_JOSH_BUILDERS","no_results",0,"sec_results/CARL_JOSH_BUILDERS.txt"
"JHARKHA_CONSTRUCTION","no_results",0,"sec_results/JHARKHA_CONSTRUCTION.txt"
"A.I.A._CONSTRUCTION","success",10,"sec_results/A.I.A._CONSTRUCTION.txt"
"WAWOT_BUILDERS","no_results",0,"sec_results/WAWOT_BUILDERS.txt"
"MR_VARGAS_CONSTRUCTION","success",3,"sec_results/MR_VARGAS_CONSTRUCTION.txt"
"MJ_O._BETIS_BUILDERS","no_results",0,"sec_results/MJ_O._BETIS_BUILDERS.txt"
"L_B_LEONCIO_TRADING","success",1,"sec_results/L_B_LEONCIO_TRADING.txt"
"DISEM_CONSTRUCTION_AND_SUPPLY","no_results",0,"sec_results/DISEM_CONSTRUCTION_AND_SUPPLY.txt"
"DEV_T_CORPORATION","success",10,"sec_results/DEV_T_CORPORATION.txt"
"CLIFFORD_CONSTRUCTION_CORPORATION","success",1,"sec_results/CLIFFORD_CONSTRUCTION_CORPORATION.txt"
"S.A._PLEYTO_CONSTRUCTION_CORPORATION","success",1,"sec_results/S.A._PLEYTO_CONSTRUCTION_CORPORATION.txt"
"GW2R_CONSTRUCTION_CORP","success",1,"sec_results/GW2R_CONSTRUCTION_CORP.txt"
"J'14_CONSTRUCTION_&_SUPPLY","success",10,"sec_results/J'14_CONSTRUCTION_&_SUPPLY.txt"
"3A'S_BUILDERS","no_results",0,"sec_results/3A'S_BUILDERS.txt"
"BORONGAN_MBC_MERCHANDISING_AND_CONSTRUCTION","no_results",0,"sec_results/BORONGAN_MBC_MERCHANDISING_AND_CONSTRUCTION.txt"
"JVC_TOUGH_CORE_CONSTRUCTION_&_BUILDERS","success",1,"sec_results/JVC_TOUGH_CORE_CONSTRUCTION_&_BUILDERS.txt"
"TRISAN_CONSTRUCTION_&_DEVELOPMENT","no_results",0,"sec_results/TRISAN_CONSTRUCTION_&_DEVELOPMENT.txt"
"C'ZARLES_CONSTRUCTION_&_SUPPLY","no_results",0,"sec_results/C'ZARLES_CONSTRUCTION_&_SUPPLY.txt"
"ALTHEA_CONSTRUCTION","no_results",0,"sec_results/ALTHEA_CONSTRUCTION.txt"
"ECOMIXED_CONSTRUCTION","success",1,"sec_results/ECOMIXED_CONSTRUCTION.txt"
"JOMZKI_CONSTRUCTION_AND_SUPPLY","no_results",0,"sec_results/JOMZKI_CONSTRUCTION_AND_SUPPLY.txt"
"AVECS_CORPORATION","success",1,"sec_results/AVECS_CORPORATION.txt"
"ANNA_BUILDERS","no_results",0,"sec_results/ANNA_BUILDERS.txt"
"ARSENIA_COMMERCIAL_CENTER","no_results",0,"sec_results/ARSENIA_COMMERCIAL_CENTER.txt"
"CARRY-ON_CONSTRUCTION","no_results",0,"sec_results/CARRY-ON_CONSTRUCTION.txt"
"MILLENNIUM_BUILDERS_&_CONSTRUCTION","no_results",0,"sec_results/MILLENNIUM_BUILDERS_&_CONSTRUCTION.txt"
"REVERE_CONSTRUCTION_&_SUPPLY_CORPORATION_(FORMERLY","no_results",0,"sec_results/REVERE_CONSTRUCTION_&_SUPPLY_CORPORATION_(FORMERLY.txt"
"MANGEN_TECHNO-BUILDERS_INC.","success",1,"sec_results/MANGEN_TECHNO-BUILDERS_INC..txt"
"FREPA_BUILDER_AND_CONSTRUCTION_SUPPLY","no_results",0,"sec_results/FREPA_BUILDER_AND_CONSTRUCTION_SUPPLY.txt"
"AL_B_DEVELOPMENT_CORPORATION","success",10,"sec_results/AL_B_DEVELOPMENT_CORPORATION.txt"
"LOUREL_DEVELOPMENT_CORPORATION_(FORMERLY_:LOUREL_D","no_results",0,"sec_results/LOUREL_DEVELOPMENT_CORPORATION_(FORMERLY_:LOUREL_D.txt"
"SBF_CONSTRUCTION_&_DEVELOPMENT_CORPORATION","success",1,"sec_results/SBF_CONSTRUCTION_&_DEVELOPMENT_CORPORATION.txt"
"5_I_CONSTRUCTION_CORPORATION","success",10,"sec_results/5_I_CONSTRUCTION_CORPORATION.txt"
"AMEG_CONSTRUCTION_SUPPLY","no_results",0,"sec_results/AMEG_CONSTRUCTION_SUPPLY.txt"
"LAICAN_ENTERPRISES_INC.","no_results",0,"sec_results/LAICAN_ENTERPRISES_INC..txt"
"YAKAL_LUMBER-TAGUDIN","no_results",0,"sec_results/YAKAL_LUMBER-TAGUDIN.txt"
"AJJ_STRUKTURE_BUILDERS_INC","success",1,"sec_results/AJJ_STRUKTURE_BUILDERS_INC.txt"
"JELM_CONSTRUCTION","success",1,"sec_results/JELM_CONSTRUCTION.txt"
"JLL_PULSAR_CONSTRUCTION_CORPORATION","success",1,"sec_results/JLL_PULSAR_CONSTRUCTION_CORPORATION.txt"
"COLLERA_CONSTRUCTION","success",1,"sec_results/COLLERA_CONSTRUCTION.txt"
"A_COLOMA_CONSTRUCTION","no_results",0,"sec_results/A_COLOMA_CONSTRUCTION.txt"
"JOHNCB_CONSTRUCTION_&_SUPPLIES","no_results",0,"sec_results/JOHNCB_CONSTRUCTION_&_SUPPLIES.txt"
"SILVER_DRAGON_CONSTRUCTION_AND_LUMBER_AND_GLASS_SUPPLY,_INC","no_results",0,"sec_results/SILVER_DRAGON_CONSTRUCTION_AND_LUMBER_AND_GLASS_SUPPLY,_INC.txt"
"M.V.GUBALLA_CONSTRUCTION_CORPORATION_(FORMERLY:_M.V._GUBALLA_CONSTRUCTION)","no_results",0,"sec_results/M.V.GUBALLA_CONSTRUCTION_CORPORATION_(FORMERLY:_M.V._GUBALLA_CONSTRUCTION).txt"
"JHI_CONSTRUCTION_SUPPLY","no_results",0,"sec_results/JHI_CONSTRUCTION_SUPPLY.txt"
"AHYOK_CONSTRUCTION_SUPPLY","no_results",0,"sec_results/AHYOK_CONSTRUCTION_SUPPLY.txt"
"JFALMAZAN_CONSTRUCTION_AND_SUPPLY","no_results",0,"sec_results/JFALMAZAN_CONSTRUCTION_AND_SUPPLY.txt"
"SOPHIA_CONSTRUCTION_AND_SUPPLY","no_results",0,"sec_results/SOPHIA_CONSTRUCTION_AND_SUPPLY.txt"
"CBC_SQUARE_BUILDERS_CO","success",1,"sec_results/CBC_SQUARE_BUILDERS_CO.txt"
"BONIBAL_CONSTRUCTION","success",1,"sec_results/BONIBAL_CONSTRUCTION.txt"
"MI_CONSTRUCTION","success",10,"sec_results/MI_CONSTRUCTION.txt"
"UYMATIAO_TRADING_CORPORATION","no_results",0,"sec_results/UYMATIAO_TRADING_CORPORATION.txt"
"AVE-MIRA_CONSTRUCTION","success",1,"sec_results/AVE-MIRA_CONSTRUCTION.txt"
"HERBERT_MALMIS_GENERAL_MERCHANDISING_&_CONTRACTOR","no_results",0,"sec_results/HERBERT_MALMIS_GENERAL_MERCHANDISING_&_CONTRACTOR.txt"
"N.A._IBARRA_CONSTRUCTION","no_results",0,"sec_results/N.A._IBARRA_CONSTRUCTION.txt"
"MAV_CONSTRUCTION_SUPPLY_AND_POWER_DEVELOPMENT","no_results",0,"sec_results/MAV_CONSTRUCTION_SUPPLY_AND_POWER_DEVELOPMENT.txt"
"J.H._PAJARA_CONSTRUCTION_CORPORATION","no_results",0,"sec_results/J.H._PAJARA_CONSTRUCTION_CORPORATION.txt"
"JF_GABOTERO_INC","success",1,"sec_results/JF_GABOTERO_INC.txt"
"EXTENSIVE_STEEL_WORKS_AND_CONSTRUCTION","no_results",0,"sec_results/EXTENSIVE_STEEL_WORKS_AND_CONSTRUCTION.txt"
"GGMU_CONSTRUCTION_AND_SUPPLY","no_results",0,"sec_results/GGMU_CONSTRUCTION_AND_SUPPLY.txt"
"EPN_BUILDERS_&_DEVELOPERS","no_results",0,"sec_results/EPN_BUILDERS_&_DEVELOPERS.txt"
"NIDA_BUILDER'S_&_SUPPLIES","no_results",0,"sec_results/NIDA_BUILDER'S_&_SUPPLIES.txt"
"ROAD_EDGE_TRADING_DEVELOPMENT_SERVICES","no_results",0,"sec_results/ROAD_EDGE_TRADING_DEVELOPMENT_SERVICES.txt"
"F2926_HARDWARE","no_results",0,"sec_results/F2926_HARDWARE.txt"
"JOHN_ARNE_CONSTRUCTION","no_results",0,"sec_results/JOHN_ARNE_CONSTRUCTION.txt"
"MIGHTYWAY_CONSTRUCTION_AND_SUPPLY","no_results",0,"sec_results/MIGHTYWAY_CONSTRUCTION_AND_SUPPLY.txt"
"MATROSON_BUILDERS_&_ENGINEERING_SERVICES","no_results",0,"sec_results/MATROSON_BUILDERS_&_ENGINEERING_SERVICES.txt"
"ROCK-WBL_CONSTRUCTION_CORP._(FOR:_ROCK-WBL_CONSTRUCTION_TRADING_&_SERVICES)","no_results",0,"sec_results/ROCK-WBL_CONSTRUCTION_CORP._(FOR:_ROCK-WBL_CONSTRUCTION_TRADING_&_SERVICES).txt"
"MDAN_CONSTRUCTION_AND_TRADING","no_results",0,"sec_results/MDAN_CONSTRUCTION_AND_TRADING.txt"
"AVFA_GENERAL_MERCHANDISE","no_results",0,"sec_results/AVFA_GENERAL_MERCHANDISE.txt"
"RSKM_CONSTRUCTION_SERVICES","no_results",0,"sec_results/RSKM_CONSTRUCTION_SERVICES.txt"
"LIM_GENERAL_CONTRACTOR_CORPORATION","no_results",0,"sec_results/LIM_GENERAL_CONTRACTOR_CORPORATION.txt"
"GRACE_CONSTRUCTION_CORPORATION","success",2,"sec_results/GRACE_CONSTRUCTION_CORPORATION.txt"
"L.A._GONIDO_BUILDERS,_INC.","success",1,"sec_results/L.A._GONIDO_BUILDERS,_INC..txt"
"KGD_BUILDERS","no_results",0,"sec_results/KGD_BUILDERS.txt"
"WCS_CONSTRUCTION,_INC","no_results",0,"sec_results/WCS_CONSTRUCTION,_INC.txt"
"DJY_CONSTRUCTION","no_results",0,"sec_results/DJY_CONSTRUCTION.txt"
"REPLICON_CONSTRUCTION_CORPORATION","success",1,"sec_results/REPLICON_CONSTRUCTION_CORPORATION.txt"
"BKA_CONSTRUCTION_AND_SURVEYING","no_results",0,"sec_results/BKA_CONSTRUCTION_AND_SURVEYING.txt"
"KING'S_BUILDERS_&_DEVELOPMENT_CORPORATION","no_results",0,"sec_results/KING'S_BUILDERS_&_DEVELOPMENT_CORPORATION.txt"
"E.R._VENZON_CONSTRUCTION","no_results",0,"sec_results/E.R._VENZON_CONSTRUCTION.txt"
"BAYTORR_CONSTRUCTION","success",1,"sec_results/BAYTORR_CONSTRUCTION.txt"
"3N_CONSTRUCTION_SUPPLY","no_results",0,"sec_results/3N_CONSTRUCTION_SUPPLY.txt"
"F_F_GALANG_CONSTRUCTION","success",2,"sec_results/F_F_GALANG_CONSTRUCTION.txt"
"A._B._TAYLAN_CONSTRUCTION_&_DEVELOPMENT","no_results",0,"sec_results/A._B._TAYLAN_CONSTRUCTION_&_DEVELOPMENT.txt"
"CAUAYAN_UNITED_ENTERPRISES_AND_CONSTRUCTION_BUILDERS","no_results",0,"sec_results/CAUAYAN_UNITED_ENTERPRISES_AND_CONSTRUCTION_BUILDERS.txt"
"MRK_SQUARE_CONSTRUCTION_AND_SUPPLY","no_results",0,"sec_results/MRK_SQUARE_CONSTRUCTION_AND_SUPPLY.txt"
"DADIANGAS_GLASS_&_CONSTRUCTION_DEPOT,_INC","success",1,"sec_results/DADIANGAS_GLASS_&_CONSTRUCTION_DEPOT,_INC.txt"
"H_&_N_BUILDERS_&_ENTERPRISES","success",10,"sec_results/H_&_N_BUILDERS_&_ENTERPRISES.txt"
"NEXT_GENERATION_CONSTRUCTION_AND_SUPPLY_CORPORATION","no_results",0,"sec_results/NEXT_GENERATION_CONSTRUCTION_AND_SUPPLY_CORPORATION.txt"
"RAIN_CONSTRUCTION_CORPORATION","success",1,"sec_results/RAIN_CONSTRUCTION_CORPORATION.txt"
"VJ_SISON_CONSTRUCTION_INC","success",1,"sec_results/VJ_SISON_CONSTRUCTION_INC.txt"
"EBCAL_CONSTRUCTION_&AMP;_HARDWARE_SUPPLY","no_results",0,"sec_results/EBCAL_CONSTRUCTION_&AMP;_HARDWARE_SUPPLY.txt"
"JIMWELL_BUILDERS_AND_SUPPLIES_CORPORATION","success",1,"sec_results/JIMWELL_BUILDERS_AND_SUPPLIES_CORPORATION.txt"
"JB_FELIPE_CONSTRUCTION","success",1,"sec_results/JB_FELIPE_CONSTRUCTION.txt"
"ROSE_PETAL_COMMERCIAL_&_COMPUTER_CENTER","no_results",0,"sec_results/ROSE_PETAL_COMMERCIAL_&_COMPUTER_CENTER.txt"
"GEVANS_CONSTRUCTION_AND_SUPPLY","no_results",0,"sec_results/GEVANS_CONSTRUCTION_AND_SUPPLY.txt"
"MARTIN_BUILDERS_CONSTRUCTION_SERVICES","no_results",0,"sec_results/MARTIN_BUILDERS_CONSTRUCTION_SERVICES.txt"
"JELSIE_CONSTRUCTION_&_SUPPLY","no_results",0,"sec_results/JELSIE_CONSTRUCTION_&_SUPPLY.txt"
"UBS_UNITED_BUILDERS_AND_SUPPLY_INC","success",1,"sec_results/UBS_UNITED_BUILDERS_AND_SUPPLY_INC.txt"
"MURIELEVEN_BUILDERS_AND_CONSTRUCTION_SUPPLY_CORP.","success",1,"sec_results/MURIELEVEN_BUILDERS_AND_CONSTRUCTION_SUPPLY_CORP..txt"
"JC_SOLIDARITY_CONSTRUCTION","no_results",0,"sec_results/JC_SOLIDARITY_CONSTRUCTION.txt"
"KWIKBUILT_DEVELOPMENT_CORPORATION","success",1,"sec_results/KWIKBUILT_DEVELOPMENT_CORPORATION.txt"
"HENSCHA_PHILIPPINES,_INCORPORATED","no_results",0,"sec_results/HENSCHA_PHILIPPINES,_INCORPORATED.txt"
"AL-SADIK_CONSTRUCTION_&_ENTERPRISES,_INC.","success",1,"sec_results/AL-SADIK_CONSTRUCTION_&_ENTERPRISES,_INC..txt"
"ROSE_PETAL_COMMERCIAL_COMPUTER_CENTER","no_results",0,"sec_results/ROSE_PETAL_COMMERCIAL_COMPUTER_CENTER.txt"
"ARM_ASIA_CONSTRUCTION_&_ENGINEERING","no_results",0,"sec_results/ARM_ASIA_CONSTRUCTION_&_ENGINEERING.txt"
"MAVERICK_BUILDERS,_INCORPORATED","no_results",0,"sec_results/MAVERICK_BUILDERS,_INCORPORATED.txt"
"E_M_CUERPO_INC","success",1,"sec_results/E_M_CUERPO_INC.txt"
"JA_DEVELOPERS_AND_ENGINEERS","no_results",0,"sec_results/JA_DEVELOPERS_AND_ENGINEERS.txt"
"E._P._B._CONSTRUCTION","success",10,"sec_results/E._P._B._CONSTRUCTION.txt"
"FAIRCHILD_BUILDERS","success",1,"sec_results/FAIRCHILD_BUILDERS.txt"
"TCSC_CORP","success",1,"sec_results/TCSC_CORP.txt"
"QUIRANTE_CONSTRUCTION_ZLREJ_TRADING_AND_CONSTRUCTION_CORPORATION","no_results",0,"sec_results/QUIRANTE_CONSTRUCTION_ZLREJ_TRADING_AND_CONSTRUCTION_CORPORATION.txt"
"JAYMAR_BUILDER","no_results",0,"sec_results/JAYMAR_BUILDER.txt"
"XLA_CONSTRUCTION","no_results",0,"sec_results/XLA_CONSTRUCTION.txt"
"CONSTRUCTION_SERVICES_INCORPORATED","success",10,"sec_results/CONSTRUCTION_SERVICES_INCORPORATED.txt"
"FILCAN_UNITED_CONSTRUCTION_&_GENERAL_MERCHANDISE_CORP.","success",1,"sec_results/FILCAN_UNITED_CONSTRUCTION_&_GENERAL_MERCHANDISE_CORP..txt"
"MELDA_MADRID_HARDWARE_CENTER_INC","no_results",0,"sec_results/MELDA_MADRID_HARDWARE_CENTER_INC.txt"
"CEFF_TRADING_&_ENGINEERING_SERVICES","no_results",0,"sec_results/CEFF_TRADING_&_ENGINEERING_SERVICES.txt"
"ULTIMATE_BUILDERS_&_CONSTRUCTION_SUPPLY","no_results",0,"sec_results/ULTIMATE_BUILDERS_&_CONSTRUCTION_SUPPLY.txt"
"GJL_CONSTRUCTION_&_ENTERPRISE","no_results",0,"sec_results/GJL_CONSTRUCTION_&_ENTERPRISE.txt"
"IE_CONSTR","success",3,"sec_results/IE_CONSTR.txt"
"R.N.G.M._CONSTRUCTION_CORPORATION_(FORMERLY:_R.N.G.M._CONSTRUCTION)","no_results",0,"sec_results/R.N.G.M._CONSTRUCTION_CORPORATION_(FORMERLY:_R.N.G.M._CONSTRUCTION).txt"
"APEIRON_CONSTRUCTION_SOLUTIONS","no_results",0,"sec_results/APEIRON_CONSTRUCTION_SOLUTIONS.txt"
"E.A._UNABIA_CONSTRUCTION","no_results",0,"sec_results/E.A._UNABIA_CONSTRUCTION.txt"
"J3P_CONSTRUCTION_AND_DEVELOPER_CORPORATION","success",1,"sec_results/J3P_CONSTRUCTION_AND_DEVELOPER_CORPORATION.txt"
"JRMX_CONSTRUCTION_&_GENERAL_MERCHANDISE","no_results",0,"sec_results/JRMX_CONSTRUCTION_&_GENERAL_MERCHANDISE.txt"
"J_C_UYECIO_CONSTRUCTION_AND_DEVELOPMENT_COMPANY","success",1,"sec_results/J_C_UYECIO_CONSTRUCTION_AND_DEVELOPMENT_COMPANY.txt"
"JOVIC_CONSTRUCTION_AND_SUPPLY","no_results",0,"sec_results/JOVIC_CONSTRUCTION_AND_SUPPLY.txt"
"DBR_CONSTRUCTION_CORPORATION_(FORMERLY:_D.B._RAVELO_CONSTRUCTION_&_SUPPLY)","no_results",0,"sec_results/DBR_CONSTRUCTION_CORPORATION_(FORMERLY:_D.B._RAVELO_CONSTRUCTION_&_SUPPLY).txt"
"SYMMETRICON_BUILDERS_CORP._-","success",1,"sec_results/SYMMETRICON_BUILDERS_CORP._-.txt"
"COSMAN_BUILDERS","success",10,"sec_results/COSMAN_BUILDERS.txt"
"YOLOBUILDERS_CO","success",1,"sec_results/YOLOBUILDERS_CO.txt"
"J_C_PINON_CONST","no_results",0,"sec_results/J_C_PINON_CONST.txt"
"A.P._CONSEBIDO_CONSTRUCTION_AND_TRADING","no_results",0,"sec_results/A.P._CONSEBIDO_CONSTRUCTION_AND_TRADING.txt"
"AAA_ROCK_CONSTRUCTION_CORPORATION","success",1,"sec_results/AAA_ROCK_CONSTRUCTION_CORPORATION.txt"
"SIXTEEN_ENTERPRISES_CALAPAN_BRANCH","no_results",0,"sec_results/SIXTEEN_ENTERPRISES_CALAPAN_BRANCH.txt"
"RAIK_CONSTRUCTION_AND_DEVELOPMENT_CORPORATION_(FORMERLY:_RAIK_CONSTRUCTION_AND_SUPPLY)","no_results",0,"sec_results/RAIK_CONSTRUCTION_AND_DEVELOPMENT_CORPORATION_(FORMERLY:_RAIK_CONSTRUCTION_AND_SUPPLY).txt"
"RJIR_ENTERPRISES_CORPORATION","no_results",0,"sec_results/RJIR_ENTERPRISES_CORPORATION.txt"
"MR-B_CONSTRUCTION_SERVICES","success",10,"sec_results/MR-B_CONSTRUCTION_SERVICES.txt"
"4DOVE_BUILDERS_CORPORATION","success",1,"sec_results/4DOVE_BUILDERS_CORPORATION.txt"
"MASTER_SON_BUILDERS","no_results",0,"sec_results/MASTER_SON_BUILDERS.txt"
"BMK_CONSTRUCTION_CORPORATION_(FORMERLY_B.M.K._CONSTRUCTION)","no_results",0,"sec_results/BMK_CONSTRUCTION_CORPORATION_(FORMERLY_B.M.K._CONSTRUCTION).txt"
"KENT_MARKETING_GROUP_OF_COMPANIES_INC","success",1,"sec_results/KENT_MARKETING_GROUP_OF_COMPANIES_INC.txt"
"5J_AND_G_CONSTRUCTION_AND_SUPPLY","success",1,"sec_results/5J_AND_G_CONSTRUCTION_AND_SUPPLY.txt"
"GEOHEART_CONSTRUCTION_&_TRADING","no_results",0,"sec_results/GEOHEART_CONSTRUCTION_&_TRADING.txt"
"MIKKIL_CONSTRUCTION","no_results",0,"sec_results/MIKKIL_CONSTRUCTION.txt"
"ALEPHNORTH_PEAK_CONSTRUCTION","success",1,"sec_results/ALEPHNORTH_PEAK_CONSTRUCTION.txt"
"GEMMA_CONSTRUCTION_SUPPLY,_INC.(FORMERLY:GEMMA_CON","no_results",0,"sec_results/GEMMA_CONSTRUCTION_SUPPLY,_INC.(FORMERLY:GEMMA_CON.txt"
"MAKNEG_GENERAL_CONSTRUCTION_AND_SUPPLY","no_results",0,"sec_results/MAKNEG_GENERAL_CONSTRUCTION_AND_SUPPLY.txt"
"PROTECH_CONSTRUCTION_DEVELOPMENT_CORP","success",1,"sec_results/PROTECH_CONSTRUCTION_DEVELOPMENT_CORP.txt"
"FIVE_STAR_LUMBER_&_CONSTRUCTION_SUPPLIES","no_results",0,"sec_results/FIVE_STAR_LUMBER_&_CONSTRUCTION_SUPPLIES.txt"
"SANS_CONSTRUCTION_&_SUPPLY","no_results",0,"sec_results/SANS_CONSTRUCTION_&_SUPPLY.txt"
"BRG_CONSTRUCTION","no_results",0,"sec_results/BRG_CONSTRUCTION.txt"
"5.J.B.P._PREMIUM_CONSTRUCTION_CORPORATION","success",1,"sec_results/5.J.B.P._PREMIUM_CONSTRUCTION_CORPORATION.txt"
"EIGHT_J_S_CONSTRUCTION_SERVICES","no_results",0,"sec_results/EIGHT_J_S_CONSTRUCTION_SERVICES.txt"
"DC_SANDIL_CONSTRUCTION_REALTY_DEVELOPMENT_INC","no_results",0,"sec_results/DC_SANDIL_CONSTRUCTION_REALTY_DEVELOPMENT_INC.txt"
"ATLANTIC_CONSTRUCTION","no_results",0,"sec_results/ATLANTIC_CONSTRUCTION.txt"
"CJEP_BUILDERS","no_results",0,"sec_results/CJEP_BUILDERS.txt"
"MDH_CONSTRUCTION","no_results",0,"sec_results/MDH_CONSTRUCTION.txt"
"SUPPLY","success",10,"sec_results/SUPPLY.txt"
"TOKWING_CONSTRUCTION_CORP_FOR;_TOKWING_CONSTRUC","no_results",0,"sec_results/TOKWING_CONSTRUCTION_CORP_FOR;_TOKWING_CONSTRUC.txt"
"TKS_BUILDERS_&_SUPPLIES","no_results",0,"sec_results/TKS_BUILDERS_&_SUPPLIES.txt"
"88_BUILDERS_CONSTRUCTION","success",10,"sec_results/88_BUILDERS_CONSTRUCTION.txt"
"820_BUILDERS","success",1,"sec_results/820_BUILDERS.txt"
"TOTSKIE_GENERAL_MERCHANDISE","no_results",0,"sec_results/TOTSKIE_GENERAL_MERCHANDISE.txt"
"L_&_L_CONSTRUCTION","success",10,"sec_results/L_&_L_CONSTRUCTION.txt"
"SANTECH_BUILDERS_CORPORATION","no_results",0,"sec_results/SANTECH_BUILDERS_CORPORATION.txt"
"AEJ_HARDWARE_CONSTRUCTION_&_ENTERPRISES","no_results",0,"sec_results/AEJ_HARDWARE_CONSTRUCTION_&_ENTERPRISES.txt"
"RD_TALENS_CONSTRUCTION_AND_TRADING","no_results",0,"sec_results/RD_TALENS_CONSTRUCTION_AND_TRADING.txt"
"RCDS_CONSTRUCTION_AND_SUPPLY,_INC","no_results",0,"sec_results/RCDS_CONSTRUCTION_AND_SUPPLY,_INC.txt"
"AMSTEK_CONSTRUCTION","no_results",0,"sec_results/AMSTEK_CONSTRUCTION.txt"
"B_VALENCERINA_TRADING_AND_CONSTRUCTION","no_results",0,"sec_results/B_VALENCERINA_TRADING_AND_CONSTRUCTION.txt"
"A.M._ORETA_&_CO.,_INC.","success",2,"sec_results/A.M._ORETA_&_CO.,_INC..txt"
"FIVE_MASSIVE_INFRA_&_SUPPLY_CORP","no_results",0,"sec_results/FIVE_MASSIVE_INFRA_&_SUPPLY_CORP.txt"
"ULIRAN_CONSTRUCTION_SERVICES","no_results",0,"sec_results/ULIRAN_CONSTRUCTION_SERVICES.txt"
"E.T._AMILIG_CONSTRUCTION","no_results",0,"sec_results/E.T._AMILIG_CONSTRUCTION.txt"
"DOUBLE_Z_CONSTRUCTION_AND_SUPPLY","no_results",0,"sec_results/DOUBLE_Z_CONSTRUCTION_AND_SUPPLY.txt"
"ALPHA_RYDER_CONSTRUCTION_&AMP;_SUPPLIES","no_results",0,"sec_results/ALPHA_RYDER_CONSTRUCTION_&AMP;_SUPPLIES.txt"
"PETRONAL_BUILDERS","no_results",0,"sec_results/PETRONAL_BUILDERS.txt"
"ONE_FRAME_CONSTRUCTION_INC._-","no_results",0,"sec_results/ONE_FRAME_CONSTRUCTION_INC._-.txt"
"MSV_CONSTRUCTION_AND_SUPPLIES","no_results",0,"sec_results/MSV_CONSTRUCTION_AND_SUPPLIES.txt"
"BRENCON_DEVELOPERS_PHILS._INC.","success",1,"sec_results/BRENCON_DEVELOPERS_PHILS._INC..txt"
"AARCON_BUILDERS","success",1,"sec_results/AARCON_BUILDERS.txt"
"YBETAG_CONSTRUCTION","no_results",0,"sec_results/YBETAG_CONSTRUCTION.txt"
"CHRISTFER_CONSTRUCTION_&_SUPPLY","no_results",0,"sec_results/CHRISTFER_CONSTRUCTION_&_SUPPLY.txt"
"NEW_MASINLOC_HENRY'S_CONSTRUCTION_&_SUPPLY","no_results",0,"sec_results/NEW_MASINLOC_HENRY'S_CONSTRUCTION_&_SUPPLY.txt"
"HI-TONE_CONSTRUCTION_DEVELOPMENT_CORP","no_results",0,"sec_results/HI-TONE_CONSTRUCTION_DEVELOPMENT_CORP.txt"
"IOS_CONSTRUCTION_SERVICES","no_results",0,"sec_results/IOS_CONSTRUCTION_SERVICES.txt"
"JASA_GD_2000_CONSTRUCTION_CORPORATION_(FORMERLY:JASA_BUILDER'S)","no_results",0,"sec_results/JASA_GD_2000_CONSTRUCTION_CORPORATION_(FORMERLY:JASA_BUILDER'S).txt"
"GOLDEN_VISION_CONSTRUCTION_AND_SUPPLY","no_results",0,"sec_results/GOLDEN_VISION_CONSTRUCTION_AND_SUPPLY.txt"
"R2A_CONSTRUCTION_TRADING","no_results",0,"sec_results/R2A_CONSTRUCTION_TRADING.txt"
"GENUINE_BUILDERS","success",1,"sec_results/GENUINE_BUILDERS.txt"
"SISAM_CONSTRUCTION_AND_SUPPLIES","no_results",0,"sec_results/SISAM_CONSTRUCTION_AND_SUPPLIES.txt"
"CREST92_CONSTRUCTION_&_DEVELOPMENT_CORPORATION_(FORMERLY:_CREST_CONSTRUCTION)","no_results",0,"sec_results/CREST92_CONSTRUCTION_&_DEVELOPMENT_CORPORATION_(FORMERLY:_CREST_CONSTRUCTION).txt"
"F.P._DE_GUZMAN_CONSTRUCTION,_INC.","success",1,"sec_results/F.P._DE_GUZMAN_CONSTRUCTION,_INC..txt"
"OR_CONSTRUCTION","success",10,"sec_results/OR_CONSTRUCTION.txt"
"CS_CONST","success",10,"sec_results/CS_CONST.txt"
"J.A._OLIVAR_ENG'G_DESIGN,_CONSTRUCTION_AND_SUPPLIES","no_results",0,"sec_results/J.A._OLIVAR_ENG'G_DESIGN,_CONSTRUCTION_AND_SUPPLIES.txt"
"MAER_SUMMIT_KONSTRUKT_CO","success",1,"sec_results/MAER_SUMMIT_KONSTRUKT_CO.txt"
"PACIFIC_STAR_ERECTORS","no_results",0,"sec_results/PACIFIC_STAR_ERECTORS.txt"
"BLACER_CONSTRUCTION_CORP","success",1,"sec_results/BLACER_CONSTRUCTION_CORP.txt"
"TJMT_CONSTRUCTION","no_results",0,"sec_results/TJMT_CONSTRUCTION.txt"
"F316_CONSTRUCTION_CORP","success",1,"sec_results/F316_CONSTRUCTION_CORP.txt"
"UNIVERSAL_DE_LEON_CONSTRUCTION_AGGREGATES","no_results",0,"sec_results/UNIVERSAL_DE_LEON_CONSTRUCTION_AGGREGATES.txt"
"HEAVY_JOHN_ENGINEERING_CONSULTANCY","no_results",0,"sec_results/HEAVY_JOHN_ENGINEERING_CONSULTANCY.txt"
"CONQUEST_CONSTRUCTION_SERVICES","no_results",0,"sec_results/CONQUEST_CONSTRUCTION_SERVICES.txt"
"LAP_GLOBAL_CONSTRUCTION_CORPORATION(FORMERLY_LAP_GLOBAL_CONSTRUCTION)","no_results",0,"sec_results/LAP_GLOBAL_CONSTRUCTION_CORPORATION(FORMERLY_LAP_GLOBAL_CONSTRUCTION).txt"
"GA_PINEDA_CONSTRUCTION","success",3,"sec_results/GA_PINEDA_CONSTRUCTION.txt"
"JMJD_CONSTRUCTION_AND_AGGREGATES","no_results",0,"sec_results/JMJD_CONSTRUCTION_AND_AGGREGATES.txt"
"ROLCO_CONSTRUCTION_DEVELOPMENT_CORPORATION_FOR","no_results",0,"sec_results/ROLCO_CONSTRUCTION_DEVELOPMENT_CORPORATION_FOR.txt"
"TRIPLE_JOHNES_Q._CONSTRUCTION","no_results",0,"sec_results/TRIPLE_JOHNES_Q._CONSTRUCTION.txt"
"VCD_CONSTRUCTION","success",1,"sec_results/VCD_CONSTRUCTION.txt"
"MEGA-ANT_BUILDERS_AND_CONSTRUCTION_SUPPLIES","no_results",0,"sec_results/MEGA-ANT_BUILDERS_AND_CONSTRUCTION_SUPPLIES.txt"
"A_DE_GUIA_CONSTRUCTION","no_results",0,"sec_results/A_DE_GUIA_CONSTRUCTION.txt"
"JUNHIL_CONSTRUCTION_SERVICES","no_results",0,"sec_results/JUNHIL_CONSTRUCTION_SERVICES.txt"
"LABB_CONSTRUCTION_DEVELOPMENT_INC._(FORMERLY:_LABB_CONSTRUCTION)","no_results",0,"sec_results/LABB_CONSTRUCTION_DEVELOPMENT_INC._(FORMERLY:_LABB_CONSTRUCTION).txt"
"E.R._RODRIGUEZ_CONSTRUCTION_CORPORATION_(FORMERLY:_E.R._RODRIGUEZ_CONSTRUCTION)","no_results",0,"sec_results/E.R._RODRIGUEZ_CONSTRUCTION_CORPORATION_(FORMERLY:_E.R._RODRIGUEZ_CONSTRUCTION).txt"
"RMAJ_CONSTRUCTION","no_results",0,"sec_results/RMAJ_CONSTRUCTION.txt"
"ROMAL_CONSTRUCTION","no_results",0,"sec_results/ROMAL_CONSTRUCTION.txt"
"J.G._GARCIA_CONSTRUCTION_&_SUPPLY_(FOR:_J.G._GARCIA_CONST.)","no_results",0,"sec_results/J.G._GARCIA_CONSTRUCTION_&_SUPPLY_(FOR:_J.G._GARCIA_CONST.).txt"
"ALMANA_CONSTRUCTION_AND_DEVT_CORPORATION","no_results",0,"sec_results/ALMANA_CONSTRUCTION_AND_DEVT_CORPORATION.txt"
"JAYMAR_BUILDERS","no_results",0,"sec_results/JAYMAR_BUILDERS.txt"
"CEFF_TRADING","no_results",0,"sec_results/CEFF_TRADING.txt"
"RENREN_TRADING_AND_CONSTRUCTION_SERVICES","no_results",0,"sec_results/RENREN_TRADING_AND_CONSTRUCTION_SERVICES.txt"
"PETT_BUILDERS","success",1,"sec_results/PETT_BUILDERS.txt"
"SONBLESSED_CONSTRUCTION_AND_SUPPLY","no_results",0,"sec_results/SONBLESSED_CONSTRUCTION_AND_SUPPLY.txt"
"CGR_CAMILLE_BUILDER,_INC.","success",1,"sec_results/CGR_CAMILLE_BUILDER,_INC..txt"
"J3_B_CONSTRUCTION_SUPPLIES_TRADING","success",10,"sec_results/J3_B_CONSTRUCTION_SUPPLIES_TRADING.txt"
"RGZAMORA_CONSTRUCTION_AND_TRADING","no_results",0,"sec_results/RGZAMORA_CONSTRUCTION_AND_TRADING.txt"
"G.C.I._CONSTRUCTION_AND_DEV'T._CORP.","success",10,"sec_results/G.C.I._CONSTRUCTION_AND_DEV'T._CORP..txt"
"JASPHER_MARKETING_AND_CONSTRUCTION","no_results",0,"sec_results/JASPHER_MARKETING_AND_CONSTRUCTION.txt"
"MV_SABALBURO_CONSTRUCTION_AND_SUPPLY","success",1,"sec_results/MV_SABALBURO_CONSTRUCTION_AND_SUPPLY.txt"
"ROBETH_CONST._AND_DEV'T._CORP","no_results",0,"sec_results/ROBETH_CONST._AND_DEV'T._CORP.txt"
"JELSIE_CONSTRUCTION_SUPPLY","no_results",0,"sec_results/JELSIE_CONSTRUCTION_SUPPLY.txt"
"JANN_NORRIS_CONSTRUCTION_AND_SUPPLIES_INC","success",1,"sec_results/JANN_NORRIS_CONSTRUCTION_AND_SUPPLIES_INC.txt"
"JOZEN_BUILDERS_AND_CONSTRUCTION_SUPPLY_CORPORATION","success",1,"sec_results/JOZEN_BUILDERS_AND_CONSTRUCTION_SUPPLY_CORPORATION.txt"
"GRACO_CONSTRUCTION","no_results",0,"sec_results/GRACO_CONSTRUCTION.txt"
"CYRUS_JAMES_BUILDERS_AND_SUPPLIES","no_results",0,"sec_results/CYRUS_JAMES_BUILDERS_AND_SUPPLIES.txt"
"STA_ANA_RAYCON_CORP.","success",1,"sec_results/STA_ANA_RAYCON_CORP..txt"
"R._SEMILLA_CONSTRUCTION_AND_MARKETING","no_results",0,"sec_results/R._SEMILLA_CONSTRUCTION_AND_MARKETING.txt"
"3AMR_CONSTRUCTION_SERVICES","no_results",0,"sec_results/3AMR_CONSTRUCTION_SERVICES.txt"
"FERCIA_CONSTRUCTION_FIRM","no_results",0,"sec_results/FERCIA_CONSTRUCTION_FIRM.txt"
"GOWIL_BUILDERS","no_results",0,"sec_results/GOWIL_BUILDERS.txt"
"JTL_KONSTRUCT_CORPORATION","success",1,"sec_results/JTL_KONSTRUCT_CORPORATION.txt"
"NAPICO_HARDWARE_AND_GENERAL_MERCHANDISE","no_results",0,"sec_results/NAPICO_HARDWARE_AND_GENERAL_MERCHANDISE.txt"
"AM_ABDON_CONSTRUCTION_AND_SUPPLIES","no_results",0,"sec_results/AM_ABDON_CONSTRUCTION_AND_SUPPLIES.txt"
"SHARYSU_BUILDERS_&_MARKETING","no_results",0,"sec_results/SHARYSU_BUILDERS_&_MARKETING.txt"
"TRIPLE_EAGLE_CONSTRUCTION_AND_TRADING","no_results",0,"sec_results/TRIPLE_EAGLE_CONSTRUCTION_AND_TRADING.txt"
"JUST_IN_ENTERPRISES","no_results",0,"sec_results/JUST_IN_ENTERPRISES.txt"
"PANAY_EAST_COAST_CONSTRUCTION_&_SUPPLY","no_results",0,"sec_results/PANAY_EAST_COAST_CONSTRUCTION_&_SUPPLY.txt"
"BILANIAN_GENERAL_CONSTRUCTION","no_results",0,"sec_results/BILANIAN_GENERAL_CONSTRUCTION.txt"
"RSC_CONSTRUCTION_SERVICES","no_results",0,"sec_results/RSC_CONSTRUCTION_SERVICES.txt"
"CCIV_DEVELOPMENT_COOPERATIVE","no_results",0,"sec_results/CCIV_DEVELOPMENT_COOPERATIVE.txt"
"EMPYREAN_BUILDERS_CORPORATION","no_results",0,"sec_results/EMPYREAN_BUILDERS_CORPORATION.txt"
"MGSR_CONSTRUCTION","success",1,"sec_results/MGSR_CONSTRUCTION.txt"
"R.B._PANO_CONSTRUCTION_AND_SUPPLY","no_results",0,"sec_results/R.B._PANO_CONSTRUCTION_AND_SUPPLY.txt"
"ER_DELA_CRUZ_CONSTRUCTION_SUPPLY","no_results",0,"sec_results/ER_DELA_CRUZ_CONSTRUCTION_SUPPLY.txt"
"ADAD_ENGINEERING_SERVICES","no_results",0,"sec_results/ADAD_ENGINEERING_SERVICES.txt"
"ESQUIMO_CONST._AND_DEV'T._CORP","success",1,"sec_results/ESQUIMO_CONST._AND_DEV'T._CORP.txt"
"DECERIE_S_CONSTRUCTION","no_results",0,"sec_results/DECERIE_S_CONSTRUCTION.txt"
"G.F._FALCIS_CONSTRUCTION_&AMP;_SUPPLY","no_results",0,"sec_results/G.F._FALCIS_CONSTRUCTION_&AMP;_SUPPLY.txt"
"NESGIN_BUILDERS_AND_SUPPLIES","no_results",0,"sec_results/NESGIN_BUILDERS_AND_SUPPLIES.txt"
"R._YAO_CONSTRUCTION","no_results",0,"sec_results/R._YAO_CONSTRUCTION.txt"
"CELESTINO_CONSTRUCTION_DEVELOPMENT_CORPORATION_(FORMERLY:_JJA_CONSTRUCTION_&_SUPPLY)","no_results",0,"sec_results/CELESTINO_CONSTRUCTION_DEVELOPMENT_CORPORATION_(FORMERLY:_JJA_CONSTRUCTION_&_SUPPLY).txt"
"M_G_SALAZAR_525_CONSTRUCTION","no_results",0,"sec_results/M_G_SALAZAR_525_CONSTRUCTION.txt"
"115_CONSTRUCTION_&_DEVELOPMENT","no_results",0,"sec_results/115_CONSTRUCTION_&_DEVELOPMENT.txt"
"ALMOND_ENGINEERING_AND_CONSTRUCTION","no_results",0,"sec_results/ALMOND_ENGINEERING_AND_CONSTRUCTION.txt"
"DAVHEZ_TRADING_&_CONSTRUCTION","no_results",0,"sec_results/DAVHEZ_TRADING_&_CONSTRUCTION.txt"
"PLD_CONSTRUCTION_AND_DEVELOPMENT_INC","success",1,"sec_results/PLD_CONSTRUCTION_AND_DEVELOPMENT_INC.txt"
"LUCKY_EIGHTY_THREE_CONSTRUCTION_AND_SUPPLY","no_results",0,"sec_results/LUCKY_EIGHTY_THREE_CONSTRUCTION_AND_SUPPLY.txt"
"VIRLO_CONSTRUCTION","success",1,"sec_results/VIRLO_CONSTRUCTION.txt"
"4_J_S_CONSTRUCTION_SERVICES","success",10,"sec_results/4_J_S_CONSTRUCTION_SERVICES.txt"
"M_MONTESCLAROS_ENT_INC","no_results",0,"sec_results/M_MONTESCLAROS_ENT_INC.txt"
"SAMARAH_CONSTRUCTION_AND_SUPPLY","no_results",0,"sec_results/SAMARAH_CONSTRUCTION_AND_SUPPLY.txt"
"RJR_CALCON_CORP","success",1,"sec_results/RJR_CALCON_CORP.txt"
"FOUR-J_CONSTRUCTION","no_results",0,"sec_results/FOUR-J_CONSTRUCTION.txt"
"JUNTEREAL_INDUSTRIAL_AND_DEVELOPMENT_CORPORATION","no_results",0,"sec_results/JUNTEREAL_INDUSTRIAL_AND_DEVELOPMENT_CORPORATION.txt"
"SKY-PEN__CONSULTANCY_AND_CONSTRUCTION_CORP","no_results",0,"sec_results/SKY-PEN__CONSULTANCY_AND_CONSTRUCTION_CORP.txt"
"MARCING_CONSTRUCTION_SERVICES","no_results",0,"sec_results/MARCING_CONSTRUCTION_SERVICES.txt"
"B_CONSTRUCTION_CORPORATION","success",10,"sec_results/B_CONSTRUCTION_CORPORATION.txt"
"TOPNOTCH_CATALYST_BUILDERS_INC.","success",1,"sec_results/TOPNOTCH_CATALYST_BUILDERS_INC..txt"
"JQD_ENTERPRISES","no_results",0,"sec_results/JQD_ENTERPRISES.txt"
"MORALES-MUNCAL_ENTERPRISES","no_results",0,"sec_results/MORALES-MUNCAL_ENTERPRISES.txt"
"FERDSTAR_BUILDERS_CONTRACTORS","no_results",0,"sec_results/FERDSTAR_BUILDERS_CONTRACTORS.txt"
"PILASTRO_BUILDERS_&_DEV'T_INC","success",1,"sec_results/PILASTRO_BUILDERS_&_DEV'T_INC.txt"
"LANAO_BUILDER_AND_ENTERPRISES","no_results",0,"sec_results/LANAO_BUILDER_AND_ENTERPRISES.txt"
"M.G._SALAZAR","success",10,"sec_results/M.G._SALAZAR.txt"
"CAFRENCILLO_ARCH_DESIGN_AND_BUILDERS","no_results",0,"sec_results/CAFRENCILLO_ARCH_DESIGN_AND_BUILDERS.txt"
"M.G._SALAZAR_CONSTRUCTION_CORP","no_results",0,"sec_results/M.G._SALAZAR_CONSTRUCTION_CORP.txt"
"ASIAN_PEARL_CONSTRUCTION","success",1,"sec_results/ASIAN_PEARL_CONSTRUCTION.txt"
"ROYAL_CROWN_MONARCH_CONSTRUCTION","no_results",0,"sec_results/ROYAL_CROWN_MONARCH_CONSTRUCTION.txt"
"E._E._MADAYAG_CONSTRUCTION","no_results",0,"sec_results/E._E._MADAYAG_CONSTRUCTION.txt"
"A.G._CASTILLO_CONSTRUCTION","no_results",0,"sec_results/A.G._CASTILLO_CONSTRUCTION.txt"
"M.C._BUYSER_CONSTRUCTION_&_SUPPLY","no_results",0,"sec_results/M.C._BUYSER_CONSTRUCTION_&_SUPPLY.txt"
"LAMASIA_BUILDERS_AND_SUPPLY_CORP.","no_results",0,"sec_results/LAMASIA_BUILDERS_AND_SUPPLY_CORP..txt"
"ROAD_EDGE_TRADING_AND_DEVELOPMENT_SERVICES","no_results",0,"sec_results/ROAD_EDGE_TRADING_AND_DEVELOPMENT_SERVICES.txt"
"SBU_BUILDERS_AND_GENERAL_MERCHANDISE","no_results",0,"sec_results/SBU_BUILDERS_AND_GENERAL_MERCHANDISE.txt"
"JJJARNS_CONSTRUCTION","no_results",0,"sec_results/JJJARNS_CONSTRUCTION.txt"
"BLESSING_BUILDERS","success",2,"sec_results/BLESSING_BUILDERS.txt"
"MAFIL_BUILDERS_INC","success",1,"sec_results/MAFIL_BUILDERS_INC.txt"
"ISOBEL_CONCRETE_CONSTRUCTOR_CORPORATION","success",1,"sec_results/ISOBEL_CONCRETE_CONSTRUCTOR_CORPORATION.txt"
"EBS_CONSTRUCTION_AND_SUPPLIES","no_results",0,"sec_results/EBS_CONSTRUCTION_AND_SUPPLIES.txt"
"MUST_ENTERPRISES","no_results",0,"sec_results/MUST_ENTERPRISES.txt"
"L.R._DE_GUZMAN_CONSTRUCTION","no_results",0,"sec_results/L.R._DE_GUZMAN_CONSTRUCTION.txt"
"CL_MORALES_CONSTRUCTION_AND_TRADING","no_results",0,"sec_results/CL_MORALES_CONSTRUCTION_AND_TRADING.txt"
"LANAO_BUILDER_ENTERPRISES","no_results",0,"sec_results/LANAO_BUILDER_ENTERPRISES.txt"
"KAMAGONG_BUILDERS_AND_DEVELOPERS_CORPORATION","no_results",0,"sec_results/KAMAGONG_BUILDERS_AND_DEVELOPERS_CORPORATION.txt"
"HARDWARE_SUPPLY","success",10,"sec_results/HARDWARE_SUPPLY.txt"
"FLAG_CONSTRUCTI","no_results",0,"sec_results/FLAG_CONSTRUCTI.txt"
"A.R.V._CONSTRUCTION_&_SUPPLIES","success",10,"sec_results/A.R.V._CONSTRUCTION_&_SUPPLIES.txt"
"RITCHE_NATHALIE_DEVELOPMENT_CORPORATION","success",1,"sec_results/RITCHE_NATHALIE_DEVELOPMENT_CORPORATION.txt"
"UKC_BUILDERS,_INC","no_results",0,"sec_results/UKC_BUILDERS,_INC.txt"
"RAMARPLUS_INCORPORATED_FORMERLY_RAMAR_ENTERPRISES","no_results",0,"sec_results/RAMARPLUS_INCORPORATED_FORMERLY_RAMAR_ENTERPRISES.txt"
"ST._ALMERS_CONSTRUCTION_AND_ENTERPRISE","no_results",0,"sec_results/ST._ALMERS_CONSTRUCTION_AND_ENTERPRISE.txt"
"CHEDMARYL_CONST_AMP;_SUPPLIES","no_results",0,"sec_results/CHEDMARYL_CONST_AMP;_SUPPLIES.txt"
"VK_BUILDERS_INC","no_results",0,"sec_results/VK_BUILDERS_INC.txt"
"RBT_VENTURES","no_results",0,"sec_results/RBT_VENTURES.txt"
"P.L.G.L._CONSTRUCTION","no_results",0,"sec_results/P.L.G.L._CONSTRUCTION.txt"
"128_DRAGON_CONSTRUCTION_AND_SUPPLIES","success",1,"sec_results/128_DRAGON_CONSTRUCTION_AND_SUPPLIES.txt"
"AIDFELART_CONST._CORP.","success",1,"sec_results/AIDFELART_CONST._CORP..txt"
"IRC_CONSTRUCTION_SUPPLIES","no_results",0,"sec_results/IRC_CONSTRUCTION_SUPPLIES.txt"
"J_S_LAYSON","success",10,"sec_results/J_S_LAYSON.txt"
"RUZZLE_DEN_CONSTRUCTION_SUPPLIES_AND_SERVICES","no_results",0,"sec_results/RUZZLE_DEN_CONSTRUCTION_SUPPLIES_AND_SERVICES.txt"
"JAIME_B_CHING_ENTERPRISES","no_results",0,"sec_results/JAIME_B_CHING_ENTERPRISES.txt"
"CV_CONSTRUCTION_DEVELOPMENT","success",10,"sec_results/CV_CONSTRUCTION_DEVELOPMENT.txt"
"RGB_CONSTRUCTION_(FORMERLY:REYBER_CONSTRUCTION_AND_SUPPLY)","no_results",0,"sec_results/RGB_CONSTRUCTION_(FORMERLY:REYBER_CONSTRUCTION_AND_SUPPLY).txt"
"KRYPTONITE_6S_BUILDERS_INC.","success",1,"sec_results/KRYPTONITE_6S_BUILDERS_INC..txt"
"SL_&_G_CONSTRUCTION","no_results",0,"sec_results/SL_&_G_CONSTRUCTION.txt"
"REMAR_CONSTRUCTION","no_results",0,"sec_results/REMAR_CONSTRUCTION.txt"
"ENC_ENTERPRISES","no_results",0,"sec_results/ENC_ENTERPRISES.txt"
"AR_LUSTRE_CONSTRUCTION_CORPORATION_(FORMERLY:A.R._LUSTRE_JR._CONSTRUCTION)","no_results",0,"sec_results/AR_LUSTRE_CONSTRUCTION_CORPORATION_(FORMERLY:A.R._LUSTRE_JR._CONSTRUCTION).txt"
"LGT2_CONSTRUCTION","no_results",0,"sec_results/LGT2_CONSTRUCTION.txt"
"ARBETEL_CONSTRUCTION_AND_TRADING","no_results",0,"sec_results/ARBETEL_CONSTRUCTION_AND_TRADING.txt"
"IE_CONSTRUCTION_CORPORATION","success",10,"sec_results/IE_CONSTRUCTION_CORPORATION.txt"
"SOLID_NORTH_CONSTRUCTION","no_results",0,"sec_results/SOLID_NORTH_CONSTRUCTION.txt"
"JASA_GD_2000_CONSTRUCTION_CORPORATION","success",1,"sec_results/JASA_GD_2000_CONSTRUCTION_CORPORATION.txt"
"JAMJLE_PROPERTIES_(SUBIC)_AND_DEVELOPMENT_CORPORAT","no_results",0,"sec_results/JAMJLE_PROPERTIES_(SUBIC)_AND_DEVELOPMENT_CORPORAT.txt"
"RAKZ_BUILDERS_AND_SUPPLY","no_results",0,"sec_results/RAKZ_BUILDERS_AND_SUPPLY.txt"
"BAGELS_ENTERPRISES","no_results",0,"sec_results/BAGELS_ENTERPRISES.txt"
"V.O._CHUPUICO_CONSTRUCTION","no_results",0,"sec_results/V.O._CHUPUICO_CONSTRUCTION.txt"
"A3_CONSTRUCTION__SUPPLY","no_results",0,"sec_results/A3_CONSTRUCTION__SUPPLY.txt"
"AL-AMEN_BUILDERS","no_results",0,"sec_results/AL-AMEN_BUILDERS.txt"
"APAKLO_KIN_CONSTRUCTION","no_results",0,"sec_results/APAKLO_KIN_CONSTRUCTION.txt"
"KMD_BUILDERS_CONSTRUCTION_SUPPLY","no_results",0,"sec_results/KMD_BUILDERS_CONSTRUCTION_SUPPLY.txt"
"ELITE_GENERAL_CONTRACTOR_AND_DEVELOPMENT_CORP","no_results",0,"sec_results/ELITE_GENERAL_CONTRACTOR_AND_DEVELOPMENT_CORP.txt"
"TM_ABAD_CONSTRUCTION_CORP","success",1,"sec_results/TM_ABAD_CONSTRUCTION_CORP.txt"
"JAH_TRADING_AND_CONSTRUCTION","no_results",0,"sec_results/JAH_TRADING_AND_CONSTRUCTION.txt"
"INDUSTRIAL_CONTROLS_CORPORATION","success",1,"sec_results/INDUSTRIAL_CONTROLS_CORPORATION.txt"
"G.M._CAPARAS_CONSTRUCTION_&_SUPPLY","no_results",0,"sec_results/G.M._CAPARAS_CONSTRUCTION_&_SUPPLY.txt"
"SIR_HENRIK'S_CONSTRUCTION_&_SUPPLY","no_results",0,"sec_results/SIR_HENRIK'S_CONSTRUCTION_&_SUPPLY.txt"
"ANKOR_GAULLE_CONSTRUCTION_AND_SUPPLY_CORPORATION","success",1,"sec_results/ANKOR_GAULLE_CONSTRUCTION_AND_SUPPLY_CORPORATION.txt"
"G.D.L._CONSTRUCTION","success",10,"sec_results/G.D.L._CONSTRUCTION.txt"
"JOHN_RAY_DEVELOPER_AND_SUPPLIES","no_results",0,"sec_results/JOHN_RAY_DEVELOPER_AND_SUPPLIES.txt"
"J-NINE-INFINITY_BUILDERS","no_results",0,"sec_results/J-NINE-INFINITY_BUILDERS.txt"
"TBB_CONSTRUCTION_CORP","success",1,"sec_results/TBB_CONSTRUCTION_CORP.txt"
"D_M_ALMERO_ENTERPRISES","no_results",0,"sec_results/D_M_ALMERO_ENTERPRISES.txt"
"RRA_REQUILLAS_CONSTRUCTION_AND_SUPPLY","no_results",0,"sec_results/RRA_REQUILLAS_CONSTRUCTION_AND_SUPPLY.txt"
"BENCHELOUIE_HARDWARE","no_results",0,"sec_results/BENCHELOUIE_HARDWARE.txt"
"CTG_CONSTRUCTION_&_ENTERPRISES","no_results",0,"sec_results/CTG_CONSTRUCTION_&_ENTERPRISES.txt"
"B-VALM_CONSTRUCTION_&_SUPPLY","no_results",0,"sec_results/B-VALM_CONSTRUCTION_&_SUPPLY.txt"
"AB_OPEÃ‘A_BUILDERS","no_results",0,"sec_results/AB_OPEÃ‘A_BUILDERS.txt"
"FIRST_METSTEEL_BUILDERS","no_results",0,"sec_results/FIRST_METSTEEL_BUILDERS.txt"
"DINAH_RBS_CONSTRUCTION_AND_SUPPLY_INCORPORATED_(FORMERLY:_DINAH_JANE_CONSTRUCTION_AND_SUPPLY)","no_results",0,"sec_results/DINAH_RBS_CONSTRUCTION_AND_SUPPLY_INCORPORATED_(FORMERLY:_DINAH_JANE_CONSTRUCTION_AND_SUPPLY).txt"
"H_N_BUILDERS_ENTERPRISES","success",10,"sec_results/H_N_BUILDERS_ENTERPRISES.txt"
"SMPE_CONSTRUCTION_TRADING_CORPORATION_(FORMERLY:_SMPE_CONSTRUCTION_SUPPLIES_TRADING)","no_results",0,"sec_results/SMPE_CONSTRUCTION_TRADING_CORPORATION_(FORMERLY:_SMPE_CONSTRUCTION_SUPPLIES_TRADING).txt"
"JENBA_CONSTRUCTION","no_results",0,"sec_results/JENBA_CONSTRUCTION.txt"
"CLEVER_CONSTRUCTION","no_results",0,"sec_results/CLEVER_CONSTRUCTION.txt"
"I_E_CONSTR","success",1,"sec_results/I_E_CONSTR.txt"
"COMPANY_INC","no_results",0,"sec_results/COMPANY_INC.txt"
"WINLEI_CONSTRUCTION_AND_SUPPLY","no_results",0,"sec_results/WINLEI_CONSTRUCTION_AND_SUPPLY.txt"
"WAYCON_BUILDERS_CONSTRUCTION_SUPPLY","no_results",0,"sec_results/WAYCON_BUILDERS_CONSTRUCTION_SUPPLY.txt"
"FLS_CONSTRUCTION_&_BUILDERS","no_results",0,"sec_results/FLS_CONSTRUCTION_&_BUILDERS.txt"
"MONTAÃ‘O_CONSTRUCTION_&_DEVELOPMENT_CORPORATION","no_results",0,"sec_results/MONTAÃ‘O_CONSTRUCTION_&_DEVELOPMENT_CORPORATION.txt"
"CLEB_CONSTRUCTION","no_results",0,"sec_results/CLEB_CONSTRUCTION.txt"
"AL-REM_KONSTRUCT_INC","success",1,"sec_results/AL-REM_KONSTRUCT_INC.txt"
"GALFONS_BUILDERS","success",1,"sec_results/GALFONS_BUILDERS.txt"
"PMD_CONSTRUCTION_&_SUPPLIES","no_results",0,"sec_results/PMD_CONSTRUCTION_&_SUPPLIES.txt"
"SCATR_CONSTRUCTION","no_results",0,"sec_results/SCATR_CONSTRUCTION.txt"
"DAV_LEY_CONSTRUCTION_SERVICES_INC","success",1,"sec_results/DAV_LEY_CONSTRUCTION_SERVICES_INC.txt"
"BEGAL_DESIGN_AND_CONSTRUCTION","no_results",0,"sec_results/BEGAL_DESIGN_AND_CONSTRUCTION.txt"
"ED1SON_DEVELOPMENT_&_CONSTRUCTION_INC.","no_results",0,"sec_results/ED1SON_DEVELOPMENT_&_CONSTRUCTION_INC..txt"
"MARKBILT_CONSTRUCTION","success",2,"sec_results/MARKBILT_CONSTRUCTION.txt"
"MSCASTILLO_CONSTRUCTION","no_results",0,"sec_results/MSCASTILLO_CONSTRUCTION.txt"
"WBX_CONSTRUCTION_INC","success",1,"sec_results/WBX_CONSTRUCTION_INC.txt"
"WHITE_HOUSE_ENTERPRISES","no_results",0,"sec_results/WHITE_HOUSE_ENTERPRISES.txt"
"LUG_KONSTRACT,_INC","success",1,"sec_results/LUG_KONSTRACT,_INC.txt"
"IRONSIDE_BUILDERS_AND_DEVELOPMENT_CORPORATION","no_results",0,"sec_results/IRONSIDE_BUILDERS_AND_DEVELOPMENT_CORPORATION.txt"
"GLOBALCRETE_BUILDERS_INC.","success",1,"sec_results/GLOBALCRETE_BUILDERS_INC..txt"
"R.R._SEISMUNDO_CONST._AND_SUPPLY","no_results",0,"sec_results/R.R._SEISMUNDO_CONST._AND_SUPPLY.txt"
"JOHNJET_CONSTRUCTION_AND_SUPPLY","no_results",0,"sec_results/JOHNJET_CONSTRUCTION_AND_SUPPLY.txt"
"C.T._LEONCIO_CONSTRUCTION_&_TRADING","no_results",0,"sec_results/C.T._LEONCIO_CONSTRUCTION_&_TRADING.txt"
"MAVERICK_BUILDERS_INCORPORATED_(FORMERLY_MAVERICK","no_results",0,"sec_results/MAVERICK_BUILDERS_INCORPORATED_(FORMERLY_MAVERICK.txt"
"KATHA_BUILDERS_SUPPLIES","no_results",0,"sec_results/KATHA_BUILDERS_SUPPLIES.txt"
"JIAN_ARMEL_RICHARD_CHRISTERSON_JARC_CONSTRUCTION_MARINE_SERVICES_CORPORATION","no_results",0,"sec_results/JIAN_ARMEL_RICHARD_CHRISTERSON_JARC_CONSTRUCTION_MARINE_SERVICES_CORPORATION.txt"
"MEGAPOLITAN_BUILDERS_AND_CONSTRUCTION_SUPPLY","no_results",0,"sec_results/MEGAPOLITAN_BUILDERS_AND_CONSTRUCTION_SUPPLY.txt"
"SILVERGRACES_CONSTRUCTION_CONSTRUCTION_SUPPLY","no_results",0,"sec_results/SILVERGRACES_CONSTRUCTION_CONSTRUCTION_SUPPLY.txt"
"SANRHO_BUILDERS,_INC","no_results",0,"sec_results/SANRHO_BUILDERS,_INC.txt"
"DONATO-SAKIWAT_CONSTRUCTION","success",1,"sec_results/DONATO-SAKIWAT_CONSTRUCTION.txt"
"JORMAND_CONSTRUCTION__SUPPLY","no_results",0,"sec_results/JORMAND_CONSTRUCTION__SUPPLY.txt"
"LEGAZPI_PREMIUM_DEVELOPMENT_CORP","no_results",0,"sec_results/LEGAZPI_PREMIUM_DEVELOPMENT_CORP.txt"
"PRIME_GIGABUILD_CONSTRUCTION_CORP._(FORMERLY:_RON_DANIELL_CONSTRUCTION_CORPORATION)","no_results",0,"sec_results/PRIME_GIGABUILD_CONSTRUCTION_CORP._(FORMERLY:_RON_DANIELL_CONSTRUCTION_CORPORATION).txt"
"RAD_CONSTRUCTION","success",1,"sec_results/RAD_CONSTRUCTION.txt"
"PSN_CONSTRUCTION_&_SUPPLY","no_results",0,"sec_results/PSN_CONSTRUCTION_&_SUPPLY.txt"
"AVN_BUILDERS_&_SUPPLY","no_results",0,"sec_results/AVN_BUILDERS_&_SUPPLY.txt"
"GF_FALCIS_CONSTRUCTION_AMP;_SUPPLY","no_results",0,"sec_results/GF_FALCIS_CONSTRUCTION_AMP;_SUPPLY.txt"
"FIRST_NORTHWAY_DEVELOPMENT","success",1,"sec_results/FIRST_NORTHWAY_DEVELOPMENT.txt"
"JUNDES_CONSTRUCTION_SUPPLY","no_results",0,"sec_results/JUNDES_CONSTRUCTION_SUPPLY.txt"
"J.M._LUCIANO_CONSTRUCTION,_INC.","no_results",0,"sec_results/J.M._LUCIANO_CONSTRUCTION,_INC..txt"
"ALRO_CONSTRUCTION_DEVELOPMENT_CORPORATION","success",1,"sec_results/ALRO_CONSTRUCTION_DEVELOPMENT_CORPORATION.txt"
"GOODVIBE_BUILDERS,_INC","no_results",0,"sec_results/GOODVIBE_BUILDERS,_INC.txt"
"FAIRCHILD_BUILDERS__DEVELOPERS_INC","no_results",0,"sec_results/FAIRCHILD_BUILDERS__DEVELOPERS_INC.txt"
"AYESHIA_GENERAL_TRADING_CONSTRUCTION","no_results",0,"sec_results/AYESHIA_GENERAL_TRADING_CONSTRUCTION.txt"
"JOYUS_CONSTRUCTION","no_results",0,"sec_results/JOYUS_CONSTRUCTION.txt"
"E.M._PALOMARES_CONSTRUCTION","no_results",0,"sec_results/E.M._PALOMARES_CONSTRUCTION.txt"
"BPQ_CONSTRUCTION_AND_TRADING","no_results",0,"sec_results/BPQ_CONSTRUCTION_AND_TRADING.txt"
"3RB_CONSTRUCTION_SUPPLY","no_results",0,"sec_results/3RB_CONSTRUCTION_SUPPLY.txt"
"NEW_FLORES-WEE_CORPORATION","no_results",0,"sec_results/NEW_FLORES-WEE_CORPORATION.txt"
"MBM_CONSTRUCTION","no_results",0,"sec_results/MBM_CONSTRUCTION.txt"
"SO_CONSTRUCTION","success",10,"sec_results/SO_CONSTRUCTION.txt"
"PERRC_CONSTRUCTION_DEVELOPMENT_CORPORATION","no_results",0,"sec_results/PERRC_CONSTRUCTION_DEVELOPMENT_CORPORATION.txt"
"R.L._PACANA'S_CONSTRUCTION_&_DEVELOPMENT","no_results",0,"sec_results/R.L._PACANA'S_CONSTRUCTION_&_DEVELOPMENT.txt"
"YENZ_CONSTRUCTION","no_results",0,"sec_results/YENZ_CONSTRUCTION.txt"
"RED_DIAMOND_CONSTRUCTION","success",1,"sec_results/RED_DIAMOND_CONSTRUCTION.txt"
"TONIJON_CONSTRUCTION_AND_DEVELOPMENT_INC._(FORMERLY:_TONIJON_CONSTRUCTION)","no_results",0,"sec_results/TONIJON_CONSTRUCTION_AND_DEVELOPMENT_INC._(FORMERLY:_TONIJON_CONSTRUCTION).txt"
"J.B._FELIPE_CONSTRUCTION","success",1,"sec_results/J.B._FELIPE_CONSTRUCTION.txt"
"B._M._MARKETING","success",10,"sec_results/B._M._MARKETING.txt"
"A.M.A_CONSTRUCTION_SUPPLY","no_results",0,"sec_results/A.M.A_CONSTRUCTION_SUPPLY.txt"
"AICON_INDUSTRIES","no_results",0,"sec_results/AICON_INDUSTRIES.txt"
"CB_TAMPENGCO_CONSTRUCTION_SUPPLY","no_results",0,"sec_results/CB_TAMPENGCO_CONSTRUCTION_SUPPLY.txt"
"B._VALENCERINA_TRADING_&_CONSTRUCTION","no_results",0,"sec_results/B._VALENCERINA_TRADING_&_CONSTRUCTION.txt"
"MKM_MARKETING","no_results",0,"sec_results/MKM_MARKETING.txt"
"INFINITUM_888_CONSTRUCTION_AND_DEVELOPMENT_CORPORATION","success",1,"sec_results/INFINITUM_888_CONSTRUCTION_AND_DEVELOPMENT_CORPORATION.txt"
"RICHBIM_CONSTRUCTION_INC","no_results",0,"sec_results/RICHBIM_CONSTRUCTION_INC.txt"
"ALMAKAR_BUILDERS__METAL_WORKS","no_results",0,"sec_results/ALMAKAR_BUILDERS__METAL_WORKS.txt"
"N.T._ARGUELLES_CONSTRUCTION_SERVICES","no_results",0,"sec_results/N.T._ARGUELLES_CONSTRUCTION_SERVICES.txt"
"CYRUS_JAMES_BUILDERS","no_results",0,"sec_results/CYRUS_JAMES_BUILDERS.txt"
"A_J_LAVA_BUILDERS_CORP_FORMERLY_A_J_LAVA_BUIL","no_results",0,"sec_results/A_J_LAVA_BUILDERS_CORP_FORMERLY_A_J_LAVA_BUIL.txt"
"BOAZ_AND_JACHIN_CONSTRUCTION_SUPPLY_SERVICES","no_results",0,"sec_results/BOAZ_AND_JACHIN_CONSTRUCTION_SUPPLY_SERVICES.txt"
"I.F._BLANCO'S_CONSTRUCTION","no_results",0,"sec_results/I.F._BLANCO'S_CONSTRUCTION.txt"
"HKBT_CONSTRUCTION","no_results",0,"sec_results/HKBT_CONSTRUCTION.txt"
"CAJUGOTAN_CONSTRUCTION_SUPPLY_DSB_CONSTRUCTION_SUPPLY_INC_FORMERLY_DSB_CO","no_results",0,"sec_results/CAJUGOTAN_CONSTRUCTION_SUPPLY_DSB_CONSTRUCTION_SUPPLY_INC_FORMERLY_DSB_CO.txt"
"JONIK_TRADING_CONSTRUCTION","no_results",0,"sec_results/JONIK_TRADING_CONSTRUCTION.txt"
"AMETHYST_HORIZON_BUILDERS","success",1,"sec_results/AMETHYST_HORIZON_BUILDERS.txt"
"SANTIAGO_TROPICAL_CONSTRUCTION_SUPPLY","no_results",0,"sec_results/SANTIAGO_TROPICAL_CONSTRUCTION_SUPPLY.txt"
"CARLYZ_CONSTRUCTION","no_results",0,"sec_results/CARLYZ_CONSTRUCTION.txt"
"MJBZ_BUILDERS_AND_TRADING","no_results",0,"sec_results/MJBZ_BUILDERS_AND_TRADING.txt"
"JFR_CONSTRUCTION_INC._(FORMERLY:JFR_CONSTRUCTION)","no_results",0,"sec_results/JFR_CONSTRUCTION_INC._(FORMERLY:JFR_CONSTRUCTION).txt"
"I.A._BOSQUE_CONSTRUCTION_CORPORATION","no_results",0,"sec_results/I.A._BOSQUE_CONSTRUCTION_CORPORATION.txt"
"DC_BROS_BUILDERS","success",10,"sec_results/DC_BROS_BUILDERS.txt"
"DECKTOP_BUILDERS_CORPORATION","success",1,"sec_results/DECKTOP_BUILDERS_CORPORATION.txt"
"ROCK_WBL_CONSTRUCTION_TRADING_SERVICES","no_results",0,"sec_results/ROCK_WBL_CONSTRUCTION_TRADING_SERVICES.txt"
"HONEYVILLE_CONSTRUCTION","no_results",0,"sec_results/HONEYVILLE_CONSTRUCTION.txt"
"EL-JAKE_BUILDERS","no_results",0,"sec_results/EL-JAKE_BUILDERS.txt"
"E_R_VENZON_CONSTRUCTION","no_results",0,"sec_results/E_R_VENZON_CONSTRUCTION.txt"
"THREE-IN-ONE_CONSTRUCTION_&_TRADING","no_results",0,"sec_results/THREE-IN-ONE_CONSTRUCTION_&_TRADING.txt"
"STEVEN_CONSTRUCTION_AND_SUPPLY","success",3,"sec_results/STEVEN_CONSTRUCTION_AND_SUPPLY.txt"
"AP_TAGARINO_ENGINEERING_AND_CONSTRUCTION_SERVICES","no_results",0,"sec_results/AP_TAGARINO_ENGINEERING_AND_CONSTRUCTION_SERVICES.txt"
"R.A._MENDIOLA_CONSTRUCTION_&_DEVELOPER","no_results",0,"sec_results/R.A._MENDIOLA_CONSTRUCTION_&_DEVELOPER.txt"
"DEV_T_CORP","success",10,"sec_results/DEV_T_CORP.txt"
"CANLAON_BUILDERS_AND_DEVELOPMENT_CORPORATION","success",1,"sec_results/CANLAON_BUILDERS_AND_DEVELOPMENT_CORPORATION.txt"
"KRATOS_STRUCPRIME_CONSTRUCTION","success",1,"sec_results/KRATOS_STRUCPRIME_CONSTRUCTION.txt"
"X.Y.Z._CONSTRUCTION_&_SUPPLIES","no_results",0,"sec_results/X.Y.Z._CONSTRUCTION_&_SUPPLIES.txt"
"R.A.G._CORONA_CONSTRUCTION_AND_AGGREGATES_SUPPLY","no_results",0,"sec_results/R.A.G._CORONA_CONSTRUCTION_AND_AGGREGATES_SUPPLY.txt"
"JUCONS_CONSTRUCTION_SUPPLY","success",1,"sec_results/JUCONS_CONSTRUCTION_SUPPLY.txt"
"GKMM_CONSTRUCTION_SUPPLIES","success",1,"sec_results/GKMM_CONSTRUCTION_SUPPLIES.txt"
"DIADEMA_ENTERPRISES","no_results",0,"sec_results/DIADEMA_ENTERPRISES.txt"
"A.C._SOLIVEN_CONSTRUCTION_&_GENERAL_MERCHANDISE","no_results",0,"sec_results/A.C._SOLIVEN_CONSTRUCTION_&_GENERAL_MERCHANDISE.txt"
"M.C._ESCALA_CONSTRUCTION_AND_SUPPLY","no_results",0,"sec_results/M.C._ESCALA_CONSTRUCTION_AND_SUPPLY.txt"
"SATRAP_CONSTRUCTION_CO.,_INC","no_results",0,"sec_results/SATRAP_CONSTRUCTION_CO.,_INC.txt"
"GEORAVIN_CONSTRUCTION_SUPPLIES","success",1,"sec_results/GEORAVIN_CONSTRUCTION_SUPPLIES.txt"
"PST_CONSTRUCTION","no_results",0,"sec_results/PST_CONSTRUCTION.txt"
"TBPJ_CONSTRUCTION","no_results",0,"sec_results/TBPJ_CONSTRUCTION.txt"
"MBB_CONSTRUCTION","no_results",0,"sec_results/MBB_CONSTRUCTION.txt"
"ANTHONY_CONSTRUCTION_SUPPLY,_INC","no_results",0,"sec_results/ANTHONY_CONSTRUCTION_SUPPLY,_INC.txt"
"GCMG_CONSTRUCTION","no_results",0,"sec_results/GCMG_CONSTRUCTION.txt"
"L_EUSEBIO_ACE_DEVELOPMENT_CORPORATION","no_results",0,"sec_results/L_EUSEBIO_ACE_DEVELOPMENT_CORPORATION.txt"
"FLAVIE_CIVIL_ENGINEERING_CONSTRUCTION","no_results",0,"sec_results/FLAVIE_CIVIL_ENGINEERING_CONSTRUCTION.txt"
"ANDREW_LOUIS_CONSTRUCTION","no_results",0,"sec_results/ANDREW_LOUIS_CONSTRUCTION.txt"
"R.R._RICAFORT_CONSTRUCTION_AND_SUPPLIES","no_results",0,"sec_results/R.R._RICAFORT_CONSTRUCTION_AND_SUPPLIES.txt"
"M3_KONSTRACT_CORPORATION_(FORMERLY:MARGARITA_CONSTRUCTION)","no_results",0,"sec_results/M3_KONSTRACT_CORPORATION_(FORMERLY:MARGARITA_CONSTRUCTION).txt"
"KEYCESS_CONSTRUCTION","no_results",0,"sec_results/KEYCESS_CONSTRUCTION.txt"
"VB_DONATO_CONSTRUCTION","success",1,"sec_results/VB_DONATO_CONSTRUCTION.txt"
"Ramises_Construction","no_results",0,"sec_results/Ramises_Construction.txt"
"DMDANAN_CONSTRUCTION_AND_TRADING","no_results",0,"sec_results/DMDANAN_CONSTRUCTION_AND_TRADING.txt"
"AVZ_CONSTRUCTION_&_SUPPLY","no_results",0,"sec_results/AVZ_CONSTRUCTION_&_SUPPLY.txt"
"SKY_J_CONSTRUCTION","no_results",0,"sec_results/SKY_J_CONSTRUCTION.txt"
"CORICS_CONSTRUCTION","success",10,"sec_results/CORICS_CONSTRUCTION.txt"
"JELSIE_CONSTRUCTION","no_results",0,"sec_results/JELSIE_CONSTRUCTION.txt"
"CONTRACTOR","no_results",0,"sec_results/CONTRACTOR.txt"
"VILLAR_GENERAL_CONSTRUCTION_&_SUPPLIES","no_results",0,"sec_results/VILLAR_GENERAL_CONSTRUCTION_&_SUPPLIES.txt"
"JIMBERNS_BUILDERS_&_CONSTRUCTION_SUPPLY","no_results",0,"sec_results/JIMBERNS_BUILDERS_&_CONSTRUCTION_SUPPLY.txt"
"HORJE_CONSTRUCTION_AND_SUPPLIES","no_results",0,"sec_results/HORJE_CONSTRUCTION_AND_SUPPLIES.txt"
"NUEDA_BUILDERS_CONSTRUCTION_&_SUPPLY_INC.","success",1,"sec_results/NUEDA_BUILDERS_CONSTRUCTION_&_SUPPLY_INC..txt"
"WBS_CONSTRUCTION_AND_CONSTRUCTION_SUPPLY","no_results",0,"sec_results/WBS_CONSTRUCTION_AND_CONSTRUCTION_SUPPLY.txt"
"CTC_CONSTRUCTION_AND_SUPPLIES","no_results",0,"sec_results/CTC_CONSTRUCTION_AND_SUPPLIES.txt"
"AIZELLE_SAND_AND_GRAVEL","no_results",0,"sec_results/AIZELLE_SAND_AND_GRAVEL.txt"
"FALLARME_GENERAL_MERCHANDISE_AND_SERVICES","no_results",0,"sec_results/FALLARME_GENERAL_MERCHANDISE_AND_SERVICES.txt"
"CEAN_CONSTRUCTION","no_results",0,"sec_results/CEAN_CONSTRUCTION.txt"
"M.G._LUALHATI_CONSTRUCTION_CORP.","success",1,"sec_results/M.G._LUALHATI_CONSTRUCTION_CORP..txt"
"ARCINUE_COMML_CORPORATION","no_results",0,"sec_results/ARCINUE_COMML_CORPORATION.txt"
"LICSAL_CONSTRUCTION_SERVICES","no_results",0,"sec_results/LICSAL_CONSTRUCTION_SERVICES.txt"
"R2A_CONSTRUCTION_&_TRADING_CORPORATION","no_results",0,"sec_results/R2A_CONSTRUCTION_&_TRADING_CORPORATION.txt"
"BIG_JOHN_HARDWARE","no_results",0,"sec_results/BIG_JOHN_HARDWARE.txt"
"EDVER_CONSTRUCTION_GENERAL_MERCHANDISE","no_results",0,"sec_results/EDVER_CONSTRUCTION_GENERAL_MERCHANDISE.txt"
"VILLAR_GENERAL_CONSTRUCTION_SUPPLIES","no_results",0,"sec_results/VILLAR_GENERAL_CONSTRUCTION_SUPPLIES.txt"
"HUSAIN_CONSTRUCTION","success",1,"sec_results/HUSAIN_CONSTRUCTION.txt"
"RITZ_BUILDERS_CONSTRUCTION_INC","no_results",0,"sec_results/RITZ_BUILDERS_CONSTRUCTION_INC.txt"
"RM_ADALIM_CONSTRUCTION","no_results",0,"sec_results/RM_ADALIM_CONSTRUCTION.txt"
"PATRILA_BUILDERS,_INC.","success",1,"sec_results/PATRILA_BUILDERS,_INC..txt"
"MONOLITHIC_CONSTRUCTION_&_CONCRETE_PRODUCTS,_INC.","no_results",0,"sec_results/MONOLITHIC_CONSTRUCTION_&_CONCRETE_PRODUCTS,_INC..txt"
"THREE_V_CONSTRUCTION","no_results",0,"sec_results/THREE_V_CONSTRUCTION.txt"
"KKT_CONSTRUCTION_AND_SUPPLY","no_results",0,"sec_results/KKT_CONSTRUCTION_AND_SUPPLY.txt"
"INCEP_CONSTRUCTION_AND_DEVELOPMENT_CORP.","success",1,"sec_results/INCEP_CONSTRUCTION_AND_DEVELOPMENT_CORP..txt"
"TAGUM_BUILDERS_CONTRACTORS_CORPORATION","no_results",0,"sec_results/TAGUM_BUILDERS_CONTRACTORS_CORPORATION.txt"
"LEGACY_CONSTRUCTION_CORPORATION","success",2,"sec_results/LEGACY_CONSTRUCTION_CORPORATION.txt"
"NTL_BUILDERS_&_DEVELOPER","no_results",0,"sec_results/NTL_BUILDERS_&_DEVELOPER.txt"
"SEJ_CONSTRUCTION_AGGREGATES","no_results",0,"sec_results/SEJ_CONSTRUCTION_AGGREGATES.txt"
"MWJ_CONSTRUCTION","success",1,"sec_results/MWJ_CONSTRUCTION.txt"
"BLACK_ROAD_CONSTRUCTION","success",1,"sec_results/BLACK_ROAD_CONSTRUCTION.txt"
"R_N_V_CONSTRUCTION","success",10,"sec_results/R_N_V_CONSTRUCTION.txt"
"MRBAY_CONSTRUCTION","no_results",0,"sec_results/MRBAY_CONSTRUCTION.txt"
"MANUELA_CONSTRUCTION_SERVICES","no_results",0,"sec_results/MANUELA_CONSTRUCTION_SERVICES.txt"
"E_A_SANCHO_CONST_INC","no_results",0,"sec_results/E_A_SANCHO_CONST_INC.txt"
"3_SUMMITS_CONSTRUCTION_GENERAL_MERCHANDISE","no_results",0,"sec_results/3_SUMMITS_CONSTRUCTION_GENERAL_MERCHANDISE.txt"
"FLORDES_CONSTRUCTION_&_TRADING_CORP._(FORMERLY_FLO","no_results",0,"sec_results/FLORDES_CONSTRUCTION_&_TRADING_CORP._(FORMERLY_FLO.txt"
"R.T.Y._CONSTRUCTION","no_results",0,"sec_results/R.T.Y._CONSTRUCTION.txt"
"VIKING_CONSTRUCTION_&_SUPPLIES","no_results",0,"sec_results/VIKING_CONSTRUCTION_&_SUPPLIES.txt"
"STONE_THROW_CONSTRUCTION_&_ENT","no_results",0,"sec_results/STONE_THROW_CONSTRUCTION_&_ENT.txt"
"FRAE_CONSTRUCTION_ABAYCER_CONSTRUCTION_SUPPLIES_AND_GENERAL_MERCHANDISE","no_results",0,"sec_results/FRAE_CONSTRUCTION_ABAYCER_CONSTRUCTION_SUPPLIES_AND_GENERAL_MERCHANDISE.txt"
"R.A._CONSTRUCTION_&AMP;_GENERAL_MERCHANDISE","no_results",0,"sec_results/R.A._CONSTRUCTION_&AMP;_GENERAL_MERCHANDISE.txt"
"STEEL-RICH_CONSTRUCTION","no_results",0,"sec_results/STEEL-RICH_CONSTRUCTION.txt"
"TETRAM_CONSTRUCTION","no_results",0,"sec_results/TETRAM_CONSTRUCTION.txt"
"VIGAN_FORTUNE_CONSTRUCTION","no_results",0,"sec_results/VIGAN_FORTUNE_CONSTRUCTION.txt"
"VICTORIA_DEVELOPMENT_AND_VENTURES_CORPORATION","no_results",0,"sec_results/VICTORIA_DEVELOPMENT_AND_VENTURES_CORPORATION.txt"
"SNN_BUILDERS_AND_CONSTRUCTION_SUPPLY_CORPORATION","success",1,"sec_results/SNN_BUILDERS_AND_CONSTRUCTION_SUPPLY_CORPORATION.txt"
"BIANNCE_BUILDERS","no_results",0,"sec_results/BIANNCE_BUILDERS.txt"
"ROSBILL_CONSTRUCTION_AND_SUPPLY","no_results",0,"sec_results/ROSBILL_CONSTRUCTION_AND_SUPPLY.txt"
"HKP_CONSTRUCTION_AND_SUPPLY","no_results",0,"sec_results/HKP_CONSTRUCTION_AND_SUPPLY.txt"
"RODOLFO_R._SANTIAGO_CONSTRUCTION","no_results",0,"sec_results/RODOLFO_R._SANTIAGO_CONSTRUCTION.txt"
"JEJAN_CONSTRUCTION_AND_SUPPLY","no_results",0,"sec_results/JEJAN_CONSTRUCTION_AND_SUPPLY.txt"
"AR_LUSTRE_CONSTRUCTION_CORPORATION","no_results",0,"sec_results/AR_LUSTRE_CONSTRUCTION_CORPORATION.txt"
"WELEX_C","no_results",0,"sec_results/WELEX_C.txt"
"ALPHA_SIX_CONSTRUCTION","success",1,"sec_results/ALPHA_SIX_CONSTRUCTION.txt"
"CHAMPION_BUILDERS_AND_SUPPLY","no_results",0,"sec_results/CHAMPION_BUILDERS_AND_SUPPLY.txt"
"QUEZON_VICTORY_LUMBER_AND_GENERAL_CONTRACTOR","no_results",0,"sec_results/QUEZON_VICTORY_LUMBER_AND_GENERAL_CONTRACTOR.txt"
"CARRY_ALL_MERCHANDISING","no_results",0,"sec_results/CARRY_ALL_MERCHANDISING.txt"
"ALBANOR_CONSTRUCTION","no_results",0,"sec_results/ALBANOR_CONSTRUCTION.txt"
"REX_E._MORALES_CONSTRUCTION","no_results",0,"sec_results/REX_E._MORALES_CONSTRUCTION.txt"
"JRD-D2_ENTERPRISES","no_results",0,"sec_results/JRD-D2_ENTERPRISES.txt"
"JANUARY_BUILDERS","no_results",0,"sec_results/JANUARY_BUILDERS.txt"
"C_CONSTRUCTION_SERVICES","success",10,"sec_results/C_CONSTRUCTION_SERVICES.txt"
"ADAMANT_DEVELOPMENT_CORPORATION","success",1,"sec_results/ADAMANT_DEVELOPMENT_CORPORATION.txt"
"FRONT_NINE_KONSTRUCT_(BUILDERS_&_REALTY_DEVELOPMENT)_CORPORATION","success",1,"sec_results/FRONT_NINE_KONSTRUCT_(BUILDERS_&_REALTY_DEVELOPMENT)_CORPORATION.txt"
"RUDHIL_CONSTRUCTION_&_ENTERPRISES,_INC.(FORMERLY_R","no_results",0,"sec_results/RUDHIL_CONSTRUCTION_&_ENTERPRISES,_INC.(FORMERLY_R.txt"
"BOTJACK_CONSTRUCTION","no_results",0,"sec_results/BOTJACK_CONSTRUCTION.txt"
"CNB_MARKETING_HARDWARE_&_CONSTRUCTION_SUPPLIES","no_results",0,"sec_results/CNB_MARKETING_HARDWARE_&_CONSTRUCTION_SUPPLIES.txt"
"KEASCIA_CONSTRUCTION_SUPPLY","no_results",0,"sec_results/KEASCIA_CONSTRUCTION_SUPPLY.txt"
"EMICA_BUILDERS","no_results",0,"sec_results/EMICA_BUILDERS.txt"
"MADYAW_CONSTRUCTION_&_DEV._CORPORATION","no_results",0,"sec_results/MADYAW_CONSTRUCTION_&_DEV._CORPORATION.txt"
"CR_DOMINGO_CONSTRUCTION_INC","no_results",0,"sec_results/CR_DOMINGO_CONSTRUCTION_INC.txt"
"JIAN_CONS._CORP","no_results",0,"sec_results/JIAN_CONS._CORP.txt"
"EINS_HANA_CONSTRUCTION_CORPORATION","success",1,"sec_results/EINS_HANA_CONSTRUCTION_CORPORATION.txt"
"WM_SALAYOG_CONSTRUCTION_GENERAL_MERCHANDISE","no_results",0,"sec_results/WM_SALAYOG_CONSTRUCTION_GENERAL_MERCHANDISE.txt"
"MANCOL_CONSTRUCTION_CORPORATION","success",1,"sec_results/MANCOL_CONSTRUCTION_CORPORATION.txt"
"AL_NIÃ‘O_CONSTRUCTION_&_SUPPLY","no_results",0,"sec_results/AL_NIÃ‘O_CONSTRUCTION_&_SUPPLY.txt"
"DICA_CONST","success",1,"sec_results/DICA_CONST.txt"
"LTB_BUILDERS_&AMP;__CONSTRUCTION","no_results",0,"sec_results/LTB_BUILDERS_&AMP;__CONSTRUCTION.txt"
"THREE_KCS_BUILDERS_AND_SUPPLY","no_results",0,"sec_results/THREE_KCS_BUILDERS_AND_SUPPLY.txt"
"QG_DEVELOPMENT_CORPORATION","success",10,"sec_results/QG_DEVELOPMENT_CORPORATION.txt"
"ORANI_CONSTRUCTION_AND_SUPPLY_CORP","success",1,"sec_results/ORANI_CONSTRUCTION_AND_SUPPLY_CORP.txt"
"LACUATA_CONSTRUCTION","no_results",0,"sec_results/LACUATA_CONSTRUCTION.txt"
"GICAR_CONSTRUCTION_INC","success",1,"sec_results/GICAR_CONSTRUCTION_INC.txt"
"120_OVER_CONSTRUCTION_CO","success",1,"sec_results/120_OVER_CONSTRUCTION_CO.txt"
"JARGON_CONSTRUCTION_SUPPLY","success",1,"sec_results/JARGON_CONSTRUCTION_SUPPLY.txt"
"H_FRANCISCO_CONSTRUCTION","success",2,"sec_results/H_FRANCISCO_CONSTRUCTION.txt"
"BHM_CONSTRUCTION","no_results",0,"sec_results/BHM_CONSTRUCTION.txt"
"HMI_ENTERPRISES","no_results",0,"sec_results/HMI_ENTERPRISES.txt"
"LADY_OF_ASSUMPTION_ENTERPRISES","no_results",0,"sec_results/LADY_OF_ASSUMPTION_ENTERPRISES.txt"
"CRJ_CONST_AND_DEVELOPMENT_INC","success",1,"sec_results/CRJ_CONST_AND_DEVELOPMENT_INC.txt"
"GREEN_BUILDER_AND_ENTERPRISES","no_results",0,"sec_results/GREEN_BUILDER_AND_ENTERPRISES.txt"
"DM_MALIWANAG_BUILDERS_AND_ENTERPRISES","no_results",0,"sec_results/DM_MALIWANAG_BUILDERS_AND_ENTERPRISES.txt"
"PTK_GROUP_INC","no_results",0,"sec_results/PTK_GROUP_INC.txt"
"R._PRANILLA_BUILDERS","no_results",0,"sec_results/R._PRANILLA_BUILDERS.txt"
"T&C_CONSTRUCTION_MATERIALS_AND_SUPPLY","no_results",0,"sec_results/T&C_CONSTRUCTION_MATERIALS_AND_SUPPLY.txt"
"ROBETH_GEN_MDSE_CONST_SUPPLY","no_results",0,"sec_results/ROBETH_GEN_MDSE_CONST_SUPPLY.txt"
"DQMB_CONSTRUCTION_&_SUPPLY_CORP","no_results",0,"sec_results/DQMB_CONSTRUCTION_&_SUPPLY_CORP.txt"
"SKF_BUILDERS_AND_SUPPLIES_CORP.","no_results",0,"sec_results/SKF_BUILDERS_AND_SUPPLIES_CORP..txt"
"INDUSTRIES","success",10,"sec_results/INDUSTRIES.txt"
"ALRAF_CONSTRUCTION_AND_ENTERPRISES","no_results",0,"sec_results/ALRAF_CONSTRUCTION_AND_ENTERPRISES.txt"
"SHEENA'S_CONSTRUCTION_&_SUPPLY","no_results",0,"sec_results/SHEENA'S_CONSTRUCTION_&_SUPPLY.txt"
"MAVERICK_BUILDERS_INCORPORATED","success",1,"sec_results/MAVERICK_BUILDERS_INCORPORATED.txt"
"J_G_GARCIA_CONSTRUCTION_SUPPLY","no_results",0,"sec_results/J_G_GARCIA_CONSTRUCTION_SUPPLY.txt"
"R.S._TAGALA_CONSTRUCTION_AND_EQUIPMENT_RENTALS","no_results",0,"sec_results/R.S._TAGALA_CONSTRUCTION_AND_EQUIPMENT_RENTALS.txt"
"EAJ_CONSTRUCTION_AND_SUPPLY","no_results",0,"sec_results/EAJ_CONSTRUCTION_AND_SUPPLY.txt"
"FH_GOPITEO_CONSTRUCTION_&_SUPPLY","no_results",0,"sec_results/FH_GOPITEO_CONSTRUCTION_&_SUPPLY.txt"
"BIEN_RAICE_CONSTRUCTION","no_results",0,"sec_results/BIEN_RAICE_CONSTRUCTION.txt"
"RA3N_CONSTRUCTION_AND_SUPPLY","no_results",0,"sec_results/RA3N_CONSTRUCTION_AND_SUPPLY.txt"
"FOUR_SG_ENTERPRISES","no_results",0,"sec_results/FOUR_SG_ENTERPRISES.txt"
"AMP_723_CONSTRUCTION_CORPORATION_(FORMERLY:_A.M.P._CONSTRUCTION)","no_results",0,"sec_results/AMP_723_CONSTRUCTION_CORPORATION_(FORMERLY:_A.M.P._CONSTRUCTION).txt"
"4K_VERMARK_CIVIL_ENGINEERING_CONSTRUCTION","no_results",0,"sec_results/4K_VERMARK_CIVIL_ENGINEERING_CONSTRUCTION.txt"
"KENWOOD_CONSTRUCTION_ENTERPRISES_CORPORATION","no_results",0,"sec_results/KENWOOD_CONSTRUCTION_ENTERPRISES_CORPORATION.txt"
"AKSUM_CONTRACTING_CORPORATION","success",1,"sec_results/AKSUM_CONTRACTING_CORPORATION.txt"
"A_P_B_CONSTRUCTION","success",10,"sec_results/A_P_B_CONSTRUCTION.txt"
"ARKY_CONSTRUCTION_&_SUPPLY","no_results",0,"sec_results/ARKY_CONSTRUCTION_&_SUPPLY.txt"
"A_P_O_GENERAL_CONSTRUCTION","success",10,"sec_results/A_P_O_GENERAL_CONSTRUCTION.txt"
"T._GAMAYO_CONSTRUCTION_SUPPLY_INC","success",1,"sec_results/T._GAMAYO_CONSTRUCTION_SUPPLY_INC.txt"
"PERSAN_CONST","no_results",0,"sec_results/PERSAN_CONST.txt"
"D.A._CADELIÃ‘A_CONSTRUCTION","no_results",0,"sec_results/D.A._CADELIÃ‘A_CONSTRUCTION.txt"
"GOODWILL_GENERAL_MERCHANDISE","no_results",0,"sec_results/GOODWILL_GENERAL_MERCHANDISE.txt"
"ARCEGA_CONSTRUCTION_SERVICES","no_results",0,"sec_results/ARCEGA_CONSTRUCTION_SERVICES.txt"
"HEBREWS_BUILDERS","success",1,"sec_results/HEBREWS_BUILDERS.txt"
"ROXAS_TOTAL_ENTERPRISE","no_results",0,"sec_results/ROXAS_TOTAL_ENTERPRISE.txt"
"SBK_CONSTRUCTION_SUPPLIES_&_SERVICES","no_results",0,"sec_results/SBK_CONSTRUCTION_SUPPLIES_&_SERVICES.txt"
"ARTHIT_CORPORATION","success",1,"sec_results/ARTHIT_CORPORATION.txt"
"EMR_BUILDERS_AND_DEVELOPMENT_CORPORATION_(FORMERLY:_EMR_BUILDERS)","no_results",0,"sec_results/EMR_BUILDERS_AND_DEVELOPMENT_CORPORATION_(FORMERLY:_EMR_BUILDERS).txt"
"KNCF_CONSTRUCTION_AND_TRADING","no_results",0,"sec_results/KNCF_CONSTRUCTION_AND_TRADING.txt"
"KAWAII_BUILDERS_&_SUPPLIES","no_results",0,"sec_results/KAWAII_BUILDERS_&_SUPPLIES.txt"
"B_BERNARDO_CONST_INC","no_results",0,"sec_results/B_BERNARDO_CONST_INC.txt"
"CRIZEL_CONSTRUCTION_AND_CONCRETE_PRODUCTS","success",1,"sec_results/CRIZEL_CONSTRUCTION_AND_CONCRETE_PRODUCTS.txt"
"DINGO_BUILDERS","no_results",0,"sec_results/DINGO_BUILDERS.txt"
"KAUIE_BUILDERS_SUPPLIES_INC","success",1,"sec_results/KAUIE_BUILDERS_SUPPLIES_INC.txt"
"CARTESIAN_BUILDERS_CORPORATION_(FORMERLY:_CARTESIAN_BUILDERS)","no_results",0,"sec_results/CARTESIAN_BUILDERS_CORPORATION_(FORMERLY:_CARTESIAN_BUILDERS).txt"
"FRONT_BUILDERS_CONSTRUCTION_CORPORATION","no_results",0,"sec_results/FRONT_BUILDERS_CONSTRUCTION_CORPORATION.txt"
"EML_CONSTRUCTION_TRADING","no_results",0,"sec_results/EML_CONSTRUCTION_TRADING.txt"
"AQUA_DRAGON_CONSTRUCTION_&_SUPPLY","no_results",0,"sec_results/AQUA_DRAGON_CONSTRUCTION_&_SUPPLY.txt"
"D.B._RAVELO_CONSTRUCTION_&_SUPPLY","no_results",0,"sec_results/D.B._RAVELO_CONSTRUCTION_&_SUPPLY.txt"
"CEDAR_CONSTRUCTION","no_results",0,"sec_results/CEDAR_CONSTRUCTION.txt"
"ENM_CONSTRUCTION_&_SUPPLY","no_results",0,"sec_results/ENM_CONSTRUCTION_&_SUPPLY.txt"
"AL_SALAZAR_CONSTRUCTION_INC","success",1,"sec_results/AL_SALAZAR_CONSTRUCTION_INC.txt"
"A.D._PENDON_CONSTRUCTION_&_SUPPLY,_INC._(FORMERLY:_ADP_CONSTRUCTION_&_SUPPLY)","no_results",0,"sec_results/A.D._PENDON_CONSTRUCTION_&_SUPPLY,_INC._(FORMERLY:_ADP_CONSTRUCTION_&_SUPPLY).txt"
"BEMA_CONSTRUCTION_AND_GENERAL_MERCHANDISE","no_results",0,"sec_results/BEMA_CONSTRUCTION_AND_GENERAL_MERCHANDISE.txt"
"C_&_F_CONSTRUCTION_&_DEVELOPMENT_CORPORATION","success",10,"sec_results/C_&_F_CONSTRUCTION_&_DEVELOPMENT_CORPORATION.txt"
"LUMEL_GLENN_CONSTRUCTION","success",1,"sec_results/LUMEL_GLENN_CONSTRUCTION.txt"
"RS_RODRIGUEZ_CONSTRUCTION_SUPPLIES","no_results",0,"sec_results/RS_RODRIGUEZ_CONSTRUCTION_SUPPLIES.txt"
"NC_RODRIGUEZ_CONSTRUCTION","success",5,"sec_results/NC_RODRIGUEZ_CONSTRUCTION.txt"
"MRB11_CONSTRUCTION_CORPORATION","no_results",0,"sec_results/MRB11_CONSTRUCTION_CORPORATION.txt"
"BAGWIS_CONSTRUCTION","success",1,"sec_results/BAGWIS_CONSTRUCTION.txt"
"G.R._BERNALES_CONSTRUCTION_AND_SUPPLIES","no_results",0,"sec_results/G.R._BERNALES_CONSTRUCTION_AND_SUPPLIES.txt"
"SHEEN_SHEEN_CONSTRUCTION_CORPORATION","success",1,"sec_results/SHEEN_SHEEN_CONSTRUCTION_CORPORATION.txt"
"ABELARDE_BUILDERS_AND_SUPPLY","no_results",0,"sec_results/ABELARDE_BUILDERS_AND_SUPPLY.txt"
"ATIMONAN_BUILDER","no_results",0,"sec_results/ATIMONAN_BUILDER.txt"
"KYRO_BUILDERS_INC","success",1,"sec_results/KYRO_BUILDERS_INC.txt"
"ALEXA_TRADING","no_results",0,"sec_results/ALEXA_TRADING.txt"
"LLM_UNIFIED_BUILDERS_TRADING_CORP","success",1,"sec_results/LLM_UNIFIED_BUILDERS_TRADING_CORP.txt"
"JUCONS_CONSTRUCTION_OPC_(FORMERLY:JUCONS_CONSTRUCTION_&SUPPLY)","no_results",0,"sec_results/JUCONS_CONSTRUCTION_OPC_(FORMERLY:JUCONS_CONSTRUCTION_&SUPPLY).txt"
"SAMURAI_CONSTRUCTION","no_results",0,"sec_results/SAMURAI_CONSTRUCTION.txt"
"CITYWEST_BUILDERS_AND_SUPPLY","no_results",0,"sec_results/CITYWEST_BUILDERS_AND_SUPPLY.txt"
"ESPERAS_CONSTRUCTION_&_DEVELOPMENT_CORP.","no_results",0,"sec_results/ESPERAS_CONSTRUCTION_&_DEVELOPMENT_CORP..txt"
"VICMAR_CONSTRUCTION_INC","success",1,"sec_results/VICMAR_CONSTRUCTION_INC.txt"
"MAE_MAR_CONSTRUCTION_AND_SUPPLY","no_results",0,"sec_results/MAE_MAR_CONSTRUCTION_AND_SUPPLY.txt"
"FIVE_TRAVELLERS_CONSTRUCTION_INC","success",1,"sec_results/FIVE_TRAVELLERS_CONSTRUCTION_INC.txt"
"AGONG_BUILDERS_AND_CONSTRUCTION_SUPPLY,_INC.","success",1,"sec_results/AGONG_BUILDERS_AND_CONSTRUCTION_SUPPLY,_INC..txt"
"11_DIAMOND_EAGLE_CONSTRUCTION_CORPORATION","success",1,"sec_results/11_DIAMOND_EAGLE_CONSTRUCTION_CORPORATION.txt"
"R.U.H._BUILDERS","success",10,"sec_results/R.U.H._BUILDERS.txt"
"EMSYM_CONSTRUCTION_CORP","success",1,"sec_results/EMSYM_CONSTRUCTION_CORP.txt"
"JORMAND_CONSTRUCTION_SUPPLY","no_results",0,"sec_results/JORMAND_CONSTRUCTION_SUPPLY.txt"
"FRAE_CONSTRUCTION_ALTACS_CONSTRUCTION","no_results",0,"sec_results/FRAE_CONSTRUCTION_ALTACS_CONSTRUCTION.txt"
"THUNDER_CONSTRUCTION","no_results",0,"sec_results/THUNDER_CONSTRUCTION.txt"
"D_K_JOCSON_CONSTRUCTION","no_results",0,"sec_results/D_K_JOCSON_CONSTRUCTION.txt"
"MCB_CONSTRUCTION_SUPPLY","no_results",0,"sec_results/MCB_CONSTRUCTION_SUPPLY.txt"
"AYLAN_CONSTRUCTION_&_TRADING","no_results",0,"sec_results/AYLAN_CONSTRUCTION_&_TRADING.txt"
"J_D_LEGASPI_CONSTRUCTION","success",3,"sec_results/J_D_LEGASPI_CONSTRUCTION.txt"
"PANAY_EAST_COAST_CONSTRUCTION_AND_SUPPLY","no_results",0,"sec_results/PANAY_EAST_COAST_CONSTRUCTION_AND_SUPPLY.txt"
"MEGAY_CONSTRUCTION_INC","no_results",0,"sec_results/MEGAY_CONSTRUCTION_INC.txt"
"R._B._CRUZ_BUILDERS","success",10,"sec_results/R._B._CRUZ_BUILDERS.txt"
"MHARPHY_CONSTRUCTION_AND_SUPPLY","no_results",0,"sec_results/MHARPHY_CONSTRUCTION_AND_SUPPLY.txt"
"XDR_CONSTRUCTION_AND_SUPPLY","no_results",0,"sec_results/XDR_CONSTRUCTION_AND_SUPPLY.txt"
"JLP_CONSTRUCTION_SUPPLY","no_results",0,"sec_results/JLP_CONSTRUCTION_SUPPLY.txt"
"C_L_CARANDANG_ENTERPRISES","success",1,"sec_results/C_L_CARANDANG_ENTERPRISES.txt"
"GFJ_CONSTRUCTION_SUPPLY_MERCHANDISE","no_results",0,"sec_results/GFJ_CONSTRUCTION_SUPPLY_MERCHANDISE.txt"
"FS_CO_BUILDERS_AND_SUPPLY","success",10,"sec_results/FS_CO_BUILDERS_AND_SUPPLY.txt"
"I_E_CONSTRUCTION_CORPORATION","success",10,"sec_results/I_E_CONSTRUCTION_CORPORATION.txt"
"SRT_CONSTRUCTION","no_results",0,"sec_results/SRT_CONSTRUCTION.txt"
"JEMAK_CONSTRUCTION_&_SUPPLY","no_results",0,"sec_results/JEMAK_CONSTRUCTION_&_SUPPLY.txt"
"LUCKY_H&K_CONSTRUCTION","no_results",0,"sec_results/LUCKY_H&K_CONSTRUCTION.txt"
"YURICH_BUILDERS_AND_CONSTRUCTION_SUPPLY","success",1,"sec_results/YURICH_BUILDERS_AND_CONSTRUCTION_SUPPLY.txt"
"BUILDER_COMPANY_INC","no_results",0,"sec_results/BUILDER_COMPANY_INC.txt"
"C.A.B._CONSTRUCTION_&_SUPPLY","no_results",0,"sec_results/C.A.B._CONSTRUCTION_&_SUPPLY.txt"
"WILPRES_ENTERPRISES","no_results",0,"sec_results/WILPRES_ENTERPRISES.txt"
"MIGHTY_HOK_SUMMIT_CONSTRUCTION_DEVELOPMENT_CORP","success",1,"sec_results/MIGHTY_HOK_SUMMIT_CONSTRUCTION_DEVELOPMENT_CORP.txt"
"FRANZRHON_ENTERPRISES","no_results",0,"sec_results/FRANZRHON_ENTERPRISES.txt"
"ADSL_CONSTRUCTION_&_TRADING","no_results",0,"sec_results/ADSL_CONSTRUCTION_&_TRADING.txt"
"ODETH'S_ENTERPRISES","no_results",0,"sec_results/ODETH'S_ENTERPRISES.txt"
"ALMAKAR_BUILDERS","no_results",0,"sec_results/ALMAKAR_BUILDERS.txt"
"F._GURREA_CONSTRUCTION,_INC","no_results",0,"sec_results/F._GURREA_CONSTRUCTION,_INC.txt"
"SUPREME_ABF_CONSTRUCTION_AND_CONSTRUCTION_SUPPLY_COMPANY","no_results",0,"sec_results/SUPREME_ABF_CONSTRUCTION_AND_CONSTRUCTION_SUPPLY_COMPANY.txt"
"MILED_CONSTRUCTION","no_results",0,"sec_results/MILED_CONSTRUCTION.txt"
"MCEL_PANGANIBAN_CONSTRUCTION_AND_TRADING_CORPORATION","no_results",0,"sec_results/MCEL_PANGANIBAN_CONSTRUCTION_AND_TRADING_CORPORATION.txt"
"MRRM_TRADING_CONSTRUCTION","no_results",0,"sec_results/MRRM_TRADING_CONSTRUCTION.txt"
"REVERE_CONSTRUCTION_SUPPLY_CORPORATION_BATANGAS","no_results",0,"sec_results/REVERE_CONSTRUCTION_SUPPLY_CORPORATION_BATANGAS.txt"
"ABAYCER_CONSTRUCTION_SUPPLIES","no_results",0,"sec_results/ABAYCER_CONSTRUCTION_SUPPLIES.txt"
"JEMN_BUILDERS","no_results",0,"sec_results/JEMN_BUILDERS.txt"
"GOLDEN_ROADRUNNER_INTERNATIONAL_CORP","no_results",0,"sec_results/GOLDEN_ROADRUNNER_INTERNATIONAL_CORP.txt"
"CARRY_ON_CONSTRUCTION","no_results",0,"sec_results/CARRY_ON_CONSTRUCTION.txt"
"L_OCTAGON_ENTERPRISES","no_results",0,"sec_results/L_OCTAGON_ENTERPRISES.txt"
"T._DEL_ROSARIO_CONSTRUCTION","success",2,"sec_results/T._DEL_ROSARIO_CONSTRUCTION.txt"
"LINEAR_CONSTRUCTION_CORPORATION","no_results",0,"sec_results/LINEAR_CONSTRUCTION_CORPORATION.txt"
"JUPA_CONSTRUCTION","no_results",0,"sec_results/JUPA_CONSTRUCTION.txt"
"LARSEN_DUTCHER_CONSTRACTORS","no_results",0,"sec_results/LARSEN_DUTCHER_CONSTRACTORS.txt"
"1HB_CONSTRUCTION_CORP._(FORMERLY:_HB_CONSTRUCTION)","no_results",0,"sec_results/1HB_CONSTRUCTION_CORP._(FORMERLY:_HB_CONSTRUCTION).txt"
"MG_SAMIDAN_CONSTRUCTION","success",1,"sec_results/MG_SAMIDAN_CONSTRUCTION.txt"
"SQUARE_CUBE_CONSTRUCTION(FORMERLY_SQUARE_CUBE_TRAD","no_results",0,"sec_results/SQUARE_CUBE_CONSTRUCTION(FORMERLY_SQUARE_CUBE_TRAD.txt"
"COLINA_CONSTRUCTION","success",1,"sec_results/COLINA_CONSTRUCTION.txt"
"ENTERPRISES_INCORPORATED","no_results",0,"sec_results/ENTERPRISES_INCORPORATED.txt"
"DR_ROBLES_CONSTRUCTION","no_results",0,"sec_results/DR_ROBLES_CONSTRUCTION.txt"
"GUAVA_CONSTRUCTION","no_results",0,"sec_results/GUAVA_CONSTRUCTION.txt"
"GJE_BUILDERS_CORPORATION_(FORMERLY:_GJE_BUILDERS)","no_results",0,"sec_results/GJE_BUILDERS_CORPORATION_(FORMERLY:_GJE_BUILDERS).txt"
"WIZARD_CONCRETE_SOLUTIONS_AND_CONSTRUCTION_CORPORATION","success",1,"sec_results/WIZARD_CONCRETE_SOLUTIONS_AND_CONSTRUCTION_CORPORATION.txt"
"TIBIAO-ANTIQUE_N_K_ENTERPRISE_INC","success",1,"sec_results/TIBIAO-ANTIQUE_N_K_ENTERPRISE_INC.txt"
"A.I._YU_BUILDERS_&_ENTERPRISES","no_results",0,"sec_results/A.I._YU_BUILDERS_&_ENTERPRISES.txt"
"CHUROCK_BUILDERS","success",1,"sec_results/CHUROCK_BUILDERS.txt"
"TOP_VISION_DESIGN_AND_CONSTRUCTION_SERVICES","no_results",0,"sec_results/TOP_VISION_DESIGN_AND_CONSTRUCTION_SERVICES.txt"
"F_JIMENEZ_CONSTRUCTION_AND_SUPPLY","no_results",0,"sec_results/F_JIMENEZ_CONSTRUCTION_AND_SUPPLY.txt"
"OMICRON_CONSTRUCTION","success",1,"sec_results/OMICRON_CONSTRUCTION.txt"
"KENZAI_BUILDERS_CORPORATION","success",1,"sec_results/KENZAI_BUILDERS_CORPORATION.txt"
"SCORQUA_BUILDERS_AND_CONCRETE_PRODUCTS","no_results",0,"sec_results/SCORQUA_BUILDERS_AND_CONCRETE_PRODUCTS.txt"
"TONY_HARDWARE_CONSTRUCTION_SUPPLIES","no_results",0,"sec_results/TONY_HARDWARE_CONSTRUCTION_SUPPLIES.txt"
"LBL_TRAFFIC_CONTROL_SERVICES_&_GENERAL_MERCHANDISE","no_results",0,"sec_results/LBL_TRAFFIC_CONTROL_SERVICES_&_GENERAL_MERCHANDISE.txt"
"GALENO_CONSTRUCTION,_INCORPORATED","success",1,"sec_results/GALENO_CONSTRUCTION,_INCORPORATED.txt"
"VALENCIA_GOODWILL_COMMERCIAL,_INC","no_results",0,"sec_results/VALENCIA_GOODWILL_COMMERCIAL,_INC.txt"
"TNJ_BUILDERS","no_results",0,"sec_results/TNJ_BUILDERS.txt"
"IGWT-JAV_CONSTRUCTION","success",1,"sec_results/IGWT-JAV_CONSTRUCTION.txt"
"CCF_EARTHMOVING_CORP","no_results",0,"sec_results/CCF_EARTHMOVING_CORP.txt"
"JCGO_CONSTRUCTION_AND_SUPPLY","no_results",0,"sec_results/JCGO_CONSTRUCTION_AND_SUPPLY.txt"
"RF_CABELTES_CONSTRUCTION","no_results",0,"sec_results/RF_CABELTES_CONSTRUCTION.txt"
"NEOVENTURES_CONSTRUCTION","no_results",0,"sec_results/NEOVENTURES_CONSTRUCTION.txt"
"AL_CHRIS_CONSTRUCTION","success",1,"sec_results/AL_CHRIS_CONSTRUCTION.txt"
"GEMELLUS_BUILDERS_AND_GENERAL_SUPPLY","no_results",0,"sec_results/GEMELLUS_BUILDERS_AND_GENERAL_SUPPLY.txt"
"MEECO_ENTERPRISES_TAGUM_CITY","no_results",0,"sec_results/MEECO_ENTERPRISES_TAGUM_CITY.txt"
"ROCA_BLANCA_CONSTRUCTION","no_results",0,"sec_results/ROCA_BLANCA_CONSTRUCTION.txt"
"FIVE_TRAVELLERS_CONSTRUCTION_INC.","success",1,"sec_results/FIVE_TRAVELLERS_CONSTRUCTION_INC..txt"
"WAY_MAKER_GENERAL_CONTRACTOR_OPC","success",1,"sec_results/WAY_MAKER_GENERAL_CONTRACTOR_OPC.txt"
"ANG_YAP_BUILDERS_AND_AGGREGATE_SUPPLIES_INC","success",1,"sec_results/ANG_YAP_BUILDERS_AND_AGGREGATE_SUPPLIES_INC.txt"
"SANRHO_CONST._AND_SUPPL","no_results",0,"sec_results/SANRHO_CONST._AND_SUPPL.txt"
"R.T.Y.__CONSTRUCTION","no_results",0,"sec_results/R.T.Y.__CONSTRUCTION.txt"
"NEW_ARCOND_BUILDERS_INCORPORATED","no_results",0,"sec_results/NEW_ARCOND_BUILDERS_INCORPORATED.txt"
"A_P_CONSEBIDO_CONSTRUCTION","no_results",0,"sec_results/A_P_CONSEBIDO_CONSTRUCTION.txt"
"SANDBANK_CONSTRUCTION_CORP.","success",1,"sec_results/SANDBANK_CONSTRUCTION_CORP..txt"
"ROWIE'S_CONSTRUCTION","no_results",0,"sec_results/ROWIE'S_CONSTRUCTION.txt"
"SISBRO_CONSTRUCTION_SUPPLY","no_results",0,"sec_results/SISBRO_CONSTRUCTION_SUPPLY.txt"
"D.J.D._CONSTRUCTION_INC._(FORMERLY:_D._J._D._CONSTRUCTION)","no_results",0,"sec_results/D.J.D._CONSTRUCTION_INC._(FORMERLY:_D._J._D._CONSTRUCTION).txt"
"CAJUGOTAN_CONSTRUCTION_SUPPLY_JORMAND_CONSTRUCTION_SUPPLY","no_results",0,"sec_results/CAJUGOTAN_CONSTRUCTION_SUPPLY_JORMAND_CONSTRUCTION_SUPPLY.txt"
"ALLROCK_CONSTRUCTION","no_results",0,"sec_results/ALLROCK_CONSTRUCTION.txt"
"TRIPARCO_DEVELOPMENT_CORPORATION","no_results",0,"sec_results/TRIPARCO_DEVELOPMENT_CORPORATION.txt"
"EON_CONSTRUCTION_&_SUPPLY","no_results",0,"sec_results/EON_CONSTRUCTION_&_SUPPLY.txt"
"G_BANZ_BUILDERS_CORP","success",1,"sec_results/G_BANZ_BUILDERS_CORP.txt"
"ALTHAEA_ENTERPRISES","no_results",0,"sec_results/ALTHAEA_ENTERPRISES.txt"
"MAK_JAMS_CONSTRUCTION","no_results",0,"sec_results/MAK_JAMS_CONSTRUCTION.txt"
"1129_BUILDERS","success",1,"sec_results/1129_BUILDERS.txt"
"CPS_ENGINEERING_CONSTRUCTION","no_results",0,"sec_results/CPS_ENGINEERING_CONSTRUCTION.txt"
"SAREX_BUILDERS_AND_SUPPLY","no_results",0,"sec_results/SAREX_BUILDERS_AND_SUPPLY.txt"
"CHU_CONSTRUCTION_MILES_CONSTRUCTION_AND_ENTERPRISES","no_results",0,"sec_results/CHU_CONSTRUCTION_MILES_CONSTRUCTION_AND_ENTERPRISES.txt"
"HIGEL_CONSTRUCTION","no_results",0,"sec_results/HIGEL_CONSTRUCTION.txt"
"EM_MALLARI_CONSTRUCTION","success",4,"sec_results/EM_MALLARI_CONSTRUCTION.txt"
"P.C._VALENCIA_CONSTRUCTION","success",3,"sec_results/P.C._VALENCIA_CONSTRUCTION.txt"
"ROYAL_CROWN_MONARCH_CONSTRUCTION__SUPPLIES_CORP","no_results",0,"sec_results/ROYAL_CROWN_MONARCH_CONSTRUCTION__SUPPLIES_CORP.txt"
"AGAFER_CONSTRUCTION_AND_TRADING_CORPORATION_(FOR:_AGAFER_CONSTRUCTION_AND_TRADING)","no_results",0,"sec_results/AGAFER_CONSTRUCTION_AND_TRADING_CORPORATION_(FOR:_AGAFER_CONSTRUCTION_AND_TRADING).txt"
"R.C._FLORESCA_CONSTRUCTION_AND_SUPPLY","no_results",0,"sec_results/R.C._FLORESCA_CONSTRUCTION_AND_SUPPLY.txt"
"FAIRCHILD_BUILDERS_DEVELOPERS_INC","no_results",0,"sec_results/FAIRCHILD_BUILDERS_DEVELOPERS_INC.txt"
"RITCHE_NATHALIE_BUILDERS_GENERAL_MERCHANDISE","no_results",0,"sec_results/RITCHE_NATHALIE_BUILDERS_GENERAL_MERCHANDISE.txt"
"AIMEK_CONSTRUCTION","no_results",0,"sec_results/AIMEK_CONSTRUCTION.txt"
"REVERE_CONSTRUCTION_&_SUPPLY_CORPORATION","no_results",0,"sec_results/REVERE_CONSTRUCTION_&_SUPPLY_CORPORATION.txt"
"JIM-JAKE_CONSTRUCTION_&_SUPPLY","no_results",0,"sec_results/JIM-JAKE_CONSTRUCTION_&_SUPPLY.txt"
"DRAGON_TWELVE_BUILDERS_AND_CONSTRUCTION_SUPPLY","no_results",0,"sec_results/DRAGON_TWELVE_BUILDERS_AND_CONSTRUCTION_SUPPLY.txt"
"A.T.P._CONSTRUCTION","no_results",0,"sec_results/A.T.P._CONSTRUCTION.txt"
"LLABAN_CONSTRUCTION__SUPPLY","no_results",0,"sec_results/LLABAN_CONSTRUCTION__SUPPLY.txt"
"DAV-LEY_CONSTRUCTION_SERVICES_INC._(FORMERLY:DAV-LEY_CONSTRUCTION_SERVICES)","no_results",0,"sec_results/DAV-LEY_CONSTRUCTION_SERVICES_INC._(FORMERLY:DAV-LEY_CONSTRUCTION_SERVICES).txt"
"BOOMETRIX_DEVELOPMENT_CORP.","success",1,"sec_results/BOOMETRIX_DEVELOPMENT_CORP..txt"
"RA_PAHATI_CONST_SUPPLY_INC","success",1,"sec_results/RA_PAHATI_CONST_SUPPLY_INC.txt"
"ARCINUE_COMM'L_CORPORATION","success",1,"sec_results/ARCINUE_COMM'L_CORPORATION.txt"
"RVR3_CONSTRUCTION_SUPPLY_&_SERVICES","no_results",0,"sec_results/RVR3_CONSTRUCTION_SUPPLY_&_SERVICES.txt"
"BERTO_LUCCI_BUILDERS_SUPPLY","no_results",0,"sec_results/BERTO_LUCCI_BUILDERS_SUPPLY.txt"
"D_DREAMER_DEVELOPMENT_CORPORATION","no_results",0,"sec_results/D_DREAMER_DEVELOPMENT_CORPORATION.txt"
"NIEL_JONES_KENNEDY_CONSTRUCTION_AND_SUPPLY","no_results",0,"sec_results/NIEL_JONES_KENNEDY_CONSTRUCTION_AND_SUPPLY.txt"
"HM_BESIATA_BUILDERS_CO","success",1,"sec_results/HM_BESIATA_BUILDERS_CO.txt"
"GERRA_CONSTRUCTION_INCORPORATED_(FORMERLY:_GERRA_CONSTRUCTION)","no_results",0,"sec_results/GERRA_CONSTRUCTION_INCORPORATED_(FORMERLY:_GERRA_CONSTRUCTION).txt"
"META_CONSTRUCTION","no_results",0,"sec_results/META_CONSTRUCTION.txt"
"F._I._YAGO_CONSTRUCTION","no_results",0,"sec_results/F._I._YAGO_CONSTRUCTION.txt"
"ABEIAN_CONSTRUCTION","no_results",0,"sec_results/ABEIAN_CONSTRUCTION.txt"
"MAKK_BUILDERS","no_results",0,"sec_results/MAKK_BUILDERS.txt"
"JDRC_CONSTRUCTION_SUPPLIES_CORP","no_results",0,"sec_results/JDRC_CONSTRUCTION_SUPPLIES_CORP.txt"
"BAQPRINCE_CONSTRUCTION_AND_TRADING_CORP.","no_results",0,"sec_results/BAQPRINCE_CONSTRUCTION_AND_TRADING_CORP..txt"
"LPO1_GROUP_OF_COMPANIES_INC","success",1,"sec_results/LPO1_GROUP_OF_COMPANIES_INC.txt"
"NORTH_TECH_BUILDERS_AND_CONSTRUCTION_SUPPLY","no_results",0,"sec_results/NORTH_TECH_BUILDERS_AND_CONSTRUCTION_SUPPLY.txt"
"DJL_ROBLES_BUILDERS","no_results",0,"sec_results/DJL_ROBLES_BUILDERS.txt"
"JDL5_CONSTRUCTION_CORPORATION_(FORMERLY:_DEOJ_CONSTRUCTION)","no_results",0,"sec_results/JDL5_CONSTRUCTION_CORPORATION_(FORMERLY:_DEOJ_CONSTRUCTION).txt"
"TRIPLE_8_CONST_SUPPLY","success",1,"sec_results/TRIPLE_8_CONST_SUPPLY.txt"
"TKS_BUILDERS_SUPPLIES","no_results",0,"sec_results/TKS_BUILDERS_SUPPLIES.txt"
"JEPA_CONSTRUCTION_&_SUPPLIES","no_results",0,"sec_results/JEPA_CONSTRUCTION_&_SUPPLIES.txt"
"PAFJ_CONSTRUCTION_AND_SUPPLY,_INC.","no_results",0,"sec_results/PAFJ_CONSTRUCTION_AND_SUPPLY,_INC..txt"
"C.R._DOMINGO_CONSTRUCTION_AND_POWER_DEVELOPMENT,_INC._(FOR._C.R._DOMINGO_CONSTRUCTION,_INC.)","no_results",0,"sec_results/C.R._DOMINGO_CONSTRUCTION_AND_POWER_DEVELOPMENT,_INC._(FOR._C.R._DOMINGO_CONSTRUCTION,_INC.).txt"
"FRONT_NINE_KONSTRUCT_CORPORATION","no_results",0,"sec_results/FRONT_NINE_KONSTRUCT_CORPORATION.txt"
"LAHDETH_CONSTRUCTION_AND_SUPPLY","no_results",0,"sec_results/LAHDETH_CONSTRUCTION_AND_SUPPLY.txt"
"FOUR_A_CONSTRUCTION","no_results",0,"sec_results/FOUR_A_CONSTRUCTION.txt"
"CUSTOM_CONSTRUCTION_CORPORATION","no_results",0,"sec_results/CUSTOM_CONSTRUCTION_CORPORATION.txt"
"AMR_CONSTRUCTION_SERVICES_INC.(FORMERLY:_AMR_CONSTRUCTION_SERVICES)","no_results",0,"sec_results/AMR_CONSTRUCTION_SERVICES_INC.(FORMERLY:_AMR_CONSTRUCTION_SERVICES).txt"
"YAHWEH_CONSTRUCTION_AND_SUPPLY","no_results",0,"sec_results/YAHWEH_CONSTRUCTION_AND_SUPPLY.txt"
"ANIMAS_BROS_CONSTRUCTION","success",1,"sec_results/ANIMAS_BROS_CONSTRUCTION.txt"
"TUCHAR_CONSTRU","no_results",0,"sec_results/TUCHAR_CONSTRU.txt"
"ST_SALCEDO_CONSTRUCTION_CORP","success",1,"sec_results/ST_SALCEDO_CONSTRUCTION_CORP.txt"
"CURRIMAO_CONSTRUCTION","no_results",0,"sec_results/CURRIMAO_CONSTRUCTION.txt"
"W.J._CONSTRUCTION","success",10,"sec_results/W.J._CONSTRUCTION.txt"
"KARANGYAN_BUILDERS_TRADERS","no_results",0,"sec_results/KARANGYAN_BUILDERS_TRADERS.txt"
"LLM_UNIFIED_BUILDERS_&_TRADING_CORP._(FORMERLY:LLM_CONCRETE_PRODUCTS)","no_results",0,"sec_results/LLM_UNIFIED_BUILDERS_&_TRADING_CORP._(FORMERLY:LLM_CONCRETE_PRODUCTS).txt"
"FROMARC_BUILDERS_&_GENERAL_MERCHANDISE","no_results",0,"sec_results/FROMARC_BUILDERS_&_GENERAL_MERCHANDISE.txt"
"KRJ_CONSTRUCTION","no_results",0,"sec_results/KRJ_CONSTRUCTION.txt"
"CAAB_DEVELOPMENT_CORP.","success",1,"sec_results/CAAB_DEVELOPMENT_CORP..txt"
"BUILDERS_CONSTRUCTION","success",10,"sec_results/BUILDERS_CONSTRUCTION.txt"
"ALTACS_CONSTRUCTION","success",1,"sec_results/ALTACS_CONSTRUCTION.txt"
"CSGER_CONSTRUCTION_CORPORATION","no_results",0,"sec_results/CSGER_CONSTRUCTION_CORPORATION.txt"
"FRANDEL_CONSTRUCTION_AND_DEVELOPMENT_CORP","success",1,"sec_results/FRANDEL_CONSTRUCTION_AND_DEVELOPMENT_CORP.txt"
"DJD_CONSTRUCTION","no_results",0,"sec_results/DJD_CONSTRUCTION.txt"
"SELPHAR_CONSTRUCTION","no_results",0,"sec_results/SELPHAR_CONSTRUCTION.txt"
"VERLYNS_ENTERPRISES","no_results",0,"sec_results/VERLYNS_ENTERPRISES.txt"
"ATLANTA_CONSTRUCTION_COMPANY_INC","success",1,"sec_results/ATLANTA_CONSTRUCTION_COMPANY_INC.txt"
"R26_CONSTRUCTION,_INC","success",1,"sec_results/R26_CONSTRUCTION,_INC.txt"
"R.M._VITUG_CONSTRUCTION","no_results",0,"sec_results/R.M._VITUG_CONSTRUCTION.txt"
"ZACARIAS_ENTERPRISE","no_results",0,"sec_results/ZACARIAS_ENTERPRISE.txt"
"SULVIR_ENGINEERING_AND_CONSTRUCTION","no_results",0,"sec_results/SULVIR_ENGINEERING_AND_CONSTRUCTION.txt"
"SHAK_CONSTRUCTION_SUPPLY","no_results",0,"sec_results/SHAK_CONSTRUCTION_SUPPLY.txt"
"CPF_CONSTRUCTION","no_results",0,"sec_results/CPF_CONSTRUCTION.txt"
"R._M._C._R._CONSTRUCTION","no_results",0,"sec_results/R._M._C._R._CONSTRUCTION.txt"
"B_12_CONSTRUCTION_AND_TRADING_CORPORATION","success",10,"sec_results/B_12_CONSTRUCTION_AND_TRADING_CORPORATION.txt"
"ONE_HUNDRED_PERCENT_CONSTRUCTION_AND_DEVELOPMENT_CORPORATION_(FORMERLY:BCT_TRADING_&_CONSTRUCTION)","no_results",0,"sec_results/ONE_HUNDRED_PERCENT_CONSTRUCTION_AND_DEVELOPMENT_CORPORATION_(FORMERLY:BCT_TRADING_&_CONSTRUCTION).txt"
"EASTERN_LINE_DEVELOPMENT_AND_CONSTRUCTION","no_results",0,"sec_results/EASTERN_LINE_DEVELOPMENT_AND_CONSTRUCTION.txt"
"TWO_BROTHERS_CONSTRUCTION","no_results",0,"sec_results/TWO_BROTHERS_CONSTRUCTION.txt"
"BAREX_CONSTRUCTION_AND_SUPPLY","no_results",0,"sec_results/BAREX_CONSTRUCTION_AND_SUPPLY.txt"
"LDS_GENERAL_MERCHANDISE","no_results",0,"sec_results/LDS_GENERAL_MERCHANDISE.txt"
"LJPM_BUILDERS_&_CONST._SUPPLY","no_results",0,"sec_results/LJPM_BUILDERS_&_CONST._SUPPLY.txt"
"KING'S_BUILDERS_&_DEVELOPMENT_CORP","no_results",0,"sec_results/KING'S_BUILDERS_&_DEVELOPMENT_CORP.txt"
"ESR_CONSTRUCTION_DEVELOPMENT_CORPORATION","success",1,"sec_results/ESR_CONSTRUCTION_DEVELOPMENT_CORPORATION.txt"
"HARVEE_ENTERPRISES","no_results",0,"sec_results/HARVEE_ENTERPRISES.txt"
"TIONGBIO_CONSTRUCTION","no_results",0,"sec_results/TIONGBIO_CONSTRUCTION.txt"
"BALBALIN_ENGINEERING_AND_CONSTRUCTION","no_results",0,"sec_results/BALBALIN_ENGINEERING_AND_CONSTRUCTION.txt"
"DINAH_JANE_CONSTRUCTION_SUPPLY","no_results",0,"sec_results/DINAH_JANE_CONSTRUCTION_SUPPLY.txt"
"YU_CONSTRUCTION","success",10,"sec_results/YU_CONSTRUCTION.txt"
"ESCORR_BUILDERS","success",1,"sec_results/ESCORR_BUILDERS.txt"
"969_CONSTRUCTION_&_SUPPLIES","no_results",0,"sec_results/969_CONSTRUCTION_&_SUPPLIES.txt"
"BAMBOE_CONSTRUCTION","success",1,"sec_results/BAMBOE_CONSTRUCTION.txt"
"JKD_CONSTRUCTION_&AMP;_SUPPLY","no_results",0,"sec_results/JKD_CONSTRUCTION_&AMP;_SUPPLY.txt"
"KALINGA_BUILDERS","no_results",0,"sec_results/KALINGA_BUILDERS.txt"
"A.R.L._CONSTRUCTION","no_results",0,"sec_results/A.R.L._CONSTRUCTION.txt"
"JVS_GENERAL_MERCHANDISE","no_results",0,"sec_results/JVS_GENERAL_MERCHANDISE.txt"
"PADER_CONSTRUCTION_&AMP;_SUPPLY","no_results",0,"sec_results/PADER_CONSTRUCTION_&AMP;_SUPPLY.txt"
"TPL_ENTERPRISES","no_results",0,"sec_results/TPL_ENTERPRISES.txt"
"HGW=3_ENGINEERING_&_CONSTRUCTION","no_results",0,"sec_results/HGW=3_ENGINEERING_&_CONSTRUCTION.txt"
"ALPIZ_CONSTRUCTION_&_DEVELOPMENT_CORPORATION","no_results",0,"sec_results/ALPIZ_CONSTRUCTION_&_DEVELOPMENT_CORPORATION.txt"
"5GG_CONSTRUCTION_(FORMERLY:_5G_GALVEZ_CONSTRUCTION_AND_SUPPLY)","no_results",0,"sec_results/5GG_CONSTRUCTION_(FORMERLY:_5G_GALVEZ_CONSTRUCTION_AND_SUPPLY).txt"
"R.D._POLICARPIO_&_COMPANY_INC.","no_results",0,"sec_results/R.D._POLICARPIO_&_COMPANY_INC..txt"
"GACUTAN_CONSTRUCTION_INC","success",1,"sec_results/GACUTAN_CONSTRUCTION_INC.txt"
"L_P_O_ENTERPRISES","success",10,"sec_results/L_P_O_ENTERPRISES.txt"
"BENRAM_CONSTRUCTION","success",1,"sec_results/BENRAM_CONSTRUCTION.txt"
"GOLDEN_LION_CONSTRUCTION","no_results",0,"sec_results/GOLDEN_LION_CONSTRUCTION.txt"
"GERRA_CONSTRUCTION","no_results",0,"sec_results/GERRA_CONSTRUCTION.txt"
"RENBEE_CONSTRUCTION","no_results",0,"sec_results/RENBEE_CONSTRUCTION.txt"
"J.H.R._ENTERPRISES","success",10,"sec_results/J.H.R._ENTERPRISES.txt"
"RISM_BUILDERS_AND_CONSTRUCTION_SERVICES,_INC","success",1,"sec_results/RISM_BUILDERS_AND_CONSTRUCTION_SERVICES,_INC.txt"
"LEDCORE_CONSTRUCTION_AND_DEVELOPMENT_CORP,","no_results",0,"sec_results/LEDCORE_CONSTRUCTION_AND_DEVELOPMENT_CORP,.txt"
"RAPIDWORKZ_CONSTRUCTION_&_SUPPLY","no_results",0,"sec_results/RAPIDWORKZ_CONSTRUCTION_&_SUPPLY.txt"
"RCDS_CONSTRUCTION_&_SUPPLY,_INC","no_results",0,"sec_results/RCDS_CONSTRUCTION_&_SUPPLY,_INC.txt"
"LE_BRON_CONSTRUCTION","no_results",0,"sec_results/LE_BRON_CONSTRUCTION.txt"
"SKY-J_CONSTRUCTION","no_results",0,"sec_results/SKY-J_CONSTRUCTION.txt"
"B.K._SY_TU_CONSTRUCTION","no_results",0,"sec_results/B.K._SY_TU_CONSTRUCTION.txt"
"J.C._ALBASON_BUILDERS_AND_SUPPLY","no_results",0,"sec_results/J.C._ALBASON_BUILDERS_AND_SUPPLY.txt"
"E_E_MADAYAG_CONSTRUCTION","no_results",0,"sec_results/E_E_MADAYAG_CONSTRUCTION.txt"
"SIBALOM_GLASS,_ALUMINUM,_CONSTRUCTION_SUPPLY_AND_SERVICES","no_results",0,"sec_results/SIBALOM_GLASS,_ALUMINUM,_CONSTRUCTION_SUPPLY_AND_SERVICES.txt"
"R.M._NUÃ‘EZ_CONSTRUCTION_CORPORATION","no_results",0,"sec_results/R.M._NUÃ‘EZ_CONSTRUCTION_CORPORATION.txt"
"C.A._CONSTRUCTION_AND_SUPPLY","no_results",0,"sec_results/C.A._CONSTRUCTION_AND_SUPPLY.txt"
"JG_GARCIA_CONSTRUCTION_SUPPLY","no_results",0,"sec_results/JG_GARCIA_CONSTRUCTION_SUPPLY.txt"
"RKVT_CONSTRUCTION","no_results",0,"sec_results/RKVT_CONSTRUCTION.txt"
"NINAS_CONSTRUCTION_AND_SUPPLIES","no_results",0,"sec_results/NINAS_CONSTRUCTION_AND_SUPPLIES.txt"
"MZ_BUILDERS_AND_CONSTRUCTION_SUPPLY","success",10,"sec_results/MZ_BUILDERS_AND_CONSTRUCTION_SUPPLY.txt"
"OCTAGON_CONCRETE_SOLUTIONS","no_results",0,"sec_results/OCTAGON_CONCRETE_SOLUTIONS.txt"
"MIGHTY_STELLAR_DEVELOPMENT_CONSTRUCTION","no_results",0,"sec_results/MIGHTY_STELLAR_DEVELOPMENT_CONSTRUCTION.txt"
"ANDREM_CONSTRUCTION_SERVICE","no_results",0,"sec_results/ANDREM_CONSTRUCTION_SERVICE.txt"
"JGC_CONSTRUCTION_ENTERPRISES","no_results",0,"sec_results/JGC_CONSTRUCTION_ENTERPRISES.txt"
"BNYU_ENTERPRISES_&_CONSTRUCTION","no_results",0,"sec_results/BNYU_ENTERPRISES_&_CONSTRUCTION.txt"
"SGDG_CONSTRUCTION_AND_SUPPLIES","no_results",0,"sec_results/SGDG_CONSTRUCTION_AND_SUPPLIES.txt"
"HAMMERTIME_CONSTRUCTION","success",1,"sec_results/HAMMERTIME_CONSTRUCTION.txt"
"RITZ_BUILDERS_CONSTRUCTION_INC._(FORMERLY:RITZTOK_CONSTRUCTION_AND_SUPPLY)","no_results",0,"sec_results/RITZ_BUILDERS_CONSTRUCTION_INC._(FORMERLY:RITZTOK_CONSTRUCTION_AND_SUPPLY).txt"
"PETER_JOHN_CONSTRUCTION_&_SUPPLY","no_results",0,"sec_results/PETER_JOHN_CONSTRUCTION_&_SUPPLY.txt"
"AM_SIA_ORTEZA_HARDWARE","no_results",0,"sec_results/AM_SIA_ORTEZA_HARDWARE.txt"
"JIM_JAKE_CONSTRUCTION_SUPPLY","no_results",0,"sec_results/JIM_JAKE_CONSTRUCTION_SUPPLY.txt"
"CNE_CONSTRUCTION","no_results",0,"sec_results/CNE_CONSTRUCTION.txt"
"LMKT_VALLEY_CONSTRUCTION","no_results",0,"sec_results/LMKT_VALLEY_CONSTRUCTION.txt"
"GDBS_BUILDERS","success",1,"sec_results/GDBS_BUILDERS.txt"
"NEN_BUILDERS_AND_DEVELOPMENT_SERVICES_CORP","success",1,"sec_results/NEN_BUILDERS_AND_DEVELOPMENT_SERVICES_CORP.txt"
"GCI_CONSTRUCTION_AND_DEVT_CORP","no_results",0,"sec_results/GCI_CONSTRUCTION_AND_DEVT_CORP.txt"
"JMJP_CONSTRUCTION_AND_SUPPLY","no_results",0,"sec_results/JMJP_CONSTRUCTION_AND_SUPPLY.txt"
"EARLY_RISER_CONSTRUCTION","no_results",0,"sec_results/EARLY_RISER_CONSTRUCTION.txt"
"HI-TONE_CONSTRUCTION_&_DEVELOPMENT_CORP_(FORMERLY","no_results",0,"sec_results/HI-TONE_CONSTRUCTION_&_DEVELOPMENT_CORP_(FORMERLY.txt"
"WJP_CONSTRUCTION_SUPPLY","no_results",0,"sec_results/WJP_CONSTRUCTION_SUPPLY.txt"
"ALPHA_RYDER_CONSTRUCTION","success",1,"sec_results/ALPHA_RYDER_CONSTRUCTION.txt"
"LAS_MINAS_DE_ORO_CONSTRUCTION","no_results",0,"sec_results/LAS_MINAS_DE_ORO_CONSTRUCTION.txt"
"JAYLOT_TRADING_CONSTRUCTION","no_results",0,"sec_results/JAYLOT_TRADING_CONSTRUCTION.txt"
"ALEXI_LOUISSE_CONSTRUCTION_AND_GENERAL_MERCHANDISE","no_results",0,"sec_results/ALEXI_LOUISSE_CONSTRUCTION_AND_GENERAL_MERCHANDISE.txt"
"AJAN_JEADA_INC","success",1,"sec_results/AJAN_JEADA_INC.txt"
"SOLSONA-GANAL_CONSTRUCTION_&_SUPPLY","no_results",0,"sec_results/SOLSONA-GANAL_CONSTRUCTION_&_SUPPLY.txt"
"MAXIMMUS_CONSTRUCTION","no_results",0,"sec_results/MAXIMMUS_CONSTRUCTION.txt"
"A.C._RIVERO_DEVELOPMENT_CORPORATION","success",1,"sec_results/A.C._RIVERO_DEVELOPMENT_CORPORATION.txt"
"J_H_PAJARA_CONSTRUCTION_CORPORATION","success",1,"sec_results/J_H_PAJARA_CONSTRUCTION_CORPORATION.txt"
"R.F._VARQUEZ_CONSTRUCTION","no_results",0,"sec_results/R.F._VARQUEZ_CONSTRUCTION.txt"
"DJCM_CONSTRUCTION_CORPORATION","success",1,"sec_results/DJCM_CONSTRUCTION_CORPORATION.txt"
"J.B._ALCANTARA_BUILDERS","no_results",0,"sec_results/J.B._ALCANTARA_BUILDERS.txt"
"RWORKMATE_CONSTRUCTION","no_results",0,"sec_results/RWORKMATE_CONSTRUCTION.txt"
"TOUGHBUILT_CONSTRUCTION_TRADING_INC","success",1,"sec_results/TOUGHBUILT_CONSTRUCTION_TRADING_INC.txt"
"MCU_CONSTRUCTION","no_results",0,"sec_results/MCU_CONSTRUCTION.txt"
"DG_SARMENTA_CONSTRUCTION","no_results",0,"sec_results/DG_SARMENTA_CONSTRUCTION.txt"
"MJMARI_BUILDERS_AND_DEVELOPMENT_CORPORATION","success",1,"sec_results/MJMARI_BUILDERS_AND_DEVELOPMENT_CORPORATION.txt"
"SISBRO_CONSTRUCTION_CORPORATION_(FORMERLY:_SISBRO_CONSTRUCTION_&_SUPPLY)","no_results",0,"sec_results/SISBRO_CONSTRUCTION_CORPORATION_(FORMERLY:_SISBRO_CONSTRUCTION_&_SUPPLY).txt"
"EZJONES_CONSTRUCTION,_INC","success",1,"sec_results/EZJONES_CONSTRUCTION,_INC.txt"
"ROSAND_BUILDERS","success",1,"sec_results/ROSAND_BUILDERS.txt"
"NOE'S_BUILDERS","no_results",0,"sec_results/NOE'S_BUILDERS.txt"
"GABRIELLAS_ENTERPRISES","no_results",0,"sec_results/GABRIELLAS_ENTERPRISES.txt"
"D_A_CADELIÃ‘A_CONSTRUCTION","no_results",0,"sec_results/D_A_CADELIÃ‘A_CONSTRUCTION.txt"
"INFINITE_ENGINEERING_AND_SUPPLIES","no_results",0,"sec_results/INFINITE_ENGINEERING_AND_SUPPLIES.txt"
"L.L._MARRON_CONSTRUCTION_&_TRADING","no_results",0,"sec_results/L.L._MARRON_CONSTRUCTION_&_TRADING.txt"
"JGO_BUILDERS","success",1,"sec_results/JGO_BUILDERS.txt"
"JV_CONSTECH","success",10,"sec_results/JV_CONSTECH.txt"
"JCO_CONSTRUCTION_AND_SUPPLY","no_results",0,"sec_results/JCO_CONSTRUCTION_AND_SUPPLY.txt"
"AEJ_HARDWARE_CONSTRUCTION_ENTERPRISES","no_results",0,"sec_results/AEJ_HARDWARE_CONSTRUCTION_ENTERPRISES.txt"
"SIXTEEN_ENTERPRISES","no_results",0,"sec_results/SIXTEEN_ENTERPRISES.txt"
"TMTC_CONSTRUCTION_AND_SUPPLY_CORPORATION","success",1,"sec_results/TMTC_CONSTRUCTION_AND_SUPPLY_CORPORATION.txt"
"E._GARDIOLA_CONSTRUC","no_results",0,"sec_results/E._GARDIOLA_CONSTRUC.txt"
"RNGM_CONSTRUCTION","no_results",0,"sec_results/RNGM_CONSTRUCTION.txt"
"DOMNPHIL_CONSTRUCTION","no_results",0,"sec_results/DOMNPHIL_CONSTRUCTION.txt"
"J_G_YACAS_CONSTRUCTION_SUPPLY_AND_EQUIPMENT_RENTAL","no_results",0,"sec_results/J_G_YACAS_CONSTRUCTION_SUPPLY_AND_EQUIPMENT_RENTAL.txt"
"AY-CA_CONSTRUCTION_SUPPLY","success",10,"sec_results/AY-CA_CONSTRUCTION_SUPPLY.txt"
"RDEN_CONSTRUCTION_SUPPLY","success",1,"sec_results/RDEN_CONSTRUCTION_SUPPLY.txt"
"ADSL_CONSTRUCTION_TRADING","no_results",0,"sec_results/ADSL_CONSTRUCTION_TRADING.txt"
"ALHADRAX_CONSTRUCTION_AND_SUPPLY","no_results",0,"sec_results/ALHADRAX_CONSTRUCTION_AND_SUPPLY.txt"
"ANSAVILLA_CONSTRUCTION_AND_DEVELOPMENT_CORPORATION","no_results",0,"sec_results/ANSAVILLA_CONSTRUCTION_AND_DEVELOPMENT_CORPORATION.txt"
"DALANON_CONSTRUCTION_REF_SUPPLY_SERVICE","no_results",0,"sec_results/DALANON_CONSTRUCTION_REF_SUPPLY_SERVICE.txt"
"FUENTABUILT_CONSTRUCTION_CORP","success",1,"sec_results/FUENTABUILT_CONSTRUCTION_CORP.txt"
"NEWINGTON_BUILDERS_INC","success",1,"sec_results/NEWINGTON_BUILDERS_INC.txt"
"D_G_SARMENTA_CONSTRUCTION","no_results",0,"sec_results/D_G_SARMENTA_CONSTRUCTION.txt"
"LANGO_CONSTRUCTION","no_results",0,"sec_results/LANGO_CONSTRUCTION.txt"
"WDM_CONSTRUCTION_AND_SUPPLIES","no_results",0,"sec_results/WDM_CONSTRUCTION_AND_SUPPLIES.txt"
"SDWC_CONSTRUCTION","no_results",0,"sec_results/SDWC_CONSTRUCTION.txt"
"A._A._DE_VERA_CONSTRUCTION","success",4,"sec_results/A._A._DE_VERA_CONSTRUCTION.txt"
"DOCAST_CONSTRUCTION","no_results",0,"sec_results/DOCAST_CONSTRUCTION.txt"
"KLDS_TRADING","success",1,"sec_results/KLDS_TRADING.txt"
"PBA_RAMOS_II_CONSTRUCTION_CENTER","no_results",0,"sec_results/PBA_RAMOS_II_CONSTRUCTION_CENTER.txt"
"MAR-VEL_CONSTRUCTION_&_SUPPLY","no_results",0,"sec_results/MAR-VEL_CONSTRUCTION_&_SUPPLY.txt"
"CHEEREL_CONSTRUCTION_&_SUPPLY","no_results",0,"sec_results/CHEEREL_CONSTRUCTION_&_SUPPLY.txt"
"WOODLAND_CONSTRUCTION_SUPPLY_INC","success",1,"sec_results/WOODLAND_CONSTRUCTION_SUPPLY_INC.txt"
"VILLAR_GENERAL_CONSTRUCTION","no_results",0,"sec_results/VILLAR_GENERAL_CONSTRUCTION.txt"
"MITZ_CONSTRUCTION_AND_SUPPLY","no_results",0,"sec_results/MITZ_CONSTRUCTION_AND_SUPPLY.txt"
"HHK_CONSTRUCTION","no_results",0,"sec_results/HHK_CONSTRUCTION.txt"
"APRIL_ROSE_ENT","no_results",0,"sec_results/APRIL_ROSE_ENT.txt"
"CTB_ENGINEERING_CONSTRUCTION_CHARLZ_CONSTRUCTION_INC","no_results",0,"sec_results/CTB_ENGINEERING_CONSTRUCTION_CHARLZ_CONSTRUCTION_INC.txt"
"R_ANIN_JR_CONSTRUCTION","no_results",0,"sec_results/R_ANIN_JR_CONSTRUCTION.txt"
"PRIME_MOVER'S_PHILS._CONSTRUCTION_AND_SUPPLIES_INC","success",1,"sec_results/PRIME_MOVER'S_PHILS._CONSTRUCTION_AND_SUPPLIES_INC.txt"
"ARM_ASIA_CONSTRUCTION_ENGINEERING","no_results",0,"sec_results/ARM_ASIA_CONSTRUCTION_ENGINEERING.txt"
"T2B3_BUILDERS_AND_SUPPLIES_CORP.","success",1,"sec_results/T2B3_BUILDERS_AND_SUPPLIES_CORP..txt"
"A_M_ORETA","success",10,"sec_results/A_M_ORETA.txt"
"CURVE-LINE_CONSTRUCTION","no_results",0,"sec_results/CURVE-LINE_CONSTRUCTION.txt"
"PERSAN_CONSTRUCTION,_INC._(FORMERLY:_PERSAN_CONST.","no_results",0,"sec_results/PERSAN_CONSTRUCTION,_INC._(FORMERLY:_PERSAN_CONST..txt"
"L.G._LASACAR_CONSTRUCTION","no_results",0,"sec_results/L.G._LASACAR_CONSTRUCTION.txt"
"OROSET_CONSTRUCTION","no_results",0,"sec_results/OROSET_CONSTRUCTION.txt"
"JUGA_BUILDERS_CONSTRUCTION_SUPPLY","no_results",0,"sec_results/JUGA_BUILDERS_CONSTRUCTION_SUPPLY.txt"
"EURO_CONSTRUCTION","success",2,"sec_results/EURO_CONSTRUCTION.txt"
"BLACK_HARDHAT_INC","success",1,"sec_results/BLACK_HARDHAT_INC.txt"
"No_Data_Available","no_results",0,"sec_results/No_Data_Available.txt"
"P.B._OBIAL_CONSTRUCTION","no_results",0,"sec_results/P.B._OBIAL_CONSTRUCTION.txt"
"RL_TUBA_CIVIL_ENGINEERING_CONSTRUCTION","no_results",0,"sec_results/RL_TUBA_CIVIL_ENGINEERING_CONSTRUCTION.txt"
"TERRAINSHAPER_CONSTRUCTION_AND_ENTERPRISES","no_results",0,"sec_results/TERRAINSHAPER_CONSTRUCTION_AND_ENTERPRISES.txt"
"NULAS_BUILDERS","no_results",0,"sec_results/NULAS_BUILDERS.txt"
"JIM_AND_JEM_CONSTRUCTION_SERVICES","no_results",0,"sec_results/JIM_AND_JEM_CONSTRUCTION_SERVICES.txt"
"IBC_INTERNATIONAL_BUILDERS_CORPORATION","success",1,"sec_results/IBC_INTERNATIONAL_BUILDERS_CORPORATION.txt"
"M.B._ANG_CONSTRUCTION_&_SUPPLY","no_results",0,"sec_results/M.B._ANG_CONSTRUCTION_&_SUPPLY.txt"
"JEMIS_CONSTRUCTION","no_results",0,"sec_results/JEMIS_CONSTRUCTION.txt"
"TIBIAO-ANTIQUE_N.K._ENTERPRISE,_INC.","success",1,"sec_results/TIBIAO-ANTIQUE_N.K._ENTERPRISE,_INC..txt"
"EMKYUSEE_ENGINEERING_SERVICES","no_results",0,"sec_results/EMKYUSEE_ENGINEERING_SERVICES.txt"
"R.F._FLORES_CONSTRUCTION_(FORMERLY_PATRIOT_CONSTRU","no_results",0,"sec_results/R.F._FLORES_CONSTRUCTION_(FORMERLY_PATRIOT_CONSTRU.txt"
"RICHFIELD_BUILDERS_INC","success",1,"sec_results/RICHFIELD_BUILDERS_INC.txt"
"TRESTON_CONSTRUCTION","no_results",0,"sec_results/TRESTON_CONSTRUCTION.txt"
"POWER_K_CONSTRUCTION_SUPPLY_SERVICES","no_results",0,"sec_results/POWER_K_CONSTRUCTION_SUPPLY_SERVICES.txt"
"PRECIOUS_GOLD_BUILDERS","no_results",0,"sec_results/PRECIOUS_GOLD_BUILDERS.txt"
"PLANAC_CONSTRUCTION","no_results",0,"sec_results/PLANAC_CONSTRUCTION.txt"
"CUTTING_EDGE_BUILDERS","no_results",0,"sec_results/CUTTING_EDGE_BUILDERS.txt"
"G_ANORE_CONSTRUCTION","success",1,"sec_results/G_ANORE_CONSTRUCTION.txt"
"GKC_BUILDER_&AMP;_SUPPLY","no_results",0,"sec_results/GKC_BUILDER_&AMP;_SUPPLY.txt"
"AIDFELART_CONST_CORP","success",1,"sec_results/AIDFELART_CONST_CORP.txt"
"GES_CONSTRUCTION","no_results",0,"sec_results/GES_CONSTRUCTION.txt"
"I.N.T._CONSTRUCTION","no_results",0,"sec_results/I.N.T._CONSTRUCTION.txt"
"MANIMELDS_CONSTRUCTION_&_IRON_WORKS","no_results",0,"sec_results/MANIMELDS_CONSTRUCTION_&_IRON_WORKS.txt"
"TIB_TIMCO_INFRA_BUILDERS","no_results",0,"sec_results/TIB_TIMCO_INFRA_BUILDERS.txt"
"JJF_BUILDERS_AND_SUPPLY","no_results",0,"sec_results/JJF_BUILDERS_AND_SUPPLY.txt"
"ASHLEYKA_CONSTRUCTION","no_results",0,"sec_results/ASHLEYKA_CONSTRUCTION.txt"
"5_J_B_P_PREMIUM_CONSTRUCTION_CORPORATION","success",1,"sec_results/5_J_B_P_PREMIUM_CONSTRUCTION_CORPORATION.txt"
"HMM_BUILDERS_AND_CONSTRUCTION_SUPPLY","no_results",0,"sec_results/HMM_BUILDERS_AND_CONSTRUCTION_SUPPLY.txt"
"GARCIANO_CONSTRUCTION_AND_BUILDERS_SUPPLY","no_results",0,"sec_results/GARCIANO_CONSTRUCTION_AND_BUILDERS_SUPPLY.txt"
"CABERTO_CONSTRUCTION_AND_SUPPLY","no_results",0,"sec_results/CABERTO_CONSTRUCTION_AND_SUPPLY.txt"
"E_GARCIA_CONST","no_results",0,"sec_results/E_GARCIA_CONST.txt"
"JARO_BUILDERS","success",1,"sec_results/JARO_BUILDERS.txt"
"4K_&_A_BUILDERS_&_CONSTRUCTION_SUPPLY","no_results",0,"sec_results/4K_&_A_BUILDERS_&_CONSTRUCTION_SUPPLY.txt"
"R.G._EVANGELISTA_CONSTRUCTION_&_SUPPLY","no_results",0,"sec_results/R.G._EVANGELISTA_CONSTRUCTION_&_SUPPLY.txt"
"STEELBEND_CONSTRUCTION_INC","success",1,"sec_results/STEELBEND_CONSTRUCTION_INC.txt"
"SILVERROCK_CONSTRUCTION_&_SUPPLY","no_results",0,"sec_results/SILVERROCK_CONSTRUCTION_&_SUPPLY.txt"
"UKC_BUILDERS_INC","no_results",0,"sec_results/UKC_BUILDERS_INC.txt"
"CMG_JR._BUILDERS","no_results",0,"sec_results/CMG_JR._BUILDERS.txt"
"DGSARM_BUILDERS_INC","success",1,"sec_results/DGSARM_BUILDERS_INC.txt"
"HIGH_AND_MILES_CONSTRUCTION","no_results",0,"sec_results/HIGH_AND_MILES_CONSTRUCTION.txt"
"PER_CONSTRUCTION_AND_SUPPLY","no_results",0,"sec_results/PER_CONSTRUCTION_AND_SUPPLY.txt"
"A.C._NAVARRO_CONSTRUCTION_SERVICES_AND_SUPPLY","no_results",0,"sec_results/A.C._NAVARRO_CONSTRUCTION_SERVICES_AND_SUPPLY.txt"
"AMETHYST_HORIZON_BUILDERS_AND_GEN_CONTRACTOR_AND_DEVELOPMENT_CORP","success",1,"sec_results/AMETHYST_HORIZON_BUILDERS_AND_GEN_CONTRACTOR_AND_DEVELOPMENT_CORP.txt"
"D_L_CERVANTES_CONSTRUCTION_CORPORATION","no_results",0,"sec_results/D_L_CERVANTES_CONSTRUCTION_CORPORATION.txt"
"F.G.Q._CONSTRUCTION","no_results",0,"sec_results/F.G.Q._CONSTRUCTION.txt"
"PROTECH_CONSTRUCTION_&_DEVELOPMENT_CORP._(FORMERLY","no_results",0,"sec_results/PROTECH_CONSTRUCTION_&_DEVELOPMENT_CORP._(FORMERLY.txt"
"J.A._DEVELOPERS_AND_ENGINEERS","no_results",0,"sec_results/J.A._DEVELOPERS_AND_ENGINEERS.txt"
"EUS_CONSTRUCTION","no_results",0,"sec_results/EUS_CONSTRUCTION.txt"
"RNMK_CONST._&_DEV'T","no_results",0,"sec_results/RNMK_CONST._&_DEV'T.txt"
"B._VICENCIO_CONSTRUCTION","no_results",0,"sec_results/B._VICENCIO_CONSTRUCTION.txt"
"PILASTRO_BUILDERS_&_DEVELOPMENT_INC.","no_results",0,"sec_results/PILASTRO_BUILDERS_&_DEVELOPMENT_INC..txt"
"ORANI_BUILDERS_&_SUPPLY","no_results",0,"sec_results/ORANI_BUILDERS_&_SUPPLY.txt"
"A_L_F_CONSTRUCTION","no_results",0,"sec_results/A_L_F_CONSTRUCTION.txt"
"DRITZ_CONSTRUCTION_AND_SUPPLY","no_results",0,"sec_results/DRITZ_CONSTRUCTION_AND_SUPPLY.txt"
"C.A._MIGUEL_CONSTRUCTION,_INC","no_results",0,"sec_results/C.A._MIGUEL_CONSTRUCTION,_INC.txt"
"AZUL_BUILDERS","no_results",0,"sec_results/AZUL_BUILDERS.txt"
"RANGAY_CONSTRUCTION_AND_SUPPLY","no_results",0,"sec_results/RANGAY_CONSTRUCTION_AND_SUPPLY.txt"
"RR_BUILDERS","no_results",0,"sec_results/RR_BUILDERS.txt"
"318_RJC_ENTERPRISES","no_results",0,"sec_results/318_RJC_ENTERPRISES.txt"
"H_F_ENTERPRISES","success",10,"sec_results/H_F_ENTERPRISES.txt"
"BAWINGAN_ENGINEERING_CONSTRUCTION_AND_ENTERPRISES","no_results",0,"sec_results/BAWINGAN_ENGINEERING_CONSTRUCTION_AND_ENTERPRISES.txt"
"ENG_G_SERVICES","success",10,"sec_results/ENG_G_SERVICES.txt"
"ORIENT_STAR_CONSTRUCTION_INC","success",1,"sec_results/ORIENT_STAR_CONSTRUCTION_INC.txt"
"TSQUARE_CONSTRUCTION_CORP","no_results",0,"sec_results/TSQUARE_CONSTRUCTION_CORP.txt"
"GICAR_CONSTRUCTION,_INC.","success",1,"sec_results/GICAR_CONSTRUCTION,_INC..txt"
"MICHARIAN_BUILDERS_AND_TRADING","no_results",0,"sec_results/MICHARIAN_BUILDERS_AND_TRADING.txt"
"THREE_W_BUILDERS,_INC.","success",2,"sec_results/THREE_W_BUILDERS,_INC..txt"
"GRAM_CONSTRUCTION_AND_SUPPLY","no_results",0,"sec_results/GRAM_CONSTRUCTION_AND_SUPPLY.txt"
"HORAMABI_BUILDERS","no_results",0,"sec_results/HORAMABI_BUILDERS.txt"
"PS_FRANCISCO_CONSTRUCTION","success",2,"sec_results/PS_FRANCISCO_CONSTRUCTION.txt"
"CLIFF_CONSTRUCTION","success",1,"sec_results/CLIFF_CONSTRUCTION.txt"
"GIZA_BUILDERS_CORPORATION_(FORMERLY:_LITO_HEAVY_EQUIPMENT_AND_TRUCKING_SERVICES)","no_results",0,"sec_results/GIZA_BUILDERS_CORPORATION_(FORMERLY:_LITO_HEAVY_EQUIPMENT_AND_TRUCKING_SERVICES).txt"
"MIGHTY_DRAGON_BUILDERS_INC","no_results",0,"sec_results/MIGHTY_DRAGON_BUILDERS_INC.txt"
"JBC_BUILDERS","no_results",0,"sec_results/JBC_BUILDERS.txt"
"AGH_CONSTRUCTION_CORPORATION","success",1,"sec_results/AGH_CONSTRUCTION_CORPORATION.txt"
"JORDON_CONSTRUCTION_AND_SUPPLY","no_results",0,"sec_results/JORDON_CONSTRUCTION_AND_SUPPLY.txt"
"VIVA_SALES_ENTERPRISES","no_results",0,"sec_results/VIVA_SALES_ENTERPRISES.txt"
"GEMMA_CONSTRUCTION_SUPPLY_INC","success",1,"sec_results/GEMMA_CONSTRUCTION_SUPPLY_INC.txt"
"UNIMAX_STEEL_STRUCTURE_AND_CONSTRUCTION_CORP.","success",1,"sec_results/UNIMAX_STEEL_STRUCTURE_AND_CONSTRUCTION_CORP..txt"
"ARLKAYE_BUILDERS","no_results",0,"sec_results/ARLKAYE_BUILDERS.txt"
"NEW_JJWEG_BUILDERS_AND_SUPPLY_CORPORATION","no_results",0,"sec_results/NEW_JJWEG_BUILDERS_AND_SUPPLY_CORPORATION.txt"
"B._VICENCIO_BUILDERS_,_INC.","no_results",0,"sec_results/B._VICENCIO_BUILDERS_,_INC..txt"
"LOBRIÃ‘O'S_CONSOLIDATED_CONSTRUCTION","no_results",0,"sec_results/LOBRIÃ‘O'S_CONSOLIDATED_CONSTRUCTION.txt"
"FORTSTONE_CONSTRUCTION_ENTERPRISES","no_results",0,"sec_results/FORTSTONE_CONSTRUCTION_ENTERPRISES.txt"
"CHRIZMARIE_BUILDERS_AND_CONSTRUCTION_SUPPLY","success",1,"sec_results/CHRIZMARIE_BUILDERS_AND_CONSTRUCTION_SUPPLY.txt"
"C_VILLASEÃ‘OR_JR_CONSTRUCTION","no_results",0,"sec_results/C_VILLASEÃ‘OR_JR_CONSTRUCTION.txt"
"COCO_TECHNOLOGIES_CORPORATION","success",1,"sec_results/COCO_TECHNOLOGIES_CORPORATION.txt"
"NDA_BUILDERS_AND_DEVELOPERS","no_results",0,"sec_results/NDA_BUILDERS_AND_DEVELOPERS.txt"
"NN_YU_CONSTRUCTION_INC","no_results",0,"sec_results/NN_YU_CONSTRUCTION_INC.txt"
"THE_HUANG_BUILDERS_INC.","success",1,"sec_results/THE_HUANG_BUILDERS_INC..txt"
"KING_S_BUILDERS_DEVELOPMENT_CORPORATION","no_results",0,"sec_results/KING_S_BUILDERS_DEVELOPMENT_CORPORATION.txt"
"ER_SALAC_BUILDERS_CORPORATION","success",10,"sec_results/ER_SALAC_BUILDERS_CORPORATION.txt"
"MAC_BUILDERS_CORP._(FORMERLY:_MAC_BUILDERS_DEVELOPMENT_CORPORATION)","no_results",0,"sec_results/MAC_BUILDERS_CORP._(FORMERLY:_MAC_BUILDERS_DEVELOPMENT_CORPORATION).txt"
"BADOC_BUILDERS_&_SUPPLY,_INC._(FORMERLY:_BADOC_BUILDER_&_SUPPLY","no_results",0,"sec_results/BADOC_BUILDERS_&_SUPPLY,_INC._(FORMERLY:_BADOC_BUILDER_&_SUPPLY.txt"
"ZF_CONSTRUCTION","success",10,"sec_results/ZF_CONSTRUCTION.txt"
"CEBU_TOPSTRONG_HARDWARE_SUPPLIES_INC","success",1,"sec_results/CEBU_TOPSTRONG_HARDWARE_SUPPLIES_INC.txt"
"GCLT_CONSTRUCTION_INCORPORATED_(FORMERLY:_GCLT_CONSTRUCTION)","no_results",0,"sec_results/GCLT_CONSTRUCTION_INCORPORATED_(FORMERLY:_GCLT_CONSTRUCTION).txt"
"EGF_CONSTRUCTION","no_results",0,"sec_results/EGF_CONSTRUCTION.txt"
"TRI_FB_CONSTRUCTION_AND_GENERAL_MERCHANDISE","no_results",0,"sec_results/TRI_FB_CONSTRUCTION_AND_GENERAL_MERCHANDISE.txt"
"PESOM_CONSTRUCTION_SERVICES","no_results",0,"sec_results/PESOM_CONSTRUCTION_SERVICES.txt"
"MINDANAO_ROCK","no_results",0,"sec_results/MINDANAO_ROCK.txt"
"T.N.G._CONSTRUCTION_CORPORATION","no_results",0,"sec_results/T.N.G._CONSTRUCTION_CORPORATION.txt"
"VERZONTAL_INFRASTRUCTURE_CORPORATION_(FORMERLY:_VERZONTAL_BUILDERS,_INC.)","no_results",0,"sec_results/VERZONTAL_INFRASTRUCTURE_CORPORATION_(FORMERLY:_VERZONTAL_BUILDERS,_INC.).txt"
"J_H_R_ENTERPRISES","success",10,"sec_results/J_H_R_ENTERPRISES.txt"
"EC_SOLICON_BUILDERS_SUPPLY_INC","no_results",0,"sec_results/EC_SOLICON_BUILDERS_SUPPLY_INC.txt"
"D.R._ROBLES_CONSTRUCTION","no_results",0,"sec_results/D.R._ROBLES_CONSTRUCTION.txt"
"MAGAR_CONSTRUCTION_AND_SUPPLY","no_results",0,"sec_results/MAGAR_CONSTRUCTION_AND_SUPPLY.txt"
"FASTRACK_HOME_DEVELOPERS,_INC.","success",1,"sec_results/FASTRACK_HOME_DEVELOPERS,_INC..txt"
"R.M._ADALIM_CONSTRUCTION","no_results",0,"sec_results/R.M._ADALIM_CONSTRUCTION.txt"
"JBM_ENGINEERS","no_results",0,"sec_results/JBM_ENGINEERS.txt"
"ZMC_GENERAL_CONSTRUCTION","no_results",0,"sec_results/ZMC_GENERAL_CONSTRUCTION.txt"
"ECANGELES_CONSTRUCTION_&_CONST._SUPPLY","no_results",0,"sec_results/ECANGELES_CONSTRUCTION_&_CONST._SUPPLY.txt"
"MATT_GLASS","no_results",0,"sec_results/MATT_GLASS.txt"
"BRILLANTES_CONSTRUCTION","no_results",0,"sec_results/BRILLANTES_CONSTRUCTION.txt"
"TAGUM_BUILDERS_CONTRACTORS_CORP._(FORMERLY:_TAGUM","no_results",0,"sec_results/TAGUM_BUILDERS_CONTRACTORS_CORP._(FORMERLY:_TAGUM.txt"
"PHILWORKS_CONSTRUCTION_AND_SUPPLY","success",2,"sec_results/PHILWORKS_CONSTRUCTION_AND_SUPPLY.txt"
"ALPHIN_TRADING","success",1,"sec_results/ALPHIN_TRADING.txt"
"JA_ACHACOSO_ENTERPRISES_&AMP;_GENERAL_SERVICES","no_results",0,"sec_results/JA_ACHACOSO_ENTERPRISES_&AMP;_GENERAL_SERVICES.txt"
"AMBAGUIO_BUILDERS","no_results",0,"sec_results/AMBAGUIO_BUILDERS.txt"
"DRU_CONSTRUCTION","no_results",0,"sec_results/DRU_CONSTRUCTION.txt"
"E.C.T._CONSTRUCTION","no_results",0,"sec_results/E.C.T._CONSTRUCTION.txt"
"ET_AMILIG_CONSTRUCTION","no_results",0,"sec_results/ET_AMILIG_CONSTRUCTION.txt"
"J.F._GABOTERO,_INC.","success",1,"sec_results/J.F._GABOTERO,_INC..txt"
"EAH_BUILDERS","no_results",0,"sec_results/EAH_BUILDERS.txt"
"BCVILLASENOR_CONSTRUCTION","success",1,"sec_results/BCVILLASENOR_CONSTRUCTION.txt"
"MAGNA_RICH_TRADING_&_CONSTRUCTION","no_results",0,"sec_results/MAGNA_RICH_TRADING_&_CONSTRUCTION.txt"
"ROAD_EDGE_TRADING_&_DEVELOPMENT_SERVICES","no_results",0,"sec_results/ROAD_EDGE_TRADING_&_DEVELOPMENT_SERVICES.txt"
"ISAGA_BUILDERS","no_results",0,"sec_results/ISAGA_BUILDERS.txt"
"PAFJ_CONSTRUCTION_AND_SUPPLY","no_results",0,"sec_results/PAFJ_CONSTRUCTION_AND_SUPPLY.txt"
"J-R3_CONSTRUCTION_AND_SUPPLY","success",10,"sec_results/J-R3_CONSTRUCTION_AND_SUPPLY.txt"
"VNKC_CONSTRUCTION","no_results",0,"sec_results/VNKC_CONSTRUCTION.txt"
"REINASTAR_TRADING_AND_CONSTRUCTION_SUPPLY","no_results",0,"sec_results/REINASTAR_TRADING_AND_CONSTRUCTION_SUPPLY.txt"
"JEBRON_BUILDERS_DEVELOPMENT_CORPORATION","no_results",0,"sec_results/JEBRON_BUILDERS_DEVELOPMENT_CORPORATION.txt"
"CIRCLE_Z_VENTURES","no_results",0,"sec_results/CIRCLE_Z_VENTURES.txt"
"KEASCIA_CONSTRUCTION","no_results",0,"sec_results/KEASCIA_CONSTRUCTION.txt"
"CAGALAWAN_ENTERPRISES_INC","success",1,"sec_results/CAGALAWAN_ENTERPRISES_INC.txt"
"C_DAGUPLO_CONSTRUCTION_SUPPLY","no_results",0,"sec_results/C_DAGUPLO_CONSTRUCTION_SUPPLY.txt"
"DSOM_GENERAL_CONSTRUCTION","no_results",0,"sec_results/DSOM_GENERAL_CONSTRUCTION.txt"
"FGQ_CONSTRUCTION","no_results",0,"sec_results/FGQ_CONSTRUCTION.txt"
"ALGIMAR_CONSTRUCTION","success",1,"sec_results/ALGIMAR_CONSTRUCTION.txt"
"GALENO_CONSTRUCTION,_INC","no_results",0,"sec_results/GALENO_CONSTRUCTION,_INC.txt"
"KEJAMARENIK_CONSTRUCTION_&_CONSTRUCTION_SUPPLIES","no_results",0,"sec_results/KEJAMARENIK_CONSTRUCTION_&_CONSTRUCTION_SUPPLIES.txt"
"JQG_BUILDERS","no_results",0,"sec_results/JQG_BUILDERS.txt"
"SAMAL_CONSTRUCTION_&_ENTERPRISES","no_results",0,"sec_results/SAMAL_CONSTRUCTION_&_ENTERPRISES.txt"
"ORANI_CONSTRUCTION_AND_SUPPLY_CORPORATION","success",1,"sec_results/ORANI_CONSTRUCTION_AND_SUPPLY_CORPORATION.txt"
"MIGHTY_A'S_CONSTRUCTION_&_HARDWARE_SUPPLY","no_results",0,"sec_results/MIGHTY_A'S_CONSTRUCTION_&_HARDWARE_SUPPLY.txt"
"FIRST_MAKEEN_CONSTRUCTION","no_results",0,"sec_results/FIRST_MAKEEN_CONSTRUCTION.txt"
"DVM_CONSTRUCTION_&_SUPPLY","no_results",0,"sec_results/DVM_CONSTRUCTION_&_SUPPLY.txt"
"JOMATRIS_CO","no_results",0,"sec_results/JOMATRIS_CO.txt"
"EZJONES_CONSTRUCTION_INC","no_results",0,"sec_results/EZJONES_CONSTRUCTION_INC.txt"
"JSP_CONSTRUCTION","no_results",0,"sec_results/JSP_CONSTRUCTION.txt"
"R.S._SEPIAN_CONSTRUCTION_&_TRUCKING","no_results",0,"sec_results/R.S._SEPIAN_CONSTRUCTION_&_TRUCKING.txt"
"SGM_CONSTRUCTION","no_results",0,"sec_results/SGM_CONSTRUCTION.txt"
"SQUARE_N_CONSTRUCTION_&_SUPPLY","no_results",0,"sec_results/SQUARE_N_CONSTRUCTION_&_SUPPLY.txt"
"PHILWORKS_CONSTRUCTION_&_SUPPLY","no_results",0,"sec_results/PHILWORKS_CONSTRUCTION_&_SUPPLY.txt"
"STEEL_RICH_CONSTRUCTION","no_results",0,"sec_results/STEEL_RICH_CONSTRUCTION.txt"
"D_B_BARAQUIEL_CONSTRUCTION","no_results",0,"sec_results/D_B_BARAQUIEL_CONSTRUCTION.txt"
"ALT_CONSTRUCTION","no_results",0,"sec_results/ALT_CONSTRUCTION.txt"
"FNR_BUILDERS","success",1,"sec_results/FNR_BUILDERS.txt"
"S.R._LUMANTA_CONSTRUCTION_&_SUPPLY","no_results",0,"sec_results/S.R._LUMANTA_CONSTRUCTION_&_SUPPLY.txt"
"SOLID_M_CONSTRUCTION","no_results",0,"sec_results/SOLID_M_CONSTRUCTION.txt"
"ROSSLANCE_CONSTRUCTION_AND_DEVELOPMENT","no_results",0,"sec_results/ROSSLANCE_CONSTRUCTION_AND_DEVELOPMENT.txt"
"1ST_J.E._ADLAWAN_CONSTRUCTION_&_SUPPLY_CORPORATION_(FORMERLY:_ELEAZAR_V._ADLAWAN_CONSTRUCTION)","no_results",0,"sec_results/1ST_J.E._ADLAWAN_CONSTRUCTION_&_SUPPLY_CORPORATION_(FORMERLY:_ELEAZAR_V._ADLAWAN_CONSTRUCTION).txt"
"EDDMARI_CONSTRUCTION_TRADING","success",1,"sec_results/EDDMARI_CONSTRUCTION_TRADING.txt"
"MCJ_SUMMIT_ENTERPRISE","no_results",0,"sec_results/MCJ_SUMMIT_ENTERPRISE.txt"
"NAHARO__BUILDERS,_INC","no_results",0,"sec_results/NAHARO__BUILDERS,_INC.txt"
"J._LINGAT_CONSTRUCTION","no_results",0,"sec_results/J._LINGAT_CONSTRUCTION.txt"
"EGB_CONSTRUCTION_CORPORATION_(FORMERLY:_EGB_CONSTRUCTION)","no_results",0,"sec_results/EGB_CONSTRUCTION_CORPORATION_(FORMERLY:_EGB_CONSTRUCTION).txt"
"R.G._DELA_CRUZ_CONSTRUCTION","success",6,"sec_results/R.G._DELA_CRUZ_CONSTRUCTION.txt"
"RJJJ_ENGINEERING_SERVICES","no_results",0,"sec_results/RJJJ_ENGINEERING_SERVICES.txt"
"BOSH_MEGATRADE_AND_SERVICES_CO.","no_results",0,"sec_results/BOSH_MEGATRADE_AND_SERVICES_CO..txt"
"MR_VARGAS_CONSTRUCTION_CORPORATION","success",1,"sec_results/MR_VARGAS_CONSTRUCTION_CORPORATION.txt"
"MARTIN_DEVELOPMENT_CORPORATION","success",2,"sec_results/MARTIN_DEVELOPMENT_CORPORATION.txt"
"NOVANNE_VENTURES_CONSTRUCTION_CORPORATION","success",1,"sec_results/NOVANNE_VENTURES_CONSTRUCTION_CORPORATION.txt"
"FIVE_A_CONSTRUCTION","no_results",0,"sec_results/FIVE_A_CONSTRUCTION.txt"
"RUCS_KONSULT_&_CONSTRUCTION_SERVICES","no_results",0,"sec_results/RUCS_KONSULT_&_CONSTRUCTION_SERVICES.txt"
"RUPLINO_SEISMUNDO_CONSTRUCTION_CORPORATION","success",1,"sec_results/RUPLINO_SEISMUNDO_CONSTRUCTION_CORPORATION.txt"
"A._DE_GUIA_CONSTRUCTION","no_results",0,"sec_results/A._DE_GUIA_CONSTRUCTION.txt"
"J_A_DEVELOPERS_AND_ENGINEERS","no_results",0,"sec_results/J_A_DEVELOPERS_AND_ENGINEERS.txt"
"MAC_BUILDERS","success",4,"sec_results/MAC_BUILDERS.txt"
"GKB_BUILDERS","no_results",0,"sec_results/GKB_BUILDERS.txt"
"A_Z_CONSTRUCTION","no_results",0,"sec_results/A_Z_CONSTRUCTION.txt"
"FIRMAX_CONSTRUCTION_AND_SUPPLY","no_results",0,"sec_results/FIRMAX_CONSTRUCTION_AND_SUPPLY.txt"
"KJRS_CONSTRUCTION_ENTERPRISES","no_results",0,"sec_results/KJRS_CONSTRUCTION_ENTERPRISES.txt"
"DG_CHICO_TRADING_CONSTRUCTION_CORP","no_results",0,"sec_results/DG_CHICO_TRADING_CONSTRUCTION_CORP.txt"
"ROPRIM_CONSTRUCTION","success",1,"sec_results/ROPRIM_CONSTRUCTION.txt"
"DOUBLE_12_CONSTRUCTION_SUPPLY","success",1,"sec_results/DOUBLE_12_CONSTRUCTION_SUPPLY.txt"
"ALPHIN_TRADING_AND_CONSTRUCTION","no_results",0,"sec_results/ALPHIN_TRADING_AND_CONSTRUCTION.txt"
"ROPRIM_CONSTRUCTION_CORPORATION_(FORMERLY_ROPRIM_CONSTRUCTION)","no_results",0,"sec_results/ROPRIM_CONSTRUCTION_CORPORATION_(FORMERLY_ROPRIM_CONSTRUCTION).txt"
"BRYAN_PAUL_P_PACHECO_CONST_CORP","success",1,"sec_results/BRYAN_PAUL_P_PACHECO_CONST_CORP.txt"
"ROCK_DIWATA_BUILDERS_INC","success",1,"sec_results/ROCK_DIWATA_BUILDERS_INC.txt"
"LARSEN-DUTCHER_CONSTRACTOR","success",1,"sec_results/LARSEN-DUTCHER_CONSTRACTOR.txt"
"F_DEY_CONSTRUCTION_AND_TRADING","no_results",0,"sec_results/F_DEY_CONSTRUCTION_AND_TRADING.txt"
"EMQ_DESIGN_&_CONSTRUCTION","no_results",0,"sec_results/EMQ_DESIGN_&_CONSTRUCTION.txt"
"ALFREGO_BUILDERS_SUPPLY","no_results",0,"sec_results/ALFREGO_BUILDERS_SUPPLY.txt"
"REY-TECH_CONST._&_DEV'T_CORPORATION","no_results",0,"sec_results/REY-TECH_CONST._&_DEV'T_CORPORATION.txt"
"HEAF_CONSULTANCY_&AMP;_ENGINEERING_SERVICES","no_results",0,"sec_results/HEAF_CONSULTANCY_&AMP;_ENGINEERING_SERVICES.txt"
"J.B._ALARCON_ENTERPRISES","no_results",0,"sec_results/J.B._ALARCON_ENTERPRISES.txt"
"MEGAY_CONSTRUCTION_INC._(FORMERLY:_MEGAY_CONSTRUCTION)","no_results",0,"sec_results/MEGAY_CONSTRUCTION_INC._(FORMERLY:_MEGAY_CONSTRUCTION).txt"
"J_D_MADRID_CONSTRUCTION","no_results",0,"sec_results/J_D_MADRID_CONSTRUCTION.txt"
"RAL_CONSTRUCTION_SUPPLY_&AMP;_GEN._MDSE","no_results",0,"sec_results/RAL_CONSTRUCTION_SUPPLY_&AMP;_GEN._MDSE.txt"
"GEL-TON_CONSTRUCTION","no_results",0,"sec_results/GEL-TON_CONSTRUCTION.txt"
"HIGH_STRENGTH_DEV._CORPORATION","no_results",0,"sec_results/HIGH_STRENGTH_DEV._CORPORATION.txt"
"JC_PALOMO_CONSTRUCTION_CONSTRUCTION_SUPPLY","no_results",0,"sec_results/JC_PALOMO_CONSTRUCTION_CONSTRUCTION_SUPPLY.txt"
"RICHMAR_CONSTRUCTION","no_results",0,"sec_results/RICHMAR_CONSTRUCTION.txt"
"JAMARI_CONSTRUCTION","no_results",0,"sec_results/JAMARI_CONSTRUCTION.txt"
"1_BEATUS_BUILDERS_CORP.","success",1,"sec_results/1_BEATUS_BUILDERS_CORP..txt"
"M.S.CASTILLO_CONSTRUCTION","no_results",0,"sec_results/M.S.CASTILLO_CONSTRUCTION.txt"
"AMPLEX_CONSTRUCTION_AND_SUPPLIES","no_results",0,"sec_results/AMPLEX_CONSTRUCTION_AND_SUPPLIES.txt"
"B_VICENCIO_BUILDERS_BVB_INC","success",1,"sec_results/B_VICENCIO_BUILDERS_BVB_INC.txt"
"AD_PENDON_CONSTRUCTION_SUPPLY_INC","success",1,"sec_results/AD_PENDON_CONSTRUCTION_SUPPLY_INC.txt"
"FNS_BUILDERS","no_results",0,"sec_results/FNS_BUILDERS.txt"
"AL_FAHDEL_CONSTRUCTION_ENGINEERING","no_results",0,"sec_results/AL_FAHDEL_CONSTRUCTION_ENGINEERING.txt"
"NENIAL_CONSTRUCTION","no_results",0,"sec_results/NENIAL_CONSTRUCTION.txt"
"TWO_DIMENSION_CONSTRUCTION","no_results",0,"sec_results/TWO_DIMENSION_CONSTRUCTION.txt"
"WILLIAMSON_BUILDERS_INC","no_results",0,"sec_results/WILLIAMSON_BUILDERS_INC.txt"
"JTC_CRUZ_CONSTRUCTION_CO.,_INC","success",1,"sec_results/JTC_CRUZ_CONSTRUCTION_CO.,_INC.txt"
"HIGH_ROCK_CONSTRUCTION_AND_SUPPLIES_INCORPORATED","success",1,"sec_results/HIGH_ROCK_CONSTRUCTION_AND_SUPPLIES_INCORPORATED.txt"
"G.F._FABIAN_CONSTRUCTION","no_results",0,"sec_results/G.F._FABIAN_CONSTRUCTION.txt"
"ABMJ_CONSTRUCTION_AND_AGGREGATES","success",1,"sec_results/ABMJ_CONSTRUCTION_AND_AGGREGATES.txt"
"MDBV_CONSTRUCTION_AND_SUPPLY","no_results",0,"sec_results/MDBV_CONSTRUCTION_AND_SUPPLY.txt"
"NGEC_NESTOR_GENERAL_ENGINEERING_CONSTRUCTION","no_results",0,"sec_results/NGEC_NESTOR_GENERAL_ENGINEERING_CONSTRUCTION.txt"
"JD_RG_CONSTRUCTION_AND_SUPPLIES_CORP","success",10,"sec_results/JD_RG_CONSTRUCTION_AND_SUPPLIES_CORP.txt"
"IVY_MICHELLE_CONSTRUCTION_AND_TRADING_INC","success",1,"sec_results/IVY_MICHELLE_CONSTRUCTION_AND_TRADING_INC.txt"
"LEZA__CONSTRUCTION_&_SUPPLY","no_results",0,"sec_results/LEZA__CONSTRUCTION_&_SUPPLY.txt"
"SAFEWAY_CONSTRUCTION_AND_SUPPLY","no_results",0,"sec_results/SAFEWAY_CONSTRUCTION_AND_SUPPLY.txt"
"DAV-LEY_CONSTRUCTION_SERVICES","no_results",0,"sec_results/DAV-LEY_CONSTRUCTION_SERVICES.txt"
"NFH_CONSTRUCTION_SUPPLY","success",1,"sec_results/NFH_CONSTRUCTION_SUPPLY.txt"
"SEVEN_DIGIT_CONSTRUCTION_AND_SUPPLIES","no_results",0,"sec_results/SEVEN_DIGIT_CONSTRUCTION_AND_SUPPLIES.txt"
"MERMIT_CONSTRUCTION_AND_ENTERPRISES","no_results",0,"sec_results/MERMIT_CONSTRUCTION_AND_ENTERPRISES.txt"
"ARAC_CONSTRUCTION","no_results",0,"sec_results/ARAC_CONSTRUCTION.txt"
"IKM_BUILDERS_&_CONSTRUCTION_SUPPLY","no_results",0,"sec_results/IKM_BUILDERS_&_CONSTRUCTION_SUPPLY.txt"
"D_R_ROBLES_CONSTRUCTION","no_results",0,"sec_results/D_R_ROBLES_CONSTRUCTION.txt"
"SAMJS_CONSTRUCTION_SERVICES","no_results",0,"sec_results/SAMJS_CONSTRUCTION_SERVICES.txt"
"TRIMLUV_BUILDERS_AND_SUPPLY","no_results",0,"sec_results/TRIMLUV_BUILDERS_AND_SUPPLY.txt"
"JACAA_DESIGN_AND_CONSTRUCTION","no_results",0,"sec_results/JACAA_DESIGN_AND_CONSTRUCTION.txt"
"JHUERS_CONSTRUCTION","no_results",0,"sec_results/JHUERS_CONSTRUCTION.txt"
"JZL_BUILDERS","no_results",0,"sec_results/JZL_BUILDERS.txt"
"NAMNAMA_CONSTRUCTION_SUPPLIES","no_results",0,"sec_results/NAMNAMA_CONSTRUCTION_SUPPLIES.txt"
"R-II_BUILDERS,_INC","no_results",0,"sec_results/R-II_BUILDERS,_INC.txt"
"SADLAN_CONSTRUCTION","no_results",0,"sec_results/SADLAN_CONSTRUCTION.txt"
"AJ_TAYLAN_CONSTRUCTION_CORPORATION","success",1,"sec_results/AJ_TAYLAN_CONSTRUCTION_CORPORATION.txt"
"ONE_MYRNA_CONSTRUCTION_AND_SUPPLY","no_results",0,"sec_results/ONE_MYRNA_CONSTRUCTION_AND_SUPPLY.txt"
"LMCA_MARKETING","no_results",0,"sec_results/LMCA_MARKETING.txt"
"BORDERLINE_CONSTRUCTION","no_results",0,"sec_results/BORDERLINE_CONSTRUCTION.txt"
"CJEP_BUILDERS_AND_ENGINEERING_SERVICES","no_results",0,"sec_results/CJEP_BUILDERS_AND_ENGINEERING_SERVICES.txt"
"SALDANIA_CONSTRUCTION","no_results",0,"sec_results/SALDANIA_CONSTRUCTION.txt"
"HEXAMINDZ_CORPORATION_(FORMERLY:KILUSANG_MAGKAIBIG","no_results",0,"sec_results/HEXAMINDZ_CORPORATION_(FORMERLY:KILUSANG_MAGKAIBIG.txt"
"BAYTORR_CONSTRUCTION_AND_DEVELOPMENT_CORPORATION","success",1,"sec_results/BAYTORR_CONSTRUCTION_AND_DEVELOPMENT_CORPORATION.txt"
"M.M._SERRANO_CONSTRUCTION_COMPANY","success",2,"sec_results/M.M._SERRANO_CONSTRUCTION_COMPANY.txt"
"LLM_CONCRETE_PRODUCTS","no_results",0,"sec_results/LLM_CONCRETE_PRODUCTS.txt"
"A.L._SALAZAR_CONSTRUCTION,_INC.","success",1,"sec_results/A.L._SALAZAR_CONSTRUCTION,_INC..txt"
"I&E_CONSTRUCTION_CORPORATION_(FORMERLY:_I&E_CONSTR","no_results",0,"sec_results/I&E_CONSTRUCTION_CORPORATION_(FORMERLY:_I&E_CONSTR.txt"
"GOLDEN_CONSTRUCTION_AND_SUPPLY","no_results",0,"sec_results/GOLDEN_CONSTRUCTION_AND_SUPPLY.txt"
"MEGA_QSN_CONSTRUCTION_AND_SUPPLY_INC","success",1,"sec_results/MEGA_QSN_CONSTRUCTION_AND_SUPPLY_INC.txt"
"AL_AMEN_BUILDERS","no_results",0,"sec_results/AL_AMEN_BUILDERS.txt"
"M_SQUARE_H_CONSTRUCTION_&_SUPPLY","no_results",0,"sec_results/M_SQUARE_H_CONSTRUCTION_&_SUPPLY.txt"
"R.K._ENGINEERING_&_CONSTRUCTION_WORKS","no_results",0,"sec_results/R.K._ENGINEERING_&_CONSTRUCTION_WORKS.txt"
"MAVI_CONSTRUCTION_INC.","success",1,"sec_results/MAVI_CONSTRUCTION_INC..txt"
"CT_LEONCIO_CONSTRUCTION_TRADING","no_results",0,"sec_results/CT_LEONCIO_CONSTRUCTION_TRADING.txt"
"THREADSTONE_CONSTRUCTION_AND_SUPPLY","no_results",0,"sec_results/THREADSTONE_CONSTRUCTION_AND_SUPPLY.txt"
"AMEG_CONSTRUCTION_&_SUPPLY","no_results",0,"sec_results/AMEG_CONSTRUCTION_&_SUPPLY.txt"
"L.R._TIQUI_BUILDERS,_INC.","no_results",0,"sec_results/L.R._TIQUI_BUILDERS,_INC..txt"
"A_B_TAYLAN_CONSTRUCTION_DEVELOPMENT","no_results",0,"sec_results/A_B_TAYLAN_CONSTRUCTION_DEVELOPMENT.txt"
"FOURTH_GENERATION_T_CONSTRUCTION","no_results",0,"sec_results/FOURTH_GENERATION_T_CONSTRUCTION.txt"
"FIRST_OMB_CONSTRUCTION_AND_DEVELOPMENT_CORP","success",1,"sec_results/FIRST_OMB_CONSTRUCTION_AND_DEVELOPMENT_CORP.txt"
"ESD_CRUZ_CONSTRUCTION_&_SUPPLY","no_results",0,"sec_results/ESD_CRUZ_CONSTRUCTION_&_SUPPLY.txt"
"RADIAN_CONSTRUCTION_AND_SUPPLY","no_results",0,"sec_results/RADIAN_CONSTRUCTION_AND_SUPPLY.txt"
"RAMSA_CONSTRUCTION_AND_SUPPLY","no_results",0,"sec_results/RAMSA_CONSTRUCTION_AND_SUPPLY.txt"
"REDSON_CONSTRUCTION_AND_SUPPLIES","success",1,"sec_results/REDSON_CONSTRUCTION_AND_SUPPLIES.txt"
"PREMIUM_MEGASTRUCTURES_INC","success",1,"sec_results/PREMIUM_MEGASTRUCTURES_INC.txt"
"PPG_CONSTRUCTION_CORP","no_results",0,"sec_results/PPG_CONSTRUCTION_CORP.txt"
"G.B._CARLOS_CONSTRUCTION","success",4,"sec_results/G.B._CARLOS_CONSTRUCTION.txt"
"KIT_UBIADAS_CONSTRUCTION_CORPORATION","success",1,"sec_results/KIT_UBIADAS_CONSTRUCTION_CORPORATION.txt"
"SPRING_STAR_CONSTRUCTION_AND_SUPPLY","no_results",0,"sec_results/SPRING_STAR_CONSTRUCTION_AND_SUPPLY.txt"
"JG_ORANZA_CONSTRUCTION","no_results",0,"sec_results/JG_ORANZA_CONSTRUCTION.txt"
"R_BAUDON_CONSTRUCTION_AND_SUPPLY_CO","no_results",0,"sec_results/R_BAUDON_CONSTRUCTION_AND_SUPPLY_CO.txt"
"HGG_BUILDERS_AND_SUPPLY","no_results",0,"sec_results/HGG_BUILDERS_AND_SUPPLY.txt"
"CAVIREÃ‘A_CONSTRUCTION_SUPPLIES_TRADING","no_results",0,"sec_results/CAVIREÃ‘A_CONSTRUCTION_SUPPLIES_TRADING.txt"
"FRANZCOR_TRADING_&_CONSTRUCTION","no_results",0,"sec_results/FRANZCOR_TRADING_&_CONSTRUCTION.txt"
"SUNWEST_CONSTRUCTION_DEVELOPMENT_CORPORATION","no_results",0,"sec_results/SUNWEST_CONSTRUCTION_DEVELOPMENT_CORPORATION.txt"
"JCM_AMEG_BUILDERS_CORPORATION","no_results",0,"sec_results/JCM_AMEG_BUILDERS_CORPORATION.txt"
"WESTERN_MINDANAO_CONSTRUCTION","no_results",0,"sec_results/WESTERN_MINDANAO_CONSTRUCTION.txt"
"SANRHO_BUILDERS_INC","success",1,"sec_results/SANRHO_BUILDERS_INC.txt"
"ALGAMON_CONSTRUCTION","success",1,"sec_results/ALGAMON_CONSTRUCTION.txt"
"BLUE_MOUNTAIN_BUILDERS_GENERAL_MDSE","no_results",0,"sec_results/BLUE_MOUNTAIN_BUILDERS_GENERAL_MDSE.txt"
"DARCY__ANNA_BUILDERS__TRADING","no_results",0,"sec_results/DARCY__ANNA_BUILDERS__TRADING.txt"
"MESAGON_BUILDERS,_INC","no_results",0,"sec_results/MESAGON_BUILDERS,_INC.txt"
"EXTENSIVE_STEEL_WORKS","no_results",0,"sec_results/EXTENSIVE_STEEL_WORKS.txt"
"R.N.G.M._CONSTRUCTION","no_results",0,"sec_results/R.N.G.M._CONSTRUCTION.txt"
"R_AN_CONSTRUCTION_AND_CONSTRUCTION_SUPPLY","success",6,"sec_results/R_AN_CONSTRUCTION_AND_CONSTRUCTION_SUPPLY.txt"
"E.R._DELA_CRUZ_CONSTRUCTION_&_SUPPLY","no_results",0,"sec_results/E.R._DELA_CRUZ_CONSTRUCTION_&_SUPPLY.txt"
"RT_BUILDERS","success",10,"sec_results/RT_BUILDERS.txt"
"J_AURELLANO_CONSTRUCTION","no_results",0,"sec_results/J_AURELLANO_CONSTRUCTION.txt"
"CHONG_CONSTRUCTION_AND_SUPPLIES","no_results",0,"sec_results/CHONG_CONSTRUCTION_AND_SUPPLIES.txt"
"R.B._PANO_CONSTRUCTION_CORP","no_results",0,"sec_results/R.B._PANO_CONSTRUCTION_CORP.txt"
"120_OVER_CONSTRUCTION_CO_","no_results",0,"sec_results/120_OVER_CONSTRUCTION_CO_.txt"
"A.I.M._CONSTRUCTION","success",10,"sec_results/A.I.M._CONSTRUCTION.txt"
"JTC_CRUZ_CONSTRUCTION_CO._INC","no_results",0,"sec_results/JTC_CRUZ_CONSTRUCTION_CO._INC.txt"
"3MC_KING_CIVIL_ENGINEERING_CONSTRUCTION","no_results",0,"sec_results/3MC_KING_CIVIL_ENGINEERING_CONSTRUCTION.txt"
"VR_PATRON_BUILDERS_DEVELOPERS_CORP_PREVIOUSL","no_results",0,"sec_results/VR_PATRON_BUILDERS_DEVELOPERS_CORP_PREVIOUSL.txt"
"ENGINEERING","success",10,"sec_results/ENGINEERING.txt"
"J.M._LUCIANO_CONSTRUCTION,__INC","no_results",0,"sec_results/J.M._LUCIANO_CONSTRUCTION,__INC.txt"
"RADIANS_BUILDERS_AND_SUPPLY_CORPORATION","success",1,"sec_results/RADIANS_BUILDERS_AND_SUPPLY_CORPORATION.txt"
"JV_ENTERPRISES","success",10,"sec_results/JV_ENTERPRISES.txt"
"ROYAL_CROWN_MONARCH_CONSTRUCTION_&_SUPPLIES_CORP","no_results",0,"sec_results/ROYAL_CROWN_MONARCH_CONSTRUCTION_&_SUPPLIES_CORP.txt"
"RHOB_CONSTRUCTION_&_ENGINEERING_SERVICES","no_results",0,"sec_results/RHOB_CONSTRUCTION_&_ENGINEERING_SERVICES.txt"
"ALPHA_RYDER_CONSTRUCTION_&_SUPPLIES","no_results",0,"sec_results/ALPHA_RYDER_CONSTRUCTION_&_SUPPLIES.txt"
"J.M._BONAVENTE_HARDWARE_&_CONSTRUCTION_SUPPLIES","no_results",0,"sec_results/J.M._BONAVENTE_HARDWARE_&_CONSTRUCTION_SUPPLIES.txt"
"MASTERSTONE_DEVELOPMENT_AND_CONSTRUCTION_CORPORATION","success",1,"sec_results/MASTERSTONE_DEVELOPMENT_AND_CONSTRUCTION_CORPORATION.txt"
"T-SQUARE_BUILDERS","no_results",0,"sec_results/T-SQUARE_BUILDERS.txt"
"EEJ_CONSTRUCTION","no_results",0,"sec_results/EEJ_CONSTRUCTION.txt"
"TRICHES_CONSTRUCTION_&_TRADING","no_results",0,"sec_results/TRICHES_CONSTRUCTION_&_TRADING.txt"
"AIP_CONSTRUCTION","no_results",0,"sec_results/AIP_CONSTRUCTION.txt"
"TANGAYAB_CONSTRUCTION_SERVICES","no_results",0,"sec_results/TANGAYAB_CONSTRUCTION_SERVICES.txt"
"KYRO_BUILDERS,_INC.","success",1,"sec_results/KYRO_BUILDERS,_INC..txt"
"RENOL_ENGINEERING_SERVICES_AND_CONSTRUCTION_SUPPLY","no_results",0,"sec_results/RENOL_ENGINEERING_SERVICES_AND_CONSTRUCTION_SUPPLY.txt"
"LOBRIÃ‘OS_CONSOLIDATED_CONSTRUCTION","no_results",0,"sec_results/LOBRIÃ‘OS_CONSOLIDATED_CONSTRUCTION.txt"
"M._G._FRANCISCO_CONSTRUCTION","no_results",0,"sec_results/M._G._FRANCISCO_CONSTRUCTION.txt"
"RNMK_CONSTRUCTION_SUPPLY_AND_DEVELOPMENT_CORPORATION","success",1,"sec_results/RNMK_CONSTRUCTION_SUPPLY_AND_DEVELOPMENT_CORPORATION.txt"
"RCS_CONSTRUCTION","no_results",0,"sec_results/RCS_CONSTRUCTION.txt"
"5S_CONSTRUCTION_SUPPLY","success",10,"sec_results/5S_CONSTRUCTION_SUPPLY.txt"
"A.B._CASIANO_GRAVEL_&AMP;_SAND_CONSTRUCTION_SUPPLY","no_results",0,"sec_results/A.B._CASIANO_GRAVEL_&AMP;_SAND_CONSTRUCTION_SUPPLY.txt"
"EXCEL_C'S_BUILDERS","no_results",0,"sec_results/EXCEL_C'S_BUILDERS.txt"
"OIC_CONST","no_results",0,"sec_results/OIC_CONST.txt"
"C_T_LEONCIO_CONSTRUCTION","no_results",0,"sec_results/C_T_LEONCIO_CONSTRUCTION.txt"
"STEA_CONSTRUCTION","no_results",0,"sec_results/STEA_CONSTRUCTION.txt"
"QUICKSILVER_CONSTRUCTION_SERVICES","no_results",0,"sec_results/QUICKSILVER_CONSTRUCTION_SERVICES.txt"
"KAEE_CONSTRUCTION_SERVICES","no_results",0,"sec_results/KAEE_CONSTRUCTION_SERVICES.txt"
"HENSO_CONSTRUCTION","success",1,"sec_results/HENSO_CONSTRUCTION.txt"
"CLIFF_CONSTRUCTION_&_AGGREGATES","no_results",0,"sec_results/CLIFF_CONSTRUCTION_&_AGGREGATES.txt"
"JASA_BUILDER_S_JONIK_TRADING_CONSTRUCTION","no_results",0,"sec_results/JASA_BUILDER_S_JONIK_TRADING_CONSTRUCTION.txt"
"MRJR_CONSTRUCTION_&_TRADING","no_results",0,"sec_results/MRJR_CONSTRUCTION_&_TRADING.txt"
"EAST_ASIA_CONSTRUCTION,_INC._-_ILOILO","no_results",0,"sec_results/EAST_ASIA_CONSTRUCTION,_INC._-_ILOILO.txt"
"R._A._MATIAS_CONSTRUCTION_AND_DEVELOPERS_INC","success",1,"sec_results/R._A._MATIAS_CONSTRUCTION_AND_DEVELOPERS_INC.txt"
"AIMEK_CONSTRUCTION_AND_SUPPLY","no_results",0,"sec_results/AIMEK_CONSTRUCTION_AND_SUPPLY.txt"
"GC_&_S_CONSTRUCTION_&_SUPPLY","success",10,"sec_results/GC_&_S_CONSTRUCTION_&_SUPPLY.txt"
"PITONG_BUILDERS_&_CONSTRUCTION_SUPPLY","no_results",0,"sec_results/PITONG_BUILDERS_&_CONSTRUCTION_SUPPLY.txt"
"PLD_CONSTRUCTION_AND_DEVELOPMENT_INC._(FORMERLY:_PLD_CONSTRUCTION)","no_results",0,"sec_results/PLD_CONSTRUCTION_AND_DEVELOPMENT_INC._(FORMERLY:_PLD_CONSTRUCTION).txt"
"SILVER_DRAGON_CONSTRUCTION_LUMBER_AND_GLASS_SUPPLY","no_results",0,"sec_results/SILVER_DRAGON_CONSTRUCTION_LUMBER_AND_GLASS_SUPPLY.txt"
"E.D._DE","no_results",0,"sec_results/E.D._DE.txt"
"JURIS_CONSTRUCTION_&_BUILDERS","no_results",0,"sec_results/JURIS_CONSTRUCTION_&_BUILDERS.txt"
"CAJUGOTAN_BUILDERS_AND_DEVELOPMENT_CORP","success",1,"sec_results/CAJUGOTAN_BUILDERS_AND_DEVELOPMENT_CORP.txt"
"JMCQ_CONSTRUCTION_AND_SUPPLY","no_results",0,"sec_results/JMCQ_CONSTRUCTION_AND_SUPPLY.txt"
"F-DEY_CONSTRUCTION_AND_TRADING","no_results",0,"sec_results/F-DEY_CONSTRUCTION_AND_TRADING.txt"
"KODUS_PEERS_CONSTRUCTION_CORPORATION","no_results",0,"sec_results/KODUS_PEERS_CONSTRUCTION_CORPORATION.txt"
"SAMANTHA_ENTERPRISES","no_results",0,"sec_results/SAMANTHA_ENTERPRISES.txt"
"BANCAL_CONSTRUCTION_AND_SUPPLY","no_results",0,"sec_results/BANCAL_CONSTRUCTION_AND_SUPPLY.txt"
"ANORE_CONSTRUCTION","no_results",0,"sec_results/ANORE_CONSTRUCTION.txt"
"CTC_BU_AICON_INDUSTRIES","no_results",0,"sec_results/CTC_BU_AICON_INDUSTRIES.txt"
"C.R._DOMINGO_CONSTRUCTION,_INC","no_results",0,"sec_results/C.R._DOMINGO_CONSTRUCTION,_INC.txt"
"R._AGULLO_CONSTRUCTION_&_ENTERPRISES","no_results",0,"sec_results/R._AGULLO_CONSTRUCTION_&_ENTERPRISES.txt"
"JJ&J_CONSTRUCTION_AND_GENERAL_SUPPLY","no_results",0,"sec_results/JJ&J_CONSTRUCTION_AND_GENERAL_SUPPLY.txt"
"JOMARCANN_GENERAL_CONSTRUCTION","success",1,"sec_results/JOMARCANN_GENERAL_CONSTRUCTION.txt"
"K.M._GOLONG_CONSTRUCTION","no_results",0,"sec_results/K.M._GOLONG_CONSTRUCTION.txt"
"NRMM_CONSTRUCTION_AND_DEVELOPMENT_CORPORATION","no_results",0,"sec_results/NRMM_CONSTRUCTION_AND_DEVELOPMENT_CORPORATION.txt"
"H_G_LOPEZ_CONSTRUCTION","success",9,"sec_results/H_G_LOPEZ_CONSTRUCTION.txt"
"DUPLAMILCO_INC","no_results",0,"sec_results/DUPLAMILCO_INC.txt"
"TRISTAN_TEJADA_CONSTRUCTION","no_results",0,"sec_results/TRISTAN_TEJADA_CONSTRUCTION.txt"
"D.G._SARMENTA_CONSTRUCTION","no_results",0,"sec_results/D.G._SARMENTA_CONSTRUCTION.txt"
"JIT_BUILDERS","no_results",0,"sec_results/JIT_BUILDERS.txt"
"CRESTA_MANAGEMENT_CONSTRUCTION","no_results",0,"sec_results/CRESTA_MANAGEMENT_CONSTRUCTION.txt"
"PROSIA_ENTERPRISES","no_results",0,"sec_results/PROSIA_ENTERPRISES.txt"
"GECEL_CONSTRUCTION","no_results",0,"sec_results/GECEL_CONSTRUCTION.txt"
"3_SIDES_BUILDERS_TRADING_CORP","success",1,"sec_results/3_SIDES_BUILDERS_TRADING_CORP.txt"
"ALL_WEATHER_CONSTRUCTION","no_results",0,"sec_results/ALL_WEATHER_CONSTRUCTION.txt"
"B.P._CRUZ_BUILDERS_AND_TRADING","no_results",0,"sec_results/B.P._CRUZ_BUILDERS_AND_TRADING.txt"
"RC_TAGALA_CONSTRUCTION","success",2,"sec_results/RC_TAGALA_CONSTRUCTION.txt"
"J_C_ALBASON_BUILDERS_AND_SUPPLY","success",10,"sec_results/J_C_ALBASON_BUILDERS_AND_SUPPLY.txt"
"W.GO_CONSTRUCTION_AND_SUPPLY","success",10,"sec_results/W.GO_CONSTRUCTION_AND_SUPPLY.txt"
"A_T_DUMLAO_CONSTRUCTION_INC_FORMERLYANDONI_T_D","no_results",0,"sec_results/A_T_DUMLAO_CONSTRUCTION_INC_FORMERLYANDONI_T_D.txt"
"EMICA_BUILDERS_AND_SUPPLY","no_results",0,"sec_results/EMICA_BUILDERS_AND_SUPPLY.txt"
"PRIME_PAVE_CONSTRUCTION_AND_ASPHALT_CORPORATION","success",1,"sec_results/PRIME_PAVE_CONSTRUCTION_AND_ASPHALT_CORPORATION.txt"
"JAEJR_ELECTRICAL_CONSTRUCTION","no_results",0,"sec_results/JAEJR_ELECTRICAL_CONSTRUCTION.txt"
"BRENTMIN_ROOFING_ENTERPRISE","no_results",0,"sec_results/BRENTMIN_ROOFING_ENTERPRISE.txt"
"INFINITUM_FORTUNE","no_results",0,"sec_results/INFINITUM_FORTUNE.txt"
"CDC_CONSTRUCTION_AND_SUPPLIES","no_results",0,"sec_results/CDC_CONSTRUCTION_AND_SUPPLIES.txt"
"FA_TORRES_CONSTRUCTION","success",7,"sec_results/FA_TORRES_CONSTRUCTION.txt"
"PHILSOUTH_BUILDERS_INC_(FORMERLY:PHILSOUTH_BUILDERS)","no_results",0,"sec_results/PHILSOUTH_BUILDERS_INC_(FORMERLY:PHILSOUTH_BUILDERS).txt"
"ROVILLA_CONSTRUCTION","success",1,"sec_results/ROVILLA_CONSTRUCTION.txt"
"ELITE_GENERAL_CONTRACTOR_AND_DEVELOPMENT_CORPORATION","no_results",0,"sec_results/ELITE_GENERAL_CONTRACTOR_AND_DEVELOPMENT_CORPORATION.txt"
"MRP_MERCHANDISING","no_results",0,"sec_results/MRP_MERCHANDISING.txt"
"AMEG_CONSTRUCTION_AND_SUPPLY","no_results",0,"sec_results/AMEG_CONSTRUCTION_AND_SUPPLY.txt"
"EE_MADAYAG_CONSTRUCTION","no_results",0,"sec_results/EE_MADAYAG_CONSTRUCTION.txt"
"MARK_ANTHONY_CONSTRUCTION_SUPPLY","no_results",0,"sec_results/MARK_ANTHONY_CONSTRUCTION_SUPPLY.txt"
"DIADEMA_CONSTRUCTION_AND_ENTERPRISES_INC","success",1,"sec_results/DIADEMA_CONSTRUCTION_AND_ENTERPRISES_INC.txt"
"R.E._ORLINA_CONSTRUCTION_CORPORATION","success",1,"sec_results/R.E._ORLINA_CONSTRUCTION_CORPORATION.txt"
"NALE_CONSTRUCTION","success",1,"sec_results/NALE_CONSTRUCTION.txt"
"JMD-68_BUILDERS","no_results",0,"sec_results/JMD-68_BUILDERS.txt"
"CONSTRUCTION_SUPPLY_COMPANY_OPC","success",1,"sec_results/CONSTRUCTION_SUPPLY_COMPANY_OPC.txt"
"JOHN_DEE_B_BUSTAMANTE_CONSTRUCTION","no_results",0,"sec_results/JOHN_DEE_B_BUSTAMANTE_CONSTRUCTION.txt"
"MAK-JAMS_CONSTRUCTION","no_results",0,"sec_results/MAK-JAMS_CONSTRUCTION.txt"
"HANNA_VIA_DESIGN_&_CONSTRUCTION","no_results",0,"sec_results/HANNA_VIA_DESIGN_&_CONSTRUCTION.txt"
"MARIANO_M._MACLANG_CONSTRUCTION_AND_DEVELOPMENT","no_results",0,"sec_results/MARIANO_M._MACLANG_CONSTRUCTION_AND_DEVELOPMENT.txt"
"P.B._GREY_CONSTRUCTION","no_results",0,"sec_results/P.B._GREY_CONSTRUCTION.txt"
"SBJ_CONSTRUCTION_MATERIALS","no_results",0,"sec_results/SBJ_CONSTRUCTION_MATERIALS.txt"
"OIC_CONZTRUCT_AND_SUPPLY_CORPORATION","success",1,"sec_results/OIC_CONZTRUCT_AND_SUPPLY_CORPORATION.txt"
"TIONGCO_MENDOZA_CONSTRUCTION_CO._INC","no_results",0,"sec_results/TIONGCO_MENDOZA_CONSTRUCTION_CO._INC.txt"
"KATHA_BUILDERS_&_SUPPLIES","no_results",0,"sec_results/KATHA_BUILDERS_&_SUPPLIES.txt"
"E.D._LIBUNAO_CONSTRUCTION_&_TRADING","no_results",0,"sec_results/E.D._LIBUNAO_CONSTRUCTION_&_TRADING.txt"
"ARROWHEAD_CONSTRUCTION","no_results",0,"sec_results/ARROWHEAD_CONSTRUCTION.txt"
"A_DELA_CRUZ_BUILDERS_INC","success",2,"sec_results/A_DELA_CRUZ_BUILDERS_INC.txt"
"INCEP_CONSTRUCTION_AND_DEVELOPMENT_CORP","success",1,"sec_results/INCEP_CONSTRUCTION_AND_DEVELOPMENT_CORP.txt"
"KPSL_GENERAL_CONTRACTOR_INC","no_results",0,"sec_results/KPSL_GENERAL_CONTRACTOR_INC.txt"
"LUCKY_A_CONSTRUCTION_CORPORATION","no_results",0,"sec_results/LUCKY_A_CONSTRUCTION_CORPORATION.txt"
"POKLE'S_CONSTRUCTION","no_results",0,"sec_results/POKLE'S_CONSTRUCTION.txt"
"ESCORR_BUILDERS_AND_TRADERS,_INC.","success",1,"sec_results/ESCORR_BUILDERS_AND_TRADERS,_INC..txt"
"RED_JEWEL_BUILDERS","no_results",0,"sec_results/RED_JEWEL_BUILDERS.txt"
"CENTERWAYS_CONSTRUCTION_AND_DEVELOPMENT_INC.","success",1,"sec_results/CENTERWAYS_CONSTRUCTION_AND_DEVELOPMENT_INC..txt"
"VEONG_CONSTRUCTION_&_SUPPLY","no_results",0,"sec_results/VEONG_CONSTRUCTION_&_SUPPLY.txt"
"MICKEYS_ENTERPRISES","no_results",0,"sec_results/MICKEYS_ENTERPRISES.txt"
"GOLDENJ'S_CONSTRUCTION_SERVICES","no_results",0,"sec_results/GOLDENJ'S_CONSTRUCTION_SERVICES.txt"
"ALCEL_CONSTRUCTION","no_results",0,"sec_results/ALCEL_CONSTRUCTION.txt"
"STC_HARDWARE_AND_CONSTRUCTION_SUPPLIES","no_results",0,"sec_results/STC_HARDWARE_AND_CONSTRUCTION_SUPPLIES.txt"
"M.G._LUALHATI_CONSTRUCTION_CORP","no_results",0,"sec_results/M.G._LUALHATI_CONSTRUCTION_CORP.txt"
"MIVICO_BUILDERS_DEVELOPERS","success",1,"sec_results/MIVICO_BUILDERS_DEVELOPERS.txt"
"ST.ALMERS_CONSTRUCTION__AND_ENTERPRISE","no_results",0,"sec_results/ST.ALMERS_CONSTRUCTION__AND_ENTERPRISE.txt"
"PHOLBENJ_CONSTRUCTION_AND_SUPPLY","no_results",0,"sec_results/PHOLBENJ_CONSTRUCTION_AND_SUPPLY.txt"
"THREE_KINGS_ENTERPRISES","no_results",0,"sec_results/THREE_KINGS_ENTERPRISES.txt"
"P.L._SEBASTIAN_CONSTRUCTION","success",3,"sec_results/P.L._SEBASTIAN_CONSTRUCTION.txt"
"TMT_CONSTRUCTION","success",1,"sec_results/TMT_CONSTRUCTION.txt"
"STRUKTURA_TEKNIKA_SERVICES_COMPANY","no_results",0,"sec_results/STRUKTURA_TEKNIKA_SERVICES_COMPANY.txt"
"MIRCONS_CONSTRUCTION_AND_SUPPLIES","no_results",0,"sec_results/MIRCONS_CONSTRUCTION_AND_SUPPLIES.txt"
"FL2_LUMBER_AND_CONSTRUCTION_SUPPLY","no_results",0,"sec_results/FL2_LUMBER_AND_CONSTRUCTION_SUPPLY.txt"
"R.A._MATIAS_CONSTRUCTION_AND_DEVELOPERS_INC._(FORMERLY_:_R.A._MATIAS_CONSTRUCTION_AND_DEVELOPERS)","no_results",0,"sec_results/R.A._MATIAS_CONSTRUCTION_AND_DEVELOPERS_INC._(FORMERLY_:_R.A._MATIAS_CONSTRUCTION_AND_DEVELOPERS).txt"
"NGEC-NESTOR_GENERAL_ENGINEERING_&_CONSTRUCTION","no_results",0,"sec_results/NGEC-NESTOR_GENERAL_ENGINEERING_&_CONSTRUCTION.txt"
"JALENZ_CONSTRUCTION_&_SUPPLY","no_results",0,"sec_results/JALENZ_CONSTRUCTION_&_SUPPLY.txt"
"NSP_ENTERPRISES","no_results",0,"sec_results/NSP_ENTERPRISES.txt"
"BRE_CONSTRUCTION","success",1,"sec_results/BRE_CONSTRUCTION.txt"
"JONIK_TRADING","no_results",0,"sec_results/JONIK_TRADING.txt"
"MCJ_VALENZUELA_CONSTRUCTION_ENTERPRISES","no_results",0,"sec_results/MCJ_VALENZUELA_CONSTRUCTION_ENTERPRISES.txt"
"A_D__PENDON_CONSTRUCTION","no_results",0,"sec_results/A_D__PENDON_CONSTRUCTION.txt"
"APRIL_ROSE_ENT_AMP;_BUILDERS","no_results",0,"sec_results/APRIL_ROSE_ENT_AMP;_BUILDERS.txt"
"RAMAR_ENTERPRISES","no_results",0,"sec_results/RAMAR_ENTERPRISES.txt"
"OTING_CONSTRUCTION_AND_SUPPLY","no_results",0,"sec_results/OTING_CONSTRUCTION_AND_SUPPLY.txt"
"EIRISH_BUILDERS_SUPPLY_INC","no_results",0,"sec_results/EIRISH_BUILDERS_SUPPLY_INC.txt"
"BL_PANGAN_CONSTRUCTION","no_results",0,"sec_results/BL_PANGAN_CONSTRUCTION.txt"
"DEACONS_TEMPLE_CONSTRUCTION_&_SUPPLY","no_results",0,"sec_results/DEACONS_TEMPLE_CONSTRUCTION_&_SUPPLY.txt"
"ALEXI_LOUISSE_CONSTRUCTION__GENERAL_MERCHANDISE","no_results",0,"sec_results/ALEXI_LOUISSE_CONSTRUCTION__GENERAL_MERCHANDISE.txt"
"RADIANCE_TRADERS_BUILDERS","no_results",0,"sec_results/RADIANCE_TRADERS_BUILDERS.txt"
"CONST_SUPPLY","success",10,"sec_results/CONST_SUPPLY.txt"
"SANKAI_KONSTRAK_AND_SUPPLY","no_results",0,"sec_results/SANKAI_KONSTRAK_AND_SUPPLY.txt"
"ADVANCED_FOUNDATION_CONSTRUCTION_SYSTEMS_CORP.","no_results",0,"sec_results/ADVANCED_FOUNDATION_CONSTRUCTION_SYSTEMS_CORP..txt"
"BANAYAD_CONSTRUCTION_SERVICES","no_results",0,"sec_results/BANAYAD_CONSTRUCTION_SERVICES.txt"
"BELL_CONSTRUCTION","success",2,"sec_results/BELL_CONSTRUCTION.txt"
"EF_CHUA_CONSTRUCTION_INC","success",2,"sec_results/EF_CHUA_CONSTRUCTION_INC.txt"
"BORGONIA_CONSTRUCTION_&_ENTERPRISES","no_results",0,"sec_results/BORGONIA_CONSTRUCTION_&_ENTERPRISES.txt"
"KLA_ENTERPRISES","no_results",0,"sec_results/KLA_ENTERPRISES.txt"
"E.A._SANCHO_CONST._INC._(FORM._E.A._SANCHO_CONST.)","no_results",0,"sec_results/E.A._SANCHO_CONST._INC._(FORM._E.A._SANCHO_CONST.).txt"
"515_LIFE_CONSTRUCTION_CORP","success",1,"sec_results/515_LIFE_CONSTRUCTION_CORP.txt"
"C-BROS._CONSTRUCTION","no_results",0,"sec_results/C-BROS._CONSTRUCTION.txt"
"MOLTE_ARIES_CONSTRUCTION_AND_INDUSTRIES","no_results",0,"sec_results/MOLTE_ARIES_CONSTRUCTION_AND_INDUSTRIES.txt"
"BORROMEO_ENTERPRISES","no_results",0,"sec_results/BORROMEO_ENTERPRISES.txt"
"HUNG_COCONET_AND_HYDROSEEDING,_INC","no_results",0,"sec_results/HUNG_COCONET_AND_HYDROSEEDING,_INC.txt"
"MIG_AGGREGATES_AND_CONCRETE_PRODUCTS","no_results",0,"sec_results/MIG_AGGREGATES_AND_CONCRETE_PRODUCTS.txt"
"RVR_CONSTRUCTION_SUPPLY_AND_SERVICES","no_results",0,"sec_results/RVR_CONSTRUCTION_SUPPLY_AND_SERVICES.txt"
"K_CONSTRUCTION_DEVELOPERS_CORPORATION","success",2,"sec_results/K_CONSTRUCTION_DEVELOPERS_CORPORATION.txt"
"AHSB_CONSTRUCTION","no_results",0,"sec_results/AHSB_CONSTRUCTION.txt"
"GOLDEN_JS_CONSTRUCTION_SERVICES","no_results",0,"sec_results/GOLDEN_JS_CONSTRUCTION_SERVICES.txt"
"TAUNGAY_CONSTRUCTION","no_results",0,"sec_results/TAUNGAY_CONSTRUCTION.txt"
"ME3_CONSTRUCTION","no_results",0,"sec_results/ME3_CONSTRUCTION.txt"
"PALAWAN_NARRA_COMMERCIAL","success",1,"sec_results/PALAWAN_NARRA_COMMERCIAL.txt"
"GASAT_BUILDERS","success",1,"sec_results/GASAT_BUILDERS.txt"
"AJ_TAYLAN_CONSTRUCTION_CORPORATION_LAOAG","no_results",0,"sec_results/AJ_TAYLAN_CONSTRUCTION_CORPORATION_LAOAG.txt"
"RAYMAN_BUILDERS,_INC","no_results",0,"sec_results/RAYMAN_BUILDERS,_INC.txt"
"CTC_BUILDER_AND_SUPPLIES,_INC","no_results",0,"sec_results/CTC_BUILDER_AND_SUPPLIES,_INC.txt"
"SATRAP_CONSTRUCTION_CO_INC","no_results",0,"sec_results/SATRAP_CONSTRUCTION_CO_INC.txt"
"CDC_CONSTRUCTION_SUPPLIES","no_results",0,"sec_results/CDC_CONSTRUCTION_SUPPLIES.txt"
"APAKLO_KIN_CONSTRUCTION_AND_ENG'G_SERVICES","no_results",0,"sec_results/APAKLO_KIN_CONSTRUCTION_AND_ENG'G_SERVICES.txt"
"GF_FABIAN_CONSTRUCTION","success",1,"sec_results/GF_FABIAN_CONSTRUCTION.txt"
"N._Q._VILLAPANDO_CONSTRUCTION","no_results",0,"sec_results/N._Q._VILLAPANDO_CONSTRUCTION.txt"
"CHA_CONSTRUCTION_AND_SUPPLY","no_results",0,"sec_results/CHA_CONSTRUCTION_AND_SUPPLY.txt"
"GOODVIBE_BUILDERS_INC","success",1,"sec_results/GOODVIBE_BUILDERS_INC.txt"
"EA-EC_CONSTRUCTION_AND_SUPPLY","no_results",0,"sec_results/EA-EC_CONSTRUCTION_AND_SUPPLY.txt"
"KENNY_LOISE_CONSTRUCTION_SUPPLY","no_results",0,"sec_results/KENNY_LOISE_CONSTRUCTION_SUPPLY.txt"
"FERDSTAR_BUILDERS_INC.","success",1,"sec_results/FERDSTAR_BUILDERS_INC..txt"
"JODE_CONSTRUCTION_&AMP;_ENTERPRISES","no_results",0,"sec_results/JODE_CONSTRUCTION_&AMP;_ENTERPRISES.txt"
"GP_&_H_CONSTRUCTION_INCORPORATED_(FORMERLY:_GP_&_H_CONSTRUCTION_&_SUPPLY)","no_results",0,"sec_results/GP_&_H_CONSTRUCTION_INCORPORATED_(FORMERLY:_GP_&_H_CONSTRUCTION_&_SUPPLY).txt"
"RCV_ENTERPRISE","no_results",0,"sec_results/RCV_ENTERPRISE.txt"
"RM_DELA_CRUZ_CONSTRUCTION","success",6,"sec_results/RM_DELA_CRUZ_CONSTRUCTION.txt"
"DANYSONS_CONSTRUCTION","success",2,"sec_results/DANYSONS_CONSTRUCTION.txt"
"DAVAO_CONCRETE_PRODUCTS_CONSTRUCTION_AND_TRADING_CORPORATION_(FORMERLY:_DAVAO_CONCRETE_PRODUCTS)","no_results",0,"sec_results/DAVAO_CONCRETE_PRODUCTS_CONSTRUCTION_AND_TRADING_CORPORATION_(FORMERLY:_DAVAO_CONCRETE_PRODUCTS).txt"
"JERRY_R._SANTIAGO_CONSTRUCTION_CORP,","no_results",0,"sec_results/JERRY_R._SANTIAGO_CONSTRUCTION_CORP,.txt"
"ZION_CONSTRUCTION","success",5,"sec_results/ZION_CONSTRUCTION.txt"
"GC_SANNAD_CONSTRUCTION","no_results",0,"sec_results/GC_SANNAD_CONSTRUCTION.txt"
"CIRCLE_Z_VENTURES_AND_DEVELOPMENT_CORP","success",1,"sec_results/CIRCLE_Z_VENTURES_AND_DEVELOPMENT_CORP.txt"
"PAAC_CONSTRUCTION_AND_MECHANICAL_SERVICES","no_results",0,"sec_results/PAAC_CONSTRUCTION_AND_MECHANICAL_SERVICES.txt"
"HEREFOLD_BUILDERS_&_CONSTRUCTION_SUPPLY","no_results",0,"sec_results/HEREFOLD_BUILDERS_&_CONSTRUCTION_SUPPLY.txt"
"R.V._CONSTRUCTION","success",10,"sec_results/R.V._CONSTRUCTION.txt"
"NEZIAH_BUILDERS_AND_TRADING_CORP.","success",1,"sec_results/NEZIAH_BUILDERS_AND_TRADING_CORP..txt"
"JD_SOMOZA_BUILDERS","no_results",0,"sec_results/JD_SOMOZA_BUILDERS.txt"
"GH_BELANDRES_CONSTRUCTORS_INC","no_results",0,"sec_results/GH_BELANDRES_CONSTRUCTORS_INC.txt"
"UNI-FIVE_CONSTRUCTION_AND_TRADING","no_results",0,"sec_results/UNI-FIVE_CONSTRUCTION_AND_TRADING.txt"
"AF3_CONSTRUCTION_CORPORATION","success",1,"sec_results/AF3_CONSTRUCTION_CORPORATION.txt"
"417_LP_CONSTRUCTION_CORPORATION","success",1,"sec_results/417_LP_CONSTRUCTION_CORPORATION.txt"
"FNS_BUILDERS_ENTERPRISE","no_results",0,"sec_results/FNS_BUILDERS_ENTERPRISE.txt"
"STONELINE_CONSTRUCTION_(FORMERLY:_ABUBAKAR_ENGINEERING_EXPONENT)","no_results",0,"sec_results/STONELINE_CONSTRUCTION_(FORMERLY:_ABUBAKAR_ENGINEERING_EXPONENT).txt"
"RMKP_CONSTRUCTION_INC._(FORMERLY:_RMKP_CONSTRUCTION)","no_results",0,"sec_results/RMKP_CONSTRUCTION_INC._(FORMERLY:_RMKP_CONSTRUCTION).txt"
"FOUNTAINHEAD_CONSTRUCTION","no_results",0,"sec_results/FOUNTAINHEAD_CONSTRUCTION.txt"
"RODEKOM_GENERAL_CONSTRUCTION_AND_ENTERPRISE","no_results",0,"sec_results/RODEKOM_GENERAL_CONSTRUCTION_AND_ENTERPRISE.txt"
"RED_TREE_CONSTRUCTION","no_results",0,"sec_results/RED_TREE_CONSTRUCTION.txt"
"TE_TRINIDAD_CONSTRUCTION","success",2,"sec_results/TE_TRINIDAD_CONSTRUCTION.txt"
"AMADO_LIM_ENTERPRISES_INC","no_results",0,"sec_results/AMADO_LIM_ENTERPRISES_INC.txt"
"TESAR_BUILDERS","no_results",0,"sec_results/TESAR_BUILDERS.txt"
"ROCK_DIWATA_BUILDERS,_INC.","success",1,"sec_results/ROCK_DIWATA_BUILDERS,_INC..txt"
"MEGA_M_BUILDERS","success",1,"sec_results/MEGA_M_BUILDERS.txt"
"PALMARES_CONSTRUCTION_&_GENERAL_MERCHANDISE_CORP","no_results",0,"sec_results/PALMARES_CONSTRUCTION_&_GENERAL_MERCHANDISE_CORP.txt"
"CAVAT_CAPITOL_MERCHANDISING_AND_CONSTRUCTION","no_results",0,"sec_results/CAVAT_CAPITOL_MERCHANDISING_AND_CONSTRUCTION.txt"
"J_G_ORANZA_CONSTRUCTION","no_results",0,"sec_results/J_G_ORANZA_CONSTRUCTION.txt"
"MARAPAO_EVANGELISTA_ARCHITECTS_ENGINEERS_BUILDERS","no_results",0,"sec_results/MARAPAO_EVANGELISTA_ARCHITECTS_ENGINEERS_BUILDERS.txt"
"MICLOVER_GENERAL_CONSTRUCTION_&_IRON_WORKS","no_results",0,"sec_results/MICLOVER_GENERAL_CONSTRUCTION_&_IRON_WORKS.txt"
"ARCI_CONSTRUCTION","no_results",0,"sec_results/ARCI_CONSTRUCTION.txt"
"J_B_ALCANTARA_BUILDERS","success",10,"sec_results/J_B_ALCANTARA_BUILDERS.txt"
"STEVEN_CONSTRUCTION_&_SUPPLY","success",1,"sec_results/STEVEN_CONSTRUCTION_&_SUPPLY.txt"
"525_CONSTRUCTION","success",1,"sec_results/525_CONSTRUCTION.txt"
"LXS_BUILDERS_&_SUPPLIES","no_results",0,"sec_results/LXS_BUILDERS_&_SUPPLIES.txt"
"2M_CONSTRUCTION_AND_ENTERPRISES","no_results",0,"sec_results/2M_CONSTRUCTION_AND_ENTERPRISES.txt"
"UP-TOWN_INDUSTRIAL_SALES,_INC","no_results",0,"sec_results/UP-TOWN_INDUSTRIAL_SALES,_INC.txt"
"SAL_CONSTRUCTION","no_results",0,"sec_results/SAL_CONSTRUCTION.txt"
"ISFB_CONSTRUCTION","no_results",0,"sec_results/ISFB_CONSTRUCTION.txt"
"HAIDEE_CONSTRUCTION_AND_DEVELOPMENT_CORP.","no_results",0,"sec_results/HAIDEE_CONSTRUCTION_AND_DEVELOPMENT_CORP..txt"
"RA_MATIAS_CONSTRUCTION_AND_DEVELOPERS_INC","success",1,"sec_results/RA_MATIAS_CONSTRUCTION_AND_DEVELOPERS_INC.txt"
"FIRST_NORTHWAY_DEVELOPMENT_&_CONSTRUCTION_CORP","no_results",0,"sec_results/FIRST_NORTHWAY_DEVELOPMENT_&_CONSTRUCTION_CORP.txt"
"VERLYN'S_ENTERPRISES","no_results",0,"sec_results/VERLYN'S_ENTERPRISES.txt"
"RUDHIL_CONSTRUCTION_AMP;_ENTERPRISES_INC","no_results",0,"sec_results/RUDHIL_CONSTRUCTION_AMP;_ENTERPRISES_INC.txt"
"P-SQUARE_CONTRACTING_&_SERVICES","no_results",0,"sec_results/P-SQUARE_CONTRACTING_&_SERVICES.txt"
"L_R_TIQUI_BUILDERS_INC","success",1,"sec_results/L_R_TIQUI_BUILDERS_INC.txt"
"ACGR_DEVELOPMNENT_CONSTRUCTION_AND_SUPPLY_CORPORATION","no_results",0,"sec_results/ACGR_DEVELOPMNENT_CONSTRUCTION_AND_SUPPLY_CORPORATION.txt"
"L.M._BALTONADO_CONSTRUCTION","no_results",0,"sec_results/L.M._BALTONADO_CONSTRUCTION.txt"
"NEWBIG_FOUR_J_CONSTRUCTION_INC","no_results",0,"sec_results/NEWBIG_FOUR_J_CONSTRUCTION_INC.txt"
"SDLG_BUILDERS_GENERAL_MERCHANDISING","no_results",0,"sec_results/SDLG_BUILDERS_GENERAL_MERCHANDISING.txt"
"AMALGO_CONSTRUCTION","no_results",0,"sec_results/AMALGO_CONSTRUCTION.txt"
"MORTAR_MASTERS_CONCRETE_BUILDERS","no_results",0,"sec_results/MORTAR_MASTERS_CONCRETE_BUILDERS.txt"
"ANGEL_BUILDERS_CONSTRUCTION_SUPPLY","no_results",0,"sec_results/ANGEL_BUILDERS_CONSTRUCTION_SUPPLY.txt"
"ECBJ_EASTCOAST_CONSTRUCTION","no_results",0,"sec_results/ECBJ_EASTCOAST_CONSTRUCTION.txt"
"JBM_ENGINEERS_AND_SUPPLY","no_results",0,"sec_results/JBM_ENGINEERS_AND_SUPPLY.txt"
"JVM_BOLLARD_CONSTRUCTION_AND_SUPPLY","no_results",0,"sec_results/JVM_BOLLARD_CONSTRUCTION_AND_SUPPLY.txt"
"SOSEP_BUILDERS","no_results",0,"sec_results/SOSEP_BUILDERS.txt"
"BOLTRON_BUILDERS_CORPORATION","success",1,"sec_results/BOLTRON_BUILDERS_CORPORATION.txt"
"JEPA_CONSTRUCTION_SUPPLIES","no_results",0,"sec_results/JEPA_CONSTRUCTION_SUPPLIES.txt"
"EIRISH_BUILDERS","success",2,"sec_results/EIRISH_BUILDERS.txt"
"AFAJI_BUILDERS","success",1,"sec_results/AFAJI_BUILDERS.txt"
"ASC_CONSTRUCTION_&_CONCRETE_PRODUCTS","no_results",0,"sec_results/ASC_CONSTRUCTION_&_CONCRETE_PRODUCTS.txt"
"GOOD_FORTUNE_INTERNATIONAL,_INC.","no_results",0,"sec_results/GOOD_FORTUNE_INTERNATIONAL,_INC..txt"
"TYER_ONE_CONSTRUCTION_CORPORATION","no_results",0,"sec_results/TYER_ONE_CONSTRUCTION_CORPORATION.txt"
"RAM_BUILDERS_&_TRADING","no_results",0,"sec_results/RAM_BUILDERS_&_TRADING.txt"
"L.A._PROFUGO_CONSTRUCTION_AND_SUPPLY","no_results",0,"sec_results/L.A._PROFUGO_CONSTRUCTION_AND_SUPPLY.txt"
"GEN_MERCHANDISE","success",10,"sec_results/GEN_MERCHANDISE.txt"
"AMM_CONSTRUCTION_AND_CONSTRUCTION_SUPPLIES","no_results",0,"sec_results/AMM_CONSTRUCTION_AND_CONSTRUCTION_SUPPLIES.txt"
"TAGUM_CONSTRAK_CORPORATION","no_results",0,"sec_results/TAGUM_CONSTRAK_CORPORATION.txt"
"D.K._JOCSON_CONSTRUCTION","success",1,"sec_results/D.K._JOCSON_CONSTRUCTION.txt"
"L_R_DE_GUZMAN_CONSTRUCTION","success",4,"sec_results/L_R_DE_GUZMAN_CONSTRUCTION.txt"
"JLL_PULSAR_CONSTRUCTION_CORPORATION_(FORMERLY:_PULSAR_CONSTRUCTION)","no_results",0,"sec_results/JLL_PULSAR_CONSTRUCTION_CORPORATION_(FORMERLY:_PULSAR_CONSTRUCTION).txt"
"M.G._FRANCISCO_CONSTRUCTION","no_results",0,"sec_results/M.G._FRANCISCO_CONSTRUCTION.txt"
"3AMR_CONSTRUCTION_SERVICES_INC.(FORMERLY:_3AMR_CONSTRUCTION_SERVICES)","no_results",0,"sec_results/3AMR_CONSTRUCTION_SERVICES_INC.(FORMERLY:_3AMR_CONSTRUCTION_SERVICES).txt"
"RJIR_ENTERPRISES","no_results",0,"sec_results/RJIR_ENTERPRISES.txt"
"MARBOY_ENTERPRISES","no_results",0,"sec_results/MARBOY_ENTERPRISES.txt"
"S_&_RV_CONSTRUCTION_&_SUPPLY","no_results",0,"sec_results/S_&_RV_CONSTRUCTION_&_SUPPLY.txt"
"AMANHURAY_CONSTRUCTION","no_results",0,"sec_results/AMANHURAY_CONSTRUCTION.txt"
"MNIS_CONSTRUCTION","no_results",0,"sec_results/MNIS_CONSTRUCTION.txt"
"SUNWEST_INC","success",1,"sec_results/SUNWEST_INC.txt"
"SILVERWOLVES_CONSTRUCTION_CORPORATION","no_results",0,"sec_results/SILVERWOLVES_CONSTRUCTION_CORPORATION.txt"
"MC_DELA_CRUZ_ENTERPRISES_AND_GEN_CONTRACTOR","no_results",0,"sec_results/MC_DELA_CRUZ_ENTERPRISES_AND_GEN_CONTRACTOR.txt"
"A_D_MARRERO_GENERAL_CONSTRUCTION","success",1,"sec_results/A_D_MARRERO_GENERAL_CONSTRUCTION.txt"
"ARNOLD_G._COSIPAG_CONSTRUCTION","no_results",0,"sec_results/ARNOLD_G._COSIPAG_CONSTRUCTION.txt"
"NTL_BUILDERS_DEVELOPER","no_results",0,"sec_results/NTL_BUILDERS_DEVELOPER.txt"
"RM_VITUG_CONSTRUCTION","success",1,"sec_results/RM_VITUG_CONSTRUCTION.txt"
"E_GUADIZ_CONSTRUCTION","no_results",0,"sec_results/E_GUADIZ_CONSTRUCTION.txt"
"AVZ_CONSTRUCTION_AND_SUPPLY","no_results",0,"sec_results/AVZ_CONSTRUCTION_AND_SUPPLY.txt"
"HYDRACORE_CONSTRUCTION","no_results",0,"sec_results/HYDRACORE_CONSTRUCTION.txt"
"A.E._COMPUESTO_CONSTRUCTION","no_results",0,"sec_results/A.E._COMPUESTO_CONSTRUCTION.txt"
"GAVER_GENERAL_MERCHANDISING","no_results",0,"sec_results/GAVER_GENERAL_MERCHANDISING.txt"
"PHEAMES_COMMUNITY_CONSTRUCTION_CORP","no_results",0,"sec_results/PHEAMES_COMMUNITY_CONSTRUCTION_CORP.txt"
"JEJAN_CONSTRUCT_TWINCARE_BUILDERS_INC","no_results",0,"sec_results/JEJAN_CONSTRUCT_TWINCARE_BUILDERS_INC.txt"
"12-30_CONSTRUCTION_AND_SUPPLY","success",30,"sec_results/12-30_CONSTRUCTION_AND_SUPPLY.txt"
"ICONST_ARCHITECTURAL_DESIGN_CONSTRUCTION_&_DEVELOPMENT","no_results",0,"sec_results/ICONST_ARCHITECTURAL_DESIGN_CONSTRUCTION_&_DEVELOPMENT.txt"
"ALPEBEL_BUILDERS_AND_SUPPLY_CORPORATION","success",1,"sec_results/ALPEBEL_BUILDERS_AND_SUPPLY_CORPORATION.txt"
"ALEXA_TRADING_&_CONSTRUCTION","no_results",0,"sec_results/ALEXA_TRADING_&_CONSTRUCTION.txt"
"JERRY_SANTIAGO_CONSTRUCTION","no_results",0,"sec_results/JERRY_SANTIAGO_CONSTRUCTION.txt"
"SATRAP_CONSTRUCTION_CO.,_INC.","no_results",0,"sec_results/SATRAP_CONSTRUCTION_CO.,_INC..txt"
"MAC_BUILDERS_CORP","success",1,"sec_results/MAC_BUILDERS_CORP.txt"
"MAC_BUILDERS_DEVELOPMENT_CORPORATION","no_results",0,"sec_results/MAC_BUILDERS_DEVELOPMENT_CORPORATION.txt"
"VICTOR_M._DAET_CONSTRUCTION_AND_SUPPLY","no_results",0,"sec_results/VICTOR_M._DAET_CONSTRUCTION_AND_SUPPLY.txt"
"TRENCH_ENGINEERING_AND_CONSTRUCTION_SERVICES","no_results",0,"sec_results/TRENCH_ENGINEERING_AND_CONSTRUCTION_SERVICES.txt"
"ROCKSTONE_CONSTRUCTION_SERVICES_&_SUPPLY","no_results",0,"sec_results/ROCKSTONE_CONSTRUCTION_SERVICES_&_SUPPLY.txt"
"A_M_P_CONSTRUCTION_M_M_SERRANO_CONSTRUCTION_COMPANY","no_results",0,"sec_results/A_M_P_CONSTRUCTION_M_M_SERRANO_CONSTRUCTION_COMPANY.txt"
"KENBE_CONSTRUCTION","no_results",0,"sec_results/KENBE_CONSTRUCTION.txt"
"ALFIE'S_CONSTRUCTION_&_CONSTRUCTION_SUPPLY,_INC","no_results",0,"sec_results/ALFIE'S_CONSTRUCTION_&_CONSTRUCTION_SUPPLY,_INC.txt"
"SUPPLICON_BUILDERS","no_results",0,"sec_results/SUPPLICON_BUILDERS.txt"
"M.M._SUAREZ_CONSTRUCTION_&_SUPPLY","no_results",0,"sec_results/M.M._SUAREZ_CONSTRUCTION_&_SUPPLY.txt"
"JAGON_BUILDERS","no_results",0,"sec_results/JAGON_BUILDERS.txt"
"DARCY_AMP;_ANNA_BUILDERS_AND_TRADING","no_results",0,"sec_results/DARCY_AMP;_ANNA_BUILDERS_AND_TRADING.txt"
"RAIK_CONSTRUCTION_AND_DEVELOPMENT_CORPORATION","success",1,"sec_results/RAIK_CONSTRUCTION_AND_DEVELOPMENT_CORPORATION.txt"
"BRIELYAN_BUILDERS_AND_SUPPLY","no_results",0,"sec_results/BRIELYAN_BUILDERS_AND_SUPPLY.txt"
"DREAMWORX_BUILDER_TRADING_INC","success",1,"sec_results/DREAMWORX_BUILDER_TRADING_INC.txt"
"RHINESTONE_CONSTRUCTION","no_results",0,"sec_results/RHINESTONE_CONSTRUCTION.txt"
"J_FRANZ_CONSTRUCTION_AND_SUPPLY","no_results",0,"sec_results/J_FRANZ_CONSTRUCTION_AND_SUPPLY.txt"
"CTC_BU_VCD_CONSTRUCTION_AND_SUPPLY","no_results",0,"sec_results/CTC_BU_VCD_CONSTRUCTION_AND_SUPPLY.txt"
"RVR3_CONSTRUCTION_SUPPLY_AND_SERVICES","no_results",0,"sec_results/RVR3_CONSTRUCTION_SUPPLY_AND_SERVICES.txt"
"EVEN_PAR_CONST_CO_INC","success",1,"sec_results/EVEN_PAR_CONST_CO_INC.txt"
"DATZLAV_CONSTRUCTION","success",1,"sec_results/DATZLAV_CONSTRUCTION.txt"
"N.B._SALBO_CONSTRUCTION_-_MARAWI_CITY","no_results",0,"sec_results/N.B._SALBO_CONSTRUCTION_-_MARAWI_CITY.txt"
"SPOILED_SPORTS_CONSTRUCTION_&AMP;_SUPPLY","no_results",0,"sec_results/SPOILED_SPORTS_CONSTRUCTION_&AMP;_SUPPLY.txt"
"DEVELOPER","success",10,"sec_results/DEVELOPER.txt"
"BAJE_CONSTRUCTION","no_results",0,"sec_results/BAJE_CONSTRUCTION.txt"
"MDQR_CONSTRUCTION_&_SUPPLY","no_results",0,"sec_results/MDQR_CONSTRUCTION_&_SUPPLY.txt"
"QUE_CONSTRUCTION","no_results",0,"sec_results/QUE_CONSTRUCTION.txt"
"R.M._DELA_CRUZ_CONSTRUCTION","no_results",0,"sec_results/R.M._DELA_CRUZ_CONSTRUCTION.txt"
"EZJONES_CONSTRUCTION_INC.","success",1,"sec_results/EZJONES_CONSTRUCTION_INC..txt"
"LPO_ENTERPRISES","no_results",0,"sec_results/LPO_ENTERPRISES.txt"
"N.D.M._SANCHEZ_BUILDERS_&_DEVELOPMENT_CORPORATION","success",1,"sec_results/N.D.M._SANCHEZ_BUILDERS_&_DEVELOPMENT_CORPORATION.txt"
"VICMAR_CONSTRUCTION,_INC","success",1,"sec_results/VICMAR_CONSTRUCTION,_INC.txt"
"ALGAMON_CONSTRUCTION_CORPORATION_(FORMERLY:_ALGAMON_CONSTRUCTION)","no_results",0,"sec_results/ALGAMON_CONSTRUCTION_CORPORATION_(FORMERLY:_ALGAMON_CONSTRUCTION).txt"
"VM_BUILDERS_CONSTRUCTION_CORPORATION","success",10,"sec_results/VM_BUILDERS_CONSTRUCTION_CORPORATION.txt"
"D_J_D_CONSTRUCTION","no_results",0,"sec_results/D_J_D_CONSTRUCTION.txt"
"A_C_SOLIVEN_CONSTRUCTION","success",2,"sec_results/A_C_SOLIVEN_CONSTRUCTION.txt"
"PASCAL_CONSTRUCTION","success",1,"sec_results/PASCAL_CONSTRUCTION.txt"
"FLFB_ENTERPRISES_AND_CONSTRUCTION_SERVICES","no_results",0,"sec_results/FLFB_ENTERPRISES_AND_CONSTRUCTION_SERVICES.txt"
"TOPMOST_DEVELOPMENT_&_MKTG._CORP","no_results",0,"sec_results/TOPMOST_DEVELOPMENT_&_MKTG._CORP.txt"
"RVR3_CONSTRUCTION_SUPPLY_SERVICES","no_results",0,"sec_results/RVR3_CONSTRUCTION_SUPPLY_SERVICES.txt"
"MA_BUYAGAN_CONSTRUCTION_SERVICES","no_results",0,"sec_results/MA_BUYAGAN_CONSTRUCTION_SERVICES.txt"
"T_B_BUILDERS_AND_SUPPLIES_CORP.","no_results",0,"sec_results/T_B_BUILDERS_AND_SUPPLIES_CORP..txt"
"AA_PAHATI_CONSTRUCTION_AND_SUPPLY","no_results",0,"sec_results/AA_PAHATI_CONSTRUCTION_AND_SUPPLY.txt"
"W.J.P_CONSTRUCTION_&_SUPPLY","success",10,"sec_results/W.J.P_CONSTRUCTION_&_SUPPLY.txt"
"MAR-DEB_CONSTRUCTION_&_DEVELOPMENT_CORP","no_results",0,"sec_results/MAR-DEB_CONSTRUCTION_&_DEVELOPMENT_CORP.txt"
"RED_DIAMOND_CONSTRUCTION_AND_SUPPLY_CORPORATION","no_results",0,"sec_results/RED_DIAMOND_CONSTRUCTION_AND_SUPPLY_CORPORATION.txt"
"DSB_CONSTRUCTION_&_SUPPLY,_INC._(FORMERLY:_DSB_CO","no_results",0,"sec_results/DSB_CONSTRUCTION_&_SUPPLY,_INC._(FORMERLY:_DSB_CO.txt"
"MRB11__CONSTRUCTION_CORPORATION","no_results",0,"sec_results/MRB11__CONSTRUCTION_CORPORATION.txt"
"JGC_CONSTRUCTION_&_ENTERPRISES","no_results",0,"sec_results/JGC_CONSTRUCTION_&_ENTERPRISES.txt"
"JUCONS_CONSTRUCTION_OPC","no_results",0,"sec_results/JUCONS_CONSTRUCTION_OPC.txt"
"OG_SANTOS_CONSTRUCTION","success",10,"sec_results/OG_SANTOS_CONSTRUCTION.txt"
"EBUILDERS_CONSTRUCTION_DEVELOPMENT_CORP","success",1,"sec_results/EBUILDERS_CONSTRUCTION_DEVELOPMENT_CORP.txt"
"EQUI_PARCO_CONSTRUCTION_COMPANY","success",1,"sec_results/EQUI_PARCO_CONSTRUCTION_COMPANY.txt"
"FRAMECON_BUILDERS","success",2,"sec_results/FRAMECON_BUILDERS.txt"
"DANYSONS_CONSTRUCTION_AND_DEVELOPMENT_CORPORATION_(FORMERLY:_DANYSONS_CONSTRUCTION)","no_results",0,"sec_results/DANYSONS_CONSTRUCTION_AND_DEVELOPMENT_CORPORATION_(FORMERLY:_DANYSONS_CONSTRUCTION).txt"
"R.C._SIMON_CONSTRUCTION","success",1,"sec_results/R.C._SIMON_CONSTRUCTION.txt"
"MY_BUILDERS_AND_CONSTRUCTION","no_results",0,"sec_results/MY_BUILDERS_AND_CONSTRUCTION.txt"
"TIBIAO-ANTIQUE_NK_ENTERPRISE_INC","no_results",0,"sec_results/TIBIAO-ANTIQUE_NK_ENTERPRISE_INC.txt"
"JVM_BOLLARD_CONSTRUCTION","no_results",0,"sec_results/JVM_BOLLARD_CONSTRUCTION.txt"
"CELSO_C._FERRER_CONSTRUCTION_CORP.","success",1,"sec_results/CELSO_C._FERRER_CONSTRUCTION_CORP..txt"
"RA_MENDIOLA_CONSTRUCTION_DEVELOPER","success",1,"sec_results/RA_MENDIOLA_CONSTRUCTION_DEVELOPER.txt"
"WDC_BUILDERS_AND_SUPPLIES","no_results",0,"sec_results/WDC_BUILDERS_AND_SUPPLIES.txt"
"JD_CONSTRUCTION","no_results",0,"sec_results/JD_CONSTRUCTION.txt"
"ONE_FRAME_CONSTRUCTION_INC","success",1,"sec_results/ONE_FRAME_CONSTRUCTION_INC.txt"
"MAVERICK_BUILDERS_INCORPORATED_FORMERLY_MAVERICK","no_results",0,"sec_results/MAVERICK_BUILDERS_INCORPORATED_FORMERLY_MAVERICK.txt"
"RD5_CONSTRUCTION","no_results",0,"sec_results/RD5_CONSTRUCTION.txt"
"R.D._POLICARPIO_&_COMPANY,_INC","no_results",0,"sec_results/R.D._POLICARPIO_&_COMPANY,_INC.txt"
"VF_CONSTRUCTION","success",10,"sec_results/VF_CONSTRUCTION.txt"
"N-_CONSTRUCTION_AND_TRADING","success",10,"sec_results/N-_CONSTRUCTION_AND_TRADING.txt"
"GREENLAND_BUILDERS","success",3,"sec_results/GREENLAND_BUILDERS.txt"
"KRATOS_DEVELOPMENT_CORP","no_results",0,"sec_results/KRATOS_DEVELOPMENT_CORP.txt"
"RG_DIAZ_BUILDERS_AMP;_TRADING","no_results",0,"sec_results/RG_DIAZ_BUILDERS_AMP;_TRADING.txt"
"EM_CUERPO_INC","success",1,"sec_results/EM_CUERPO_INC.txt"
"EDISON_DEVELOPMENT_CONSTRUCTION","no_results",0,"sec_results/EDISON_DEVELOPMENT_CONSTRUCTION.txt"
"F_CASALME_CONSTRUCTION_SUPPLY","no_results",0,"sec_results/F_CASALME_CONSTRUCTION_SUPPLY.txt"
"FFJJ_CONSTRUCTION","success",1,"sec_results/FFJJ_CONSTRUCTION.txt"
"MKB_BUILDERS_AND_SUPPLY","no_results",0,"sec_results/MKB_BUILDERS_AND_SUPPLY.txt"
"PULSAR_CONSTRUCTION","success",2,"sec_results/PULSAR_CONSTRUCTION.txt"
"BALLIGI_CONSTRUCTION_RODEKOM_GENERAL_CONSTRUCTION_AND_ENTERPRISE","no_results",0,"sec_results/BALLIGI_CONSTRUCTION_RODEKOM_GENERAL_CONSTRUCTION_AND_ENTERPRISE.txt"
"PRIME_PACIFIC_MARINE_&_INDUSTRIAL_SERVICES_CORP.","success",1,"sec_results/PRIME_PACIFIC_MARINE_&_INDUSTRIAL_SERVICES_CORP..txt"
"FR_CONSTRUCTION_AND_SUPPLY","success",10,"sec_results/FR_CONSTRUCTION_AND_SUPPLY.txt"
"ROMHEAD_S.J._BUILDERS_&_DEVT_INC","no_results",0,"sec_results/ROMHEAD_S.J._BUILDERS_&_DEVT_INC.txt"
"MATAGOAN_KJ_BUILDERS_AND_ENGINEERING_SERVICES","no_results",0,"sec_results/MATAGOAN_KJ_BUILDERS_AND_ENGINEERING_SERVICES.txt"
"DEVEX_INCORPORATED","success",1,"sec_results/DEVEX_INCORPORATED.txt"
"LAMASIA_BUILDERS_AND_SUPPLY_CORP","no_results",0,"sec_results/LAMASIA_BUILDERS_AND_SUPPLY_CORP.txt"
"CLEOFEL_CONSTRUCTION","no_results",0,"sec_results/CLEOFEL_CONSTRUCTION.txt"
"TACLOBAN_6500_INC","success",1,"sec_results/TACLOBAN_6500_INC.txt"
"TKS_BUILDERS__SUPPLIES","no_results",0,"sec_results/TKS_BUILDERS__SUPPLIES.txt"
"EM_HERNANDEZ_CONSTRUCTION_AND_SUPPLY_CORP","success",1,"sec_results/EM_HERNANDEZ_CONSTRUCTION_AND_SUPPLY_CORP.txt"
"ARM-ASIA_CONSTRUCTION_&_ENGINEERING","no_results",0,"sec_results/ARM-ASIA_CONSTRUCTION_&_ENGINEERING.txt"
"NOE`S_BUILDERS","no_results",0,"sec_results/NOE`S_BUILDERS.txt"
"TRIBU_DESIGN_AND_CONSTRUCTION","no_results",0,"sec_results/TRIBU_DESIGN_AND_CONSTRUCTION.txt"
"ISABELA_WJC_HARDWARE_AND_GENERAL_MERCHANDISE_INC","success",1,"sec_results/ISABELA_WJC_HARDWARE_AND_GENERAL_MERCHANDISE_INC.txt"
"DRAGONSTONE_CONSOLIDATED_INDUSTRIES_CORP","success",1,"sec_results/DRAGONSTONE_CONSOLIDATED_INDUSTRIES_CORP.txt"
"OSCORD_BUILDERS_CORPORATION","no_results",0,"sec_results/OSCORD_BUILDERS_CORPORATION.txt"
"SUPREME_ABF_CONST__CONST_SUPPLY_COMPANY_INC","no_results",0,"sec_results/SUPREME_ABF_CONST__CONST_SUPPLY_COMPANY_INC.txt"
"CONRADO_B_BAUTISTA_CONST_SUPPLY_CORP_FORMERL","no_results",0,"sec_results/CONRADO_B_BAUTISTA_CONST_SUPPLY_CORP_FORMERL.txt"
"FULCRUM_ENGINEERING","no_results",0,"sec_results/FULCRUM_ENGINEERING.txt"
"AP_NA_OY_CONSTRUCTION_SUPPLY_AND_AGGREGATES","success",2,"sec_results/AP_NA_OY_CONSTRUCTION_SUPPLY_AND_AGGREGATES.txt"
"AUDRIC_CONSTRUCTION_SUPPLY","no_results",0,"sec_results/AUDRIC_CONSTRUCTION_SUPPLY.txt"
"INFINITI_CONSTRUCTION","success",1,"sec_results/INFINITI_CONSTRUCTION.txt"
"D.L._CERVANTES_CONSTRUCTION_CORPORATION","no_results",0,"sec_results/D.L._CERVANTES_CONSTRUCTION_CORPORATION.txt"
"DICON_BUILDERS_CORP","success",1,"sec_results/DICON_BUILDERS_CORP.txt"
"ANDREW_LOUIS_CONSTRUCTION_AND_TRADING","no_results",0,"sec_results/ANDREW_LOUIS_CONSTRUCTION_AND_TRADING.txt"
"CUTTING_EDGE_BUILDERS_AND_TRADING,_INC.","success",1,"sec_results/CUTTING_EDGE_BUILDERS_AND_TRADING,_INC..txt"
"A_D__GONZALES_JR__CONSTRUCTION","no_results",0,"sec_results/A_D__GONZALES_JR__CONSTRUCTION.txt"
"DAV-LEY_CONSTRUCTION_SERVICES_INC","success",1,"sec_results/DAV-LEY_CONSTRUCTION_SERVICES_INC.txt"
"DSB_CO","no_results",0,"sec_results/DSB_CO.txt"
"SUPREME_ABF_CONST._&_CONST._SUPPLY_COMPANY_INC.S","no_results",0,"sec_results/SUPREME_ABF_CONST._&_CONST._SUPPLY_COMPANY_INC.S.txt"
"ALMOND_ENGINEERING","no_results",0,"sec_results/ALMOND_ENGINEERING.txt"
"ALLEYWAY_CONSTRUCTION","no_results",0,"sec_results/ALLEYWAY_CONSTRUCTION.txt"
"RCDS_CONSTRUCTION_&_SUPPLY,_INC.(FOR_RCDS_CONST.","no_results",0,"sec_results/RCDS_CONSTRUCTION_&_SUPPLY,_INC.(FOR_RCDS_CONST..txt"
"CITRUS_COUNTRY_CONSTRUCTION","no_results",0,"sec_results/CITRUS_COUNTRY_CONSTRUCTION.txt"
"KIMATU_CONSTRUCTION_AND_ENGINEERING_SERVICES","no_results",0,"sec_results/KIMATU_CONSTRUCTION_AND_ENGINEERING_SERVICES.txt"
"M.S._RAMOS_CONSTRUCTION_INC._(FORMERLY:_M.S._RAMOS","no_results",0,"sec_results/M.S._RAMOS_CONSTRUCTION_INC._(FORMERLY:_M.S._RAMOS.txt"
"BONICAB_BUILDERS","no_results",0,"sec_results/BONICAB_BUILDERS.txt"
"ROPRIM__CONSTRUCTION","no_results",0,"sec_results/ROPRIM__CONSTRUCTION.txt"
"JAYKRIS_ENTERPRISES_&_CONSTRUCTION_(FORMERLY:_JAYKRIS_ENTERPRISES)","no_results",0,"sec_results/JAYKRIS_ENTERPRISES_&_CONSTRUCTION_(FORMERLY:_JAYKRIS_ENTERPRISES).txt"
"AL-NAJIM_CONSTRUCTION_CORPORATION","success",1,"sec_results/AL-NAJIM_CONSTRUCTION_CORPORATION.txt"
"DRAGONACE_CONST._CORP","success",1,"sec_results/DRAGONACE_CONST._CORP.txt"
"J.E._TICO_CONSTRUCTION_CO.,_INC","no_results",0,"sec_results/J.E._TICO_CONSTRUCTION_CO.,_INC.txt"
"K_CONSTRUCTION_&_DEVELOPERS_CORPORATION","success",2,"sec_results/K_CONSTRUCTION_&_DEVELOPERS_CORPORATION.txt"
"MS_RAMOS","success",10,"sec_results/MS_RAMOS.txt"
"JAI_BUILDERS_CORPORATION","success",1,"sec_results/JAI_BUILDERS_CORPORATION.txt"
"3G_A_CONSTRUCTION_AND_SUPPLY","success",10,"sec_results/3G_A_CONSTRUCTION_AND_SUPPLY.txt"
"ASPHALT_CORPORATION","success",3,"sec_results/ASPHALT_CORPORATION.txt"
"NABANEW_CONSTRUCTION_AND_SUPPLY","no_results",0,"sec_results/NABANEW_CONSTRUCTION_AND_SUPPLY.txt"
"RD8_BUILDERS","no_results",0,"sec_results/RD8_BUILDERS.txt"
"GOLDMAN'S_SUPPLY_CORPORATION_DOING_BUSINESS_UNDER_THE_NAME_AND_STYLE_OF_GOLDMAN_ENTERPRISE","no_results",0,"sec_results/GOLDMAN'S_SUPPLY_CORPORATION_DOING_BUSINESS_UNDER_THE_NAME_AND_STYLE_OF_GOLDMAN_ENTERPRISE.txt"
"RCODE_BUILDERS_AND_AGGREGATES_SUPPLY","no_results",0,"sec_results/RCODE_BUILDERS_AND_AGGREGATES_SUPPLY.txt"
"R._RELATO_CONSTRUCTION","no_results",0,"sec_results/R._RELATO_CONSTRUCTION.txt"
"CAMBONG-BUILDERS_INDUSTRIAL_FACILITIES_CONSTRUCTION","no_results",0,"sec_results/CAMBONG-BUILDERS_INDUSTRIAL_FACILITIES_CONSTRUCTION.txt"
"W.V._CONSTRUCTION","no_results",0,"sec_results/W.V._CONSTRUCTION.txt"
"JS_V_ENTERPRISES_GENERAL_CONTRACTOR_INC_PHILWORKS_CONSTRUCTION_SUPPLY","no_results",0,"sec_results/JS_V_ENTERPRISES_GENERAL_CONTRACTOR_INC_PHILWORKS_CONSTRUCTION_SUPPLY.txt"
"L.N._SALVADOR_CONSTRUCTION","no_results",0,"sec_results/L.N._SALVADOR_CONSTRUCTION.txt"
"KENBE_CONSTRUCTION_&_SUPPLY","no_results",0,"sec_results/KENBE_CONSTRUCTION_&_SUPPLY.txt"
"ASIAN_PEARL_CONSTRUCTION_DEVELOPMENT_CORP","success",1,"sec_results/ASIAN_PEARL_CONSTRUCTION_DEVELOPMENT_CORP.txt"
"JAMR_BUILDERS","no_results",0,"sec_results/JAMR_BUILDERS.txt"
"DZEE_BUILDERS_&_CONSTRUCTION_SUPPLY","no_results",0,"sec_results/DZEE_BUILDERS_&_CONSTRUCTION_SUPPLY.txt"
"GOLDRICH_CONSTRUCTION_&_TRADING","no_results",0,"sec_results/GOLDRICH_CONSTRUCTION_&_TRADING.txt"
"NVR_CONSTRUCTION","success",1,"sec_results/NVR_CONSTRUCTION.txt"
"12-30_CONSTRUCTION","success",10,"sec_results/12-30_CONSTRUCTION.txt"
"747_BUILDERS_TRADER","no_results",0,"sec_results/747_BUILDERS_TRADER.txt"
"AB_BERNAL_CONSTRUCTION","success",1,"sec_results/AB_BERNAL_CONSTRUCTION.txt"
"BM-JEM_CONSTRUCTION","success",3,"sec_results/BM-JEM_CONSTRUCTION.txt"
"GOLDSTAR_MARKETING_&_CONSTRUCTION_SERVICES,_INC.","success",1,"sec_results/GOLDSTAR_MARKETING_&_CONSTRUCTION_SERVICES,_INC..txt"
"YELLOW_GOLD_CONSTRUCTION","no_results",0,"sec_results/YELLOW_GOLD_CONSTRUCTION.txt"
"C._VILLASEÃ‘OR_JR._CONSTRUCTION","no_results",0,"sec_results/C._VILLASEÃ‘OR_JR._CONSTRUCTION.txt"
"AMTES_COMMERCIAL_&AMP;_GENERAL_MERCHANDISE","no_results",0,"sec_results/AMTES_COMMERCIAL_&AMP;_GENERAL_MERCHANDISE.txt"
"QUIÃ‘ONES_CONSTRUCTION","no_results",0,"sec_results/QUIÃ‘ONES_CONSTRUCTION.txt"
"AFG_CONSTRUCTION_&_CONSTRUCTION_SUPPLY","no_results",0,"sec_results/AFG_CONSTRUCTION_&_CONSTRUCTION_SUPPLY.txt"
"2_BROTHERS_CONSTRUCTION_ENTERPRISES","no_results",0,"sec_results/2_BROTHERS_CONSTRUCTION_ENTERPRISES.txt"
"ARN_BUILDERS_INC","success",1,"sec_results/ARN_BUILDERS_INC.txt"
"FOUNTAINHEAD_CONSTRUCTION_AND_SUPPLY","no_results",0,"sec_results/FOUNTAINHEAD_CONSTRUCTION_AND_SUPPLY.txt"
"SUNWEST_CONSTRUCTION_AND_DEVELOPMENT_CORPORATION","no_results",0,"sec_results/SUNWEST_CONSTRUCTION_AND_DEVELOPMENT_CORPORATION.txt"
"RITCHE-NATHALIE__BUILDERS_AND_GEN._MERCHANDISE","no_results",0,"sec_results/RITCHE-NATHALIE__BUILDERS_AND_GEN._MERCHANDISE.txt"
"KARANGYAN_BUILDERS_&_TRADERS","no_results",0,"sec_results/KARANGYAN_BUILDERS_&_TRADERS.txt"
"INABANGA_DRILLING,_CONSTRUCTION,_STEEL_FABRICATION_&_GENERAL_MERCHANDISE","no_results",0,"sec_results/INABANGA_DRILLING,_CONSTRUCTION,_STEEL_FABRICATION_&_GENERAL_MERCHANDISE.txt"
"SKYLINE_CONSTRUCTION,_EQUIPMENT_AND_DEVELOPMENT_CORPORATION(FORMERLY:_EDDIE_G._GUILLEN_BUILDERS_INC.","no_results",0,"sec_results/SKYLINE_CONSTRUCTION,_EQUIPMENT_AND_DEVELOPMENT_CORPORATION(FORMERLY:_EDDIE_G._GUILLEN_BUILDERS_INC..txt"
"TRI-EX_TOWER_COMPANY,_INC","no_results",0,"sec_results/TRI-EX_TOWER_COMPANY,_INC.txt"
"ELITE_GENERAL_CONTRACTOR","success",1,"sec_results/ELITE_GENERAL_CONTRACTOR.txt"
"EEH_HARDWARE_GENERAL_MERCHANDISE","no_results",0,"sec_results/EEH_HARDWARE_GENERAL_MERCHANDISE.txt"
"EMR_BUILDERS","success",1,"sec_results/EMR_BUILDERS.txt"
"MJ_TIONGSON_CONSTRUCTION","success",1,"sec_results/MJ_TIONGSON_CONSTRUCTION.txt"
"JHONARSKY_CONSTRUCTION_AND_CONSTRUCTION_SUPPLY","no_results",0,"sec_results/JHONARSKY_CONSTRUCTION_AND_CONSTRUCTION_SUPPLY.txt"
"HPL_GENERAL_CONSTRUCTION","no_results",0,"sec_results/HPL_GENERAL_CONSTRUCTION.txt"
"JCA_CONSTRUCTION_AND_CONSTRUCTION_SUPPLY","no_results",0,"sec_results/JCA_CONSTRUCTION_AND_CONSTRUCTION_SUPPLY.txt"
"QYT_CONSTRUCTION_AND_SUPPLIES","no_results",0,"sec_results/QYT_CONSTRUCTION_AND_SUPPLIES.txt"
"5GG_CONSTRUCTION","no_results",0,"sec_results/5GG_CONSTRUCTION.txt"
"EDDMARI_CONSTRUCTION_AND_TRADING","success",1,"sec_results/EDDMARI_CONSTRUCTION_AND_TRADING.txt"
"JA_OLIVAR_ENGG_DESIGN","no_results",0,"sec_results/JA_OLIVAR_ENGG_DESIGN.txt"
"ROLCO_CONSTRUCTION_DEVELOPMENT_CORPORATION","no_results",0,"sec_results/ROLCO_CONSTRUCTION_DEVELOPMENT_CORPORATION.txt"
"EV_INTERIOR_CONSTRUCTION","success",7,"sec_results/EV_INTERIOR_CONSTRUCTION.txt"
"PENTASTAR_ENTERPRISE","no_results",0,"sec_results/PENTASTAR_ENTERPRISE.txt"
"AGGREGATES","success",10,"sec_results/AGGREGATES.txt"
"MUNTOPAR_BUILDERS","no_results",0,"sec_results/MUNTOPAR_BUILDERS.txt"
"ABRIGHT_BUILDERS_CORPORATION","success",1,"sec_results/ABRIGHT_BUILDERS_CORPORATION.txt"
"WAYCON_BUILDERS_&_CONSTRUCTION_SUPPLY_CORPORATION","no_results",0,"sec_results/WAYCON_BUILDERS_&_CONSTRUCTION_SUPPLY_CORPORATION.txt"
"RITCHE-NATHALIE_BUILDERS_AND_GEN._MERCHANDISE","no_results",0,"sec_results/RITCHE-NATHALIE_BUILDERS_AND_GEN._MERCHANDISE.txt"
"HELM_CONSTRUCTION_&AMP;_SUPPLIES","no_results",0,"sec_results/HELM_CONSTRUCTION_&AMP;_SUPPLIES.txt"
"D._ELERIA_ENTERPRISES","no_results",0,"sec_results/D._ELERIA_ENTERPRISES.txt"
"JANRA8_BUILDERS_AND_CONSTRUCTION_SUPPLY,_INC.","no_results",0,"sec_results/JANRA8_BUILDERS_AND_CONSTRUCTION_SUPPLY,_INC..txt"
"SOLIDUS_CONSTRUCTION_SUPPLY","no_results",0,"sec_results/SOLIDUS_CONSTRUCTION_SUPPLY.txt"
"JUSTBILT_BUILDERS","no_results",0,"sec_results/JUSTBILT_BUILDERS.txt"
"CASIGAYAN_CONSTRUCTION","no_results",0,"sec_results/CASIGAYAN_CONSTRUCTION.txt"
"WAYCON_BUILDERS_CONSTRUCTION_SUPPLY_CORPORATION","no_results",0,"sec_results/WAYCON_BUILDERS_CONSTRUCTION_SUPPLY_CORPORATION.txt"
"CONTE_BUILDERS_&_CONSTRUCTION_SUPPLY","no_results",0,"sec_results/CONTE_BUILDERS_&_CONSTRUCTION_SUPPLY.txt"
"CAVACON_CORPORATION(FORMERLY_CAGAYAN_VALLEY_CONST","no_results",0,"sec_results/CAVACON_CORPORATION(FORMERLY_CAGAYAN_VALLEY_CONST.txt"
"MARAKESH_CONSTRUCTION_AND_SUPPLY_CORPORATION","no_results",0,"sec_results/MARAKESH_CONSTRUCTION_AND_SUPPLY_CORPORATION.txt"
"VICMAR_CONSTRUCTION,_INC.","success",1,"sec_results/VICMAR_CONSTRUCTION,_INC..txt"
"CROWNWORKS_CONSTRUCTION_INC","success",1,"sec_results/CROWNWORKS_CONSTRUCTION_INC.txt"
"N.V._BALBUENA_CONSTRUCTION","no_results",0,"sec_results/N.V._BALBUENA_CONSTRUCTION.txt"
"HANNAHZIEL_BUILDERS_AND_SUPPLY","no_results",0,"sec_results/HANNAHZIEL_BUILDERS_AND_SUPPLY.txt"
"SHERKAD_CONSTRUCTION","no_results",0,"sec_results/SHERKAD_CONSTRUCTION.txt"
"EL_JAKE_BUILDERS","no_results",0,"sec_results/EL_JAKE_BUILDERS.txt"
"4VC_BUILDERS_DEVELOPMENT_CORP","success",1,"sec_results/4VC_BUILDERS_DEVELOPMENT_CORP.txt"
"NINE_EIGHT_CONSTRUCTION","no_results",0,"sec_results/NINE_EIGHT_CONSTRUCTION.txt"
"EPL_GENERAL_CONSTRUCTION_&_SUPPLY","no_results",0,"sec_results/EPL_GENERAL_CONSTRUCTION_&_SUPPLY.txt"
"COMPADRE_GLASS_SUPPLY_AND_HARDWARE","no_results",0,"sec_results/COMPADRE_GLASS_SUPPLY_AND_HARDWARE.txt"
"PJ_SAN_PEDRO_CONSTRUCTION_SUPPLY","no_results",0,"sec_results/PJ_SAN_PEDRO_CONSTRUCTION_SUPPLY.txt"
"ST_MATTHEW_GEN_CONTRACTOR_DEVELOPMENT_CORP","no_results",0,"sec_results/ST_MATTHEW_GEN_CONTRACTOR_DEVELOPMENT_CORP.txt"
"NEN_BUILDERS_AND_DEVELOPMENT_SERVICES_CORPORATION","no_results",0,"sec_results/NEN_BUILDERS_AND_DEVELOPMENT_SERVICES_CORPORATION.txt"
"LIGHT_CONSTRUCTION_&_SUPPLY","no_results",0,"sec_results/LIGHT_CONSTRUCTION_&_SUPPLY.txt"
"DEKM_CONSTRUCTION","no_results",0,"sec_results/DEKM_CONSTRUCTION.txt"
"RNN_CONSTRUCTION_CORPORATION_(FORMERLY_RNN_CONSTRU","no_results",0,"sec_results/RNN_CONSTRUCTION_CORPORATION_(FORMERLY_RNN_CONSTRU.txt"
"KINGSVILLE_MERCHANDISING","no_results",0,"sec_results/KINGSVILLE_MERCHANDISING.txt"
"M.V._CALDO_ENG'G_CONST._AND_SUPPLIES","no_results",0,"sec_results/M.V._CALDO_ENG'G_CONST._AND_SUPPLIES.txt"
"KAI_CONSTRUCTION","success",1,"sec_results/KAI_CONSTRUCTION.txt"
"GOLDEN_ROAD_RUNNER_INTERNATIONAL_CORP","no_results",0,"sec_results/GOLDEN_ROAD_RUNNER_INTERNATIONAL_CORP.txt"
"NEWCON_BUILDERS_CONST_AND_SUPPLY,_INC","no_results",0,"sec_results/NEWCON_BUILDERS_CONST_AND_SUPPLY,_INC.txt"
"TRICHES_CONSTRUCTION_AMP;_TRADING","no_results",0,"sec_results/TRICHES_CONSTRUCTION_AMP;_TRADING.txt"
"RIMJ_CONSTRUCTION_SUPPLIES_AND_SERVICES","no_results",0,"sec_results/RIMJ_CONSTRUCTION_SUPPLIES_AND_SERVICES.txt"
"ER_RODRIGUEZ_CONSTRUCTION_CORPORATION","success",2,"sec_results/ER_RODRIGUEZ_CONSTRUCTION_CORPORATION.txt"
"DIPOLOG_TOP_CONSTRUCTION","no_results",0,"sec_results/DIPOLOG_TOP_CONSTRUCTION.txt"
"TOPMOST_DEVELOPMENT_MARKETING_CORPORATION","no_results",0,"sec_results/TOPMOST_DEVELOPMENT_MARKETING_CORPORATION.txt"
"FELHER_GENERAL_CONSTRUCTION","no_results",0,"sec_results/FELHER_GENERAL_CONSTRUCTION.txt"
"MALCO_CONSTRUCTION","no_results",0,"sec_results/MALCO_CONSTRUCTION.txt"
"JAVEN_CONSTRUCTION","no_results",0,"sec_results/JAVEN_CONSTRUCTION.txt"
"TRIPLE_8_CONSTRUCTION_SUPPLY_INC","no_results",0,"sec_results/TRIPLE_8_CONSTRUCTION_SUPPLY_INC.txt"
"LATORRE_BUILDERS_&_CONSTRUCTION","no_results",0,"sec_results/LATORRE_BUILDERS_&_CONSTRUCTION.txt"
"JB_CONSTRUCTION_AND_SUPPLY_INC","no_results",0,"sec_results/JB_CONSTRUCTION_AND_SUPPLY_INC.txt"
"MBDIWA_CONSTRUCTION_AND_SUPPLY","no_results",0,"sec_results/MBDIWA_CONSTRUCTION_AND_SUPPLY.txt"
"NAHARO_BUILDERS,_INC.","success",1,"sec_results/NAHARO_BUILDERS,_INC..txt"
"KEJAMARENIK_CONSTRUCTION_CONSTRUCTION_SUPPLIES","no_results",0,"sec_results/KEJAMARENIK_CONSTRUCTION_CONSTRUCTION_SUPPLIES.txt"
"EG-VRYLE_CONSTRUCTION","no_results",0,"sec_results/EG-VRYLE_CONSTRUCTION.txt"
"AKPSN_BUILDERS_AND_SUPPLY","no_results",0,"sec_results/AKPSN_BUILDERS_AND_SUPPLY.txt"
"GREAT_PACIFIC_BUILDERS","success",2,"sec_results/GREAT_PACIFIC_BUILDERS.txt"
"FERMIDA_CONSTRUCTION_SERVICES_AND_SUPPLIES","no_results",0,"sec_results/FERMIDA_CONSTRUCTION_SERVICES_AND_SUPPLIES.txt"
"JERRY_R._SANTIAGO_CONSTRUCTION","success",1,"sec_results/JERRY_R._SANTIAGO_CONSTRUCTION.txt"
"DAYBREAK_ENTERPRISES_-_ENGINEERING_&_CONSTRUCTION","no_results",0,"sec_results/DAYBREAK_ENTERPRISES_-_ENGINEERING_&_CONSTRUCTION.txt"
"JFR_CONSTRUCTION_PYUKEI_CONSTRUCTION_INC","no_results",0,"sec_results/JFR_CONSTRUCTION_PYUKEI_CONSTRUCTION_INC.txt"
"KMD_BUILDERS_&_CONSTRUCTION_SUPPLY","no_results",0,"sec_results/KMD_BUILDERS_&_CONSTRUCTION_SUPPLY.txt"
"ADP_CONSTRUCTION_&_SUPPLY","no_results",0,"sec_results/ADP_CONSTRUCTION_&_SUPPLY.txt"
"AJ_LAVA_BUILDERS","success",1,"sec_results/AJ_LAVA_BUILDERS.txt"
"A.A._DE_VERA_CONSTRUCTION","success",4,"sec_results/A.A._DE_VERA_CONSTRUCTION.txt"
"AKIP_CONSTRUCTION_AND_ENTERPRISE","no_results",0,"sec_results/AKIP_CONSTRUCTION_AND_ENTERPRISE.txt"
"NISMALS'_CORPORATION","success",1,"sec_results/NISMALS'_CORPORATION.txt"
"MAIR_CONSTRUCTION_AND_GENERAL_MERCHANDISE","no_results",0,"sec_results/MAIR_CONSTRUCTION_AND_GENERAL_MERCHANDISE.txt"
"M.G._VILLAMIN_CONSTRUCTION","no_results",0,"sec_results/M.G._VILLAMIN_CONSTRUCTION.txt"
"ACCELERATED_METAL_TECHNOLOGY_&_CONSTRUCTION,_INC.","success",1,"sec_results/ACCELERATED_METAL_TECHNOLOGY_&_CONSTRUCTION,_INC..txt"
"M_MONTESCLAROS_ENTERPRISES_INC","success",1,"sec_results/M_MONTESCLAROS_ENTERPRISES_INC.txt"
"VFL_BUILDERS","no_results",0,"sec_results/VFL_BUILDERS.txt"
"N_Q_VILLAPANDO_CONSTRUCTION","no_results",0,"sec_results/N_Q_VILLAPANDO_CONSTRUCTION.txt"
